timestamp,compressor_frequency_hz,data_quality_flag
2024-11-01 00:00:00,67.41665188485851,OK
2024-11-01 00:05:00,67.29023903802724,OK
2024-11-01 00:10:00,67.48216091644933,OK
2024-11-01 00:15:00,67.35667204936067,OK
2024-11-01 00:20:00,68.3888275483881,OK
2024-11-01 00:25:00,68.4727286225654,OK
2024-11-01 00:30:00,68.4839496514,OK
2024-11-01 00:35:00,68.887981590857,OK
2024-11-01 00:40:00,69.36765190552809,OK
2024-11-01 00:45:00,69.56309695863268,OK
2024-11-01 00:50:00,69.9265692817878,OK
2024-11-01 00:55:00,69.27302700026041,OK
2024-11-01 01:00:00,69.7434909020474,OK
2024-11-01 01:05:00,70.1472127275608,OK
2024-11-01 01:10:00,70.27599035628751,OK
2024-11-01 01:15:00,70.85924837935767,OK
2024-11-01 01:20:00,69.67790889890253,OK
2024-11-01 01:25:00,70.47588892072169,OK
2024-11-01 01:30:00,71.11824133112403,OK
2024-11-01 01:35:00,70.28372699808875,OK
2024-11-01 01:40:00,71.28423287059707,OK
2024-11-01 01:45:00,72.01572441386571,OK
2024-11-01 01:50:00,70.59637415864694,OK
2024-11-01 01:55:00,71.70363277066208,OK
2024-11-01 02:00:00,71.82258477359755,OK
2024-11-01 02:05:00,71.73745754780649,OK
2024-11-01 02:10:00,71.173119739789,OK
2024-11-01 02:15:00,71.95899534702295,OK
2024-11-01 02:20:00,72.79722358354161,OK
2024-11-01 02:25:00,71.85534204396183,OK
2024-11-01 02:30:00,72.40982039511076,OK
2024-11-01 02:35:00,71.17371700498589,OK
2024-11-01 02:40:00,72.50084702180693,OK
2024-11-01 02:45:00,74.0597672980704,OK
2024-11-01 02:50:00,72.57890188429718,OK
2024-11-01 02:55:00,71.65005602670097,OK
2024-11-01 03:00:00,72.01562045626568,OK
2024-11-01 03:05:00,72.0742433079894,OK
2024-11-01 03:10:00,73.98959756572802,OK
2024-11-01 03:15:00,72.88652891645054,OK
2024-11-01 03:20:00,73.91255370985185,OK
2024-11-01 03:25:00,73.40841000088639,OK
2024-11-01 03:30:00,74.48639509478161,OK
2024-11-01 03:35:00,74.19643423999568,OK
2024-11-01 03:40:00,74.31113228616417,OK
2024-11-01 03:45:00,73.44878584814462,OK
2024-11-01 03:50:00,73.52318700926067,OK
2024-11-01 03:55:00,73.91495283531529,OK
2024-11-01 04:00:00,74.92101120067414,OK
2024-11-01 04:05:00,74.38507897439408,OK
2024-11-01 04:10:00,74.70784413214747,OK
2024-11-01 04:15:00,73.76373217964831,OK
2024-11-01 04:20:00,73.80630811547519,OK
2024-11-01 04:25:00,73.98903759583567,OK
2024-11-01 04:30:00,75.19617475748791,OK
2024-11-01 04:35:00,76.51896505409044,OK
2024-11-01 04:40:00,76.0271040926796,OK
2024-11-01 04:45:00,74.02753098384046,OK
2024-11-01 04:50:00,75.26566918458278,OK
2024-11-01 04:55:00,75.43421383926665,OK
2024-11-01 05:00:00,74.21558146085579,OK
2024-11-01 05:05:00,74.52039593485532,OK
2024-11-01 05:10:00,75.28988552701658,OK
2024-11-01 05:15:00,75.4604578730924,OK
2024-11-01 05:20:00,75.32831831338444,OK
2024-11-01 05:25:00,75.06653310887823,OK
2024-11-01 05:30:00,74.30635947670572,OK
2024-11-01 05:35:00,75.08325403010124,OK
2024-11-01 05:40:00,74.83679612100138,OK
2024-11-01 05:45:00,74.6072673320661,OK
2024-11-01 05:50:00,76.14978102221771,OK
2024-11-01 05:55:00,75.11452914080411,OK
2024-11-01 06:00:00,75.83719687956352,OK
2024-11-01 06:05:00,77.11834775737813,OK
2024-11-01 06:10:00,76.86568798951893,OK
2024-11-01 06:15:00,76.12204980439813,OK
2024-11-01 06:20:00,75.22223295708612,OK
2024-11-01 06:25:00,75.44029611030261,OK
2024-11-01 06:30:00,75.31585223551872,OK
2024-11-01 06:35:00,74.26310091665066,OK
2024-11-01 06:40:00,76.12248112512697,OK
2024-11-01 06:45:00,75.41212508529495,OK
2024-11-01 06:50:00,75.21356738864058,OK
2024-11-01 06:55:00,75.83624873897489,OK
2024-11-01 07:00:00,75.45205657630743,OK
2024-11-01 07:05:00,76.3322364009115,OK
2024-11-01 07:10:00,74.52100457846977,OK
2024-11-01 07:15:00,75.71882802105785,OK
2024-11-01 07:20:00,73.98407430243768,OK
2024-11-01 07:25:00,75.1158154180561,OK
2024-11-01 07:30:00,74.34822216776436,OK
2024-11-01 07:35:00,74.93851551280866,OK
2024-11-01 07:40:00,74.89499681768154,OK
2024-11-01 07:45:00,75.15909723443309,OK
2024-11-01 07:50:00,74.82491259927562,OK
2024-11-01 07:55:00,74.76443249752865,OK
2024-11-01 08:00:00,75.46756258775075,OK
2024-11-01 08:05:00,75.07704923412368,OK
2024-11-01 08:10:00,75.2306607776735,OK
2024-11-01 08:15:00,73.4738960757529,OK
2024-11-01 08:20:00,74.840474493987,OK
2024-11-01 08:25:00,73.62297814746407,OK
2024-11-01 08:30:00,74.59320084069532,OK
2024-11-01 08:35:00,74.13437504705783,OK
2024-11-01 08:40:00,75.06022434664962,OK
2024-11-01 08:45:00,74.43727693969053,OK
2024-11-01 08:50:00,74.01514663784184,OK
2024-11-01 08:55:00,73.09819152490597,OK
2024-11-01 09:00:00,73.70513193914235,OK
2024-11-01 09:05:00,73.04921526994846,OK
2024-11-01 09:10:00,73.31784342332307,OK
2024-11-01 09:15:00,72.5660954419412,OK
2024-11-01 09:20:00,73.49847566525219,OK
2024-11-01 09:25:00,72.03101855843379,OK
2024-11-01 09:30:00,73.60448451077681,OK
2024-11-01 09:35:00,73.6787338753968,OK
2024-11-01 09:40:00,73.77236104808122,OK
2024-11-01 09:45:00,71.494229417579,OK
2024-11-01 09:50:00,72.08905039994791,OK
2024-11-01 09:55:00,72.65103066447463,OK
2024-11-01 10:00:00,71.64667422494148,OK
2024-11-01 10:05:00,71.80707675690708,OK
2024-11-01 10:10:00,70.8579988806444,OK
2024-11-01 10:15:00,72.66987556904152,OK
2024-11-01 10:20:00,71.65536254018383,OK
2024-11-01 10:25:00,71.5751939636748,OK
2024-11-01 10:30:00,72.17246086783655,OK
2024-11-01 10:35:00,70.30548637230706,OK
2024-11-01 10:40:00,71.000628951398,OK
2024-11-01 10:45:00,70.318048407458,OK
2024-11-01 10:50:00,69.214271865087,OK
2024-11-01 10:55:00,70.80696165323249,OK
2024-11-01 11:00:00,70.61090284604802,OK
2024-11-01 11:05:00,70.13487198297408,OK
2024-11-01 11:10:00,69.58452385332228,OK
2024-11-01 11:15:00,70.44070105553067,OK
2024-11-01 11:20:00,70.26972954755627,OK
2024-11-01 11:25:00,68.99489938264873,OK
2024-11-01 11:30:00,69.02517185513021,OK
2024-11-01 11:35:00,70.01226905265426,OK
2024-11-01 11:40:00,69.30360060591187,OK
2024-11-01 11:45:00,67.5899507611193,OK
2024-11-01 11:50:00,68.28440936024995,OK
2024-11-01 11:55:00,68.77785838991582,OK
2024-11-01 12:00:00,68.32523533860936,OK
2024-11-01 12:05:00,68.07751264338168,OK
2024-11-01 12:10:00,67.52588228258128,OK
2024-11-01 12:15:00,68.61715464826409,OK
2024-11-01 12:20:00,68.02199398466031,OK
2024-11-01 12:25:00,67.16026403104972,OK
2024-11-01 12:30:00,67.22248190572296,OK
2024-11-01 12:35:00,66.74558007616687,OK
2024-11-01 12:40:00,67.81596311773572,OK
2024-11-01 12:45:00,66.73512657141401,OK
2024-11-01 12:50:00,66.12313104391191,OK
2024-11-01 12:55:00,66.13452939996779,OK
2024-11-01 13:00:00,66.15650615899317,OK
2024-11-01 13:05:00,66.0272746516535,OK
2024-11-01 13:10:00,66.34943016751609,OK
2024-11-01 13:15:00,65.83951455501435,OK
2024-11-01 13:20:00,64.96698955105671,OK
2024-11-01 13:25:00,66.0,OK
2024-11-01 13:30:00,66.0,OK
2024-11-01 13:35:00,66.0,OK
2024-11-01 13:40:00,64.79628407689368,OK
2024-11-01 13:45:00,65.06908475639948,OK
2024-11-01 13:50:00,64.30082519637898,OK
2024-11-01 13:55:00,64.0820303952089,OK
2024-11-01 14:00:00,63.72201943842531,OK
2024-11-01 14:05:00,63.251284523583855,OK
2024-11-01 14:10:00,63.42095606878269,OK
2024-11-01 14:15:00,64.3843340304689,OK
2024-11-01 14:20:00,64.263233676082,OK
2024-11-01 14:25:00,63.74248752672924,OK
2024-11-01 14:30:00,63.950450535552456,OK
2024-11-01 14:35:00,64.2028874817928,OK
2024-11-01 14:40:00,63.487737572744756,OK
2024-11-01 14:45:00,63.35475745055368,OK
2024-11-01 14:50:00,63.350839763910756,OK
2024-11-01 14:55:00,62.97721791152602,OK
2024-11-01 15:00:00,61.82206821570716,OK
2024-11-01 15:05:00,62.26250100223945,OK
2024-11-01 15:10:00,60.81745422530745,OK
2024-11-01 15:15:00,61.96845324528509,OK
2024-11-01 15:20:00,62.08589245460181,OK
2024-11-01 15:25:00,61.643536304365426,OK
2024-11-01 15:30:00,61.364619976305235,OK
2024-11-01 15:35:00,61.273016874107,OK
2024-11-01 15:40:00,60.32053408014686,OK
2024-11-01 15:45:00,61.80825305712383,OK
2024-11-01 15:50:00,60.51694713288908,OK
2024-11-01 15:55:00,60.83248450326029,OK
2024-11-01 16:00:00,61.847987660813914,OK
2024-11-01 16:05:00,60.210704048744454,OK
2024-11-01 16:10:00,59.93996758158906,OK
2024-11-01 16:15:00,61.22396529598244,OK
2024-11-01 16:20:00,60.57408841264342,OK
2024-11-01 16:25:00,61.570065307057206,OK
2024-11-01 16:30:00,61.22080862253978,OK
2024-11-01 16:35:00,59.78666006935582,OK
2024-11-01 16:40:00,60.598909251057165,OK
2024-11-01 16:45:00,60.78521836112736,OK
2024-11-01 16:50:00,59.91848207942736,OK
2024-11-01 16:55:00,60.2544432562535,OK
2024-11-01 17:00:00,60.38039377892558,OK
2024-11-01 17:05:00,59.61472968592874,OK
2024-11-01 17:10:00,60.79854290861866,OK
2024-11-01 17:15:00,60.728603793257264,OK
2024-11-01 17:20:00,60.1460865656748,OK
2024-11-01 17:25:00,59.65924997604023,OK
2024-11-01 17:30:00,59.37958053379846,OK
2024-11-01 17:35:00,60.6304938695676,OK
2024-11-01 17:40:00,59.64613365999869,OK
2024-11-01 17:45:00,60.71122062769861,OK
2024-11-01 17:50:00,59.16520966408356,OK
2024-11-01 17:55:00,60.83265126623149,OK
2024-11-01 18:00:00,59.29729722028257,OK
2024-11-01 18:05:00,60.35478580999735,OK
2024-11-01 18:10:00,58.77239750900054,OK
2024-11-01 18:15:00,59.70265102240756,OK
2024-11-01 18:20:00,60.700659391777506,OK
2024-11-01 18:25:00,60.39528418790375,OK
2024-11-01 18:30:00,59.61459809154674,OK
2024-11-01 18:35:00,59.58248959772224,OK
2024-11-01 18:40:00,60.273611487679574,OK
2024-11-01 18:45:00,60.21159003527108,OK
2024-11-01 18:50:00,59.566513888170775,OK
2024-11-01 18:55:00,59.79419978842159,OK
2024-11-01 19:00:00,60.77747124113036,OK
2024-11-01 19:05:00,60.56421401137845,OK
2024-11-01 19:10:00,60.131052624352876,OK
2024-11-01 19:15:00,59.65464467513888,OK
2024-11-01 19:20:00,59.439277309980824,OK
2024-11-01 19:25:00,59.88116217917912,OK
2024-11-01 19:30:00,60.31325810756373,OK
2024-11-01 19:35:00,60.16885379751603,OK
2024-11-01 19:40:00,61.302607775637874,OK
2024-11-01 19:45:00,61.083850839125205,OK
2024-11-01 19:50:00,61.668710936697664,OK
2024-11-01 19:55:00,62.055681036520696,OK
2024-11-01 20:00:00,61.276250526466804,OK
2024-11-01 20:05:00,61.46004279452913,OK
2024-11-01 20:10:00,61.42263619005821,OK
2024-11-01 20:15:00,61.74501246430978,OK
2024-11-01 20:20:00,61.80898837683383,OK
2024-11-01 20:25:00,61.84679316749643,OK
2024-11-01 20:30:00,62.416158218347974,OK
2024-11-01 20:35:00,62.06302752932102,OK
2024-11-01 20:40:00,62.56401469320545,OK
2024-11-01 20:45:00,62.134202883174986,OK
2024-11-01 20:50:00,62.105083078878366,OK
2024-11-01 20:55:00,62.99003765317744,OK
2024-11-01 21:00:00,62.50396832332394,OK
2024-11-01 21:05:00,63.12994567225127,OK
2024-11-01 21:10:00,63.22080496451696,OK
2024-11-01 21:15:00,63.62961162636713,OK
2024-11-01 21:20:00,62.28189815660966,OK
2024-11-01 21:25:00,62.572072653569535,OK
2024-11-01 21:30:00,63.03726095323173,OK
2024-11-01 21:35:00,62.450556357989655,OK
2024-11-01 21:40:00,63.91008461494929,OK
2024-11-01 21:45:00,62.14506969826296,OK
2024-11-01 21:50:00,64.22060621932988,OK
2024-11-01 21:55:00,64.13154177122321,OK
2024-11-01 22:00:00,64.62338432859399,OK
2024-11-01 22:05:00,64.20957116519776,OK
2024-11-01 22:10:00,64.0674839706191,OK
2024-11-01 22:15:00,64.75536446843972,OK
2024-11-01 22:20:00,63.770725752649035,OK
2024-11-01 22:25:00,64.84994446545818,OK
2024-11-01 22:30:00,65.06126753371153,OK
2024-11-01 22:35:00,66.0,OK
2024-11-01 22:40:00,66.0,OK
2024-11-01 22:45:00,66.0,OK
2024-11-01 22:50:00,65.8482352183272,OK
2024-11-01 22:55:00,66.07669857761726,OK
2024-11-01 23:00:00,64.25096537811646,OK
2024-11-01 23:05:00,66.29084843874604,OK
2024-11-01 23:10:00,67.05667975701796,OK
2024-11-01 23:15:00,66.74491318434434,OK
2024-11-01 23:20:00,66.47959440122041,OK
2024-11-01 23:25:00,66.46584835983447,OK
2024-11-01 23:30:00,66.5398803706056,OK
2024-11-01 23:35:00,66.5936659809813,OK
2024-11-01 23:40:00,67.66994402909742,OK
2024-11-01 23:45:00,67.29844247045921,OK
2024-11-01 23:50:00,68.17484843421323,OK
2024-11-01 23:55:00,68.18882357473103,OK
2024-11-02 00:00:00,68.56994340313784,OK
2024-11-02 00:05:00,68.91573762846853,OK
2024-11-02 00:10:00,67.76225436177144,OK
2024-11-02 00:15:00,68.14513161990249,OK
2024-11-02 00:20:00,67.99818845217872,OK
2024-11-02 00:25:00,68.98910573011713,OK
2024-11-02 00:30:00,68.7416517578511,OK
2024-11-02 00:35:00,70.41779215526228,OK
2024-11-02 00:40:00,68.98403284014007,OK
2024-11-02 00:45:00,69.60249679277669,OK
2024-11-02 00:50:00,69.6765489817958,OK
2024-11-02 00:55:00,69.95967644691592,OK
2024-11-02 01:00:00,70.77454784522266,OK
2024-11-02 01:05:00,71.40040203107117,OK
2024-11-02 01:10:00,71.00753929894553,OK
2024-11-02 01:15:00,70.43807988139412,OK
2024-11-02 01:20:00,70.53174785993912,OK
2024-11-02 01:25:00,72.0328647090398,OK
2024-11-02 01:30:00,71.99373763312951,OK
2024-11-02 01:35:00,71.86752879711362,OK
2024-11-02 01:40:00,71.74688670123123,OK
2024-11-02 01:45:00,72.33264602309202,OK
2024-11-02 01:50:00,72.4057508090322,OK
2024-11-02 01:55:00,72.15494561318614,OK
2024-11-02 02:00:00,71.5876622011,OK
2024-11-02 02:05:00,72.45407213894151,OK
2024-11-02 02:10:00,71.880886670432,OK
2024-11-02 02:15:00,71.35227640802793,OK
2024-11-02 02:20:00,72.90607227339089,OK
2024-11-02 02:25:00,72.46046067095256,OK
2024-11-02 02:30:00,71.76268606925225,OK
2024-11-02 02:35:00,72.88354885443601,OK
2024-11-02 02:40:00,73.03363291855288,OK
2024-11-02 02:45:00,72.14296934795279,OK
2024-11-02 02:50:00,73.03808546328463,OK
2024-11-02 02:55:00,72.24465890311433,OK
2024-11-02 03:00:00,72.593913603781,OK
2024-11-02 03:05:00,73.1074478254988,OK
2024-11-02 03:10:00,72.89141623020778,OK
2024-11-02 03:15:00,73.11110803518172,OK
2024-11-02 03:20:00,72.92227594644388,OK
2024-11-02 03:25:00,74.02679072616094,OK
2024-11-02 03:30:00,73.63057120755545,OK
2024-11-02 03:35:00,73.73425112242005,OK
2024-11-02 03:40:00,73.44725921275327,OK
2024-11-02 03:45:00,74.68531309431759,OK
2024-11-02 03:50:00,73.55266753744394,OK
2024-11-02 03:55:00,74.09706229126365,OK
2024-11-02 04:00:00,75.323023008241,OK
2024-11-02 04:05:00,73.86239864650936,OK
2024-11-02 04:10:00,73.21406075580879,OK
2024-11-02 04:15:00,73.97203077219567,OK
2024-11-02 04:20:00,74.02146961384011,OK
2024-11-02 04:25:00,74.86803997825747,OK
2024-11-02 04:30:00,75.97753724398456,OK
2024-11-02 04:35:00,,MISSING
2024-11-02 04:40:00,,MISSING
2024-11-02 04:45:00,75.52432715211971,OK
2024-11-02 04:50:00,75.83113835920076,OK
2024-11-02 04:55:00,75.31163168689653,OK
2024-11-02 05:00:00,75.10936492160123,OK
2024-11-02 05:05:00,76.24609505268006,OK
2024-11-02 05:10:00,75.64665732626818,OK
2024-11-02 05:15:00,74.42299849469799,OK
2024-11-02 05:20:00,76.06353880769444,OK
2024-11-02 05:25:00,74.84396239806168,OK
2024-11-02 05:30:00,75.57517558550003,OK
2024-11-02 05:35:00,74.95522474376209,OK
2024-11-02 05:40:00,74.61879254496691,OK
2024-11-02 05:45:00,74.81959165310232,OK
2024-11-02 05:50:00,74.81536059539708,OK
2024-11-02 05:55:00,76.07287794585613,OK
2024-11-02 06:00:00,74.73143860939078,OK
2024-11-02 06:05:00,75.87166653836789,OK
2024-11-02 06:10:00,75.09956394810237,OK
2024-11-02 06:15:00,75.19731580009714,OK
2024-11-02 06:20:00,75.06097463217489,OK
2024-11-02 06:25:00,74.98562078543978,OK
2024-11-02 06:30:00,75.7483387865341,OK
2024-11-02 06:35:00,76.11009470510842,OK
2024-11-02 06:40:00,74.72871940736323,OK
2024-11-02 06:45:00,75.02484949303779,OK
2024-11-02 06:50:00,74.41050581918768,OK
2024-11-02 06:55:00,74.95563534234856,OK
2024-11-02 07:00:00,75.64429938362808,OK
2024-11-02 07:05:00,74.09196522977959,OK
2024-11-02 07:10:00,74.78956163813626,OK
2024-11-02 07:15:00,74.07745806687976,OK
2024-11-02 07:20:00,74.63606559717087,OK
2024-11-02 07:25:00,73.4016545565136,OK
2024-11-02 07:30:00,74.6909077104488,OK
2024-11-02 07:35:00,74.34670559884002,OK
2024-11-02 07:40:00,73.99903189413634,OK
2024-11-02 07:45:00,74.51477800160703,OK
2024-11-02 07:50:00,73.74445960516644,OK
2024-11-02 07:55:00,73.02015294639408,OK
2024-11-02 08:00:00,74.35730490247288,OK
2024-11-02 08:05:00,73.8174466621555,OK
2024-11-02 08:10:00,75.56917434554086,OK
2024-11-02 08:15:00,73.79631439121798,OK
2024-11-02 08:20:00,73.83591615048117,OK
2024-11-02 08:25:00,74.17973935470934,OK
2024-11-02 08:30:00,73.1663880980636,OK
2024-11-02 08:35:00,73.89816787192649,OK
2024-11-02 08:40:00,73.7455931146039,OK
2024-11-02 08:45:00,73.70618980041118,OK
2024-11-02 08:50:00,74.44378755859071,OK
2024-11-02 08:55:00,73.84031013413207,OK
2024-11-02 09:00:00,72.38713149023289,OK
2024-11-02 09:05:00,74.08288096859582,OK
2024-11-02 09:10:00,73.09723334220476,OK
2024-11-02 09:15:00,72.81853037787695,OK
2024-11-02 09:20:00,71.41871425555698,OK
2024-11-02 09:25:00,71.84987343956355,OK
2024-11-02 09:30:00,72.42692779218885,OK
2024-11-02 09:35:00,71.21051399073637,OK
2024-11-02 09:40:00,72.2445106912464,OK
2024-11-02 09:45:00,71.07816676730607,OK
2024-11-02 09:50:00,72.3654001550206,OK
2024-11-02 09:55:00,70.67601344917966,OK
2024-11-02 10:00:00,71.61333288408052,OK
2024-11-02 10:05:00,71.96455823545307,OK
2024-11-02 10:10:00,71.47192293869873,OK
2024-11-02 10:15:00,71.25223042904011,OK
2024-11-02 10:20:00,71.62510602382437,OK
2024-11-02 10:25:00,70.76131100441563,OK
2024-11-02 10:30:00,71.31073841623581,OK
2024-11-02 10:35:00,70.40630414359546,OK
2024-11-02 10:40:00,70.2405215160732,OK
2024-11-02 10:45:00,70.24490621140816,OK
2024-11-02 10:50:00,70.3141218167369,OK
2024-11-02 10:55:00,69.65621344234279,OK
2024-11-02 11:00:00,69.23993246540007,OK
2024-11-02 11:05:00,68.24771945915427,OK
2024-11-02 11:10:00,68.81051543763247,OK
2024-11-02 11:15:00,68.76538326210243,OK
2024-11-02 11:20:00,67.41448951497028,OK
2024-11-02 11:25:00,68.82088749342893,OK
2024-11-02 11:30:00,68.58599447758186,OK
2024-11-02 11:35:00,68.10887867644476,OK
2024-11-02 11:40:00,69.10073353312436,OK
2024-11-02 11:45:00,68.54802191239196,OK
2024-11-02 11:50:00,68.51455787695338,OK
2024-11-02 11:55:00,67.59988583387954,OK
2024-11-02 12:00:00,67.93102419174735,OK
2024-11-02 12:05:00,67.75121309950974,OK
2024-11-02 12:10:00,66.9136826039001,OK
2024-11-02 12:15:00,66.93363357705067,OK
2024-11-02 12:20:00,67.42694601450464,OK
2024-11-02 12:25:00,67.66397716972284,OK
2024-11-02 12:30:00,66.4716060922208,OK
2024-11-02 12:35:00,66.47161010087268,OK
2024-11-02 12:40:00,67.74512827629462,OK
2024-11-02 12:45:00,66.76364669272101,OK
2024-11-02 12:50:00,66.26832922051668,OK
2024-11-02 12:55:00,65.5974774972209,OK
2024-11-02 13:00:00,65.38302773108802,OK
2024-11-02 13:05:00,65.7371238675349,OK
2024-11-02 13:10:00,65.28159947691469,OK
2024-11-02 13:15:00,65.46049285331598,OK
2024-11-02 13:20:00,66.0,OK
2024-11-02 13:25:00,66.0,OK
2024-11-02 13:30:00,66.0,OK
2024-11-02 13:35:00,64.69486021819887,OK
2024-11-02 13:40:00,65.45109978744321,OK
2024-11-02 13:45:00,64.19342023882282,OK
2024-11-02 13:50:00,63.75883923486221,OK
2024-11-02 13:55:00,63.79172823706736,OK
2024-11-02 14:00:00,63.511804833444316,OK
2024-11-02 14:05:00,63.00562704531657,OK
2024-11-02 14:10:00,63.764680735838745,OK
2024-11-02 14:15:00,63.9509480620561,OK
2024-11-02 14:20:00,63.00804556217598,OK
2024-11-02 14:25:00,62.282425250384705,OK
2024-11-02 14:30:00,61.747639071291175,OK
2024-11-02 14:35:00,62.36038396551874,OK
2024-11-02 14:40:00,63.686694396395914,OK
2024-11-02 14:45:00,62.85771308056006,OK
2024-11-02 14:50:00,62.462771676254775,OK
2024-11-02 14:55:00,62.18860508605921,OK
2024-11-02 15:00:00,61.73597913184426,OK
2024-11-02 15:05:00,62.583490502039744,OK
2024-11-02 15:10:00,61.839840788734286,OK
2024-11-02 15:15:00,61.550359702616774,OK
2024-11-02 15:20:00,61.221430659437715,OK
2024-11-02 15:25:00,62.07053306899356,OK
2024-11-02 15:30:00,61.62418250761974,OK
2024-11-02 15:35:00,62.96815909963175,OK
2024-11-02 15:40:00,61.510510138788575,OK
2024-11-02 15:45:00,61.46750621199652,OK
2024-11-02 15:50:00,61.6681735607236,OK
2024-11-02 15:55:00,60.605241904456676,OK
2024-11-02 16:00:00,60.62712321636185,OK
2024-11-02 16:05:00,61.720611690381425,OK
2024-11-02 16:10:00,60.14483066228634,OK
2024-11-02 16:15:00,60.6947516889478,OK
2024-11-02 16:20:00,59.77712237291986,OK
2024-11-02 16:25:00,60.78320084856072,OK
2024-11-02 16:30:00,60.00587083087758,OK
2024-11-02 16:35:00,60.08618337847703,OK
2024-11-02 16:40:00,59.75839136391049,OK
2024-11-02 16:45:00,59.74140158613284,OK
2024-11-02 16:50:00,59.80714053902207,OK
2024-11-02 16:55:00,60.489206279237905,OK
2024-11-02 17:00:00,60.436041021381,OK
2024-11-02 17:05:00,59.81206739396387,OK
2024-11-02 17:10:00,59.45861909100883,OK
2024-11-02 17:15:00,59.689997029139384,OK
2024-11-02 17:20:00,59.10137595192843,OK
2024-11-02 17:25:00,59.64959098581558,OK
2024-11-02 17:30:00,60.23550444595425,OK
2024-11-02 17:35:00,59.951693731543735,OK
2024-11-02 17:40:00,59.49582515474173,OK
2024-11-02 17:45:00,59.33375445944442,OK
2024-11-02 17:50:00,58.464124241962764,OK
2024-11-02 17:55:00,60.13677177471804,OK
2024-11-02 18:00:00,60.07321103191319,OK
2024-11-02 18:05:00,59.828747320021776,OK
2024-11-02 18:10:00,59.8616700939606,OK
2024-11-02 18:15:00,60.11362632771181,OK
2024-11-02 18:20:00,60.81158552215953,OK
2024-11-02 18:25:00,60.15872869061343,OK
2024-11-02 18:30:00,60.67273103627309,OK
2024-11-02 18:35:00,61.118111411116274,OK
2024-11-02 18:40:00,60.577298049535976,OK
2024-11-02 18:45:00,60.76818277706724,OK
2024-11-02 18:50:00,59.74589302380923,OK
2024-11-02 18:55:00,59.74014955985976,OK
2024-11-02 19:00:00,60.61923362766397,OK
2024-11-02 19:05:00,60.34836091930681,OK
2024-11-02 19:10:00,61.267698731631484,OK
2024-11-02 19:15:00,60.34072029695618,OK
2024-11-02 19:20:00,59.959418460818625,OK
2024-11-02 19:25:00,59.85369949845277,OK
2024-11-02 19:30:00,60.70780270591978,OK
2024-11-02 19:35:00,59.73636833372922,OK
2024-11-02 19:40:00,61.20863981765945,OK
2024-11-02 19:45:00,61.16754679935925,OK
2024-11-02 19:50:00,59.92685128561067,OK
2024-11-02 19:55:00,59.41941109516648,OK
2024-11-02 20:00:00,60.186171598919785,OK
2024-11-02 20:05:00,60.43952558794717,OK
2024-11-02 20:10:00,61.861353162864134,OK
2024-11-02 20:15:00,61.94760124675767,OK
2024-11-02 20:20:00,60.800201805000334,OK
2024-11-02 20:25:00,61.14951232049322,OK
2024-11-02 20:30:00,61.85958874901354,OK
2024-11-02 20:35:00,61.20099729274038,OK
2024-11-02 20:40:00,61.335959737020914,OK
2024-11-02 20:45:00,60.83758200630979,OK
2024-11-02 20:50:00,61.6780876491671,OK
2024-11-02 20:55:00,61.22072240998567,OK
2024-11-02 21:00:00,62.24310251761638,OK
2024-11-02 21:05:00,62.52375796599096,OK
2024-11-02 21:10:00,61.91791937960554,OK
2024-11-02 21:15:00,63.29075205327117,OK
2024-11-02 21:20:00,61.17208155109893,OK
2024-11-02 21:25:00,62.785659780115544,OK
2024-11-02 21:30:00,62.89854688158893,OK
2024-11-02 21:35:00,63.05154595835544,OK
2024-11-02 21:40:00,62.31072571238181,OK
2024-11-02 21:45:00,63.03863281202414,OK
2024-11-02 21:50:00,64.58425093329636,OK
2024-11-02 21:55:00,62.87121438226983,OK
2024-11-02 22:00:00,64.03795596726948,OK
2024-11-02 22:05:00,63.71765350385671,OK
2024-11-02 22:10:00,66.0,OK
2024-11-02 22:15:00,66.0,OK
2024-11-02 22:20:00,66.0,OK
2024-11-02 22:25:00,64.56488152828398,OK
2024-11-02 22:30:00,65.07973154511903,OK
2024-11-02 22:35:00,64.00428659602784,OK
2024-11-02 22:40:00,64.13951887302626,OK
2024-11-02 22:45:00,65.43141507888646,OK
2024-11-02 22:50:00,65.58093530333096,OK
2024-11-02 22:55:00,66.08606629834594,OK
2024-11-02 23:00:00,65.27573128790922,OK
2024-11-02 23:05:00,66.23121739554567,OK
2024-11-02 23:10:00,66.47198328849711,OK
2024-11-02 23:15:00,66.0,OK
2024-11-02 23:20:00,66.89357490064539,OK
2024-11-02 23:25:00,66.74605122051476,OK
2024-11-02 23:30:00,67.9889252126255,OK
2024-11-02 23:35:00,66.79683845379814,OK
2024-11-02 23:40:00,66.2015080531322,OK
2024-11-02 23:45:00,67.19631954066102,OK
2024-11-02 23:50:00,66.90633338908393,OK
2024-11-02 23:55:00,68.60981561516246,OK
2024-11-03 00:00:00,68.00031906501054,OK
2024-11-03 00:05:00,68.75701166605957,OK
2024-11-03 00:10:00,68.52669966760833,OK
2024-11-03 00:15:00,68.06394012772816,OK
2024-11-03 00:20:00,68.88007753726824,OK
2024-11-03 00:25:00,70.07677325782483,OK
2024-11-03 00:30:00,70.2195075410553,OK
2024-11-03 00:35:00,70.5376493353196,OK
2024-11-03 00:40:00,69.5134355004783,OK
2024-11-03 00:45:00,68.54072085186576,OK
2024-11-03 00:50:00,69.24878460714416,OK
2024-11-03 00:55:00,71.45617525247961,OK
2024-11-03 01:00:00,69.6101116683354,OK
2024-11-03 01:05:00,69.90681546796068,OK
2024-11-03 01:10:00,71.68381453921197,OK
2024-11-03 01:15:00,71.0782947618861,OK
2024-11-03 01:20:00,70.22066065946687,OK
2024-11-03 01:25:00,70.87504285732511,OK
2024-11-03 01:30:00,72.27942854667413,OK
2024-11-03 01:35:00,71.32892504853847,OK
2024-11-03 01:40:00,73.18735193901341,OK
2024-11-03 01:45:00,72.11323907991951,OK
2024-11-03 01:50:00,71.42692106774139,OK
2024-11-03 01:55:00,72.42842071409522,OK
2024-11-03 02:00:00,72.8378045118003,OK
2024-11-03 02:05:00,72.21111937316326,OK
2024-11-03 02:10:00,72.17920414546047,OK
2024-11-03 02:15:00,72.18541805537879,OK
2024-11-03 02:20:00,72.65291031025696,OK
2024-11-03 02:25:00,72.61490086638591,OK
2024-11-03 02:30:00,72.88589041623845,OK
2024-11-03 02:35:00,73.2574713258615,OK
2024-11-03 02:40:00,73.66495010081172,OK
2024-11-03 02:45:00,73.93816115246159,OK
2024-11-03 02:50:00,74.75493553246605,OK
2024-11-03 02:55:00,74.7029238496835,OK
2024-11-03 03:00:00,74.56420916427194,OK
2024-11-03 03:05:00,74.3257734441363,OK
2024-11-03 03:10:00,73.80421773955516,OK
2024-11-03 03:15:00,74.93643850495843,OK
2024-11-03 03:20:00,74.34954363098905,OK
2024-11-03 03:25:00,74.38865557279387,OK
2024-11-03 03:30:00,75.34222835717338,OK
2024-11-03 03:35:00,74.80436577272438,OK
2024-11-03 03:40:00,75.45116369575496,OK
2024-11-03 03:45:00,74.60524845543925,OK
2024-11-03 03:50:00,75.08370974924213,OK
2024-11-03 03:55:00,76.33174489029025,OK
2024-11-03 04:00:00,75.56052480806846,OK
2024-11-03 04:05:00,74.80563924437416,OK
2024-11-03 04:10:00,76.02473288000837,OK
2024-11-03 04:15:00,75.58827069737508,OK
2024-11-03 04:20:00,75.70702588701843,OK
2024-11-03 04:25:00,76.96757200855654,OK
2024-11-03 04:30:00,75.94462420697842,OK
2024-11-03 04:35:00,76.89585365030774,OK
2024-11-03 04:40:00,76.5352826462822,OK
2024-11-03 04:45:00,75.76410866839304,OK
2024-11-03 04:50:00,76.27883928044272,OK
2024-11-03 04:55:00,76.7528341631355,OK
2024-11-03 05:00:00,76.3662164865631,OK
2024-11-03 05:05:00,76.82259459017162,OK
2024-11-03 05:10:00,76.75854256880649,OK
2024-11-03 05:15:00,76.35342564217994,OK
2024-11-03 05:20:00,77.36329460181544,OK
2024-11-03 05:25:00,76.85903531635624,OK
2024-11-03 05:30:00,76.888175115557,OK
2024-11-03 05:35:00,77.65408309318052,OK
2024-11-03 05:40:00,77.30399825395415,OK
2024-11-03 05:45:00,75.83646309245043,OK
2024-11-03 05:50:00,76.49279053840397,OK
2024-11-03 05:55:00,77.69454229476094,OK
2024-11-03 06:00:00,77.80808536739664,OK
2024-11-03 06:05:00,76.98627843332898,OK
2024-11-03 06:10:00,75.79003006467376,OK
2024-11-03 06:15:00,76.84493322834625,OK
2024-11-03 06:20:00,75.76707035910617,OK
2024-11-03 06:25:00,76.43170896233003,OK
2024-11-03 06:30:00,76.27892431818373,OK
2024-11-03 06:35:00,77.304978455585,OK
2024-11-03 06:40:00,75.9978578097489,OK
2024-11-03 06:45:00,76.70979411330272,OK
2024-11-03 06:50:00,75.83238497133532,OK
2024-11-03 06:55:00,76.83001699624916,OK
2024-11-03 07:00:00,76.3594270939233,OK
2024-11-03 07:05:00,76.20748137347907,OK
2024-11-03 07:10:00,76.54882923483714,OK
2024-11-03 07:15:00,76.19172269545248,OK
2024-11-03 07:20:00,76.54264124859836,OK
2024-11-03 07:25:00,76.87917016809931,OK
2024-11-03 07:30:00,75.6205917663942,OK
2024-11-03 07:35:00,75.83544663195502,OK
2024-11-03 07:40:00,76.89919597661573,OK
2024-11-03 07:45:00,76.27984537866777,OK
2024-11-03 07:50:00,76.9065055572159,OK
2024-11-03 07:55:00,77.05961375880625,OK
2024-11-03 08:00:00,75.71160990880142,OK
2024-11-03 08:05:00,77.39425862844124,OK
2024-11-03 08:10:00,75.63720197106453,OK
2024-11-03 08:15:00,76.21195981415153,OK
2024-11-03 08:20:00,75.84813410455789,OK
2024-11-03 08:25:00,75.32942633630618,OK
2024-11-03 08:30:00,75.08087038893886,OK
2024-11-03 08:35:00,75.83213243567617,OK
2024-11-03 08:40:00,74.71121458956767,OK
2024-11-03 08:45:00,74.89570110903087,OK
2024-11-03 08:50:00,75.47389219293905,OK
2024-11-03 08:55:00,74.75314647532831,OK
2024-11-03 09:00:00,73.7420167260283,OK
2024-11-03 09:05:00,73.48600258047297,OK
2024-11-03 09:10:00,73.85322312632576,OK
2024-11-03 09:15:00,74.71640461502139,OK
2024-11-03 09:20:00,73.61954986060034,OK
2024-11-03 09:25:00,73.30920218107238,OK
2024-11-03 09:30:00,73.21388085949478,OK
2024-11-03 09:35:00,73.06155539965764,OK
2024-11-03 09:40:00,73.07590188436842,OK
2024-11-03 09:45:00,73.41651819732277,OK
2024-11-03 09:50:00,73.67256632486976,OK
2024-11-03 09:55:00,74.3742009148829,OK
2024-11-03 10:00:00,73.11104025023965,OK
2024-11-03 10:05:00,73.14487277299914,OK
2024-11-03 10:10:00,72.85683501351174,OK
2024-11-03 10:15:00,73.85559852782201,OK
2024-11-03 10:20:00,72.39482957627061,OK
2024-11-03 10:25:00,71.41204573887555,OK
2024-11-03 10:30:00,72.53753851197783,OK
2024-11-03 10:35:00,72.46260025874322,OK
2024-11-03 10:40:00,71.96935589856969,OK
2024-11-03 10:45:00,70.86559140178494,OK
2024-11-03 10:50:00,72.62153516634982,OK
2024-11-03 10:55:00,71.65980480062879,OK
2024-11-03 11:00:00,72.11282541176308,OK
2024-11-03 11:05:00,71.72474724027387,OK
2024-11-03 11:10:00,71.25502578444676,OK
2024-11-03 11:15:00,70.17335573500935,OK
2024-11-03 11:20:00,69.83042676871997,OK
2024-11-03 11:25:00,70.46845263644221,OK
2024-11-03 11:30:00,70.80887093421302,OK
2024-11-03 11:35:00,69.03270782877672,OK
2024-11-03 11:40:00,70.76445503862749,OK
2024-11-03 11:45:00,70.60502465849903,OK
2024-11-03 11:50:00,71.18511029930198,OK
2024-11-03 11:55:00,69.20712401635726,OK
2024-11-03 12:00:00,69.29576831080519,OK
2024-11-03 12:05:00,68.1357142680474,OK
2024-11-03 12:10:00,70.47044509245153,OK
2024-11-03 12:15:00,68.73372066599646,OK
2024-11-03 12:20:00,69.48119007643983,OK
2024-11-03 12:25:00,68.71639605017768,OK
2024-11-03 12:30:00,69.98382921051629,OK
2024-11-03 12:35:00,67.86155917081811,OK
2024-11-03 12:40:00,68.20892309107293,OK
2024-11-03 12:45:00,68.64105864732555,OK
2024-11-03 12:50:00,68.01160329609647,OK
2024-11-03 12:55:00,68.67872184935659,OK
2024-11-03 13:00:00,68.3397853077628,OK
2024-11-03 13:05:00,68.1174946628313,OK
2024-11-03 13:10:00,68.75290228770892,OK
2024-11-03 13:15:00,66.93922611421198,OK
2024-11-03 13:20:00,66.49571424929297,OK
2024-11-03 13:25:00,67.38436228194816,OK
2024-11-03 13:30:00,66.75137650387423,OK
2024-11-03 13:35:00,67.18026705241451,OK
2024-11-03 13:40:00,66.56139977523452,OK
2024-11-03 13:45:00,66.85551237981849,OK
2024-11-03 13:50:00,66.95201328228922,OK
2024-11-03 13:55:00,65.8191439250043,OK
2024-11-03 14:00:00,66.32310929234913,OK
2024-11-03 14:05:00,64.82477754997632,OK
2024-11-03 14:10:00,65.67906249840883,OK
2024-11-03 14:15:00,66.06155400200103,OK
2024-11-03 14:20:00,64.65967692362563,OK
2024-11-03 14:25:00,64.96151036238784,OK
2024-11-03 14:30:00,64.75981932236589,OK
2024-11-03 14:35:00,64.37089366125008,OK
2024-11-03 14:40:00,65.44008045092056,OK
2024-11-03 14:45:00,64.78424922351022,OK
2024-11-03 14:50:00,64.49937575678743,OK
2024-11-03 14:55:00,64.9272047207334,OK
2024-11-03 15:00:00,64.27537037055642,OK
2024-11-03 15:05:00,63.105073858777075,OK
2024-11-03 15:10:00,63.57856519750597,OK
2024-11-03 15:15:00,64.36525193372877,OK
2024-11-03 15:20:00,66.0,OK
2024-11-03 15:25:00,66.0,OK
2024-11-03 15:30:00,66.0,OK
2024-11-03 15:35:00,63.17388169126275,OK
2024-11-03 15:40:00,62.81199665435517,OK
2024-11-03 15:45:00,63.61148412879894,OK
2024-11-03 15:50:00,61.76519988151627,OK
2024-11-03 15:55:00,62.81597238529282,OK
2024-11-03 16:00:00,61.796243131659566,OK
2024-11-03 16:05:00,62.329593132427846,OK
2024-11-03 16:10:00,61.24561565171921,OK
2024-11-03 16:15:00,61.73260508550351,OK
2024-11-03 16:20:00,61.27182267764135,OK
2024-11-03 16:25:00,61.143535894999225,OK
2024-11-03 16:30:00,61.129594720625434,OK
2024-11-03 16:35:00,61.20786007966288,OK
2024-11-03 16:40:00,61.60242164517118,OK
2024-11-03 16:45:00,60.21412812453319,OK
2024-11-03 16:50:00,61.84550706730427,OK
2024-11-03 16:55:00,61.376488753302255,OK
2024-11-03 17:00:00,61.3263784718385,OK
2024-11-03 17:05:00,61.056607875957695,OK
2024-11-03 17:10:00,61.33472200054895,OK
2024-11-03 17:15:00,60.761327068274056,OK
2024-11-03 17:20:00,61.016633386820914,OK
2024-11-03 17:25:00,61.80970339125132,OK
2024-11-03 17:30:00,60.824234696851484,OK
2024-11-03 17:35:00,61.488205085163294,OK
2024-11-03 17:40:00,61.95800002857786,OK
2024-11-03 17:45:00,60.835387824339435,OK
2024-11-03 17:50:00,60.688138953332455,OK
2024-11-03 17:55:00,60.782279467576856,OK
2024-11-03 18:00:00,60.70314736619816,OK
2024-11-03 18:05:00,62.164011851167416,OK
2024-11-03 18:10:00,62.00346082769343,OK
2024-11-03 18:15:00,60.022521281331976,OK
2024-11-03 18:20:00,61.74683363245185,OK
2024-11-03 18:25:00,60.66145625328156,OK
2024-11-03 18:30:00,61.356832291490846,OK
2024-11-03 18:35:00,60.916051139878064,OK
2024-11-03 18:40:00,61.455049947930775,OK
2024-11-03 18:45:00,60.876899542872025,OK
2024-11-03 18:50:00,61.13143806130866,OK
2024-11-03 18:55:00,61.48245608171647,OK
2024-11-03 19:00:00,61.75662271684981,OK
2024-11-03 19:05:00,60.90144547111604,OK
2024-11-03 19:10:00,61.85219523034654,OK
2024-11-03 19:15:00,61.04520790912292,OK
2024-11-03 19:20:00,59.8139982117595,OK
2024-11-03 19:25:00,60.61795472637074,OK
2024-11-03 19:30:00,61.08067474772723,OK
2024-11-03 19:35:00,61.68770619257066,OK
2024-11-03 19:40:00,62.84469416833727,OK
2024-11-03 19:45:00,62.59899240978589,OK
2024-11-03 19:50:00,61.175875679666206,OK
2024-11-03 19:55:00,62.46880383267026,OK
2024-11-03 20:00:00,62.538537999769794,OK
2024-11-03 20:05:00,62.281135512994396,OK
2024-11-03 20:10:00,62.882114245921045,OK
2024-11-03 20:15:00,63.18842876178326,OK
2024-11-03 20:20:00,62.62742594090931,OK
2024-11-03 20:25:00,63.08822982814923,OK
2024-11-03 20:30:00,63.217013156162174,OK
2024-11-03 20:35:00,63.55843232673934,OK
2024-11-03 20:40:00,63.07088523230096,OK
2024-11-03 20:45:00,63.63199082430682,OK
2024-11-03 20:50:00,63.7109639171181,OK
2024-11-03 20:55:00,63.37440992826124,OK
2024-11-03 21:00:00,63.816280383037125,OK
2024-11-03 21:05:00,64.28756598799221,OK
2024-11-03 21:10:00,63.92371037863079,OK
2024-11-03 21:15:00,63.77664416920489,OK
2024-11-03 21:20:00,66.0,OK
2024-11-03 21:25:00,66.0,OK
2024-11-03 21:30:00,66.0,OK
2024-11-03 21:35:00,65.54391873995169,OK
2024-11-03 21:40:00,64.73789509047732,OK
2024-11-03 21:45:00,64.93127882406755,OK
2024-11-03 21:50:00,64.88527551519763,OK
2024-11-03 21:55:00,65.16949616280726,OK
2024-11-03 22:00:00,65.2679481954778,OK
2024-11-03 22:05:00,65.0243455926057,OK
2024-11-03 22:10:00,64.85788277607122,OK
2024-11-03 22:15:00,65.03541684501063,OK
2024-11-03 22:20:00,65.78509418801823,OK
2024-11-03 22:25:00,65.0131204908439,OK
2024-11-03 22:30:00,65.54950338191604,OK
2024-11-03 22:35:00,65.38273522872834,OK
2024-11-03 22:40:00,65.8256440277225,OK
2024-11-03 22:45:00,65.91322171827152,OK
2024-11-03 22:50:00,66.70367320124336,OK
2024-11-03 22:55:00,66.05608995707647,OK
2024-11-03 23:00:00,64.8457421813249,OK
2024-11-03 23:05:00,66.94255772257215,OK
2024-11-03 23:10:00,66.81603705693294,OK
2024-11-03 23:15:00,67.29459777355153,OK
2024-11-03 23:20:00,67.45645228380286,OK
2024-11-03 23:25:00,66.36561140835317,OK
2024-11-03 23:30:00,68.06125394055502,OK
2024-11-03 23:35:00,68.04733337020718,OK
2024-11-03 23:40:00,68.98595700337026,OK
2024-11-03 23:45:00,68.80480012011824,OK
2024-11-03 23:50:00,69.55390169432366,OK
2024-11-03 23:55:00,68.31434762266662,OK
2024-11-04 00:00:00,67.2559357941038,OK
2024-11-04 00:05:00,69.24573081875904,OK
2024-11-04 00:10:00,70.33283388842017,OK
2024-11-04 00:15:00,69.0061024895282,OK
2024-11-04 00:20:00,70.21306090776923,OK
2024-11-04 00:25:00,69.17393944447906,OK
2024-11-04 00:30:00,70.26648296265911,OK
2024-11-04 00:35:00,70.74813986148271,OK
2024-11-04 00:40:00,70.57390015999451,OK
2024-11-04 00:45:00,70.17601268935468,OK
2024-11-04 00:50:00,71.1252239127395,OK
2024-11-04 00:55:00,71.65052030043213,OK
2024-11-04 01:00:00,71.6399695848982,OK
2024-11-04 01:05:00,72.47182785369884,OK
2024-11-04 01:10:00,71.64571279958463,OK
2024-11-04 01:15:00,73.12249769430005,OK
2024-11-04 01:20:00,72.4569169111915,OK
2024-11-04 01:25:00,71.80139619366409,OK
2024-11-04 01:30:00,72.34615575921327,OK
2024-11-04 01:35:00,72.44925158357265,OK
2024-11-04 01:40:00,73.10841380280712,OK
2024-11-04 01:45:00,72.49368590469798,OK
2024-11-04 01:50:00,72.66971979069771,OK
2024-11-04 01:55:00,73.15168727800221,OK
2024-11-04 02:00:00,73.26260522392366,OK
2024-11-04 02:05:00,73.68677904182545,OK
2024-11-04 02:10:00,74.62945342091301,OK
2024-11-04 02:15:00,75.37122390105716,OK
2024-11-04 02:20:00,74.49468772586162,OK
2024-11-04 02:25:00,74.55440173638166,OK
2024-11-04 02:30:00,74.3956752012105,OK
2024-11-04 02:35:00,75.64135134325716,OK
2024-11-04 02:40:00,75.82310063687999,OK
2024-11-04 02:45:00,75.21907815281182,OK
2024-11-04 02:50:00,75.61692473040354,OK
2024-11-04 02:55:00,76.98360286566745,OK
2024-11-04 03:00:00,75.70988597086378,OK
2024-11-04 03:05:00,77.15524905126678,OK
2024-11-04 03:10:00,76.7420330076848,OK
2024-11-04 03:15:00,75.31875719423795,OK
2024-11-04 03:20:00,75.20784862664004,OK
2024-11-04 03:25:00,76.93424624340314,OK
2024-11-04 03:30:00,76.53014813922594,OK
2024-11-04 03:35:00,76.53660341062692,OK
2024-11-04 03:40:00,75.58535406362572,OK
2024-11-04 03:45:00,77.15311017126685,OK
2024-11-04 03:50:00,77.31112676070639,OK
2024-11-04 03:55:00,76.14532835979907,OK
2024-11-04 04:00:00,77.32996171074865,OK
2024-11-04 04:05:00,76.81670735928031,OK
2024-11-04 04:10:00,78.11707307355212,OK
2024-11-04 04:15:00,77.2940306570247,OK
2024-11-04 04:20:00,78.11642091709575,OK
2024-11-04 04:25:00,77.7705959636154,OK
2024-11-04 04:30:00,76.56375473930129,OK
2024-11-04 04:35:00,77.34786410756297,OK
2024-11-04 04:40:00,77.60016259479983,OK
2024-11-04 04:45:00,77.99997049770067,OK
2024-11-04 04:50:00,77.72292583426636,OK
2024-11-04 04:55:00,77.5150556212705,OK
2024-11-04 05:00:00,77.16696823224083,OK
2024-11-04 05:05:00,79.18449823899772,OK
2024-11-04 05:10:00,78.16263713648975,OK
2024-11-04 05:15:00,77.5602742002789,OK
2024-11-04 05:20:00,77.7680532172628,OK
2024-11-04 05:25:00,77.4851783308732,OK
2024-11-04 05:30:00,77.58836082230198,OK
2024-11-04 05:35:00,77.90553411814454,OK
2024-11-04 05:40:00,77.93710033729539,OK
2024-11-04 05:45:00,77.61484370271566,OK
2024-11-04 05:50:00,76.75486720062163,OK
2024-11-04 05:55:00,77.82815777077923,OK
2024-11-04 06:00:00,77.54159318822461,OK
2024-11-04 06:05:00,77.3987485944015,OK
2024-11-04 06:10:00,76.47086933248652,OK
2024-11-04 06:15:00,77.48931519343127,OK
2024-11-04 06:20:00,76.69755946418061,OK
2024-11-04 06:25:00,76.42619547883838,OK
2024-11-04 06:30:00,77.13200881049445,OK
2024-11-04 06:35:00,77.07396248687317,OK
2024-11-04 06:40:00,77.08610346160164,OK
2024-11-04 06:45:00,77.04402688192296,OK
2024-11-04 06:50:00,76.30700115677547,OK
2024-11-04 06:55:00,76.93257141782658,OK
2024-11-04 07:00:00,76.84663357921471,OK
2024-11-04 07:05:00,77.9786431844757,OK
2024-11-04 07:10:00,78.00337765946236,OK
2024-11-04 07:15:00,76.03508781583875,OK
2024-11-04 07:20:00,77.31999691336875,OK
2024-11-04 07:25:00,77.73061087969737,OK
2024-11-04 07:30:00,76.41088332135574,OK
2024-11-04 07:35:00,76.89261915246774,OK
2024-11-04 07:40:00,76.68889889848052,OK
2024-11-04 07:45:00,76.81680068646999,OK
2024-11-04 07:50:00,76.84443007096496,OK
2024-11-04 07:55:00,76.62990561939935,OK
2024-11-04 08:00:00,77.1086746631263,OK
2024-11-04 08:05:00,76.2279708622925,OK
2024-11-04 08:10:00,76.00375886778704,OK
2024-11-04 08:15:00,74.9847847222737,OK
2024-11-04 08:20:00,75.94656990144203,OK
2024-11-04 08:25:00,77.4314390439961,OK
2024-11-04 08:30:00,76.00610379290814,OK
2024-11-04 08:35:00,74.27033263553622,OK
2024-11-04 08:40:00,75.18901333104165,OK
2024-11-04 08:45:00,76.0762300046044,OK
2024-11-04 08:50:00,75.14474945194019,OK
2024-11-04 08:55:00,75.83386284427564,OK
2024-11-04 09:00:00,76.05452707167731,OK
2024-11-04 09:05:00,75.26285789627732,OK
2024-11-04 09:10:00,74.9694353107328,OK
2024-11-04 09:15:00,76.11967208629505,OK
2024-11-04 09:20:00,75.44088230470635,OK
2024-11-04 09:25:00,74.64940953842682,OK
2024-11-04 09:30:00,74.9026657639601,OK
2024-11-04 09:35:00,74.2346925498293,OK
2024-11-04 09:40:00,75.01004229565928,OK
2024-11-04 09:45:00,73.85950808431384,OK
2024-11-04 09:50:00,74.82685975571599,OK
2024-11-04 09:55:00,72.90701508411912,OK
2024-11-04 10:00:00,74.73234883819012,OK
2024-11-04 10:05:00,74.14106977585612,OK
2024-11-04 10:10:00,73.21941365452817,OK
2024-11-04 10:15:00,72.2803440173846,OK
2024-11-04 10:20:00,72.96056171351826,OK
2024-11-04 10:25:00,72.69893991030223,OK
2024-11-04 10:30:00,72.77642395240105,OK
2024-11-04 10:35:00,73.09090106297862,OK
2024-11-04 10:40:00,72.42455605217498,OK
2024-11-04 10:45:00,72.55981979557009,OK
2024-11-04 10:50:00,72.44332350168838,OK
2024-11-04 10:55:00,71.23112012324847,OK
2024-11-04 11:00:00,71.89975268579241,OK
2024-11-04 11:05:00,70.85138420708753,OK
2024-11-04 11:10:00,71.63963353342163,OK
2024-11-04 11:15:00,70.42609577379811,OK
2024-11-04 11:20:00,70.7300785534642,OK
2024-11-04 11:25:00,69.49211247658717,OK
2024-11-04 11:30:00,70.00896433986411,OK
2024-11-04 11:35:00,69.22357072814154,OK
2024-11-04 11:40:00,70.24295373357401,OK
2024-11-04 11:45:00,69.54638819258832,OK
2024-11-04 11:50:00,69.9260684524871,OK
2024-11-04 11:55:00,69.447212802728,OK
2024-11-04 12:00:00,69.10483142019328,OK
2024-11-04 12:05:00,69.16938376088476,OK
2024-11-04 12:10:00,69.41079954379771,OK
2024-11-04 12:15:00,69.2098368378461,OK
2024-11-04 12:20:00,69.64031098597604,OK
2024-11-04 12:25:00,68.8606119538016,OK
2024-11-04 12:30:00,67.77995900473945,OK
2024-11-04 12:35:00,69.04320547212893,OK
2024-11-04 12:40:00,68.72589686885877,OK
2024-11-04 12:45:00,66.68464076124694,OK
2024-11-04 12:50:00,68.00224550649403,OK
2024-11-04 12:55:00,67.1941230880299,OK
2024-11-04 13:00:00,66.79668742173918,OK
2024-11-04 13:05:00,66.58329136286423,OK
2024-11-04 13:10:00,67.68465548153642,OK
2024-11-04 13:15:00,66.68094017288831,OK
2024-11-04 13:20:00,67.55770808502656,OK
2024-11-04 13:25:00,66.0,OK
2024-11-04 13:30:00,67.4692168671056,OK
2024-11-04 13:35:00,66.97496729597387,OK
2024-11-04 13:40:00,66.81020118302709,OK
2024-11-04 13:45:00,66.8201123071257,OK
2024-11-04 13:50:00,64.83442755784779,OK
2024-11-04 13:55:00,64.01665004133221,OK
2024-11-04 14:00:00,65.65180292985627,OK
2024-11-04 14:05:00,65.95824381843715,OK
2024-11-04 14:10:00,66.41101704421456,OK
2024-11-04 14:15:00,66.0,OK
2024-11-04 14:20:00,66.0,OK
2024-11-04 14:25:00,66.0,OK
2024-11-04 14:30:00,64.23452761764065,OK
2024-11-04 14:35:00,63.923703071233206,OK
2024-11-04 14:40:00,63.92592493407768,OK
2024-11-04 14:45:00,64.07809313751005,OK
2024-11-04 14:50:00,64.34814777509084,OK
2024-11-04 14:55:00,63.14868018812704,OK
2024-11-04 15:00:00,63.49066484392873,OK
2024-11-04 15:05:00,62.92745295566084,OK
2024-11-04 15:10:00,62.919264260713945,OK
2024-11-04 15:15:00,64.07404534071944,OK
2024-11-04 15:20:00,66.0,OK
2024-11-04 15:25:00,66.0,OK
2024-11-04 15:30:00,66.0,OK
2024-11-04 15:35:00,62.52067888295612,OK
2024-11-04 15:40:00,62.64869674949693,OK
2024-11-04 15:45:00,61.855430757799155,OK
2024-11-04 15:50:00,62.31779038799543,OK
2024-11-04 15:55:00,62.18965475580711,OK
2024-11-04 16:00:00,61.489657976007365,OK
2024-11-04 16:05:00,61.799516894545214,OK
2024-11-04 16:10:00,61.94498461747904,OK
2024-11-04 16:15:00,60.97284933296277,OK
2024-11-04 16:20:00,61.730532747594594,OK
2024-11-04 16:25:00,61.76358255591549,OK
2024-11-04 16:30:00,62.059505675462326,OK
2024-11-04 16:35:00,60.95558593198461,OK
2024-11-04 16:40:00,60.63691089603641,OK
2024-11-04 16:45:00,61.35639672502472,OK
2024-11-04 16:50:00,60.59287636869467,OK
2024-11-04 16:55:00,62.46219401215436,OK
2024-11-04 17:00:00,61.120799068610644,OK
2024-11-04 17:05:00,61.07484697921447,OK
2024-11-04 17:10:00,61.46588479575783,OK
2024-11-04 17:15:00,59.67365831523115,OK
2024-11-04 17:20:00,61.1331602384202,OK
2024-11-04 17:25:00,61.46750680270732,OK
2024-11-04 17:30:00,61.272404111273474,OK
2024-11-04 17:35:00,62.44461513087006,OK
2024-11-04 17:40:00,61.54848059903813,OK
2024-11-04 17:45:00,60.20728524542044,OK
2024-11-04 17:50:00,61.22259249960126,OK
2024-11-04 17:55:00,61.19229688666944,OK
2024-11-04 18:00:00,59.88198876073287,OK
2024-11-04 18:05:00,59.87957928401768,OK
2024-11-04 18:10:00,60.33502966623864,OK
2024-11-04 18:15:00,60.92066559564854,OK
2024-11-04 18:20:00,60.79261249884557,OK
2024-11-04 18:25:00,61.18838459847744,OK
2024-11-04 18:30:00,61.46235901401816,OK
2024-11-04 18:35:00,61.66993225228348,OK
2024-11-04 18:40:00,61.37604073083395,OK
2024-11-04 18:45:00,61.68468740672391,OK
2024-11-04 18:50:00,62.09634546384555,OK
2024-11-04 18:55:00,61.064009309169435,OK
2024-11-04 19:00:00,61.01755288900688,OK
2024-11-04 19:05:00,60.165647206138274,OK
2024-11-04 19:10:00,61.702178050462436,OK
2024-11-04 19:15:00,61.05407750365774,OK
2024-11-04 19:20:00,60.9431353476168,OK
2024-11-04 19:25:00,61.29417808053909,OK
2024-11-04 19:30:00,60.6621162867481,OK
2024-11-04 19:35:00,60.587222303794995,OK
2024-11-04 19:40:00,60.814331636000276,OK
2024-11-04 19:45:00,61.177688251513544,OK
2024-11-04 19:50:00,61.25739397899511,OK
2024-11-04 19:55:00,61.89339369553369,OK
2024-11-04 20:00:00,61.75109697805776,OK
2024-11-04 20:05:00,61.65911147857023,OK
2024-11-04 20:10:00,62.18743790410575,OK
2024-11-04 20:15:00,61.42326752936549,OK
2024-11-04 20:20:00,60.93688042251728,OK
2024-11-04 20:25:00,62.21685998875741,OK
2024-11-04 20:30:00,61.45761056143452,OK
2024-11-04 20:35:00,62.38269918890039,OK
2024-11-04 20:40:00,62.17066692069098,OK
2024-11-04 20:45:00,62.5391073294533,OK
2024-11-04 20:50:00,61.869594007860606,OK
2024-11-04 20:55:00,62.74894553592465,OK
2024-11-04 21:00:00,61.743001220034245,OK
2024-11-04 21:05:00,62.657910553896514,OK
2024-11-04 21:10:00,62.992055597229076,OK
2024-11-04 21:15:00,63.582642707387336,OK
2024-11-04 21:20:00,62.76576005962537,OK
2024-11-04 21:25:00,62.51474427892602,OK
2024-11-04 21:30:00,63.09968451588994,OK
2024-11-04 21:35:00,62.08307958689529,OK
2024-11-04 21:40:00,62.72827803192612,OK
2024-11-04 21:45:00,63.94119786354041,OK
2024-11-04 21:50:00,63.91615222142883,OK
2024-11-04 21:55:00,63.60118875419928,OK
2024-11-04 22:00:00,64.55998867154418,OK
2024-11-04 22:05:00,63.71864892708577,OK
2024-11-04 22:10:00,64.44413536212842,OK
2024-11-04 22:15:00,64.6885167797425,OK
2024-11-04 22:20:00,64.65541902976328,OK
2024-11-04 22:25:00,66.0,OK
2024-11-04 22:30:00,66.0,OK
2024-11-04 22:35:00,66.0,OK
2024-11-04 22:40:00,64.5481419898361,OK
2024-11-04 22:45:00,65.03325138137498,OK
2024-11-04 22:50:00,65.9805968408678,OK
2024-11-04 22:55:00,65.95101130877899,OK
2024-11-04 23:00:00,65.83272601381091,OK
2024-11-04 23:05:00,66.13332175349635,OK
2024-11-04 23:10:00,67.53374878072354,OK
2024-11-04 23:15:00,67.86959942494411,OK
2024-11-04 23:20:00,67.64583806325383,OK
2024-11-04 23:25:00,67.7947076238473,OK
2024-11-04 23:30:00,67.72694293096276,OK
2024-11-04 23:35:00,67.17080412239108,OK
2024-11-04 23:40:00,67.72414548169422,OK
2024-11-04 23:45:00,67.57541605846632,OK
2024-11-04 23:50:00,68.5831794084531,OK
2024-11-04 23:55:00,68.20331780086943,OK
2024-11-05 00:00:00,67.72082169269618,OK
2024-11-05 00:05:00,67.9464135109699,OK
2024-11-05 00:10:00,68.84238614201831,OK
2024-11-05 00:15:00,68.47346581670493,OK
2024-11-05 00:20:00,67.4246550258284,OK
2024-11-05 00:25:00,68.78065762648674,OK
2024-11-05 00:30:00,69.60390320163327,OK
2024-11-05 00:35:00,69.60620344503548,OK
2024-11-05 00:40:00,69.73685290260926,OK
2024-11-05 00:45:00,70.09000112609657,OK
2024-11-05 00:50:00,70.21362513119847,OK
2024-11-05 00:55:00,71.38071202279181,OK
2024-11-05 01:00:00,71.35884902970747,OK
2024-11-05 01:05:00,71.12400938889618,OK
2024-11-05 01:10:00,71.05402682121867,OK
2024-11-05 01:15:00,71.27961630641535,OK
2024-11-05 01:20:00,71.25123873389198,OK
2024-11-05 01:25:00,71.30740074079965,OK
2024-11-05 01:30:00,71.08642581077197,OK
2024-11-05 01:35:00,72.02993929376032,OK
2024-11-05 01:40:00,71.90062189777794,OK
2024-11-05 01:45:00,72.72112029157509,OK
2024-11-05 01:50:00,72.21598938138871,OK
2024-11-05 01:55:00,72.64653849585058,OK
2024-11-05 02:00:00,72.57949911620531,OK
2024-11-05 02:05:00,72.80497652661384,OK
2024-11-05 02:10:00,72.99017460049556,OK
2024-11-05 02:15:00,73.50569500744257,OK
2024-11-05 02:20:00,73.57448054042251,OK
2024-11-05 02:25:00,73.13851133842404,OK
2024-11-05 02:30:00,74.38620677530682,OK
2024-11-05 02:35:00,74.44478280819504,OK
2024-11-05 02:40:00,74.09362300893382,OK
2024-11-05 02:45:00,74.22207119259542,OK
2024-11-05 02:50:00,75.12590621432103,OK
2024-11-05 02:55:00,74.7658077249812,OK
2024-11-05 03:00:00,74.83951798225638,OK
2024-11-05 03:05:00,76.24714860090546,OK
2024-11-05 03:10:00,75.01470239764683,OK
2024-11-05 03:15:00,74.99200823078395,OK
2024-11-05 03:20:00,75.1319989247249,OK
2024-11-05 03:25:00,74.22095052563205,OK
2024-11-05 03:30:00,75.71348092258764,OK
2024-11-05 03:35:00,75.3867538546917,OK
2024-11-05 03:40:00,76.68295260124836,OK
2024-11-05 03:45:00,75.59449828262856,OK
2024-11-05 03:50:00,75.48946182573827,OK
2024-11-05 03:55:00,75.75521119283428,OK
2024-11-05 04:00:00,75.00482983405834,OK
2024-11-05 04:05:00,75.2863060589402,OK
2024-11-05 04:10:00,75.79525917001195,OK
2024-11-05 04:15:00,76.15251573647728,OK
2024-11-05 04:20:00,75.45395819691907,OK
2024-11-05 04:25:00,76.21991063835397,OK
2024-11-05 04:30:00,76.83767197184353,OK
2024-11-05 04:35:00,77.52824175850192,OK
2024-11-05 04:40:00,76.5955916167236,OK
2024-11-05 04:45:00,75.90518760449964,OK
2024-11-05 04:50:00,74.95676595825195,OK
2024-11-05 04:55:00,76.38435181038159,OK
2024-11-05 05:00:00,76.94517886339169,OK
2024-11-05 05:05:00,77.31061691660733,OK
2024-11-05 05:10:00,76.57203749685502,OK
2024-11-05 05:15:00,78.13435419045976,OK
2024-11-05 05:20:00,76.95713158404561,OK
2024-11-05 05:25:00,77.04845028688024,OK
2024-11-05 05:30:00,77.41974713073962,OK
2024-11-05 05:35:00,77.70005439667293,OK
2024-11-05 05:40:00,77.24918891045357,OK
2024-11-05 05:45:00,77.36830143697375,OK
2024-11-05 05:50:00,77.9046447590593,OK
2024-11-05 05:55:00,76.25353388925214,OK
2024-11-05 06:00:00,77.66526747515867,OK
2024-11-05 06:05:00,76.93303987810427,OK
2024-11-05 06:10:00,78.76967003589048,OK
2024-11-05 06:15:00,76.59931668916096,OK
2024-11-05 06:20:00,76.41326843583782,OK
2024-11-05 06:25:00,77.20154437316606,OK
2024-11-05 06:30:00,76.9168466504769,OK
2024-11-05 06:35:00,77.00312251389902,OK
2024-11-05 06:40:00,77.81230323051106,OK
2024-11-05 06:45:00,77.05595763578768,OK
2024-11-05 06:50:00,77.79925141706923,OK
2024-11-05 06:55:00,77.71734403924793,OK
2024-11-05 07:00:00,76.62833592522077,OK
2024-11-05 07:05:00,76.6140947958396,OK
2024-11-05 07:10:00,77.50873388674499,OK
2024-11-05 07:15:00,77.31420085392,OK
2024-11-05 07:20:00,77.07454900956043,OK
2024-11-05 07:25:00,76.28491401173986,OK
2024-11-05 07:30:00,77.08989648585124,OK
2024-11-05 07:35:00,76.25918369536097,OK
2024-11-05 07:40:00,75.84742474223344,OK
2024-11-05 07:45:00,76.26504676086117,OK
2024-11-05 07:50:00,75.56719543235235,OK
2024-11-05 07:55:00,76.45298835950597,OK
2024-11-05 08:00:00,76.32892118626076,OK
2024-11-05 08:05:00,76.852522948647,OK
2024-11-05 08:10:00,75.46559246508528,OK
2024-11-05 08:15:00,76.2874975530629,OK
2024-11-05 08:20:00,75.59755150446652,OK
2024-11-05 08:25:00,75.7170525841955,OK
2024-11-05 08:30:00,76.27239102914032,OK
2024-11-05 08:35:00,75.9598820123079,OK
2024-11-05 08:40:00,74.57519215168705,OK
2024-11-05 08:45:00,75.17280192857896,OK
2024-11-05 08:50:00,75.60762660636185,OK
2024-11-05 08:55:00,74.74662382109913,OK
2024-11-05 09:00:00,74.79434747762151,OK
2024-11-05 09:05:00,72.49861896069011,OK
2024-11-05 09:10:00,74.19193561278081,OK
2024-11-05 09:15:00,74.50503547989754,OK
2024-11-05 09:20:00,73.29602192709672,OK
2024-11-05 09:25:00,75.12817766551115,OK
2024-11-05 09:30:00,73.9120895168684,OK
2024-11-05 09:35:00,72.56507247644802,OK
2024-11-05 09:40:00,73.62348192981031,OK
2024-11-05 09:45:00,74.38930970448773,OK
2024-11-05 09:50:00,73.28611265183392,OK
2024-11-05 09:55:00,71.88191549142711,OK
2024-11-05 10:00:00,72.41547447430696,OK
2024-11-05 10:05:00,72.95424689659627,OK
2024-11-05 10:10:00,72.76968214402093,OK
2024-11-05 10:15:00,72.53550925210081,OK
2024-11-05 10:20:00,71.88470375976598,OK
2024-11-05 10:25:00,70.97677522843665,OK
2024-11-05 10:30:00,70.95064285839511,OK
2024-11-05 10:35:00,71.16759284187475,OK
2024-11-05 10:40:00,71.95684004341797,OK
2024-11-05 10:45:00,72.00621855237485,OK
2024-11-05 10:50:00,70.92408278337865,OK
2024-11-05 10:55:00,71.80381601043806,OK
2024-11-05 11:00:00,70.95685058333709,OK
2024-11-05 11:05:00,70.44403473489987,OK
2024-11-05 11:10:00,71.27077356668173,OK
2024-11-05 11:15:00,71.03332610297107,OK
2024-11-05 11:20:00,70.1025326904255,OK
2024-11-05 11:25:00,69.4884961941589,OK
2024-11-05 11:30:00,68.96328582253403,OK
2024-11-05 11:35:00,69.10582196504299,OK
2024-11-05 11:40:00,69.29082506732263,OK
2024-11-05 11:45:00,69.82066822487404,OK
2024-11-05 11:50:00,69.8145164486052,OK
2024-11-05 11:55:00,69.21863572642157,OK
2024-11-05 12:00:00,68.64819239945157,OK
2024-11-05 12:05:00,68.58275414201273,OK
2024-11-05 12:10:00,69.9848445178524,OK
2024-11-05 12:15:00,69.11736673290577,OK
2024-11-05 12:20:00,67.74268488695934,OK
2024-11-05 12:25:00,68.45125127480556,OK
2024-11-05 12:30:00,69.11297302616077,OK
2024-11-05 12:35:00,66.59986068995202,OK
2024-11-05 12:40:00,67.88236182065346,OK
2024-11-05 12:45:00,67.70947355283579,OK
2024-11-05 12:50:00,67.62767604473952,OK
2024-11-05 12:55:00,67.79325379912551,OK
2024-11-05 13:00:00,68.11633094424977,OK
2024-11-05 13:05:00,66.27178632517827,OK
2024-11-05 13:10:00,66.89209811672558,OK
2024-11-05 13:15:00,66.75284148947932,OK
2024-11-05 13:20:00,66.80135595317927,OK
2024-11-05 13:25:00,67.5436744189141,OK
2024-11-05 13:30:00,65.95499535018068,OK
2024-11-05 13:35:00,66.88174514685426,OK
2024-11-05 13:40:00,66.06568272096882,OK
2024-11-05 13:45:00,67.0228193635869,OK
2024-11-05 13:50:00,67.2549150669679,OK
2024-11-05 13:55:00,65.56494323067867,OK
2024-11-05 14:00:00,66.16376407563206,OK
2024-11-05 14:05:00,66.776079900949,OK
2024-11-05 14:10:00,66.0,OK
2024-11-05 14:15:00,64.17132520733264,OK
2024-11-05 14:20:00,64.44100140713385,OK
2024-11-05 14:25:00,65.1888820315675,OK
2024-11-05 14:30:00,64.8586670878957,OK
2024-11-05 14:35:00,64.35121730577103,OK
2024-11-05 14:40:00,64.0862987366713,OK
2024-11-05 14:45:00,64.75735350375336,OK
2024-11-05 14:50:00,64.58675565772958,OK
2024-11-05 14:55:00,64.40509573225552,OK
2024-11-05 15:00:00,66.0,OK
2024-11-05 15:05:00,66.0,OK
2024-11-05 15:10:00,66.0,OK
2024-11-05 15:15:00,62.92612697467396,OK
2024-11-05 15:20:00,62.86623453531947,OK
2024-11-05 15:25:00,63.12745598090194,OK
2024-11-05 15:30:00,62.00228070069421,OK
2024-11-05 15:35:00,63.18091920275867,OK
2024-11-05 15:40:00,61.951994197643074,OK
2024-11-05 15:45:00,62.45758054926899,OK
2024-11-05 15:50:00,60.6798668285151,OK
2024-11-05 15:55:00,63.31710905000758,OK
2024-11-05 16:00:00,63.028113014256746,OK
2024-11-05 16:05:00,62.045360196190316,OK
2024-11-05 16:10:00,61.9420959350594,OK
2024-11-05 16:15:00,61.003388212356626,OK
2024-11-05 16:20:00,62.406194804715966,OK
2024-11-05 16:25:00,61.399869382897975,OK
2024-11-05 16:30:00,61.20083503909699,OK
2024-11-05 16:35:00,61.35306223087386,OK
2024-11-05 16:40:00,62.41885732258242,OK
2024-11-05 16:45:00,60.90316778264183,OK
2024-11-05 16:50:00,60.76350745205862,OK
2024-11-05 16:55:00,61.04297614594536,OK
2024-11-05 17:00:00,61.26961101233257,OK
2024-11-05 17:05:00,61.26277903856675,OK
2024-11-05 17:10:00,61.445902966426345,OK
2024-11-05 17:15:00,61.00247070838141,OK
2024-11-05 17:20:00,61.37263397243157,OK
2024-11-05 17:25:00,61.77920996832773,OK
2024-11-05 17:30:00,62.04661991462798,OK
2024-11-05 17:35:00,61.76037578105122,OK
2024-11-05 17:40:00,61.19549134818049,OK
2024-11-05 17:45:00,61.29271992512419,OK
2024-11-05 17:50:00,61.249228197064824,OK
2024-11-05 17:55:00,60.93817570515114,OK
2024-11-05 18:00:00,61.48748426225022,OK
2024-11-05 18:05:00,60.136607392935446,OK
2024-11-05 18:10:00,61.332673989642885,OK
2024-11-05 18:15:00,61.357626138005116,OK
2024-11-05 18:20:00,60.779917731070626,OK
2024-11-05 18:25:00,62.34772552710608,OK
2024-11-05 18:30:00,61.74229748333461,OK
2024-11-05 18:35:00,60.666410531689266,OK
2024-11-05 18:40:00,62.26923597266819,OK
2024-11-05 18:45:00,60.56961246468581,OK
2024-11-05 18:50:00,60.3392092956725,OK
2024-11-05 18:55:00,61.35888632048767,OK
2024-11-05 19:00:00,60.88199368993091,OK
2024-11-05 19:05:00,60.718277830675646,OK
2024-11-05 19:10:00,61.75112472616178,OK
2024-11-05 19:15:00,61.02004929350882,OK
2024-11-05 19:20:00,62.175292607322795,OK
2024-11-05 19:25:00,62.11001176743101,OK
2024-11-05 19:30:00,62.24208232353359,OK
2024-11-05 19:35:00,61.73289580718193,OK
2024-11-05 19:40:00,61.28092054985656,OK
2024-11-05 19:45:00,62.25199666348837,OK
2024-11-05 19:50:00,63.049082553022096,OK
2024-11-05 19:55:00,62.86931606745703,OK
2024-11-05 20:00:00,62.121587316503465,OK
2024-11-05 20:05:00,61.29338743071575,OK
2024-11-05 20:10:00,62.441598332621055,OK
2024-11-05 20:15:00,62.81794029693438,OK
2024-11-05 20:20:00,62.1632382279153,OK
2024-11-05 20:25:00,62.885416796714054,OK
2024-11-05 20:30:00,63.01476647978672,OK
2024-11-05 20:35:00,63.61040675325654,OK
2024-11-05 20:40:00,62.181618483668124,OK
2024-11-05 20:45:00,64.69511583390172,OK
2024-11-05 20:50:00,62.82863707945471,OK
2024-11-05 20:55:00,63.7528935342963,OK
2024-11-05 21:00:00,63.899755360447635,OK
2024-11-05 21:05:00,62.69227747317089,OK
2024-11-05 21:10:00,64.23679007278392,OK
2024-11-05 21:15:00,64.28003390471179,OK
2024-11-05 21:20:00,64.0824756730118,OK
2024-11-05 21:25:00,63.83846337735008,OK
2024-11-05 21:30:00,64.52997787684556,OK
2024-11-05 21:35:00,65.12489166062498,OK
2024-11-05 21:40:00,64.99761513291352,OK
2024-11-05 21:45:00,63.72640363366747,OK
2024-11-05 21:50:00,66.0,OK
2024-11-05 21:55:00,66.0,OK
2024-11-05 22:00:00,66.0,OK
2024-11-05 22:05:00,65.11031392397379,OK
2024-11-05 22:10:00,63.7642711068898,OK
2024-11-05 22:15:00,65.03599801459532,OK
2024-11-05 22:20:00,65.36756939738866,OK
2024-11-05 22:25:00,64.623140181004,OK
2024-11-05 22:30:00,65.83508782695378,OK
2024-11-05 22:35:00,65.77984480397029,OK
2024-11-05 22:40:00,65.5615778225197,OK
2024-11-05 22:45:00,65.82279603148555,OK
2024-11-05 22:50:00,65.75011893470433,OK
2024-11-05 22:55:00,64.72534973350417,OK
2024-11-05 23:00:00,65.88082869197424,OK
2024-11-05 23:05:00,67.60359067758887,OK
2024-11-05 23:10:00,66.17768883755565,OK
2024-11-05 23:15:00,66.61401594222767,OK
2024-11-05 23:20:00,66.86855290237888,OK
2024-11-05 23:25:00,67.0822082851805,OK
2024-11-05 23:30:00,67.39549276685028,OK
2024-11-05 23:35:00,67.59089388781233,OK
2024-11-05 23:40:00,67.40857954064049,OK
2024-11-05 23:45:00,68.5704242520209,OK
2024-11-05 23:50:00,69.11189062420662,OK
2024-11-05 23:55:00,66.79054235624405,OK
2024-11-06 00:00:00,69.2744428407756,OK
2024-11-06 00:05:00,68.92246421138161,OK
2024-11-06 00:10:00,70.19251713019392,OK
2024-11-06 00:15:00,69.25480670282417,OK
2024-11-06 00:20:00,70.0722053270135,OK
2024-11-06 00:25:00,69.92161857201678,OK
2024-11-06 00:30:00,68.96913422394113,OK
2024-11-06 00:35:00,69.33354811725678,OK
2024-11-06 00:40:00,69.47798993649604,OK
2024-11-06 00:45:00,71.1120045053164,OK
2024-11-06 00:50:00,69.14985852400514,OK
2024-11-06 00:55:00,71.0855059931753,OK
2024-11-06 01:00:00,69.63222311452216,OK
2024-11-06 01:05:00,70.14340585957747,OK
2024-11-06 01:10:00,70.42969880831478,OK
2024-11-06 01:15:00,71.46584263678074,OK
2024-11-06 01:20:00,70.79620594304495,OK
2024-11-06 01:25:00,71.3236099093198,OK
2024-11-06 01:30:00,71.00681581837333,OK
2024-11-06 01:35:00,71.2987130342963,OK
2024-11-06 01:40:00,72.43447471810805,OK
2024-11-06 01:45:00,70.7678553269861,OK
2024-11-06 01:50:00,71.7303802147369,OK
2024-11-06 01:55:00,72.08031337030474,OK
2024-11-06 02:00:00,72.17869835124912,OK
2024-11-06 02:05:00,71.77342400935464,OK
2024-11-06 02:10:00,72.80135355475659,OK
2024-11-06 02:15:00,73.90005346261825,OK
2024-11-06 02:20:00,72.588994370271,OK
2024-11-06 02:25:00,72.83987956967822,OK
2024-11-06 02:30:00,73.39923558400105,OK
2024-11-06 02:35:00,73.99251675676256,OK
2024-11-06 02:40:00,73.38619470705414,OK
2024-11-06 02:45:00,74.6761561831309,OK
2024-11-06 02:50:00,74.5621678342543,OK
2024-11-06 02:55:00,74.53926228647705,OK
2024-11-06 03:00:00,73.4971241610954,OK
2024-11-06 03:05:00,74.48822165902703,OK
2024-11-06 03:10:00,74.69712034240158,OK
2024-11-06 03:15:00,73.20098624248479,OK
2024-11-06 03:20:00,74.23048134001624,OK
2024-11-06 03:25:00,74.29250764111976,OK
2024-11-06 03:30:00,74.81358202969625,OK
2024-11-06 03:35:00,75.02090798226553,OK
2024-11-06 03:40:00,75.99846797364974,OK
2024-11-06 03:45:00,74.28445553688194,OK
2024-11-06 03:50:00,74.60392901822826,OK
2024-11-06 03:55:00,75.2094325174958,OK
2024-11-06 04:00:00,75.23991744106479,OK
2024-11-06 04:05:00,74.78322117623054,OK
2024-11-06 04:10:00,76.30118451688739,OK
2024-11-06 04:15:00,75.80299896155778,OK
2024-11-06 04:20:00,76.26809306324557,OK
2024-11-06 04:25:00,74.70204117549915,OK
2024-11-06 04:30:00,75.34287215902401,OK
2024-11-06 04:35:00,77.36464644132755,OK
2024-11-06 04:40:00,76.97984836400676,OK
2024-11-06 04:45:00,76.32319375360193,OK
2024-11-06 04:50:00,76.50968213601017,OK
2024-11-06 04:55:00,77.18891538263429,OK
2024-11-06 05:00:00,75.33028615738797,OK
2024-11-06 05:05:00,76.41458946961146,OK
2024-11-06 05:10:00,76.2236093372831,OK
2024-11-06 05:15:00,76.92588511267087,OK
2024-11-06 05:20:00,76.1299435087881,OK
2024-11-06 05:25:00,76.76943853547064,OK
2024-11-06 05:30:00,76.9457446764278,OK
2024-11-06 05:35:00,76.43351485677107,OK
2024-11-06 05:40:00,77.59417559026029,OK
2024-11-06 05:45:00,75.65795472769193,OK
2024-11-06 05:50:00,76.50878162738962,OK
2024-11-06 05:55:00,75.79990403026584,OK
2024-11-06 06:00:00,77.12548350474448,OK
2024-11-06 06:05:00,77.23126028329798,OK
2024-11-06 06:10:00,77.5362001152499,OK
2024-11-06 06:15:00,76.65752938982818,OK
2024-11-06 06:20:00,76.8254373358054,OK
2024-11-06 06:25:00,76.99459802887364,OK
2024-11-06 06:30:00,77.33423136385605,OK
2024-11-06 06:35:00,77.65362092626611,OK
2024-11-06 06:40:00,77.02012972006861,OK
2024-11-06 06:45:00,77.51200479756776,OK
2024-11-06 06:50:00,77.63032699128614,OK
2024-11-06 06:55:00,76.2687169153474,OK
2024-11-06 07:00:00,77.24425697258272,OK
2024-11-06 07:05:00,76.27678706782672,OK
2024-11-06 07:10:00,77.18717586543903,OK
2024-11-06 07:15:00,76.68202025171416,OK
2024-11-06 07:20:00,77.01651992532042,OK
2024-11-06 07:25:00,77.87742246898691,OK
2024-11-06 07:30:00,75.88014213487476,OK
2024-11-06 07:35:00,76.7176341362338,OK
2024-11-06 07:40:00,76.01745945025642,OK
2024-11-06 07:45:00,76.95640142299496,OK
2024-11-06 07:50:00,76.3233237089604,OK
2024-11-06 07:55:00,76.75714118199036,OK
2024-11-06 08:00:00,75.33389022056537,OK
2024-11-06 08:05:00,75.96735445802582,OK
2024-11-06 08:10:00,75.93365627597433,OK
2024-11-06 08:15:00,75.09089161774332,OK
2024-11-06 08:20:00,75.13845647716181,OK
2024-11-06 08:25:00,75.18636954784948,OK
2024-11-06 08:30:00,76.36916811955626,OK
2024-11-06 08:35:00,75.83526095400737,OK
2024-11-06 08:40:00,75.77214742418597,OK
2024-11-06 08:45:00,74.64237543624557,OK
2024-11-06 08:50:00,75.03701696134581,OK
2024-11-06 08:55:00,75.93362050898017,OK
2024-11-06 09:00:00,75.03430788756005,OK
2024-11-06 09:05:00,75.652179882024,OK
2024-11-06 09:10:00,74.81578156408636,OK
2024-11-06 09:15:00,75.71839724404681,OK
2024-11-06 09:20:00,74.3323547743537,OK
2024-11-06 09:25:00,74.3232566549585,OK
2024-11-06 09:30:00,73.40422237451575,OK
2024-11-06 09:35:00,73.96211392471972,OK
2024-11-06 09:40:00,74.65416033885235,OK
2024-11-06 09:45:00,73.6869966567609,OK
2024-11-06 09:50:00,74.78804345051674,OK
2024-11-06 09:55:00,74.39197480712996,OK
2024-11-06 10:00:00,73.50227610047932,OK
2024-11-06 10:05:00,74.82969228144974,OK
2024-11-06 10:10:00,73.48338783049705,OK
2024-11-06 10:15:00,74.0307942166572,OK
2024-11-06 10:20:00,73.2929935455517,OK
2024-11-06 10:25:00,73.90337257938492,OK
2024-11-06 10:30:00,72.95639518384567,OK
2024-11-06 10:35:00,73.01956289727812,OK
2024-11-06 10:40:00,71.95305803576167,OK
2024-11-06 10:45:00,72.7816351399475,OK
2024-11-06 10:50:00,73.07681693513625,OK
2024-11-06 10:55:00,72.61706777485945,OK
2024-11-06 11:00:00,73.07159703249658,OK
2024-11-06 11:05:00,71.85195232407412,OK
2024-11-06 11:10:00,71.71537486017696,OK
2024-11-06 11:15:00,70.54139471711878,OK
2024-11-06 11:20:00,72.21972132830706,OK
2024-11-06 11:25:00,71.73047445472602,OK
2024-11-06 11:30:00,71.96201039472295,OK
2024-11-06 11:35:00,71.27958051240307,OK
2024-11-06 11:40:00,70.88340140200506,OK
2024-11-06 11:45:00,70.98393313539913,OK
2024-11-06 11:50:00,70.0690703380988,OK
2024-11-06 11:55:00,70.98513015056466,OK
2024-11-06 12:00:00,69.85885596302163,OK
2024-11-06 12:05:00,70.11313442291416,OK
2024-11-06 12:10:00,70.50140454318709,OK
2024-11-06 12:15:00,70.41261914812321,OK
2024-11-06 12:20:00,68.690092687971,OK
2024-11-06 12:25:00,70.50609377574254,OK
2024-11-06 12:30:00,69.80034533733425,OK
2024-11-06 12:35:00,70.39521721491883,OK
2024-11-06 12:40:00,68.7166517708134,OK
2024-11-06 12:45:00,69.15505904544412,OK
2024-11-06 12:50:00,69.88330996161227,OK
2024-11-06 12:55:00,68.9512867868504,OK
2024-11-06 13:00:00,68.90086686714662,OK
2024-11-06 13:05:00,69.17132772671343,OK
2024-11-06 13:10:00,68.0795730484449,OK
2024-11-06 13:15:00,68.23962409628771,OK
2024-11-06 13:20:00,68.18248112662054,OK
2024-11-06 13:25:00,68.0583583967107,OK
2024-11-06 13:30:00,67.48415658056152,OK
2024-11-06 13:35:00,67.58474067928594,OK
2024-11-06 13:40:00,67.5570770789098,OK
2024-11-06 13:45:00,67.68195110892222,OK
2024-11-06 13:50:00,66.07261266386399,OK
2024-11-06 13:55:00,67.54370957756662,OK
2024-11-06 14:00:00,66.5245761689007,OK
2024-11-06 14:05:00,66.859496659857,OK
2024-11-06 14:10:00,65.43261180523464,OK
2024-11-06 14:15:00,66.90750956437573,OK
2024-11-06 14:20:00,66.66479352545672,OK
2024-11-06 14:25:00,66.65381546964049,OK
2024-11-06 14:30:00,65.80401361160533,OK
2024-11-06 14:35:00,66.62942429278887,OK
2024-11-06 14:40:00,65.66456665278265,OK
2024-11-06 14:45:00,66.71218770123073,OK
2024-11-06 14:50:00,65.11226701146862,OK
2024-11-06 14:55:00,65.50334838217655,OK
2024-11-06 15:00:00,65.911664881256,OK
2024-11-06 15:05:00,64.2388586391534,OK
2024-11-06 15:10:00,65.4774878592258,OK
2024-11-06 15:15:00,63.97890165229134,OK
2024-11-06 15:20:00,66.0,OK
2024-11-06 15:25:00,66.0,OK
2024-11-06 15:30:00,66.0,OK
2024-11-06 15:35:00,64.56100503084018,OK
2024-11-06 15:40:00,64.36555953526451,OK
2024-11-06 15:45:00,63.24403764405167,OK
2024-11-06 15:50:00,63.78968740349135,OK
2024-11-06 15:55:00,63.72302565466123,OK
2024-11-06 16:00:00,62.752831860152575,OK
2024-11-06 16:05:00,63.879739686417096,OK
2024-11-06 16:10:00,63.263448275844695,OK
2024-11-06 16:15:00,62.55644713156501,OK
2024-11-06 16:20:00,62.743035221825615,OK
2024-11-06 16:25:00,63.15316371152063,OK
2024-11-06 16:30:00,63.15967143886767,OK
2024-11-06 16:35:00,63.98326273934768,OK
2024-11-06 16:40:00,63.657560460048614,OK
2024-11-06 16:45:00,62.72283230407385,OK
2024-11-06 16:50:00,63.1817878908839,OK
2024-11-06 16:55:00,62.93673598069934,OK
2024-11-06 17:00:00,62.45839071132521,OK
2024-11-06 17:05:00,63.743714463782645,OK
2024-11-06 17:10:00,63.14336275388925,OK
2024-11-06 17:15:00,62.73368191777004,OK
2024-11-06 17:20:00,63.25320356233772,OK
2024-11-06 17:25:00,62.0108787136764,OK
2024-11-06 17:30:00,62.34865159821963,OK
2024-11-06 17:35:00,62.569668243635554,OK
2024-11-06 17:40:00,61.59463196166393,OK
2024-11-06 17:45:00,63.59389566993439,OK
2024-11-06 17:50:00,62.71145076503677,OK
2024-11-06 17:55:00,62.636053945740386,OK
2024-11-06 18:00:00,63.361897634939716,OK
2024-11-06 18:05:00,62.80857711878742,OK
2024-11-06 18:10:00,63.58148980095494,OK
2024-11-06 18:15:00,62.497871958131384,OK
2024-11-06 18:20:00,62.05028402361123,OK
2024-11-06 18:25:00,62.646801213142666,OK
2024-11-06 18:30:00,63.951130018363095,OK
2024-11-06 18:35:00,63.2625678941737,OK
2024-11-06 18:40:00,62.251233004349935,OK
2024-11-06 18:45:00,62.677377215422595,OK
2024-11-06 18:50:00,64.31826737604129,OK
2024-11-06 18:55:00,61.993853314219635,OK
2024-11-06 19:00:00,62.670965164305734,OK
2024-11-06 19:05:00,63.35951307826251,OK
2024-11-06 19:10:00,62.328920352779626,OK
2024-11-06 19:15:00,63.54465422843768,OK
2024-11-06 19:20:00,63.59373622177304,OK
2024-11-06 19:25:00,62.980305408122206,OK
2024-11-06 19:30:00,62.21262726196845,OK
2024-11-06 19:35:00,62.53521807694318,OK
2024-11-06 19:40:00,63.26485161232256,OK
2024-11-06 19:45:00,63.240430704653896,OK
2024-11-06 19:50:00,63.192574201332135,OK
2024-11-06 19:55:00,66.0,OK
2024-11-06 20:00:00,66.0,OK
2024-11-06 20:05:00,66.0,OK
2024-11-06 20:10:00,64.15178409199115,OK
2024-11-06 20:15:00,64.44988459405272,OK
2024-11-06 20:20:00,64.17313482355347,OK
2024-11-06 20:25:00,64.43864120062779,OK
2024-11-06 20:30:00,66.50985893489985,OK
2024-11-06 20:35:00,64.63965469478924,OK
2024-11-06 20:40:00,64.48454467352498,OK
2024-11-06 20:45:00,64.62665175667502,OK
2024-11-06 20:50:00,65.12375281840718,OK
2024-11-06 20:55:00,64.35138505570774,OK
2024-11-06 21:00:00,66.0,OK
2024-11-06 21:05:00,66.0,OK
2024-11-06 21:10:00,66.0,OK
2024-11-06 21:15:00,65.88970427876386,OK
2024-11-06 21:20:00,66.82285708941328,OK
2024-11-06 21:25:00,67.64238773426582,OK
2024-11-06 21:30:00,66.77451224511944,OK
2024-11-06 21:35:00,66.14872451107115,OK
2024-11-06 21:40:00,67.06954809343937,OK
2024-11-06 21:45:00,66.56808417061721,OK
2024-11-06 21:50:00,67.08929946936257,OK
2024-11-06 21:55:00,66.78403301071464,OK
2024-11-06 22:00:00,67.85811118875176,OK
2024-11-06 22:05:00,67.35993077868295,OK
2024-11-06 22:10:00,67.5339292275258,OK
2024-11-06 22:15:00,67.06391116711927,OK
2024-11-06 22:20:00,69.04150200694855,OK
2024-11-06 22:25:00,68.46570160003355,OK
2024-11-06 22:30:00,67.8978867912724,OK
2024-11-06 22:35:00,67.86660281436147,OK
2024-11-06 22:40:00,68.74698954965567,OK
2024-11-06 22:45:00,69.24026103058885,OK
2024-11-06 22:50:00,68.87509273092623,OK
2024-11-06 22:55:00,68.96009445760752,OK
2024-11-06 23:00:00,69.92112735897103,OK
2024-11-06 23:05:00,69.7265923764304,OK
2024-11-06 23:10:00,69.32337822820419,OK
2024-11-06 23:15:00,69.19955348146331,OK
2024-11-06 23:20:00,69.95263700167851,OK
2024-11-06 23:25:00,70.68117072206672,OK
2024-11-06 23:30:00,70.97659844778389,OK
2024-11-06 23:35:00,70.58826141307875,OK
2024-11-06 23:40:00,71.05069089507742,OK
2024-11-06 23:45:00,71.02940605681181,OK
2024-11-06 23:50:00,72.04382999879412,OK
2024-11-06 23:55:00,70.855796257973,OK
2024-11-07 00:00:00,72.4829031043382,OK
2024-11-07 00:05:00,72.22640120278251,OK
2024-11-07 00:10:00,72.08967397511552,OK
2024-11-07 00:15:00,71.12856468627659,OK
2024-11-07 00:20:00,72.76978915043415,OK
2024-11-07 00:25:00,73.23115955494617,OK
2024-11-07 00:30:00,73.38442273725377,OK
2024-11-07 00:35:00,72.13742195531762,OK
2024-11-07 00:40:00,75.12663682461502,OK
2024-11-07 00:45:00,74.22879279608735,OK
2024-11-07 00:50:00,72.23853096377758,OK
2024-11-07 00:55:00,73.67900400736904,OK
2024-11-07 01:00:00,74.90242731082157,OK
2024-11-07 01:05:00,74.28178988938322,OK
2024-11-07 01:10:00,74.3300166783904,OK
2024-11-07 01:15:00,74.157285918423,OK
2024-11-07 01:20:00,73.65624591276867,OK
2024-11-07 01:25:00,74.76504641481476,OK
2024-11-07 01:30:00,75.53910508255476,OK
2024-11-07 01:35:00,74.86951841794607,OK
2024-11-07 01:40:00,75.9662556854147,OK
2024-11-07 01:45:00,76.23282608400353,OK
2024-11-07 01:50:00,76.89929966247306,OK
2024-11-07 01:55:00,76.99561527896589,OK
2024-11-07 02:00:00,76.80946583630143,OK
2024-11-07 02:05:00,77.18232689763305,OK
2024-11-07 02:10:00,76.32337282474774,OK
2024-11-07 02:15:00,77.31165006673544,OK
2024-11-07 02:20:00,78.44877311705186,OK
2024-11-07 02:25:00,77.1016626333974,OK
2024-11-07 02:30:00,76.99870234822049,OK
2024-11-07 02:35:00,77.20670247292693,OK
2024-11-07 02:40:00,76.18177883568552,OK
2024-11-07 02:45:00,77.66933182051295,OK
2024-11-07 02:50:00,76.96306911602892,OK
2024-11-07 02:55:00,77.73350750211566,OK
2024-11-07 03:00:00,77.97477913700342,OK
2024-11-07 03:05:00,78.5844450310431,OK
2024-11-07 03:10:00,78.35673411874329,OK
2024-11-07 03:15:00,78.81012882476321,OK
2024-11-07 03:20:00,78.45173970100132,OK
2024-11-07 03:25:00,78.52270001064002,OK
2024-11-07 03:30:00,79.09802622431823,OK
2024-11-07 03:35:00,78.03105812638523,OK
2024-11-07 03:40:00,78.59863085350486,OK
2024-11-07 03:45:00,79.04895008625624,OK
2024-11-07 03:50:00,78.67375310178917,OK
2024-11-07 03:55:00,78.87134565912356,OK
2024-11-07 04:00:00,79.56265362033915,OK
2024-11-07 04:05:00,79.06181854765192,OK
2024-11-07 04:10:00,79.66855196543959,OK
2024-11-07 04:15:00,79.77484540526427,OK
2024-11-07 04:20:00,79.55862463583469,OK
2024-11-07 04:25:00,79.49341408191756,OK
2024-11-07 04:30:00,79.24766968511258,OK
2024-11-07 04:35:00,79.57298448601901,OK
2024-11-07 04:40:00,78.22627490592521,OK
2024-11-07 04:45:00,79.1413809050135,OK
2024-11-07 04:50:00,78.83111717062559,OK
2024-11-07 04:55:00,79.34389304336352,OK
2024-11-07 05:00:00,78.72365117777659,OK
2024-11-07 05:05:00,79.5287956102393,OK
2024-11-07 05:10:00,78.84178398802877,OK
2024-11-07 05:15:00,79.51115169502644,OK
2024-11-07 05:20:00,79.67908934515461,OK
2024-11-07 05:25:00,79.67399717427492,OK
2024-11-07 05:30:00,79.6019623055945,OK
2024-11-07 05:35:00,79.53547489789008,OK
2024-11-07 05:40:00,79.58352214750549,OK
2024-11-07 05:45:00,79.70533290072191,OK
2024-11-07 05:50:00,79.10556553084363,OK
2024-11-07 05:55:00,79.02923941046868,OK
2024-11-07 06:00:00,79.54573148725274,OK
2024-11-07 06:05:00,79.44317684708045,OK
2024-11-07 06:10:00,79.19567996487095,OK
2024-11-07 06:15:00,79.18070874580303,OK
2024-11-07 06:20:00,79.18539307783495,OK
2024-11-07 06:25:00,79.07259220175023,OK
2024-11-07 06:30:00,78.92451716962591,OK
2024-11-07 06:35:00,78.86869854107233,OK
2024-11-07 06:40:00,79.31243239490955,OK
2024-11-07 06:45:00,79.25400697813751,OK
2024-11-07 06:50:00,79.72218360757265,OK
2024-11-07 06:55:00,79.37343164650713,OK
2024-11-07 07:00:00,79.40432682775776,OK
2024-11-07 07:05:00,79.10296773533199,OK
2024-11-07 07:10:00,79.34360939725535,OK
2024-11-07 07:15:00,79.506387881162,OK
2024-11-07 07:20:00,79.6909142954375,OK
2024-11-07 07:25:00,79.51282889404594,OK
2024-11-07 07:30:00,79.45629124825692,OK
2024-11-07 07:35:00,79.63354328706524,OK
2024-11-07 07:40:00,79.71857537683505,OK
2024-11-07 07:45:00,79.48216250691114,OK
2024-11-07 07:50:00,79.16241688987992,OK
2024-11-07 07:55:00,79.5245743142448,OK
2024-11-07 08:00:00,79.24992144177816,OK
2024-11-07 08:05:00,79.18083251826701,OK
2024-11-07 08:10:00,79.09177544463775,OK
2024-11-07 08:15:00,79.3003344910934,OK
2024-11-07 08:20:00,79.56160666903699,OK
2024-11-07 08:25:00,78.66480462288237,OK
2024-11-07 08:30:00,78.55785631054079,OK
2024-11-07 08:35:00,79.03411888004044,OK
2024-11-07 08:40:00,78.0302258214339,OK
2024-11-07 08:45:00,79.06781496322759,OK
2024-11-07 08:50:00,78.71119224839211,OK
2024-11-07 08:55:00,77.24847598078395,OK
2024-11-07 09:00:00,77.56253701242144,OK
2024-11-07 09:05:00,78.19697233741554,OK
2024-11-07 09:10:00,77.53197069736103,OK
2024-11-07 09:15:00,77.56903473148343,OK
2024-11-07 09:20:00,79.23291263263266,OK
2024-11-07 09:25:00,77.9907882888063,OK
2024-11-07 09:30:00,77.24964194222488,OK
2024-11-07 09:35:00,77.44056732461476,OK
2024-11-07 09:40:00,77.06477813452345,OK
2024-11-07 09:45:00,76.5922413315336,OK
2024-11-07 09:50:00,77.3105903289134,OK
2024-11-07 09:55:00,77.71299672026035,OK
2024-11-07 10:00:00,76.76885932008335,OK
2024-11-07 10:05:00,76.9386530625635,OK
2024-11-07 10:10:00,76.74365503923138,OK
2024-11-07 10:15:00,76.64339404828183,OK
2024-11-07 10:20:00,74.99290491792652,OK
2024-11-07 10:25:00,77.45339293865021,OK
2024-11-07 10:30:00,76.13112733754005,OK
2024-11-07 10:35:00,75.80471187106201,OK
2024-11-07 10:40:00,76.12184120671587,OK
2024-11-07 10:45:00,74.84143494745783,OK
2024-11-07 10:50:00,74.68538750438812,OK
2024-11-07 10:55:00,75.17182336818503,OK
2024-11-07 11:00:00,75.06911815214133,OK
2024-11-07 11:05:00,74.91041347291169,OK
2024-11-07 11:10:00,74.59209836458484,OK
2024-11-07 11:15:00,74.30031244009578,OK
2024-11-07 11:20:00,74.16284732678545,OK
2024-11-07 11:25:00,73.70795294222484,OK
2024-11-07 11:30:00,73.25290894735906,OK
2024-11-07 11:35:00,74.19919254937403,OK
2024-11-07 11:40:00,73.95213379092189,OK
2024-11-07 11:45:00,74.1705940784015,OK
2024-11-07 11:50:00,72.33755661472536,OK
2024-11-07 11:55:00,72.58629367380766,OK
2024-11-07 12:00:00,72.31774522612005,OK
2024-11-07 12:05:00,73.42077916768707,OK
2024-11-07 12:10:00,71.4213257820649,OK
2024-11-07 12:15:00,72.86328349131641,OK
2024-11-07 12:20:00,72.1471963330316,OK
2024-11-07 12:25:00,71.37815852353066,OK
2024-11-07 12:30:00,72.16449853659812,OK
2024-11-07 12:35:00,71.88718133965641,OK
2024-11-07 12:40:00,71.20448646988253,OK
2024-11-07 12:45:00,69.2811229557308,OK
2024-11-07 12:50:00,70.6871622131238,OK
2024-11-07 12:55:00,69.72125719806024,OK
2024-11-07 13:00:00,69.99064217420266,OK
2024-11-07 13:05:00,70.29575182241237,OK
2024-11-07 13:10:00,71.04662868381646,OK
2024-11-07 13:15:00,69.62865144114627,OK
2024-11-07 13:20:00,71.15199018642333,OK
2024-11-07 13:25:00,69.07214717416089,OK
2024-11-07 13:30:00,69.64548905609958,OK
2024-11-07 13:35:00,71.27063423765813,OK
2024-11-07 13:40:00,69.83666229466297,OK
2024-11-07 13:45:00,69.29525685370675,OK
2024-11-07 13:50:00,69.69781894943148,OK
2024-11-07 13:55:00,69.02782886875548,OK
2024-11-07 14:00:00,69.96676994253414,OK
2024-11-07 14:05:00,70.04179504185768,OK
2024-11-07 14:10:00,69.19477674351242,OK
2024-11-07 14:15:00,69.0912429734952,OK
2024-11-07 14:20:00,69.22745899848289,OK
2024-11-07 14:25:00,68.02995559959105,OK
2024-11-07 14:30:00,69.07347976640739,OK
2024-11-07 14:35:00,68.24809162350176,OK
2024-11-07 14:40:00,68.19535051185974,OK
2024-11-07 14:45:00,69.15069500297186,OK
2024-11-07 14:50:00,68.87180371736645,OK
2024-11-07 14:55:00,67.92804726255926,OK
2024-11-07 15:00:00,66.66560961596102,OK
2024-11-07 15:05:00,67.33809238565613,OK
2024-11-07 15:10:00,68.67666182967403,OK
2024-11-07 15:15:00,69.33701216893299,OK
2024-11-07 15:20:00,66.85901651083813,OK
2024-11-07 15:25:00,67.53437549667217,OK
2024-11-07 15:30:00,66.56197496505118,OK
2024-11-07 15:35:00,67.97191121816549,OK
2024-11-07 15:40:00,67.18998241711574,OK
2024-11-07 15:45:00,66.68807147511669,OK
2024-11-07 15:50:00,67.39733558755157,OK
2024-11-07 15:55:00,67.43561883802373,OK
2024-11-07 16:00:00,67.18187667725257,OK
2024-11-07 16:05:00,66.67978558220877,OK
2024-11-07 16:10:00,67.12043158355735,OK
2024-11-07 16:15:00,66.33226321189865,OK
2024-11-07 16:20:00,67.12047682949012,OK
2024-11-07 16:25:00,67.68412928546228,OK
2024-11-07 16:30:00,65.6872137746542,OK
2024-11-07 16:35:00,67.26936555949679,OK
2024-11-07 16:40:00,67.09608916179194,OK
2024-11-07 16:45:00,66.65994371568071,OK
2024-11-07 16:50:00,66.69426977467684,OK
2024-11-07 16:55:00,66.95276252110469,OK
2024-11-07 17:00:00,66.7669603661164,OK
2024-11-07 17:05:00,66.60418389040899,OK
2024-11-07 17:10:00,66.5672546746307,OK
2024-11-07 17:15:00,67.886829494843,OK
2024-11-07 17:20:00,65.31149063987112,OK
2024-11-07 17:25:00,66.61262613070883,OK
2024-11-07 17:30:00,66.21538222815562,OK
2024-11-07 17:35:00,67.44629106755109,OK
2024-11-07 17:40:00,67.00872781091559,OK
2024-11-07 17:45:00,67.10307176685522,OK
2024-11-07 17:50:00,65.92741679580192,OK
2024-11-07 17:55:00,67.36924869104942,OK
2024-11-07 18:00:00,66.59514409804999,OK
2024-11-07 18:05:00,67.61851275880308,OK
2024-11-07 18:10:00,67.57680277172074,OK
2024-11-07 18:15:00,67.54898796526837,OK
2024-11-07 18:20:00,66.72774738321013,OK
2024-11-07 18:25:00,68.44504456417147,OK
2024-11-07 18:30:00,68.11185662287087,OK
2024-11-07 18:35:00,68.48706275024367,OK
2024-11-07 18:40:00,68.17325531193242,OK
2024-11-07 18:45:00,68.10126528663454,OK
2024-11-07 18:50:00,68.59336818369886,OK
2024-11-07 18:55:00,68.20319444217921,OK
2024-11-07 19:00:00,68.92005066778322,OK
2024-11-07 19:05:00,68.48522783716206,OK
2024-11-07 19:10:00,67.22940692741395,OK
2024-11-07 19:15:00,67.81630503883775,OK
2024-11-07 19:20:00,67.98335682307467,OK
2024-11-07 19:25:00,68.81891464388215,OK
2024-11-07 19:30:00,69.22688800150013,OK
2024-11-07 19:35:00,69.07675374604887,OK
2024-11-07 19:40:00,68.56048678218883,OK
2024-11-07 19:45:00,68.03648718207295,OK
2024-11-07 19:50:00,68.06690694309022,OK
2024-11-07 19:55:00,68.31697139085674,OK
2024-11-07 20:00:00,69.26238930193401,OK
2024-11-07 20:05:00,68.81028350933713,OK
2024-11-07 20:10:00,69.12946230419948,OK
2024-11-07 20:15:00,69.17930020438396,OK
2024-11-07 20:20:00,67.9202757897571,OK
2024-11-07 20:25:00,70.12773826860897,OK
2024-11-07 20:30:00,69.44603089511332,OK
2024-11-07 20:35:00,68.60490466503036,OK
2024-11-07 20:40:00,70.50739870091235,OK
2024-11-07 20:45:00,70.10190954501594,OK
2024-11-07 20:50:00,69.98804693361082,OK
2024-11-07 20:55:00,69.87103782614314,OK
2024-11-07 21:00:00,70.79564589152068,OK
2024-11-07 21:05:00,69.65768311996527,OK
2024-11-07 21:10:00,69.73535447388957,OK
2024-11-07 21:15:00,69.98124842550243,OK
2024-11-07 21:20:00,71.01551093382292,OK
2024-11-07 21:25:00,70.60122020377108,OK
2024-11-07 21:30:00,71.30620240998644,OK
2024-11-07 21:35:00,71.1783510520434,OK
2024-11-07 21:40:00,69.9050885814565,OK
2024-11-07 21:45:00,71.41564426996766,OK
2024-11-07 21:50:00,72.28851195052336,OK
2024-11-07 21:55:00,71.55734683980961,OK
2024-11-07 22:00:00,72.59953494932407,OK
2024-11-07 22:05:00,72.55937828396111,OK
2024-11-07 22:10:00,72.60573073989035,OK
2024-11-07 22:15:00,72.36009484574636,OK
2024-11-07 22:20:00,71.65430073476992,OK
2024-11-07 22:25:00,72.03356249189846,OK
2024-11-07 22:30:00,72.27636261304437,OK
2024-11-07 22:35:00,73.18614733441534,OK
2024-11-07 22:40:00,73.05456813728178,OK
2024-11-07 22:45:00,72.79227943181208,OK
2024-11-07 22:50:00,73.44939198578203,OK
2024-11-07 22:55:00,73.37566582003222,OK
2024-11-07 23:00:00,73.2468340777503,OK
2024-11-07 23:05:00,73.7722759728594,OK
2024-11-07 23:10:00,73.60132086768408,OK
2024-11-07 23:15:00,73.05772183037283,OK
2024-11-07 23:20:00,74.16370804394043,OK
2024-11-07 23:25:00,73.45726990655365,OK
2024-11-07 23:30:00,74.12302415913658,OK
2024-11-07 23:35:00,75.32913947625931,OK
2024-11-07 23:40:00,75.2125072817841,OK
2024-11-07 23:45:00,75.22098770596529,OK
2024-11-07 23:50:00,75.2435999083072,OK
2024-11-07 23:55:00,74.93805070325513,OK
2024-11-08 00:00:00,74.68706963001614,OK
2024-11-08 00:05:00,74.53797684533262,OK
2024-11-08 00:10:00,75.21706973145433,OK
2024-11-08 00:15:00,75.79067039756973,OK
2024-11-08 00:20:00,76.9398485224544,OK
2024-11-08 00:25:00,75.89552048859434,OK
2024-11-08 00:30:00,76.07732180592865,OK
2024-11-08 00:35:00,76.15741647166504,OK
2024-11-08 00:40:00,75.30356242283878,OK
2024-11-08 00:45:00,76.1361981937137,OK
2024-11-08 00:50:00,76.51833134022681,OK
2024-11-08 00:55:00,77.99115763346295,OK
2024-11-08 01:00:00,77.86460641398192,OK
2024-11-08 01:05:00,77.82393298015032,OK
2024-11-08 01:10:00,78.2627470377742,OK
2024-11-08 01:15:00,77.70672276730025,OK
2024-11-08 01:20:00,77.88589433348079,OK
2024-11-08 01:25:00,78.95042086353945,OK
2024-11-08 01:30:00,77.72427138889637,OK
2024-11-08 01:35:00,78.46211490348273,OK
2024-11-08 01:40:00,79.76047179064544,OK
2024-11-08 01:45:00,78.80593444469562,OK
2024-11-08 01:50:00,78.8558372548527,OK
2024-11-08 01:55:00,78.55971309964562,OK
2024-11-08 02:00:00,79.40007463090836,OK
2024-11-08 02:05:00,78.7793883849896,OK
2024-11-08 02:10:00,79.11494180526225,OK
2024-11-08 02:15:00,79.53620155127108,OK
2024-11-08 02:20:00,79.35380700003847,OK
2024-11-08 02:25:00,79.28263220244568,OK
2024-11-08 02:30:00,79.3064611717812,OK
2024-11-08 02:35:00,79.71028691131744,OK
2024-11-08 02:40:00,79.32744486356393,OK
2024-11-08 02:45:00,79.7548717278328,OK
2024-11-08 02:50:00,79.60777058134515,OK
2024-11-08 02:55:00,78.95663283204898,OK
2024-11-08 03:00:00,79.71972207085928,OK
2024-11-08 03:05:00,79.51758158793493,OK
2024-11-08 03:10:00,79.17577269176012,OK
2024-11-08 03:15:00,79.0552972269971,OK
2024-11-08 03:20:00,79.27084044147693,OK
2024-11-08 03:25:00,78.48858113086314,OK
2024-11-08 03:30:00,79.17172287718532,OK
2024-11-08 03:35:00,78.52097806438472,OK
2024-11-08 03:40:00,78.82125223091369,OK
2024-11-08 03:45:00,78.57399466819692,OK
2024-11-08 03:50:00,78.62377433655307,OK
2024-11-08 03:55:00,78.43721640747242,OK
2024-11-08 04:00:00,78.56909480462464,OK
2024-11-08 04:05:00,79.18345886988541,OK
2024-11-08 04:10:00,79.03014319631447,OK
2024-11-08 04:15:00,78.6534055698682,OK
2024-11-08 04:20:00,78.52076249710984,OK
2024-11-08 04:25:00,78.75697978602904,OK
2024-11-08 04:30:00,78.79725071330685,OK
2024-11-08 04:35:00,78.05122552557673,OK
2024-11-08 04:40:00,78.1584757436655,OK
2024-11-08 04:45:00,77.54848845683635,OK
2024-11-08 04:50:00,78.48322835604279,OK
2024-11-08 04:55:00,78.69557435467718,OK
2024-11-08 05:00:00,78.02564008672107,OK
2024-11-08 05:05:00,77.29087065333684,OK
2024-11-08 05:10:00,78.045036013099,OK
2024-11-08 05:15:00,77.48699472653858,OK
2024-11-08 05:20:00,77.57316226079067,OK
2024-11-08 05:25:00,78.00154038405971,OK
2024-11-08 05:30:00,77.80781278762197,OK
2024-11-08 05:35:00,77.56668658161695,OK
2024-11-08 05:40:00,77.56344749031996,OK
2024-11-08 05:45:00,77.85374300495906,OK
2024-11-08 05:50:00,77.6724053695985,OK
2024-11-08 05:55:00,77.41943474428246,OK
2024-11-08 06:00:00,77.64009869800746,OK
2024-11-08 06:05:00,77.88831134843292,OK
2024-11-08 06:10:00,77.73675454773604,OK
2024-11-08 06:15:00,77.3773151651679,OK
2024-11-08 06:20:00,78.17638486840714,OK
2024-11-08 06:25:00,77.02048519849373,OK
2024-11-08 06:30:00,77.78574510189179,OK
2024-11-08 06:35:00,77.7881223213553,OK
2024-11-08 06:40:00,78.10365256779698,OK
2024-11-08 06:45:00,78.21493079815183,OK
2024-11-08 06:50:00,78.32320275848485,OK
2024-11-08 06:55:00,77.83302619482595,OK
2024-11-08 07:00:00,78.29591570849988,OK
2024-11-08 07:05:00,78.10433354665213,OK
2024-11-08 07:10:00,77.47564615286561,OK
2024-11-08 07:15:00,78.72495592434397,OK
2024-11-08 07:20:00,77.65789377657705,OK
2024-11-08 07:25:00,78.27096219245726,OK
2024-11-08 07:30:00,78.37549787670241,OK
2024-11-08 07:35:00,78.32164697677177,OK
2024-11-08 07:40:00,78.06987529304769,OK
2024-11-08 07:45:00,78.5552002446142,OK
2024-11-08 07:50:00,77.84539792914327,OK
2024-11-08 07:55:00,78.40603155770782,OK
2024-11-08 08:00:00,78.34273838809025,OK
2024-11-08 08:05:00,78.36766844970276,OK
2024-11-08 08:10:00,78.80681331860589,OK
2024-11-08 08:15:00,79.05834041979006,OK
2024-11-08 08:20:00,78.65584190998291,OK
2024-11-08 08:25:00,79.08524754239966,OK
2024-11-08 08:30:00,78.91879351213886,OK
2024-11-08 08:35:00,78.71536078504346,OK
2024-11-08 08:40:00,79.01479108246653,OK
2024-11-08 08:45:00,79.06809973651892,OK
2024-11-08 08:50:00,78.96103256694117,OK
2024-11-08 08:55:00,79.39827111148637,OK
2024-11-08 09:00:00,79.4027706540339,OK
2024-11-08 09:05:00,78.89001145631732,OK
2024-11-08 09:10:00,79.06178463956573,OK
2024-11-08 09:15:00,79.77967644951728,OK
2024-11-08 09:20:00,79.4762886708311,OK
2024-11-08 09:25:00,79.42644792003456,OK
2024-11-08 09:30:00,78.98691106776221,OK
2024-11-08 09:35:00,79.7495479744509,OK
2024-11-08 09:40:00,79.76292984198402,OK
2024-11-08 09:45:00,77.78205692360048,OK
2024-11-08 09:50:00,78.50457896138772,OK
2024-11-08 09:55:00,78.84913062093085,OK
2024-11-08 10:00:00,78.97799093693172,OK
2024-11-08 10:05:00,78.48229122342829,OK
2024-11-08 10:10:00,78.6995758086875,OK
2024-11-08 10:15:00,77.16854791793534,OK
2024-11-08 10:20:00,78.01170723348108,OK
2024-11-08 10:25:00,76.75874115048995,OK
2024-11-08 10:30:00,77.21953757034825,OK
2024-11-08 10:35:00,77.39899262311432,OK
2024-11-08 10:40:00,76.93258234571627,OK
2024-11-08 10:45:00,78.15128235115895,OK
2024-11-08 10:50:00,76.57282550627411,OK
2024-11-08 10:55:00,76.33700193413756,OK
2024-11-08 11:00:00,,MISSING
2024-11-08 11:05:00,77.04359992140107,OK
2024-11-08 11:10:00,75.04624682112123,OK
2024-11-08 11:15:00,75.00232087446798,OK
2024-11-08 11:20:00,74.65189035468188,OK
2024-11-08 11:25:00,75.36537753902257,OK
2024-11-08 11:30:00,74.52548255819511,OK
2024-11-08 11:35:00,75.7784214913685,OK
2024-11-08 11:40:00,74.25613923522928,OK
2024-11-08 11:45:00,75.04873527879144,OK
2024-11-08 11:50:00,75.33006452328954,OK
2024-11-08 11:55:00,74.90888408437164,OK
2024-11-08 12:00:00,74.10396432897733,OK
2024-11-08 12:05:00,74.51697632738788,OK
2024-11-08 12:10:00,73.48739698246598,OK
2024-11-08 12:15:00,74.55564043841322,OK
2024-11-08 12:20:00,74.50769340402947,OK
2024-11-08 12:25:00,72.10495694351222,OK
2024-11-08 12:30:00,71.92702864148781,OK
2024-11-08 12:35:00,73.09238594935442,OK
2024-11-08 12:40:00,72.36157194327126,OK
2024-11-08 12:45:00,71.63344448717532,OK
2024-11-08 12:50:00,71.9032023960712,OK
2024-11-08 12:55:00,71.9987872291058,OK
2024-11-08 13:00:00,71.2867467168584,OK
2024-11-08 13:05:00,72.3310657156056,OK
2024-11-08 13:10:00,71.66871173448095,OK
2024-11-08 13:15:00,71.52238187737622,OK
2024-11-08 13:20:00,71.45781977847241,OK
2024-11-08 13:25:00,71.30918538486151,OK
2024-11-08 13:30:00,70.80460891254451,OK
2024-11-08 13:35:00,70.699778844856,OK
2024-11-08 13:40:00,70.97369242320451,OK
2024-11-08 13:45:00,69.67805191525521,OK
2024-11-08 13:50:00,70.77075726209966,OK
2024-11-08 13:55:00,70.25730468515744,OK
2024-11-08 14:00:00,70.32050704123509,OK
2024-11-08 14:05:00,69.77149482965612,OK
2024-11-08 14:10:00,71.11671159816181,OK
2024-11-08 14:15:00,69.20634123551301,OK
2024-11-08 14:20:00,69.79706836744347,OK
2024-11-08 14:25:00,68.45720637354617,OK
2024-11-08 14:30:00,69.25888352049262,OK
2024-11-08 14:35:00,68.95208843957732,OK
2024-11-08 14:40:00,67.73446797429312,OK
2024-11-08 14:45:00,68.90788101953679,OK
2024-11-08 14:50:00,67.84586100115197,OK
2024-11-08 14:55:00,68.61889286455391,OK
2024-11-08 15:00:00,68.28120894763443,OK
2024-11-08 15:05:00,68.35990030161811,OK
2024-11-08 15:10:00,67.7902417614215,OK
2024-11-08 15:15:00,68.66994784678403,OK
2024-11-08 15:20:00,68.78416743645607,OK
2024-11-08 15:25:00,68.47856342988432,OK
2024-11-08 15:30:00,67.91347443411917,OK
2024-11-08 15:35:00,67.93529450802158,OK
2024-11-08 15:40:00,67.16176156839961,OK
2024-11-08 15:45:00,66.73083781942573,OK
2024-11-08 15:50:00,68.04429626368419,OK
2024-11-08 15:55:00,67.75819186401006,OK
2024-11-08 16:00:00,68.02460622729298,OK
2024-11-08 16:05:00,65.8974757497381,OK
2024-11-08 16:10:00,66.76660734175184,OK
2024-11-08 16:15:00,66.47981061163931,OK
2024-11-08 16:20:00,67.36236784023662,OK
2024-11-08 16:25:00,66.30439611595006,OK
2024-11-08 16:30:00,66.01152852213939,OK
2024-11-08 16:35:00,66.39755197253183,OK
2024-11-08 16:40:00,66.0,OK
2024-11-08 16:45:00,64.73844885201913,OK
2024-11-08 16:50:00,66.6995306527937,OK
2024-11-08 16:55:00,66.83751250157172,OK
2024-11-08 17:00:00,66.68972812661484,OK
2024-11-08 17:05:00,65.22790011956653,OK
2024-11-08 17:10:00,65.51301056035406,OK
2024-11-08 17:15:00,66.25828010790168,OK
2024-11-08 17:20:00,66.22780366364134,OK
2024-11-08 17:25:00,66.68279603716303,OK
2024-11-08 17:30:00,65.61396657408976,OK
2024-11-08 17:35:00,66.29191104036835,OK
2024-11-08 17:40:00,65.97928165842262,OK
2024-11-08 17:45:00,65.41190639562433,OK
2024-11-08 17:50:00,65.82703936221603,OK
2024-11-08 17:55:00,65.95232804592803,OK
2024-11-08 18:00:00,66.0,OK
2024-11-08 18:05:00,66.0,OK
2024-11-08 18:10:00,66.0,OK
2024-11-08 18:15:00,65.62237028638151,OK
2024-11-08 18:20:00,65.50397246940787,OK
2024-11-08 18:25:00,66.12707846936834,OK
2024-11-08 18:30:00,66.53807411906868,OK
2024-11-08 18:35:00,65.77126591788388,OK
2024-11-08 18:40:00,65.96160908910663,OK
2024-11-08 18:45:00,67.02587776708168,OK
2024-11-08 18:50:00,66.5396098415954,OK
2024-11-08 18:55:00,66.3331849549409,OK
2024-11-08 19:00:00,66.57904640750732,OK
2024-11-08 19:05:00,65.4880480024915,OK
2024-11-08 19:10:00,66.29329963335442,OK
2024-11-08 19:15:00,65.88115969915182,OK
2024-11-08 19:20:00,66.60533670639235,OK
2024-11-08 19:25:00,66.65454352664116,OK
2024-11-08 19:30:00,67.42905995614659,OK
2024-11-08 19:35:00,66.9319588026019,OK
2024-11-08 19:40:00,66.93076540179177,OK
2024-11-08 19:45:00,68.0673696291527,OK
2024-11-08 19:50:00,67.54129482732816,OK
2024-11-08 19:55:00,67.6069279888466,OK
2024-11-08 20:00:00,67.21213923809768,OK
2024-11-08 20:05:00,67.24254525798705,OK
2024-11-08 20:10:00,67.84680050527601,OK
2024-11-08 20:15:00,67.25201550675888,OK
2024-11-08 20:20:00,67.97379288553091,OK
2024-11-08 20:25:00,69.76136773449097,OK
2024-11-08 20:30:00,68.41623458615408,OK
2024-11-08 20:35:00,67.60019509499368,OK
2024-11-08 20:40:00,69.31455734937876,OK
2024-11-08 20:45:00,68.26747480675026,OK
2024-11-08 20:50:00,67.4345252433611,OK
2024-11-08 20:55:00,68.97769378753424,OK
2024-11-08 21:00:00,68.8215422925484,OK
2024-11-08 21:05:00,69.77033122195871,OK
2024-11-08 21:10:00,68.09217744814914,OK
2024-11-08 21:15:00,69.35229392265565,OK
2024-11-08 21:20:00,69.3384711870744,OK
2024-11-08 21:25:00,68.59269632098702,OK
2024-11-08 21:30:00,69.12768242412639,OK
2024-11-08 21:35:00,70.49044966373327,OK
2024-11-08 21:40:00,70.61759869103065,OK
2024-11-08 21:45:00,69.88233877466334,OK
2024-11-08 21:50:00,70.74913699306592,OK
2024-11-08 21:55:00,71.98607115244717,OK
2024-11-08 22:00:00,70.76880440735405,OK
2024-11-08 22:05:00,71.77030314795758,OK
2024-11-08 22:10:00,69.95040390444542,OK
2024-11-08 22:15:00,70.93664522617085,OK
2024-11-08 22:20:00,71.69197014220988,OK
2024-11-08 22:25:00,71.68539771907801,OK
2024-11-08 22:30:00,72.4853172521499,OK
2024-11-08 22:35:00,71.9403903878598,OK
2024-11-08 22:40:00,70.73203946778195,OK
2024-11-08 22:45:00,70.32024482286958,OK
2024-11-08 22:50:00,71.33952047394757,OK
2024-11-08 22:55:00,71.878338254767,OK
2024-11-08 23:00:00,72.12497273095408,OK
2024-11-08 23:05:00,72.64640202009033,OK
2024-11-08 23:10:00,70.88517257052798,OK
2024-11-08 23:15:00,72.30739078377161,OK
2024-11-08 23:20:00,70.83425225898495,OK
2024-11-08 23:25:00,71.50990123561246,OK
2024-11-08 23:30:00,73.60925515456063,OK
2024-11-08 23:35:00,73.16345021624792,OK
2024-11-08 23:40:00,73.38312128576555,OK
2024-11-08 23:45:00,73.28776136550454,OK
2024-11-08 23:50:00,73.72153461188253,OK
2024-11-08 23:55:00,72.10045828756876,OK
2024-11-09 00:00:00,74.67709299669411,OK
2024-11-09 00:05:00,74.11221481216609,OK
2024-11-09 00:10:00,73.85570275697347,OK
2024-11-09 00:15:00,74.39453135393964,OK
2024-11-09 00:20:00,74.36748162105874,OK
2024-11-09 00:25:00,75.20303258916107,OK
2024-11-09 00:30:00,74.59788206283001,OK
2024-11-09 00:35:00,74.49477250505547,OK
2024-11-09 00:40:00,74.63533739013134,OK
2024-11-09 00:45:00,74.65066723474486,OK
2024-11-09 00:50:00,74.2613355245216,OK
2024-11-09 00:55:00,74.67502064193297,OK
2024-11-09 01:00:00,75.38726319388161,OK
2024-11-09 01:05:00,76.25567723982742,OK
2024-11-09 01:10:00,75.85126403998828,OK
2024-11-09 01:15:00,75.81105696954441,OK
2024-11-09 01:20:00,75.64565995284308,OK
2024-11-09 01:25:00,76.11679503298456,OK
2024-11-09 01:30:00,76.43433423032124,OK
2024-11-09 01:35:00,76.74027209500056,OK
2024-11-09 01:40:00,77.41028493311055,OK
2024-11-09 01:45:00,76.66114509310738,OK
2024-11-09 01:50:00,77.77447162157907,OK
2024-11-09 01:55:00,77.4948630092359,OK
2024-11-09 02:00:00,77.26104597805067,OK
2024-11-09 02:05:00,77.8715645950461,OK
2024-11-09 02:10:00,77.07555483641214,OK
2024-11-09 02:15:00,77.15554857878757,OK
2024-11-09 02:20:00,78.04222132402168,OK
2024-11-09 02:25:00,78.11496504948269,OK
2024-11-09 02:30:00,77.71399042712846,OK
2024-11-09 02:35:00,78.58867192247206,OK
2024-11-09 02:40:00,78.48325300830462,OK
2024-11-09 02:45:00,77.33992107520795,OK
2024-11-09 02:50:00,77.54750191996112,OK
2024-11-09 02:55:00,77.75527453826157,OK
2024-11-09 03:00:00,77.53301077356474,OK
2024-11-09 03:05:00,79.41119409186149,OK
2024-11-09 03:10:00,77.73256701355578,OK
2024-11-09 03:15:00,78.44021768273201,OK
2024-11-09 03:20:00,78.09663764509978,OK
2024-11-09 03:25:00,78.67375244793081,OK
2024-11-09 03:30:00,78.99734549069672,OK
2024-11-09 03:35:00,79.3609922826974,OK
2024-11-09 03:40:00,78.92233018898389,OK
2024-11-09 03:45:00,79.34857754327217,OK
2024-11-09 03:50:00,78.66635504335517,OK
2024-11-09 03:55:00,79.57358421252644,OK
2024-11-09 04:00:00,79.62532946353241,OK
2024-11-09 04:05:00,78.13466110916457,OK
2024-11-09 04:10:00,79.69886874068548,OK
2024-11-09 04:15:00,79.66623902584487,OK
2024-11-09 04:20:00,79.42666084913797,OK
2024-11-09 04:25:00,79.73892527888023,OK
2024-11-09 04:30:00,79.48644905799412,OK
2024-11-09 04:35:00,79.71807920873613,OK
2024-11-09 04:40:00,79.17691313800375,OK
2024-11-09 04:45:00,79.52251034944157,OK
2024-11-09 04:50:00,79.45079702835113,OK
2024-11-09 04:55:00,79.42855262025566,OK
2024-11-09 05:00:00,79.07816341606471,OK
2024-11-09 05:05:00,79.51756199180394,OK
2024-11-09 05:10:00,77.58034556212812,OK
2024-11-09 05:15:00,78.96261813261921,OK
2024-11-09 05:20:00,79.5164016050055,OK
2024-11-09 05:25:00,79.5640250183184,OK
2024-11-09 05:30:00,79.7468196443001,OK
2024-11-09 05:35:00,78.97081200355191,OK
2024-11-09 05:40:00,78.8247768526146,OK
2024-11-09 05:45:00,78.81286506703272,OK
2024-11-09 05:50:00,79.26902813265481,OK
2024-11-09 05:55:00,79.26240348314728,OK
2024-11-09 06:00:00,79.6390936871837,OK
2024-11-09 06:05:00,79.2617765931961,OK
2024-11-09 06:10:00,79.18980430118317,OK
2024-11-09 06:15:00,79.75459341448456,OK
2024-11-09 06:20:00,79.6691293537564,OK
2024-11-09 06:25:00,79.33993648729393,OK
2024-11-09 06:30:00,79.71113380632912,OK
2024-11-09 06:35:00,79.7125934371428,OK
2024-11-09 06:40:00,79.38033694489113,OK
2024-11-09 06:45:00,79.65324227087655,OK
2024-11-09 06:50:00,79.1320196029294,OK
2024-11-09 06:55:00,79.03096624705312,OK
2024-11-09 07:00:00,79.35822545347685,OK
2024-11-09 07:05:00,79.55030722512058,OK
2024-11-09 07:10:00,79.37250983110228,OK
2024-11-09 07:15:00,79.10139254157971,OK
2024-11-09 07:20:00,79.53182286330428,OK
2024-11-09 07:25:00,79.41838627105265,OK
2024-11-09 07:30:00,79.5606556907995,OK
2024-11-09 07:35:00,79.15221553305557,OK
2024-11-09 07:40:00,79.72712991415752,OK
2024-11-09 07:45:00,79.65100430993635,OK
2024-11-09 07:50:00,79.67161344991305,OK
2024-11-09 07:55:00,78.38806391943558,OK
2024-11-09 08:00:00,79.42259761569825,OK
2024-11-09 08:05:00,79.10562364099752,OK
2024-11-09 08:10:00,79.76731819111231,OK
2024-11-09 08:15:00,78.63446761987343,OK
2024-11-09 08:20:00,78.98333112028642,OK
2024-11-09 08:25:00,78.99271623162325,OK
2024-11-09 08:30:00,79.64831646527105,OK
2024-11-09 08:35:00,79.46324741766627,OK
2024-11-09 08:40:00,78.56882871938828,OK
2024-11-09 08:45:00,77.99745795187641,OK
2024-11-09 08:50:00,78.74020774868171,OK
2024-11-09 08:55:00,79.28501779547327,OK
2024-11-09 09:00:00,78.58641911924244,OK
2024-11-09 09:05:00,77.34757119912695,OK
2024-11-09 09:10:00,78.49917764861084,OK
2024-11-09 09:15:00,77.41290997114479,OK
2024-11-09 09:20:00,78.6711676544366,OK
2024-11-09 09:25:00,78.17534205716663,OK
2024-11-09 09:30:00,77.57429059510837,OK
2024-11-09 09:35:00,77.79540361173198,OK
2024-11-09 09:40:00,78.53246495446213,OK
2024-11-09 09:45:00,78.43697124470393,OK
2024-11-09 09:50:00,77.05184859971135,OK
2024-11-09 09:55:00,76.82001572677285,OK
2024-11-09 10:00:00,76.46219455402812,OK
2024-11-09 10:05:00,76.0165424323423,OK
2024-11-09 10:10:00,76.64847331597755,OK
2024-11-09 10:15:00,76.81280908086117,OK
2024-11-09 10:20:00,75.65472257620617,OK
2024-11-09 10:25:00,75.69127629516409,OK
2024-11-09 10:30:00,76.69525962627051,OK
2024-11-09 10:35:00,76.45622899409888,OK
2024-11-09 10:40:00,75.4743158895256,OK
2024-11-09 10:45:00,75.69598083722903,OK
2024-11-09 10:50:00,75.45884273661966,OK
2024-11-09 10:55:00,74.72321011577628,OK
2024-11-09 11:00:00,74.83647432340825,OK
2024-11-09 11:05:00,74.29226934550965,OK
2024-11-09 11:10:00,75.97467663239175,OK
2024-11-09 11:15:00,74.50095345577371,OK
2024-11-09 11:20:00,74.05270154247182,OK
2024-11-09 11:25:00,75.15123347755139,OK
2024-11-09 11:30:00,74.54762004290961,OK
2024-11-09 11:35:00,74.40671728632012,OK
2024-11-09 11:40:00,73.62882934679392,OK
2024-11-09 11:45:00,72.22600178145157,OK
2024-11-09 11:50:00,71.84767828892953,OK
2024-11-09 11:55:00,73.41634758033452,OK
2024-11-09 12:00:00,72.35557870467335,OK
2024-11-09 12:05:00,72.07498030678201,OK
2024-11-09 12:10:00,72.05191151463447,OK
2024-11-09 12:15:00,71.90626319533023,OK
2024-11-09 12:20:00,71.73031865451085,OK
2024-11-09 12:25:00,70.80399339426813,OK
2024-11-09 12:30:00,71.0177123657631,OK
2024-11-09 12:35:00,72.128422202331,OK
2024-11-09 12:40:00,70.73797541775559,OK
2024-11-09 12:45:00,70.56378920433248,OK
2024-11-09 12:50:00,70.91845065076487,OK
2024-11-09 12:55:00,70.44494506685992,OK
2024-11-09 13:00:00,70.9624318334364,OK
2024-11-09 13:05:00,70.91280913221112,OK
2024-11-09 13:10:00,70.80344046841194,OK
2024-11-09 13:15:00,72.0348423791163,OK
2024-11-09 13:20:00,70.77247821068943,OK
2024-11-09 13:25:00,71.03395235222992,OK
2024-11-09 13:30:00,71.22164846647001,OK
2024-11-09 13:35:00,69.35127151783136,OK
2024-11-09 13:40:00,69.6786277434887,OK
2024-11-09 13:45:00,69.83476054478174,OK
2024-11-09 13:50:00,70.04081272502927,OK
2024-11-09 13:55:00,69.40827525028001,OK
2024-11-09 14:00:00,68.80092572144403,OK
2024-11-09 14:05:00,69.67805872513186,OK
2024-11-09 14:10:00,69.12194566624672,OK
2024-11-09 14:15:00,68.44303293234579,OK
2024-11-09 14:20:00,70.17906832748605,OK
2024-11-09 14:25:00,68.88352260372629,OK
2024-11-09 14:30:00,68.88531436052841,OK
2024-11-09 14:35:00,68.59319204429443,OK
2024-11-09 14:40:00,68.49182921034952,OK
2024-11-09 14:45:00,68.05834353870847,OK
2024-11-09 14:50:00,66.82945710780714,OK
2024-11-09 14:55:00,68.04857010354249,OK
2024-11-09 15:00:00,67.55885129130624,OK
2024-11-09 15:05:00,66.42078893386991,OK
2024-11-09 15:10:00,67.81205707864424,OK
2024-11-09 15:15:00,66.18639621314456,OK
2024-11-09 15:20:00,67.01515770402791,OK
2024-11-09 15:25:00,65.83324587962008,OK
2024-11-09 15:30:00,66.2574943792963,OK
2024-11-09 15:35:00,66.48325710854272,OK
2024-11-09 15:40:00,66.52315856900013,OK
2024-11-09 15:45:00,66.83031593343551,OK
2024-11-09 15:50:00,66.20049774585296,OK
2024-11-09 15:55:00,65.38891433650247,OK
2024-11-09 16:00:00,65.85316968323022,OK
2024-11-09 16:05:00,66.16349868337191,OK
2024-11-09 16:10:00,66.09117997335971,OK
2024-11-09 16:15:00,65.13792883019627,OK
2024-11-09 16:20:00,64.86227646903754,OK
2024-11-09 16:25:00,65.895457026745,OK
2024-11-09 16:30:00,65.72170885056815,OK
2024-11-09 16:35:00,64.9743687743931,OK
2024-11-09 16:40:00,64.09732349746092,OK
2024-11-09 16:45:00,64.17158840084059,OK
2024-11-09 16:50:00,66.0,OK
2024-11-09 16:55:00,66.0,OK
2024-11-09 17:00:00,66.0,OK
2024-11-09 17:05:00,64.55717755399601,OK
2024-11-09 17:10:00,63.44975477873926,OK
2024-11-09 17:15:00,65.05468657268327,OK
2024-11-09 17:20:00,65.11396730459889,OK
2024-11-09 17:25:00,64.52622924724258,OK
2024-11-09 17:30:00,63.81500297442423,OK
2024-11-09 17:35:00,63.647983025322375,OK
2024-11-09 17:40:00,63.73501565285307,OK
2024-11-09 17:45:00,63.13052045147154,OK
2024-11-09 17:50:00,64.82408770960163,OK
2024-11-09 17:55:00,63.213847335354274,OK
2024-11-09 18:00:00,64.12894089126718,OK
2024-11-09 18:05:00,63.321808795492046,OK
2024-11-09 18:10:00,64.5771205665877,OK
2024-11-09 18:15:00,63.964842890493934,OK
2024-11-09 18:20:00,63.64527716260338,OK
2024-11-09 18:25:00,63.03772668046776,OK
2024-11-09 18:30:00,64.70541697431497,OK
2024-11-09 18:35:00,63.79278990442247,OK
2024-11-09 18:40:00,64.37778733298578,OK
2024-11-09 18:45:00,63.50483117569069,OK
2024-11-09 18:50:00,63.25806744852258,OK
2024-11-09 18:55:00,62.93276138500727,OK
2024-11-09 19:00:00,64.04023181128353,OK
2024-11-09 19:05:00,63.19060805356111,OK
2024-11-09 19:10:00,62.99390607639727,OK
2024-11-09 19:15:00,64.7414892283978,OK
2024-11-09 19:20:00,63.52791557833045,OK
2024-11-09 19:25:00,63.53909494696122,OK
2024-11-09 19:30:00,64.26837929209788,OK
2024-11-09 19:35:00,64.84045817046689,OK
2024-11-09 19:40:00,63.56776429652082,OK
2024-11-09 19:45:00,64.88355057650656,OK
2024-11-09 19:50:00,64.37737703774937,OK
2024-11-09 19:55:00,64.2935848889199,OK
2024-11-09 20:00:00,63.92598457011554,OK
2024-11-09 20:05:00,64.86451988022446,OK
2024-11-09 20:10:00,65.0182318463476,OK
2024-11-09 20:15:00,64.43718266121311,OK
2024-11-09 20:20:00,64.16035334014092,OK
2024-11-09 20:25:00,63.439007718098864,OK
2024-11-09 20:30:00,65.9841137675476,OK
2024-11-09 20:35:00,65.0044669647057,OK
2024-11-09 20:40:00,66.0,OK
2024-11-09 20:45:00,66.0,OK
2024-11-09 20:50:00,66.29653899160505,OK
2024-11-09 20:55:00,66.29076258612088,OK
2024-11-09 21:00:00,66.56669755572335,OK
2024-11-09 21:05:00,66.29492429304338,OK
2024-11-09 21:10:00,66.03457940849829,OK
2024-11-09 21:15:00,65.91474965169428,OK
2024-11-09 21:20:00,66.30055231200407,OK
2024-11-09 21:25:00,67.22087056926331,OK
2024-11-09 21:30:00,65.98634568499652,OK
2024-11-09 21:35:00,66.42189159202123,OK
2024-11-09 21:40:00,65.71731914684796,OK
2024-11-09 21:45:00,67.07285742912616,OK
2024-11-09 21:50:00,67.73127831327446,OK
2024-11-09 21:55:00,66.89031169051435,OK
2024-11-09 22:00:00,66.41907776084474,OK
2024-11-09 22:05:00,67.200857466617,OK
2024-11-09 22:10:00,67.33965233901,OK
2024-11-09 22:15:00,67.82958548151277,OK
2024-11-09 22:20:00,66.25864112331939,OK
2024-11-09 22:25:00,68.06769940550473,OK
2024-11-09 22:30:00,68.04894488561568,OK
2024-11-09 22:35:00,67.39155822184242,OK
2024-11-09 22:40:00,69.0880437720613,OK
2024-11-09 22:45:00,67.46651610971898,OK
2024-11-09 22:50:00,67.89188566010117,OK
2024-11-09 22:55:00,67.75258552845442,OK
2024-11-09 23:00:00,68.2204578815502,OK
2024-11-09 23:05:00,68.72038729246485,OK
2024-11-09 23:10:00,69.43639872521231,OK
2024-11-09 23:15:00,69.01556893132346,OK
2024-11-09 23:20:00,69.63836872514065,OK
2024-11-09 23:25:00,68.8304348703943,OK
2024-11-09 23:30:00,68.79876668967731,OK
2024-11-09 23:35:00,68.42532092996515,OK
2024-11-09 23:40:00,69.2274101766978,OK
2024-11-09 23:45:00,69.00359556085877,OK
2024-11-09 23:50:00,69.99051079970536,OK
2024-11-09 23:55:00,70.05414282737156,OK
2024-11-10 00:00:00,69.60682489395984,OK
2024-11-10 00:05:00,70.22256422357799,OK
2024-11-10 00:10:00,70.16084040434433,OK
2024-11-10 00:15:00,71.21200415162343,OK
2024-11-10 00:20:00,71.15098273361615,OK
2024-11-10 00:25:00,70.38221894977605,OK
2024-11-10 00:30:00,70.59245368684968,OK
2024-11-10 00:35:00,71.78130134421204,OK
2024-11-10 00:40:00,71.01055406099738,OK
2024-11-10 00:45:00,71.75950734233976,OK
2024-11-10 00:50:00,71.60601045690126,OK
2024-11-10 00:55:00,70.91175780722737,OK
2024-11-10 01:00:00,71.3252039947105,OK
2024-11-10 01:05:00,71.586532373666,OK
2024-11-10 01:10:00,71.18152271015208,OK
2024-11-10 01:15:00,72.93105386257514,OK
2024-11-10 01:20:00,73.17871518995265,OK
2024-11-10 01:25:00,73.3133368092292,OK
2024-11-10 01:30:00,73.35794136265793,OK
2024-11-10 01:35:00,74.69254515955657,OK
2024-11-10 01:40:00,73.62002327024072,OK
2024-11-10 01:45:00,74.0153339999988,OK
2024-11-10 01:50:00,73.55608281769136,OK
2024-11-10 01:55:00,74.03312310334675,OK
2024-11-10 02:00:00,74.75422009206343,OK
2024-11-10 02:05:00,74.09338913071382,OK
2024-11-10 02:10:00,74.23514900049078,OK
2024-11-10 02:15:00,75.10707938582203,OK
2024-11-10 02:20:00,75.15067718926919,OK
2024-11-10 02:25:00,76.39662515960659,OK
2024-11-10 02:30:00,75.69811487919516,OK
2024-11-10 02:35:00,75.60182567455284,OK
2024-11-10 02:40:00,75.29838336076375,OK
2024-11-10 02:45:00,76.05453410223802,OK
2024-11-10 02:50:00,75.78655417628556,OK
2024-11-10 02:55:00,76.19097978144842,OK
2024-11-10 03:00:00,75.55608922925745,OK
2024-11-10 03:05:00,75.526295231661,OK
2024-11-10 03:10:00,75.64718564763001,OK
2024-11-10 03:15:00,76.09272472857187,OK
2024-11-10 03:20:00,77.14042104984213,OK
2024-11-10 03:25:00,76.69446484590938,OK
2024-11-10 03:30:00,76.557206457217,OK
2024-11-10 03:35:00,76.53546182951513,OK
2024-11-10 03:40:00,76.37974398565694,OK
2024-11-10 03:45:00,75.68605633794776,OK
2024-11-10 03:50:00,76.07978569461977,OK
2024-11-10 03:55:00,77.30689767210472,OK
2024-11-10 04:00:00,76.3341550192161,OK
2024-11-10 04:05:00,76.44814292323552,OK
2024-11-10 04:10:00,77.49175233628691,OK
2024-11-10 04:15:00,76.66988982834758,OK
2024-11-10 04:20:00,77.20281766840664,OK
2024-11-10 04:25:00,78.03684255499368,OK
2024-11-10 04:30:00,76.8189161883828,OK
2024-11-10 04:35:00,77.07497024544237,OK
2024-11-10 04:40:00,77.37083694596163,OK
2024-11-10 04:45:00,77.07219931077283,OK
2024-11-10 04:50:00,77.6379314249803,OK
2024-11-10 04:55:00,77.0774797657453,OK
2024-11-10 05:00:00,77.3845913972361,OK
2024-11-10 05:05:00,77.38129060188504,OK
2024-11-10 05:10:00,77.3051745231745,OK
2024-11-10 05:15:00,78.3032694225893,OK
2024-11-10 05:20:00,78.14906059913059,OK
2024-11-10 05:25:00,79.05849397480956,OK
2024-11-10 05:30:00,77.43282596971156,OK
2024-11-10 05:35:00,78.47142951126709,OK
2024-11-10 05:40:00,77.77905551143341,OK
2024-11-10 05:45:00,77.7158485532553,OK
2024-11-10 05:50:00,77.61783215371123,OK
2024-11-10 05:55:00,78.84674136775249,OK
2024-11-10 06:00:00,78.20406639831228,OK
2024-11-10 06:05:00,77.1455872863784,OK
2024-11-10 06:10:00,77.15004153527897,OK
2024-11-10 06:15:00,77.60045243147817,OK
2024-11-10 06:20:00,77.97564459344775,OK
2024-11-10 06:25:00,78.82638505030701,OK
2024-11-10 06:30:00,77.69885875428976,OK
2024-11-10 06:35:00,78.05334661136175,OK
2024-11-10 06:40:00,77.6370041275645,OK
2024-11-10 06:45:00,78.26919690208143,OK
2024-11-10 06:50:00,77.97811379536017,OK
2024-11-10 06:55:00,77.69650165469822,OK
2024-11-10 07:00:00,77.44409084944141,OK
2024-11-10 07:05:00,77.19453030458936,OK
2024-11-10 07:10:00,77.96163105133056,OK
2024-11-10 07:15:00,78.31709354746087,OK
2024-11-10 07:20:00,76.351789161393,OK
2024-11-10 07:25:00,75.79047070796784,OK
2024-11-10 07:30:00,76.84764922244048,OK
2024-11-10 07:35:00,77.90762420791324,OK
2024-11-10 07:40:00,77.65027806881923,OK
2024-11-10 07:45:00,76.78793187332592,OK
2024-11-10 07:50:00,76.3819967710225,OK
2024-11-10 07:55:00,77.85252941104322,OK
2024-11-10 08:00:00,76.98161137607934,OK
2024-11-10 08:05:00,76.8879579160284,OK
2024-11-10 08:10:00,76.51891413137528,OK
2024-11-10 08:15:00,77.2479688684243,OK
2024-11-10 08:20:00,77.8841561529681,OK
2024-11-10 08:25:00,76.50442294844922,OK
2024-11-10 08:30:00,75.95409343466349,OK
2024-11-10 08:35:00,76.47190031817539,OK
2024-11-10 08:40:00,76.01565467125229,OK
2024-11-10 08:45:00,76.4120497098819,OK
2024-11-10 08:50:00,76.47581768805043,OK
2024-11-10 08:55:00,75.31617857856845,OK
2024-11-10 09:00:00,75.48853394624336,OK
2024-11-10 09:05:00,75.40999751868904,OK
2024-11-10 09:10:00,74.58885501554245,OK
2024-11-10 09:15:00,75.87134818017805,OK
2024-11-10 09:20:00,75.41295258709886,OK
2024-11-10 09:25:00,74.86657116019995,OK
2024-11-10 09:30:00,75.11954345758464,OK
2024-11-10 09:35:00,74.45439186390773,OK
2024-11-10 09:40:00,74.86142866767581,OK
2024-11-10 09:45:00,75.20856341884078,OK
2024-11-10 09:50:00,74.4292455201639,OK
2024-11-10 09:55:00,74.14440843046603,OK
2024-11-10 10:00:00,73.53990851799804,OK
2024-11-10 10:05:00,73.82352288067074,OK
2024-11-10 10:10:00,73.63970090352132,OK
2024-11-10 10:15:00,73.55860526188724,OK
2024-11-10 10:20:00,73.69176735316591,OK
2024-11-10 10:25:00,73.8302849932736,OK
2024-11-10 10:30:00,72.95976126044184,OK
2024-11-10 10:35:00,73.27652995757802,OK
2024-11-10 10:40:00,71.87881243843023,OK
2024-11-10 10:45:00,71.79073045325882,OK
2024-11-10 10:50:00,72.22092769380163,OK
2024-11-10 10:55:00,72.18565539182828,OK
2024-11-10 11:00:00,72.35306929421506,OK
2024-11-10 11:05:00,72.92198253366136,OK
2024-11-10 11:10:00,72.21247139732903,OK
2024-11-10 11:15:00,71.86499118135501,OK
2024-11-10 11:20:00,71.42954607318984,OK
2024-11-10 11:25:00,71.23678706991922,OK
2024-11-10 11:30:00,70.90685757667556,OK
2024-11-10 11:35:00,71.828762402829,OK
2024-11-10 11:40:00,71.47383871895426,OK
2024-11-10 11:45:00,70.06263295607205,OK
2024-11-10 11:50:00,70.29577733925613,OK
2024-11-10 11:55:00,70.8555684461529,OK
2024-11-10 12:00:00,70.60216699293115,OK
2024-11-10 12:05:00,70.44522373912636,OK
2024-11-10 12:10:00,69.94135351948941,OK
2024-11-10 12:15:00,69.36035607842966,OK
2024-11-10 12:20:00,68.03129539352175,OK
2024-11-10 12:25:00,69.19701586356364,OK
2024-11-10 12:30:00,68.82022332956056,OK
2024-11-10 12:35:00,70.23156631027642,OK
2024-11-10 12:40:00,69.23355573707282,OK
2024-11-10 12:45:00,67.9148766414744,OK
2024-11-10 12:50:00,68.132435611853,OK
2024-11-10 12:55:00,70.88131935130541,OK
2024-11-10 13:00:00,67.68806873313648,OK
2024-11-10 13:05:00,66.69562955871437,OK
2024-11-10 13:10:00,68.83502970963877,OK
2024-11-10 13:15:00,66.59646310467612,OK
2024-11-10 13:20:00,69.16561677743297,OK
2024-11-10 13:25:00,66.76190254008628,OK
2024-11-10 13:30:00,67.0569808453522,OK
2024-11-10 13:35:00,68.41786436519848,OK
2024-11-10 13:40:00,66.51426560432614,OK
2024-11-10 13:45:00,65.89781585779912,OK
2024-11-10 13:50:00,66.13618782459872,OK
2024-11-10 13:55:00,65.75942065075577,OK
2024-11-10 14:00:00,66.27149837096376,OK
2024-11-10 14:05:00,67.14954260991925,OK
2024-11-10 14:10:00,65.51937399626817,OK
2024-11-10 14:15:00,64.6462174417253,OK
2024-11-10 14:20:00,64.92508301764965,OK
2024-11-10 14:25:00,66.71976111571475,OK
2024-11-10 14:30:00,66.47506325422322,OK
2024-11-10 14:35:00,66.0,OK
2024-11-10 14:40:00,66.0,OK
2024-11-10 14:45:00,66.0,OK
2024-11-10 14:50:00,64.35077779870622,OK
2024-11-10 14:55:00,65.25659376774817,OK
2024-11-10 15:00:00,63.82849096488298,OK
2024-11-10 15:05:00,63.82499207836342,OK
2024-11-10 15:10:00,64.43454481816123,OK
2024-11-10 15:15:00,63.825855751250266,OK
2024-11-10 15:20:00,64.71974450316903,OK
2024-11-10 15:25:00,63.68158730267335,OK
2024-11-10 15:30:00,63.32022523174172,OK
2024-11-10 15:35:00,63.21650577054088,OK
2024-11-10 15:40:00,62.835137105108444,OK
2024-11-10 15:45:00,62.880274621551635,OK
2024-11-10 15:50:00,63.036667900414855,OK
2024-11-10 15:55:00,62.504317368793565,OK
2024-11-10 16:00:00,61.94418249930834,OK
2024-11-10 16:05:00,62.50438748912862,OK
2024-11-10 16:10:00,62.169921976292706,OK
2024-11-10 16:15:00,62.39568080878776,OK
2024-11-10 16:20:00,62.650998709918106,OK
2024-11-10 16:25:00,61.91889514859681,OK
2024-11-10 16:30:00,62.346127117583606,OK
2024-11-10 16:35:00,61.724059535361825,OK
2024-11-10 16:40:00,61.952760372839556,OK
2024-11-10 16:45:00,62.14262301843244,OK
2024-11-10 16:50:00,61.989779554385464,OK
2024-11-10 16:55:00,61.97654575336416,OK
2024-11-10 17:00:00,62.55309459474476,OK
2024-11-10 17:05:00,61.31521459546984,OK
2024-11-10 17:10:00,61.30594877758862,OK
2024-11-10 17:15:00,60.960375489458045,OK
2024-11-10 17:20:00,61.77972151808164,OK
2024-11-10 17:25:00,60.19519748170137,OK
2024-11-10 17:30:00,61.44519192286896,OK
2024-11-10 17:35:00,61.8166645221011,OK
2024-11-10 17:40:00,61.9530975249652,OK
2024-11-10 17:45:00,62.36984850460619,OK
2024-11-10 17:50:00,60.22467612713609,OK
2024-11-10 17:55:00,60.504310356725526,OK
2024-11-10 18:00:00,60.9336483442672,OK
2024-11-10 18:05:00,61.96805890758435,OK
2024-11-10 18:10:00,60.409569009335755,OK
2024-11-10 18:15:00,61.75010946903656,OK
2024-11-10 18:20:00,61.75261556202007,OK
2024-11-10 18:25:00,60.7960870516758,OK
2024-11-10 18:30:00,61.28005498538861,OK
2024-11-10 18:35:00,60.429677208705044,OK
2024-11-10 18:40:00,61.77247390262519,OK
2024-11-10 18:45:00,62.11083771517352,OK
2024-11-10 18:50:00,62.19707227545101,OK
2024-11-10 18:55:00,62.89034338970353,OK
2024-11-10 19:00:00,62.143495840787125,OK
2024-11-10 19:05:00,61.30343068672861,OK
2024-11-10 19:10:00,61.61077578582568,OK
2024-11-10 19:15:00,62.11218479084438,OK
2024-11-10 19:20:00,62.77528508533824,OK
2024-11-10 19:25:00,62.112270095379586,OK
2024-11-10 19:30:00,61.51857268363716,OK
2024-11-10 19:35:00,61.741081653902356,OK
2024-11-10 19:40:00,62.134950832285135,OK
2024-11-10 19:45:00,62.53652607785009,OK
2024-11-10 19:50:00,61.70566656674279,OK
2024-11-10 19:55:00,64.08650112892165,OK
2024-11-10 20:00:00,61.96349403572371,OK
2024-11-10 20:05:00,60.83673697193587,OK
2024-11-10 20:10:00,63.3241045322676,OK
2024-11-10 20:15:00,62.667383275682994,OK
2024-11-10 20:20:00,62.567812830667044,OK
2024-11-10 20:25:00,62.91654546439595,OK
2024-11-10 20:30:00,61.99957259077584,OK
2024-11-10 20:35:00,62.435463194984955,OK
2024-11-10 20:40:00,62.752283424104114,OK
2024-11-10 20:45:00,62.366605914433535,OK
2024-11-10 20:50:00,62.89059567149225,OK
2024-11-10 20:55:00,61.03611079474946,OK
2024-11-10 21:00:00,63.03895539237355,OK
2024-11-10 21:05:00,63.23901778829765,OK
2024-11-10 21:10:00,66.0,OK
2024-11-10 21:15:00,66.0,OK
2024-11-10 21:20:00,66.0,OK
2024-11-10 21:25:00,64.61258306567117,OK
2024-11-10 21:30:00,65.25562447131435,OK
2024-11-10 21:35:00,63.93529109768133,OK
2024-11-10 21:40:00,63.13434329641639,OK
2024-11-10 21:45:00,64.04817247814537,OK
2024-11-10 21:50:00,64.50067660754124,OK
2024-11-10 21:55:00,65.40189227079412,OK
2024-11-10 22:00:00,64.16883948052859,OK
2024-11-10 22:05:00,64.1799899234002,OK
2024-11-10 22:10:00,65.83084580989984,OK
2024-11-10 22:15:00,64.32283701350275,OK
2024-11-10 22:20:00,66.0,OK
2024-11-10 22:25:00,66.0,OK
2024-11-10 22:30:00,66.0,OK
2024-11-10 22:35:00,65.0947734178252,OK
2024-11-10 22:40:00,65.44376510436268,OK
2024-11-10 22:45:00,65.5226575841908,OK
2024-11-10 22:50:00,67.24710337091932,OK
2024-11-10 22:55:00,67.06791639589248,OK
2024-11-10 23:00:00,66.76788782514157,OK
2024-11-10 23:05:00,66.51342867328249,OK
2024-11-10 23:10:00,66.55428576961859,OK
2024-11-10 23:15:00,66.82822732515544,OK
2024-11-10 23:20:00,66.62890456655045,OK
2024-11-10 23:25:00,66.96890889729981,OK
2024-11-10 23:30:00,68.33975222231824,OK
2024-11-10 23:35:00,68.06795413314578,OK
2024-11-10 23:40:00,69.02286322814706,OK
2024-11-10 23:45:00,68.85199284563845,OK
2024-11-10 23:50:00,68.80047196199554,OK
2024-11-10 23:55:00,71.17069405956586,OK
