timestamp,electrical_power_w,data_quality_flag
2024-11-01 00:00:00,5.920402610471917,OK
2024-11-01 00:05:00,-6.214728189892161,OK
2024-11-01 00:10:00,10.344532913685587,OK
2024-11-01 00:15:00,2059.3388381684695,OK
2024-11-01 00:20:00,2182.974640207551,OK
2024-11-01 00:25:00,2186.474911188828,OK
2024-11-01 00:30:00,2172.7468721170953,OK
2024-11-01 00:35:00,2143.5144790197733,OK
2024-11-01 00:40:00,2323.478666323007,OK
2024-11-01 00:45:00,2224.145230817679,OK
2024-11-01 00:50:00,2283.653544267848,OK
2024-11-01 00:55:00,2199.429606693328,OK
2024-11-01 01:00:00,2354.1870400114713,OK
2024-11-01 01:05:00,15.111956816073207,OK
2024-11-01 01:10:00,-12.00816516489805,OK
2024-11-01 01:15:00,-13.497303052208345,OK
2024-11-01 01:20:00,2297.145344371602,OK
2024-11-01 01:25:00,2308.8860442920504,OK
2024-11-01 01:30:00,2436.685159107949,OK
2024-11-01 01:35:00,2308.0980653770303,OK
2024-11-01 01:40:00,2420.043121172805,OK
2024-11-01 01:45:00,2497.4863927544507,OK
2024-11-01 01:50:00,2304.5303564633264,OK
2024-11-01 01:55:00,2339.0301359233003,OK
2024-11-01 02:00:00,2431.135998581049,OK
2024-11-01 02:05:00,18.844807075944352,OK
2024-11-01 02:10:00,20.958187147979615,OK
2024-11-01 02:15:00,-14.06538047569904,OK
2024-11-01 02:20:00,2485.616783024906,OK
2024-11-01 02:25:00,2374.448553691773,OK
2024-11-01 02:30:00,2539.8143345138383,OK
2024-11-01 02:35:00,2385.4453924145114,OK
2024-11-01 02:40:00,2603.7746732642554,OK
2024-11-01 02:45:00,2606.474545023492,OK
2024-11-01 02:50:00,2529.286655612072,OK
2024-11-01 02:55:00,2456.32235324519,OK
2024-11-01 03:00:00,4.359783665072606,OK
2024-11-01 03:05:00,1.8050853361657548,OK
2024-11-01 03:10:00,-16.976162077190256,OK
2024-11-01 03:15:00,2452.9297004350256,OK
2024-11-01 03:20:00,2643.2698464761434,OK
2024-11-01 03:25:00,2583.2895204998485,OK
2024-11-01 03:30:00,2634.9697365936418,OK
2024-11-01 03:35:00,2706.4148682617615,OK
2024-11-01 03:40:00,2723.267441236047,OK
2024-11-01 03:45:00,2618.6297729744183,OK
2024-11-01 03:50:00,2559.9387485779766,OK
2024-11-01 03:55:00,2533.2842559885776,OK
2024-11-01 04:00:00,2729.278070700109,OK
2024-11-01 04:05:00,2712.3316319460287,OK
2024-11-01 04:10:00,-0.8653749196055213,OK
2024-11-01 04:15:00,-25.553983715094425,OK
2024-11-01 04:20:00,1.2768919027146117,OK
2024-11-01 04:25:00,2525.3410551660068,OK
2024-11-01 04:30:00,2695.1895449968456,OK
2024-11-01 04:35:00,2826.3071400333793,OK
2024-11-01 04:40:00,2723.315689258645,OK
2024-11-01 04:45:00,2558.3356727682926,OK
2024-11-01 04:50:00,2772.616419649232,OK
2024-11-01 04:55:00,2649.5309074888746,OK
2024-11-01 05:00:00,2682.0626039569147,OK
2024-11-01 05:05:00,2543.6714385717523,OK
2024-11-01 05:10:00,2682.9453752141544,OK
2024-11-01 05:15:00,2749.0748902377295,OK
2024-11-01 05:20:00,2752.1976001534213,OK
2024-11-01 05:25:00,2781.5331337609077,OK
2024-11-01 05:30:00,12.89685447197253,OK
2024-11-01 05:35:00,10.311768891454692,OK
2024-11-01 05:40:00,5.3915358980583195,OK
2024-11-01 05:45:00,2564.8391666584553,OK
2024-11-01 05:50:00,2724.512428773926,OK
2024-11-01 05:55:00,2689.5512038111287,OK
2024-11-01 06:00:00,2801.657055492734,OK
2024-11-01 06:05:00,2916.0611284100964,OK
2024-11-01 06:10:00,2798.2202471385153,OK
2024-11-01 06:15:00,2744.9542050455193,OK
2024-11-01 06:20:00,2715.6045024753307,OK
2024-11-01 06:25:00,2749.230177225523,OK
2024-11-01 06:30:00,2674.842625398202,OK
2024-11-01 06:35:00,2627.3502374389896,OK
2024-11-01 06:40:00,2755.561111320426,OK
2024-11-01 06:45:00,2692.5859416382127,OK
2024-11-01 06:50:00,2655.2356300011197,OK
2024-11-01 06:55:00,2739.3901516896426,OK
2024-11-01 07:00:00,11.041491088595677,OK
2024-11-01 07:05:00,0.3932795670124148,OK
2024-11-01 07:10:00,-0.32932728139290934,OK
2024-11-01 07:15:00,2752.211265026912,OK
2024-11-01 07:20:00,2689.0035252505922,OK
2024-11-01 07:25:00,2671.2292566453834,OK
2024-11-01 07:30:00,2611.3641668795985,OK
2024-11-01 07:35:00,2640.488835753115,OK
2024-11-01 07:40:00,2628.539103801643,OK
2024-11-01 07:45:00,2716.5139694585255,OK
2024-11-01 07:50:00,2668.85669691051,OK
2024-11-01 07:55:00,2556.99769732902,OK
2024-11-01 08:00:00,-1.0831204574239837,OK
2024-11-01 08:05:00,-2.7307187822378056,OK
2024-11-01 08:10:00,25.27493176263842,OK
2024-11-01 08:15:00,2500.6612403666713,OK
2024-11-01 08:20:00,2657.5697858118324,OK
2024-11-01 08:25:00,2587.4737860408904,OK
2024-11-01 08:30:00,2649.7158733821852,OK
2024-11-01 08:35:00,2567.1414162408337,OK
2024-11-01 08:40:00,2632.6742465960638,OK
2024-11-01 08:45:00,2643.4705673970293,OK
2024-11-01 08:50:00,2647.8070095263975,OK
2024-11-01 08:55:00,27.08162746699926,OK
2024-11-01 09:00:00,-6.930643540171274,OK
2024-11-01 09:05:00,-20.75761115846426,OK
2024-11-01 09:10:00,2430.0510819419437,OK
2024-11-01 09:15:00,2511.6300995597576,OK
2024-11-01 09:20:00,2580.6774405366687,OK
2024-11-01 09:25:00,2540.4985179466994,OK
2024-11-01 09:30:00,2485.9707320155912,OK
2024-11-01 09:35:00,2501.109948921837,OK
2024-11-01 09:40:00,2580.446215723703,OK
2024-11-01 09:45:00,2347.3778502945597,OK
2024-11-01 09:50:00,10.572471572710207,OK
2024-11-01 09:55:00,-8.18245944118214,OK
2024-11-01 10:00:00,2.2182454543333905,OK
2024-11-01 10:05:00,2444.967401175187,OK
2024-11-01 10:10:00,2328.786829225998,OK
2024-11-01 10:15:00,2580.5677929570306,OK
2024-11-01 10:20:00,2436.470927521296,OK
2024-11-01 10:25:00,2402.406628709796,OK
2024-11-01 10:30:00,2401.4012780589787,OK
2024-11-01 10:35:00,2361.82374419622,OK
2024-11-01 10:40:00,2457.860413994151,OK
2024-11-01 10:45:00,2336.5573419756447,OK
2024-11-01 10:50:00,-4.999582861218926,OK
2024-11-01 10:55:00,-2.0871511708205768,OK
2024-11-01 11:00:00,-10.010503189729906,OK
2024-11-01 11:05:00,2221.040597304057,OK
2024-11-01 11:10:00,2337.6037372204987,OK
2024-11-01 11:15:00,2338.469177180438,OK
2024-11-01 11:20:00,2341.9021198621163,OK
2024-11-01 11:25:00,2233.403383211189,OK
2024-11-01 11:30:00,2252.7282277299164,OK
2024-11-01 11:35:00,2274.931803206817,OK
2024-11-01 11:40:00,2299.968024800301,OK
2024-11-01 11:45:00,2184.0669441272053,OK
2024-11-01 11:50:00,2132.0612467010633,OK
2024-11-01 11:55:00,2279.39413417388,OK
2024-11-01 12:00:00,27.36079232727308,OK
2024-11-01 12:05:00,-29.067927907571846,OK
2024-11-01 12:10:00,4.471305776810819,OK
2024-11-01 12:15:00,2191.8215911175607,OK
2024-11-01 12:20:00,2219.316898841027,OK
2024-11-01 12:25:00,2125.65605667191,OK
2024-11-01 12:30:00,2126.7065650601253,OK
2024-11-01 12:35:00,2107.755213784413,OK
2024-11-01 12:40:00,2187.651532413908,OK
2024-11-01 12:45:00,2026.3697998040452,OK
2024-11-01 12:50:00,1997.389331071713,OK
2024-11-01 12:55:00,2007.13707406045,OK
2024-11-01 13:00:00,2019.3267113847821,OK
2024-11-01 13:05:00,2106.9879116141224,OK
2024-11-01 13:10:00,2050.1449812717215,OK
2024-11-01 13:15:00,1958.076741648706,OK
2024-11-01 13:20:00,1942.149882470674,OK
2024-11-01 13:25:00,-5.008945061498698,OK
2024-11-01 13:30:00,3.9747703229480167,OK
2024-11-01 13:35:00,5.86617889315047,OK
2024-11-01 13:40:00,1911.2926705007994,OK
2024-11-01 13:45:00,1978.2602866240718,OK
2024-11-01 13:50:00,1935.0136217966515,OK
2024-11-01 13:55:00,1941.3616803398406,OK
2024-11-01 14:00:00,1863.0029022876843,OK
2024-11-01 14:05:00,1903.1089638266262,OK
2024-11-01 14:10:00,1849.2520782838267,OK
2024-11-01 14:15:00,1924.0320674280788,OK
2024-11-01 14:20:00,1893.254967633599,OK
2024-11-01 14:25:00,1903.8082004911382,OK
2024-11-01 14:30:00,1901.2033232742856,OK
2024-11-01 14:35:00,1888.324671302695,OK
2024-11-01 14:40:00,1810.9009009724125,OK
2024-11-01 14:45:00,1907.210127482182,OK
2024-11-01 14:50:00,1875.8225697478451,OK
2024-11-01 14:55:00,1859.9575593035968,OK
2024-11-01 15:00:00,1750.6807236993827,OK
2024-11-01 15:05:00,1757.6637776437085,OK
2024-11-01 15:10:00,1671.1322038380085,OK
2024-11-01 15:15:00,1849.179878770998,OK
2024-11-01 15:20:00,1748.66350700128,OK
2024-11-01 15:25:00,1706.2378577467903,OK
2024-11-01 15:30:00,1720.0516704571803,OK
2024-11-01 15:35:00,1699.4175177847642,OK
2024-11-01 15:40:00,1673.6786363498886,OK
2024-11-01 15:45:00,1691.9430901443036,OK
2024-11-01 15:50:00,1666.5671253491312,OK
2024-11-01 15:55:00,1689.0040213399338,OK
2024-11-01 16:00:00,1794.0797358337013,OK
2024-11-01 16:05:00,1646.0798670338963,OK
2024-11-01 16:10:00,1668.5510667342992,OK
2024-11-01 16:15:00,1727.066077122651,OK
2024-11-01 16:20:00,1653.8408080211398,OK
2024-11-01 16:25:00,1749.6645057368542,OK
2024-11-01 16:30:00,1653.451310648961,OK
2024-11-01 16:35:00,1569.5783184868824,OK
2024-11-01 16:40:00,1704.7246123238278,OK
2024-11-01 16:45:00,1689.7733782808696,OK
2024-11-01 16:50:00,1654.0434404382875,OK
2024-11-01 16:55:00,1593.4029753500195,OK
2024-11-01 17:00:00,1693.8049293241218,OK
2024-11-01 17:05:00,1633.358191353491,OK
2024-11-01 17:10:00,1670.625130979555,OK
2024-11-01 17:15:00,1692.4918406231675,OK
2024-11-01 17:20:00,1651.029434537578,OK
2024-11-01 17:25:00,1583.52673364082,OK
2024-11-01 17:30:00,1568.5540892680954,OK
2024-11-01 17:35:00,1688.6055758547377,OK
2024-11-01 17:40:00,1562.4678651142249,OK
2024-11-01 17:45:00,1621.0772004790751,OK
2024-11-01 17:50:00,1585.6087342297592,OK
2024-11-01 17:55:00,1710.4656393293615,OK
2024-11-01 18:00:00,1624.8853149652878,OK
2024-11-01 18:05:00,1660.6943209779506,OK
2024-11-01 18:10:00,1556.250361570235,OK
2024-11-01 18:15:00,1608.1933792664913,OK
2024-11-01 18:20:00,1667.5058781139007,OK
2024-11-01 18:25:00,1585.8651525793462,OK
2024-11-01 18:30:00,1644.413875104175,OK
2024-11-01 18:35:00,1544.4814007668435,OK
2024-11-01 18:40:00,1620.2132083195556,OK
2024-11-01 18:45:00,1585.4968509816104,OK
2024-11-01 18:50:00,1669.719484918898,OK
2024-11-01 18:55:00,1613.3430143445685,OK
2024-11-01 19:00:00,1645.4033297599171,OK
2024-11-01 19:05:00,1638.4190619996111,OK
2024-11-01 19:10:00,1640.6064077235442,OK
2024-11-01 19:15:00,1643.7053632164711,OK
2024-11-01 19:20:00,1598.8106391320177,OK
2024-11-01 19:25:00,1575.1742137402648,OK
2024-11-01 19:30:00,1660.1325779864712,OK
2024-11-01 19:35:00,1641.8682707670434,OK
2024-11-01 19:40:00,1755.6586442858847,OK
2024-11-01 19:45:00,1711.0464852983966,OK
2024-11-01 19:50:00,1684.8607948524505,OK
2024-11-01 19:55:00,1791.3283107873017,OK
2024-11-01 20:00:00,1717.05468505361,OK
2024-11-01 20:05:00,1694.0782548975521,OK
2024-11-01 20:10:00,1742.7221679602083,OK
2024-11-01 20:15:00,1763.49516075963,OK
2024-11-01 20:20:00,1776.6558963179918,OK
2024-11-01 20:25:00,1774.5791836639985,OK
2024-11-01 20:30:00,1775.6293316682525,OK
2024-11-01 20:35:00,1712.297100737727,OK
2024-11-01 20:40:00,1806.1344943526205,OK
2024-11-01 20:45:00,1784.3033022485245,OK
2024-11-01 20:50:00,1781.0697948682575,OK
2024-11-01 20:55:00,1723.1878864323642,OK
2024-11-01 21:00:00,1816.119124436366,OK
2024-11-01 21:05:00,1770.7058187226696,OK
2024-11-01 21:10:00,1874.2302524986562,OK
2024-11-01 21:15:00,1918.8095912982562,OK
2024-11-01 21:20:00,1766.3917396083511,OK
2024-11-01 21:25:00,1817.9264965058678,OK
2024-11-01 21:30:00,1849.7355208615286,OK
2024-11-01 21:35:00,1834.9431617339505,OK
2024-11-01 21:40:00,1878.8165603689336,OK
2024-11-01 21:45:00,1729.4862934576754,OK
2024-11-01 21:50:00,1880.4773316727208,OK
2024-11-01 21:55:00,1968.4034580546534,OK
2024-11-01 22:00:00,1937.0032842742148,OK
2024-11-01 22:05:00,1940.9528080561768,OK
2024-11-01 22:10:00,1923.844426180646,OK
2024-11-01 22:15:00,1966.5467262827194,OK
2024-11-01 22:20:00,1830.7955215145826,OK
2024-11-01 22:25:00,1947.500180521899,OK
2024-11-01 22:30:00,1985.3094849057793,OK
2024-11-01 22:35:00,10.678695346389574,OK
2024-11-01 22:40:00,-5.15902240927372,OK
2024-11-01 22:45:00,0.8365151813827474,OK
2024-11-01 22:50:00,2029.963681651958,OK
2024-11-01 22:55:00,1976.6571732514033,OK
2024-11-01 23:00:00,1868.132826613085,OK
2024-11-01 23:05:00,2032.6038970972838,OK
2024-11-01 23:10:00,1999.6749192839063,OK
2024-11-01 23:15:00,2064.1236065167104,OK
2024-11-01 23:20:00,2124.7629667564993,OK
2024-11-01 23:25:00,2074.524395945726,OK
2024-11-01 23:30:00,2031.6153388948828,OK
2024-11-01 23:35:00,2009.662826709783,OK
2024-11-01 23:40:00,-8.744684430542183,OK
2024-11-01 23:45:00,20.969652206392965,OK
2024-11-01 23:50:00,14.465618710553095,OK
2024-11-01 23:55:00,2068.382184311979,OK
2024-11-02 00:00:00,2212.6794441814095,OK
2024-11-02 00:05:00,2272.342947925893,OK
2024-11-02 00:10:00,2151.453820183059,OK
2024-11-02 00:15:00,2191.670505117872,OK
2024-11-02 00:20:00,2225.1071144945004,OK
2024-11-02 00:25:00,2221.1599480019486,OK
2024-11-02 00:30:00,2262.145914308239,OK
2024-11-02 00:35:00,2321.218736660476,OK
2024-11-02 00:40:00,2187.3579400092503,OK
2024-11-02 00:45:00,2318.767795478474,OK
2024-11-02 00:50:00,2325.198517286585,OK
2024-11-02 00:55:00,-11.882657796442857,OK
2024-11-02 01:00:00,-12.167387411752587,OK
2024-11-02 01:05:00,10.609730742402197,OK
2024-11-02 01:10:00,2386.7853004455187,OK
2024-11-02 01:15:00,2340.8382324551767,OK
2024-11-02 01:20:00,2375.218506534761,OK
2024-11-02 01:25:00,2578.8132397154363,OK
2024-11-02 01:30:00,2393.059340601487,OK
2024-11-02 01:35:00,2606.057531606635,OK
2024-11-02 01:40:00,2388.433581475763,OK
2024-11-02 01:45:00,2499.310613692339,OK
2024-11-02 01:50:00,2410.044065671228,OK
2024-11-02 01:55:00,2489.7121038313953,OK
2024-11-02 02:00:00,15.8323409441859,OK
2024-11-02 02:05:00,33.21714442454113,OK
2024-11-02 02:10:00,22.048569516226813,OK
2024-11-02 02:15:00,2375.2588728191,OK
2024-11-02 02:20:00,2429.379339601719,OK
2024-11-02 02:25:00,2523.995788982923,OK
2024-11-02 02:30:00,2423.827854131726,OK
2024-11-02 02:35:00,2498.829261159019,OK
2024-11-02 02:40:00,2537.1422096498804,OK
2024-11-02 02:45:00,2504.6232805216528,OK
2024-11-02 02:50:00,2473.51757654304,OK
2024-11-02 02:55:00,2492.4362231609807,OK
2024-11-02 03:00:00,2565.268780605327,OK
2024-11-02 03:05:00,2611.9877088530047,OK
2024-11-02 03:10:00,-26.14595265501169,OK
2024-11-02 03:15:00,2.3269207659081346,OK
2024-11-02 03:20:00,2.5280869515581146,OK
2024-11-02 03:25:00,2551.2519778588703,OK
2024-11-02 03:30:00,2553.3026050558005,OK
2024-11-02 03:35:00,2640.3616689069354,OK
2024-11-02 03:40:00,2539.56464254089,OK
2024-11-02 03:45:00,2666.086219805676,OK
2024-11-02 03:50:00,2525.0007090249787,OK
2024-11-02 03:55:00,2682.516672065196,OK
2024-11-02 04:00:00,2648.4486632825524,OK
2024-11-02 04:05:00,2630.2708204846213,OK
2024-11-02 04:10:00,-5.854218295871163,OK
2024-11-02 04:15:00,-12.71698670329222,OK
2024-11-02 04:20:00,22.588981705926344,OK
2024-11-02 04:25:00,2634.781580390392,OK
2024-11-02 04:30:00,2634.6930527489453,OK
2024-11-02 04:35:00,,MISSING
2024-11-02 04:40:00,,MISSING
2024-11-02 04:45:00,2736.1203951703797,OK
2024-11-02 04:50:00,2697.3609328264006,OK
2024-11-02 04:55:00,2676.3691302320844,OK
2024-11-02 05:00:00,2730.1498814795605,OK
2024-11-02 05:05:00,2830.7623720877964,OK
2024-11-02 05:10:00,2728.4129388291026,OK
2024-11-02 05:15:00,2648.5418757470297,OK
2024-11-02 05:20:00,2828.515405405919,OK
2024-11-02 05:25:00,2775.1541025469996,OK
2024-11-02 05:30:00,2662.5883713030703,OK
2024-11-02 05:35:00,-5.357507745820027,OK
2024-11-02 05:40:00,7.415335955644002,OK
2024-11-02 05:45:00,8.286870956178179,OK
2024-11-02 05:50:00,2627.7244580039323,OK
2024-11-02 05:55:00,2745.985520519969,OK
2024-11-02 06:00:00,2652.437134431031,OK
2024-11-02 06:05:00,2745.878839787801,OK
2024-11-02 06:10:00,2653.173087496385,OK
2024-11-02 06:15:00,2731.5173767503675,OK
2024-11-02 06:20:00,2639.6376716556124,OK
2024-11-02 06:25:00,2640.597738953482,OK
2024-11-02 06:30:00,18.351358677386855,OK
2024-11-02 06:35:00,-16.99354744221697,OK
2024-11-02 06:40:00,-13.694361109979072,OK
2024-11-02 06:45:00,2724.5385045700596,OK
2024-11-02 06:50:00,2654.3047271964724,OK
2024-11-02 06:55:00,2631.6637533708194,OK
2024-11-02 07:00:00,2673.987558733708,OK
2024-11-02 07:05:00,2672.017956619158,OK
2024-11-02 07:10:00,2583.3748707890536,OK
2024-11-02 07:15:00,2550.258460749344,OK
2024-11-02 07:20:00,2662.078067257812,OK
2024-11-02 07:25:00,2523.8451637388844,OK
2024-11-02 07:30:00,2671.683764575207,OK
2024-11-02 07:35:00,4.454525681216289,OK
2024-11-02 07:40:00,-12.075312092711329,OK
2024-11-02 07:45:00,2.072952379852984,OK
2024-11-02 07:50:00,2556.3415304827063,OK
2024-11-02 07:55:00,2482.852398877439,OK
2024-11-02 08:00:00,2616.484543280376,OK
2024-11-02 08:05:00,2499.8581276968484,OK
2024-11-02 08:10:00,2656.259449303058,OK
2024-11-02 08:15:00,2600.3711309474047,OK
2024-11-02 08:20:00,2641.7546412172974,OK
2024-11-02 08:25:00,2779.6715356061964,OK
2024-11-02 08:30:00,2516.7774693805636,OK
2024-11-02 08:35:00,2533.42540023238,OK
2024-11-02 08:40:00,2599.8044522916275,OK
2024-11-02 08:45:00,2649.775321118871,OK
2024-11-02 08:50:00,-2.516641603859378,OK
2024-11-02 08:55:00,27.191493572103965,OK
2024-11-02 09:00:00,5.026427972264432,OK
2024-11-02 09:05:00,2661.4331117080524,OK
2024-11-02 09:10:00,2566.5644553965262,OK
2024-11-02 09:15:00,2540.8589479208836,OK
2024-11-02 09:20:00,2396.6842679521233,OK
2024-11-02 09:25:00,2463.292572977417,OK
2024-11-02 09:30:00,2538.864396469178,OK
2024-11-02 09:35:00,2364.936936518855,OK
2024-11-02 09:40:00,2547.824078971642,OK
2024-11-02 09:45:00,2436.4092570507187,OK
2024-11-02 09:50:00,2461.4778156027373,OK
2024-11-02 09:55:00,2402.6546693898545,OK
2024-11-02 10:00:00,2463.2612630297153,OK
2024-11-02 10:05:00,21.991176031497982,OK
2024-11-02 10:10:00,-17.12785921365926,OK
2024-11-02 10:15:00,-25.53918898639859,OK
2024-11-02 10:20:00,2432.915657090071,OK
2024-11-02 10:25:00,2249.3883270390515,OK
2024-11-02 10:30:00,2481.1196264122505,OK
2024-11-02 10:35:00,2381.5250176851546,OK
2024-11-02 10:40:00,2423.3477655790875,OK
2024-11-02 10:45:00,2289.152379246889,OK
2024-11-02 10:50:00,2380.5388809952624,OK
2024-11-02 10:55:00,2324.5778376399135,OK
2024-11-02 11:00:00,2261.004154435735,OK
2024-11-02 11:05:00,-2.3019430829717207,OK
2024-11-02 11:10:00,-20.164849797696238,OK
2024-11-02 11:15:00,35.61308493177718,OK
2024-11-02 11:20:00,2164.037194689006,OK
2024-11-02 11:25:00,2209.5793892349775,OK
2024-11-02 11:30:00,2165.606209599664,OK
2024-11-02 11:35:00,2207.1966792644153,OK
2024-11-02 11:40:00,2263.4077910631454,OK
2024-11-02 11:45:00,2275.7805344218145,OK
2024-11-02 11:50:00,2229.5391614335695,OK
2024-11-02 11:55:00,2179.0407638897477,OK
2024-11-02 12:00:00,2191.1816249055473,OK
2024-11-02 12:05:00,2202.646831307884,OK
2024-11-02 12:10:00,2054.9607443036616,OK
2024-11-02 12:15:00,2115.3312772118834,OK
2024-11-02 12:20:00,7.506489338045703,OK
2024-11-02 12:25:00,12.444342650649098,OK
2024-11-02 12:30:00,9.643183638690974,OK
2024-11-02 12:35:00,2071.2894559890187,OK
2024-11-02 12:40:00,2157.4560781385617,OK
2024-11-02 12:45:00,2153.101941838163,OK
2024-11-02 12:50:00,1989.8240266663563,OK
2024-11-02 12:55:00,2055.9247131593324,OK
2024-11-02 13:00:00,2025.8573302319642,OK
2024-11-02 13:05:00,2069.614665477467,OK
2024-11-02 13:10:00,2050.0907442601097,OK
2024-11-02 13:15:00,2047.6550463626213,OK
2024-11-02 13:20:00,0.09976721905075875,OK
2024-11-02 13:25:00,-0.756854501760241,OK
2024-11-02 13:30:00,-19.701085284936664,OK
2024-11-02 13:35:00,1983.4432613173758,OK
2024-11-02 13:40:00,1976.582269649219,OK
2024-11-02 13:45:00,1858.6980730930136,OK
2024-11-02 13:50:00,1850.0367911820392,OK
2024-11-02 13:55:00,1914.488384986354,OK
2024-11-02 14:00:00,1796.419116000217,OK
2024-11-02 14:05:00,1824.031903366085,OK
2024-11-02 14:10:00,1798.6982452508892,OK
2024-11-02 14:15:00,1921.70155399511,OK
2024-11-02 14:20:00,1889.175112686509,OK
2024-11-02 14:25:00,1777.044714753685,OK
2024-11-02 14:30:00,1811.918696533413,OK
2024-11-02 14:35:00,1810.7475679596168,OK
2024-11-02 14:40:00,1872.9486639203067,OK
2024-11-02 14:45:00,1829.5609393859713,OK
2024-11-02 14:50:00,1784.7667562038646,OK
2024-11-02 14:55:00,1788.0274358346542,OK
2024-11-02 15:00:00,1762.9600140718476,OK
2024-11-02 15:05:00,1845.819271517509,OK
2024-11-02 15:10:00,1774.8373469356836,OK
2024-11-02 15:15:00,1697.0142533037074,OK
2024-11-02 15:20:00,1739.9260116415353,OK
2024-11-02 15:25:00,1741.706927282285,OK
2024-11-02 15:30:00,1733.7919393047857,OK
2024-11-02 15:35:00,1774.347659867791,OK
2024-11-02 15:40:00,1696.784578114274,OK
2024-11-02 15:45:00,1759.9143514407851,OK
2024-11-02 15:50:00,1705.9353050348934,OK
2024-11-02 15:55:00,1642.2592010015003,OK
2024-11-02 16:00:00,1644.0843895947405,OK
2024-11-02 16:05:00,1671.2741360382797,OK
2024-11-02 16:10:00,1638.6749809623843,OK
2024-11-02 16:15:00,1633.8981627637481,OK
2024-11-02 16:20:00,1615.86388056167,OK
2024-11-02 16:25:00,1695.0110607940242,OK
2024-11-02 16:30:00,1632.4346217544824,OK
2024-11-02 16:35:00,1622.5280094406967,OK
2024-11-02 16:40:00,1575.9699188032516,OK
2024-11-02 16:45:00,1621.6443969320665,OK
2024-11-02 16:50:00,1602.3793979761374,OK
2024-11-02 16:55:00,1612.0533986746234,OK
2024-11-02 17:00:00,1681.4095053411659,OK
2024-11-02 17:05:00,1653.1827074776552,OK
2024-11-02 17:10:00,1622.567801915405,OK
2024-11-02 17:15:00,1673.7771799125615,OK
2024-11-02 17:20:00,1581.3198031750082,OK
2024-11-02 17:25:00,1614.9459742894614,OK
2024-11-02 17:30:00,1683.2000589722008,OK
2024-11-02 17:35:00,1582.2983046758131,OK
2024-11-02 17:40:00,1528.8878677768914,OK
2024-11-02 17:45:00,1554.6227444522824,OK
2024-11-02 17:50:00,1549.9171918850573,OK
2024-11-02 17:55:00,1611.847370590012,OK
2024-11-02 18:00:00,1636.198661955481,OK
2024-11-02 18:05:00,1651.2954282473631,OK
2024-11-02 18:10:00,1660.5816172962866,OK
2024-11-02 18:15:00,1579.3519802497217,OK
2024-11-02 18:20:00,1692.3943355832946,OK
2024-11-02 18:25:00,1634.0031812702573,OK
2024-11-02 18:30:00,1719.7102618478298,OK
2024-11-02 18:35:00,1720.6006627029028,OK
2024-11-02 18:40:00,1673.63951166836,OK
2024-11-02 18:45:00,1743.277866393926,OK
2024-11-02 18:50:00,1620.3808470257877,OK
2024-11-02 18:55:00,1571.5509858030618,OK
2024-11-02 19:00:00,1672.36584146037,OK
2024-11-02 19:05:00,1698.185171489521,OK
2024-11-02 19:10:00,1665.0267192060974,OK
2024-11-02 19:15:00,1634.9726387566595,OK
2024-11-02 19:20:00,1592.4503365861638,OK
2024-11-02 19:25:00,1583.0512151701498,OK
2024-11-02 19:30:00,1638.8244297709675,OK
2024-11-02 19:35:00,1590.373224011447,OK
2024-11-02 19:40:00,1680.023699339879,OK
2024-11-02 19:45:00,1775.0742273486983,OK
2024-11-02 19:50:00,1618.8383808303365,OK
2024-11-02 19:55:00,1636.9441094219235,OK
2024-11-02 20:00:00,1681.3958570628943,OK
2024-11-02 20:05:00,1615.3520883378071,OK
2024-11-02 20:10:00,1716.1903227104692,OK
2024-11-02 20:15:00,1780.4160083928089,OK
2024-11-02 20:20:00,1643.6916565498561,OK
2024-11-02 20:25:00,1702.387737745338,OK
2024-11-02 20:30:00,1811.1932021152832,OK
2024-11-02 20:35:00,1645.55969288453,OK
2024-11-02 20:40:00,1691.8690127381806,OK
2024-11-02 20:45:00,1670.2434056862837,OK
2024-11-02 20:50:00,1717.8922080135944,OK
2024-11-02 20:55:00,1683.6245280211344,OK
2024-11-02 21:00:00,1782.3617042555827,OK
2024-11-02 21:05:00,1802.6272435752119,OK
2024-11-02 21:10:00,1789.2583540839555,OK
2024-11-02 21:15:00,1874.4778698672087,OK
2024-11-02 21:20:00,1711.8267872720544,OK
2024-11-02 21:25:00,1845.8501901629263,OK
2024-11-02 21:30:00,1789.1381820463473,OK
2024-11-02 21:35:00,1816.9632351183432,OK
2024-11-02 21:40:00,1756.343372601805,OK
2024-11-02 21:45:00,1811.751529527538,OK
2024-11-02 21:50:00,1957.9790575027564,OK
2024-11-02 21:55:00,1839.1689183992287,OK
2024-11-02 22:00:00,1894.265097763745,OK
2024-11-02 22:05:00,1890.6230443823174,OK
2024-11-02 22:10:00,0.543714358305337,OK
2024-11-02 22:15:00,-30.264806864932723,OK
2024-11-02 22:20:00,17.863887812413232,OK
2024-11-02 22:25:00,2011.6185977290397,OK
2024-11-02 22:30:00,2001.6990707907025,OK
2024-11-02 22:35:00,1909.720024690799,OK
2024-11-02 22:40:00,1951.2808942177026,OK
2024-11-02 22:45:00,1946.2522731384058,OK
2024-11-02 22:50:00,1996.4580351052914,OK
2024-11-02 22:55:00,1993.4664807356007,OK
2024-11-02 23:00:00,1993.1287241023708,OK
2024-11-02 23:05:00,6.146173016182075,OK
2024-11-02 23:10:00,15.467480396606582,OK
2024-11-02 23:15:00,12.29905347302312,OK
2024-11-02 23:20:00,2033.0639387311683,OK
2024-11-02 23:25:00,2126.7335535681186,OK
2024-11-02 23:30:00,2096.354710262921,OK
2024-11-02 23:35:00,2065.4603283751526,OK
2024-11-02 23:40:00,2023.9856388293817,OK
2024-11-02 23:45:00,2076.9813043239706,OK
2024-11-02 23:50:00,2100.46454966899,OK
2024-11-02 23:55:00,2265.1512664979628,OK
2024-11-03 00:00:00,2112.060303342873,OK
2024-11-03 00:05:00,2171.2350435258472,OK
2024-11-03 00:10:00,-1.9550568766963776,OK
2024-11-03 00:15:00,13.049756510508733,OK
2024-11-03 00:20:00,-7.904811454038031,OK
2024-11-03 00:25:00,2359.0258658322705,OK
2024-11-03 00:30:00,2262.2012238033835,OK
2024-11-03 00:35:00,2384.05134687039,OK
2024-11-03 00:40:00,2203.5360489297777,OK
2024-11-03 00:45:00,2137.8557509976754,OK
2024-11-03 00:50:00,2261.4638132848663,OK
2024-11-03 00:55:00,2436.0963829385273,OK
2024-11-03 01:00:00,2284.6093113478055,OK
2024-11-03 01:05:00,2253.794415522299,OK
2024-11-03 01:10:00,2446.5942934601862,OK
2024-11-03 01:15:00,2340.4736887284926,OK
2024-11-03 01:20:00,-3.1500916422629186,OK
2024-11-03 01:25:00,3.3289664938403005,OK
2024-11-03 01:30:00,5.220530009544631,OK
2024-11-03 01:35:00,2410.238847242531,OK
2024-11-03 01:40:00,2560.2709913905737,OK
2024-11-03 01:45:00,2415.2854163891425,OK
2024-11-03 01:50:00,2499.7132904745476,OK
2024-11-03 01:55:00,2448.2816183128016,OK
2024-11-03 02:00:00,2423.8119316667494,OK
2024-11-03 02:05:00,2542.4950354868215,OK
2024-11-03 02:10:00,2438.60559596491,OK
2024-11-03 02:15:00,2495.579515101255,OK
2024-11-03 02:20:00,2467.798642419302,OK
2024-11-03 02:25:00,2622.3043956422143,OK
2024-11-03 02:30:00,33.35384259820858,OK
2024-11-03 02:35:00,-9.71440671695219,OK
2024-11-03 02:40:00,-17.813069542607987,OK
2024-11-03 02:45:00,2643.8709027712025,OK
2024-11-03 02:50:00,2642.2969423393083,OK
2024-11-03 02:55:00,2668.6499287320626,OK
2024-11-03 03:00:00,2605.9203008540135,OK
2024-11-03 03:05:00,2708.8613657307146,OK
2024-11-03 03:10:00,2559.052896503496,OK
2024-11-03 03:15:00,2633.4171114112514,OK
2024-11-03 03:20:00,2598.3273565492555,OK
2024-11-03 03:25:00,2636.8764648750907,OK
2024-11-03 03:30:00,2681.7611818621967,OK
2024-11-03 03:35:00,2670.338723864768,OK
2024-11-03 03:40:00,2686.685987578196,OK
2024-11-03 03:45:00,2665.3111319130694,OK
2024-11-03 03:50:00,2747.260403669134,OK
2024-11-03 03:55:00,2791.2758886641136,OK
2024-11-03 04:00:00,2811.434085619568,OK
2024-11-03 04:05:00,-10.104343531996875,OK
2024-11-03 04:10:00,-19.6005002558363,OK
2024-11-03 04:15:00,-12.393807405165173,OK
2024-11-03 04:20:00,2629.347435458092,OK
2024-11-03 04:25:00,2776.7963791833013,OK
2024-11-03 04:30:00,2701.0087774834547,OK
2024-11-03 04:35:00,2742.795675276727,OK
2024-11-03 04:40:00,2635.9994910011987,OK
2024-11-03 04:45:00,2766.2980153902595,OK
2024-11-03 04:50:00,2632.8431745493026,OK
2024-11-03 04:55:00,2854.0588134132518,OK
2024-11-03 05:00:00,2897.3158723894308,OK
2024-11-03 05:05:00,2751.7176033067317,OK
2024-11-03 05:10:00,2819.6654110212985,OK
2024-11-03 05:15:00,2753.9982359557644,OK
2024-11-03 05:20:00,2882.0382633819695,OK
2024-11-03 05:25:00,2751.942153080078,OK
2024-11-03 05:30:00,2777.726082867122,OK
2024-11-03 05:35:00,2912.5572549336084,OK
2024-11-03 05:40:00,2819.7078868677027,OK
2024-11-03 05:45:00,9.392338446290564,OK
2024-11-03 05:50:00,-22.046331884518555,OK
2024-11-03 05:55:00,21.156657043825472,OK
2024-11-03 06:00:00,2877.594242352076,OK
2024-11-03 06:05:00,2866.557181204841,OK
2024-11-03 06:10:00,2729.3916510904287,OK
2024-11-03 06:15:00,2930.690175194185,OK
2024-11-03 06:20:00,2771.8097533627533,OK
2024-11-03 06:25:00,2772.6645201726574,OK
2024-11-03 06:30:00,2780.1613276327366,OK
2024-11-03 06:35:00,2811.34238899711,OK
2024-11-03 06:40:00,-27.41828997522403,OK
2024-11-03 06:45:00,3.9398905769715906,OK
2024-11-03 06:50:00,22.902267972203312,OK
2024-11-03 06:55:00,2788.667273412336,OK
2024-11-03 07:00:00,2731.42662973875,OK
2024-11-03 07:05:00,2643.3347877084857,OK
2024-11-03 07:10:00,2869.4599217665295,OK
2024-11-03 07:15:00,2754.032868770073,OK
2024-11-03 07:20:00,2790.477625778173,OK
2024-11-03 07:25:00,2770.478732124038,OK
2024-11-03 07:30:00,2684.8369717104524,OK
2024-11-03 07:35:00,2651.196216154511,OK
2024-11-03 07:40:00,2864.998538032114,OK
2024-11-03 07:45:00,2807.794306802547,OK
2024-11-03 07:50:00,2800.584725994386,OK
2024-11-03 07:55:00,2799.1367419407693,OK
2024-11-03 08:00:00,2627.1066660990064,OK
2024-11-03 08:05:00,2897.69795287825,OK
2024-11-03 08:10:00,2695.2617170121316,OK
2024-11-03 08:15:00,2665.789575871307,OK
2024-11-03 08:20:00,-32.684581507716814,OK
2024-11-03 08:25:00,17.31490133907724,OK
2024-11-03 08:30:00,17.4885146822881,OK
2024-11-03 08:35:00,2654.882687760143,OK
2024-11-03 08:40:00,2671.3768849463927,OK
2024-11-03 08:45:00,2638.9461118008257,OK
2024-11-03 08:50:00,2742.088282152329,OK
2024-11-03 08:55:00,2653.77647181684,OK
2024-11-03 09:00:00,2648.02220033518,OK
2024-11-03 09:05:00,2513.5499322351557,OK
2024-11-03 09:10:00,2602.897933233949,OK
2024-11-03 09:15:00,2684.840164275295,OK
2024-11-03 09:20:00,2525.78120222875,OK
2024-11-03 09:25:00,-11.396058599508192,OK
2024-11-03 09:30:00,32.39483941713902,OK
2024-11-03 09:35:00,-13.155419829181385,OK
2024-11-03 09:40:00,2451.424465196414,OK
2024-11-03 09:45:00,2527.3313212943126,OK
2024-11-03 09:50:00,2565.6767942514575,OK
2024-11-03 09:55:00,2677.777017331009,OK
2024-11-03 10:00:00,2531.8775025122586,OK
2024-11-03 10:05:00,2494.108234165083,OK
2024-11-03 10:10:00,2446.7065594740325,OK
2024-11-03 10:15:00,2516.551084671433,OK
2024-11-03 10:20:00,26.272027531585305,OK
2024-11-03 10:25:00,6.550355513880471,OK
2024-11-03 10:30:00,-10.414246974544572,OK
2024-11-03 10:35:00,2554.5987306015895,OK
2024-11-03 10:40:00,2393.986169687469,OK
2024-11-03 10:45:00,2361.5435709805543,OK
2024-11-03 10:50:00,2481.6027862968895,OK
2024-11-03 10:55:00,2493.9778279355346,OK
2024-11-03 11:00:00,2458.31645519759,OK
2024-11-03 11:05:00,2384.502083803917,OK
2024-11-03 11:10:00,2450.918018114408,OK
2024-11-03 11:15:00,2406.6061584572553,OK
2024-11-03 11:20:00,2282.666252788424,OK
2024-11-03 11:25:00,2313.036845349813,OK
2024-11-03 11:30:00,2403.524339361814,OK
2024-11-03 11:35:00,2318.1599456334193,OK
2024-11-03 11:40:00,2408.8467163396817,OK
2024-11-03 11:45:00,2280.752380798762,OK
2024-11-03 11:50:00,2428.6892553381535,OK
2024-11-03 11:55:00,2264.030595314322,OK
2024-11-03 12:00:00,2216.485811513969,OK
2024-11-03 12:05:00,2232.868038025499,OK
2024-11-03 12:10:00,2359.750608138621,OK
2024-11-03 12:15:00,4.2565768657531216,OK
2024-11-03 12:20:00,32.68449337202055,OK
2024-11-03 12:25:00,20.135801048255786,OK
2024-11-03 12:30:00,2301.2042322128896,OK
2024-11-03 12:35:00,2166.6931058283017,OK
2024-11-03 12:40:00,2279.486926102068,OK
2024-11-03 12:45:00,2159.362306812808,OK
2024-11-03 12:50:00,2129.91302538806,OK
2024-11-03 12:55:00,2271.475620597821,OK
2024-11-03 13:00:00,2192.3910152270028,OK
2024-11-03 13:05:00,2244.69376918348,OK
2024-11-03 13:10:00,2198.4372532534867,OK
2024-11-03 13:15:00,2075.3912317834634,OK
2024-11-03 13:20:00,2095.312454592178,OK
2024-11-03 13:25:00,13.141076656417392,OK
2024-11-03 13:30:00,4.012453047054201,OK
2024-11-03 13:35:00,7.439602948192079,OK
2024-11-03 13:40:00,2070.8114819649304,OK
2024-11-03 13:45:00,2041.5301835036053,OK
2024-11-03 13:50:00,2112.4341605352806,OK
2024-11-03 13:55:00,2035.711921237478,OK
2024-11-03 14:00:00,2087.144921697689,OK
2024-11-03 14:05:00,2002.3553761562475,OK
2024-11-03 14:10:00,2008.2210462726575,OK
2024-11-03 14:15:00,1971.7063625269723,OK
2024-11-03 14:20:00,1989.6625979637959,OK
2024-11-03 14:25:00,1904.1199621782587,OK
2024-11-03 14:30:00,2013.4481625126748,OK
2024-11-03 14:35:00,1896.5567170920015,OK
2024-11-03 14:40:00,2014.971506431525,OK
2024-11-03 14:45:00,1908.1018283456287,OK
2024-11-03 14:50:00,1914.1791961592226,OK
2024-11-03 14:55:00,1888.599876569702,OK
2024-11-03 15:00:00,1945.6062178773345,OK
2024-11-03 15:05:00,1815.0877489544623,OK
2024-11-03 15:10:00,1891.2100396416222,OK
2024-11-03 15:15:00,1896.051619652793,OK
2024-11-03 15:20:00,-18.680679731849228,OK
2024-11-03 15:25:00,20.798837973927423,OK
2024-11-03 15:30:00,-5.074327286742425,OK
2024-11-03 15:35:00,1789.650915615993,OK
2024-11-03 15:40:00,1846.840174194017,OK
2024-11-03 15:45:00,1859.6320725912408,OK
2024-11-03 15:50:00,1754.8390377277206,OK
2024-11-03 15:55:00,1805.761187146439,OK
2024-11-03 16:00:00,1763.8129540801021,OK
2024-11-03 16:05:00,1785.3069871164423,OK
2024-11-03 16:10:00,1685.922507300188,OK
2024-11-03 16:15:00,1753.4322344297418,OK
2024-11-03 16:20:00,1703.509975935965,OK
2024-11-03 16:25:00,1748.9858175517636,OK
2024-11-03 16:30:00,1706.373324766421,OK
2024-11-03 16:35:00,1658.7721846376621,OK
2024-11-03 16:40:00,1718.7092235040375,OK
2024-11-03 16:45:00,1596.8354106875581,OK
2024-11-03 16:50:00,1766.8403121504982,OK
2024-11-03 16:55:00,1755.1775630598543,OK
2024-11-03 17:00:00,1731.8811819139733,OK
2024-11-03 17:05:00,1686.4357219027672,OK
2024-11-03 17:10:00,1711.67450113463,OK
2024-11-03 17:15:00,1694.9986732891082,OK
2024-11-03 17:20:00,1721.335059104806,OK
2024-11-03 17:25:00,1772.5402665010224,OK
2024-11-03 17:30:00,1720.6056242809332,OK
2024-11-03 17:35:00,1696.2210054126579,OK
2024-11-03 17:40:00,1801.20232045932,OK
2024-11-03 17:45:00,1755.4224439154068,OK
2024-11-03 17:50:00,1713.179945107025,OK
2024-11-03 17:55:00,1728.0201351315684,OK
2024-11-03 18:00:00,1675.9527374457189,OK
2024-11-03 18:05:00,1734.429447547131,OK
2024-11-03 18:10:00,1743.3311201338802,OK
2024-11-03 18:15:00,1654.4817628611067,OK
2024-11-03 18:20:00,1672.9534320916257,OK
2024-11-03 18:25:00,1712.0807354689778,OK
2024-11-03 18:30:00,1661.0194151954454,OK
2024-11-03 18:35:00,1761.688577193856,OK
2024-11-03 18:40:00,1733.6758541662114,OK
2024-11-03 18:45:00,1695.5319857439285,OK
2024-11-03 18:50:00,1795.3627731578276,OK
2024-11-03 18:55:00,1687.0816297454974,OK
2024-11-03 19:00:00,1729.0232622241404,OK
2024-11-03 19:05:00,1657.3065134074557,OK
2024-11-03 19:10:00,1713.55232446173,OK
2024-11-03 19:15:00,1682.3791518900534,OK
2024-11-03 19:20:00,1590.1164832656855,OK
2024-11-03 19:25:00,1616.0855778539037,OK
2024-11-03 19:30:00,1685.9631460004925,OK
2024-11-03 19:35:00,1772.2914751923715,OK
2024-11-03 19:40:00,1774.2306226048925,OK
2024-11-03 19:45:00,1826.2815280217637,OK
2024-11-03 19:50:00,1739.248390028431,OK
2024-11-03 19:55:00,1742.166447910088,OK
2024-11-03 20:00:00,1872.472805855767,OK
2024-11-03 20:05:00,1748.34236817252,OK
2024-11-03 20:10:00,1845.978110207929,OK
2024-11-03 20:15:00,1894.3708581917654,OK
2024-11-03 20:20:00,1854.2327964297533,OK
2024-11-03 20:25:00,1870.0136714990454,OK
2024-11-03 20:30:00,1800.3155730878138,OK
2024-11-03 20:35:00,1826.9147031763753,OK
2024-11-03 20:40:00,1818.1335461103395,OK
2024-11-03 20:45:00,1952.65069773757,OK
2024-11-03 20:50:00,1865.4238602706982,OK
2024-11-03 20:55:00,1861.8219808394858,OK
2024-11-03 21:00:00,1839.2831461134776,OK
2024-11-03 21:05:00,1887.1866703092169,OK
2024-11-03 21:10:00,1894.303633372405,OK
2024-11-03 21:15:00,1854.3227185776607,OK
2024-11-03 21:20:00,-13.878316941965696,OK
2024-11-03 21:25:00,22.030365204482724,OK
2024-11-03 21:30:00,-10.765578230596688,OK
2024-11-03 21:35:00,2068.4975014646766,OK
2024-11-03 21:40:00,1932.8573651783836,OK
2024-11-03 21:45:00,2003.031794420893,OK
2024-11-03 21:50:00,1810.2542223199862,OK
2024-11-03 21:55:00,1929.452972291935,OK
2024-11-03 22:00:00,1934.2198491910929,OK
2024-11-03 22:05:00,1998.660052644776,OK
2024-11-03 22:10:00,1980.385972810725,OK
2024-11-03 22:15:00,1931.6098386472377,OK
2024-11-03 22:20:00,2027.4427048492535,OK
2024-11-03 22:25:00,2021.3216531057622,OK
2024-11-03 22:30:00,2034.3737864470215,OK
2024-11-03 22:35:00,1971.71631611939,OK
2024-11-03 22:40:00,1942.2886259556426,OK
2024-11-03 22:45:00,2001.5957924332272,OK
2024-11-03 22:50:00,2106.4915733230014,OK
2024-11-03 22:55:00,2107.568807981174,OK
2024-11-03 23:00:00,1954.715554596216,OK
2024-11-03 23:05:00,2055.090078469207,OK
2024-11-03 23:10:00,20.1884877617421,OK
2024-11-03 23:15:00,2.380291226349599,OK
2024-11-03 23:20:00,-10.195516755502661,OK
2024-11-03 23:25:00,2038.9479841651473,OK
2024-11-03 23:30:00,2212.4498182272746,OK
2024-11-03 23:35:00,2151.1276313863245,OK
2024-11-03 23:40:00,2286.8430467774897,OK
2024-11-03 23:45:00,2147.6280257767694,OK
2024-11-03 23:50:00,2224.0123479894396,OK
2024-11-03 23:55:00,2172.0339835644154,OK
2024-11-04 00:00:00,2124.4327254546274,OK
2024-11-04 00:05:00,2280.875853515825,OK
2024-11-04 00:10:00,2385.5302995846687,OK
2024-11-04 00:15:00,2377.626890235629,OK
2024-11-04 00:20:00,2299.5958582651433,OK
2024-11-04 00:25:00,2247.4800676685354,OK
2024-11-04 00:30:00,2292.5539458397707,OK
2024-11-04 00:35:00,2403.9592044604415,OK
2024-11-04 00:40:00,2428.7632739761493,OK
2024-11-04 00:45:00,2315.750404314744,OK
2024-11-04 00:50:00,2504.2635961384435,OK
2024-11-04 00:55:00,2388.491219754635,OK
2024-11-04 01:00:00,2505.891995769364,OK
2024-11-04 01:05:00,2558.603688806914,OK
2024-11-04 01:10:00,-11.700079658575703,OK
2024-11-04 01:15:00,-8.704523687749594,OK
2024-11-04 01:20:00,22.28340340223027,OK
2024-11-04 01:25:00,2465.679059011235,OK
2024-11-04 01:30:00,2415.155232258758,OK
2024-11-04 01:35:00,2560.3214784116617,OK
2024-11-04 01:40:00,2587.2466940667205,OK
2024-11-04 01:45:00,2535.818108531212,OK
2024-11-04 01:50:00,2531.744214628314,OK
2024-11-04 01:55:00,2515.417729528957,OK
2024-11-04 02:00:00,2527.601833632318,OK
2024-11-04 02:05:00,2582.5215719608223,OK
2024-11-04 02:10:00,22.27347881772031,OK
2024-11-04 02:15:00,-28.28947366725838,OK
2024-11-04 02:20:00,-19.765137748055025,OK
2024-11-04 02:25:00,2593.2637120431577,OK
2024-11-04 02:30:00,2574.3461030965905,OK
2024-11-04 02:35:00,2656.696117594322,OK
2024-11-04 02:40:00,2559.303376844041,OK
2024-11-04 02:45:00,2648.578176935512,OK
2024-11-04 02:50:00,2698.838382782772,OK
2024-11-04 02:55:00,2657.0438262305533,OK
2024-11-04 03:00:00,2729.2164262416054,OK
2024-11-04 03:05:00,2808.180601787085,OK
2024-11-04 03:10:00,2718.9602459051594,OK
2024-11-04 03:15:00,2656.0386994678784,OK
2024-11-04 03:20:00,2723.976724280666,OK
2024-11-04 03:25:00,2769.4566943946706,OK
2024-11-04 03:30:00,2766.4253869091062,OK
2024-11-04 03:35:00,2790.8903432726165,OK
2024-11-04 03:40:00,2663.976122610778,OK
2024-11-04 03:45:00,2886.596785857672,OK
2024-11-04 03:50:00,2839.957052513306,OK
2024-11-04 03:55:00,2749.1510380672266,OK
2024-11-04 04:00:00,2956.0102123205315,OK
2024-11-04 04:05:00,2849.5589780309388,OK
2024-11-04 04:10:00,2812.642078312919,OK
2024-11-04 04:15:00,2792.34459927268,OK
2024-11-04 04:20:00,3039.839058903955,OK
2024-11-04 04:25:00,2820.5836164682814,OK
2024-11-04 04:30:00,2786.0605599711066,OK
2024-11-04 04:35:00,2900.475914504213,OK
2024-11-04 04:40:00,2919.6355708839496,OK
2024-11-04 04:45:00,2923.641270964983,OK
2024-11-04 04:50:00,2903.9863094490333,OK
2024-11-04 04:55:00,2840.6073895170925,OK
2024-11-04 05:00:00,2777.457137935961,OK
2024-11-04 05:05:00,3000.557844315948,OK
2024-11-04 05:10:00,2861.955772291079,OK
2024-11-04 05:15:00,2788.6325810074663,OK
2024-11-04 05:20:00,2954.638267970532,OK
2024-11-04 05:25:00,2804.4203602975463,OK
2024-11-04 05:30:00,2958.0609980461604,OK
2024-11-04 05:35:00,2886.1575231639786,OK
2024-11-04 05:40:00,2878.5850023070807,OK
2024-11-04 05:45:00,2733.8218098647253,OK
2024-11-04 05:50:00,2901.0640171235523,OK
2024-11-04 05:55:00,2860.5998314515814,OK
2024-11-04 06:00:00,2695.5844944536075,OK
2024-11-04 06:05:00,2909.1237491716442,OK
2024-11-04 06:10:00,2744.0770448349053,OK
2024-11-04 06:15:00,2805.626357891838,OK
2024-11-04 06:20:00,2845.478098946045,OK
2024-11-04 06:25:00,2624.153196187237,OK
2024-11-04 06:30:00,2782.333383499864,OK
2024-11-04 06:35:00,2801.303669542729,OK
2024-11-04 06:40:00,2856.1183672482302,OK
2024-11-04 06:45:00,2941.954709189695,OK
2024-11-04 06:50:00,2757.138657561232,OK
2024-11-04 06:55:00,2815.017420272978,OK
2024-11-04 07:00:00,2956.7700222655876,OK
2024-11-04 07:05:00,2837.396494482152,OK
2024-11-04 07:10:00,2875.9813532764115,OK
2024-11-04 07:15:00,2681.1044341282977,OK
2024-11-04 07:20:00,2934.9991443561826,OK
2024-11-04 07:25:00,2805.853959626373,OK
2024-11-04 07:30:00,2781.076811002493,OK
2024-11-04 07:35:00,2808.2236438837863,OK
2024-11-04 07:40:00,2776.3830671120845,OK
2024-11-04 07:45:00,2746.777346861051,OK
2024-11-04 07:50:00,2781.2008824319805,OK
2024-11-04 07:55:00,2891.614804126259,OK
2024-11-04 08:00:00,2937.66714817583,OK
2024-11-04 08:05:00,2759.039863641018,OK
2024-11-04 08:10:00,2707.42358249641,OK
2024-11-04 08:15:00,2628.9852712365227,OK
2024-11-04 08:20:00,2879.3800502908916,OK
2024-11-04 08:25:00,2846.3610244596853,OK
2024-11-04 08:30:00,2801.1369444487095,OK
2024-11-04 08:35:00,2646.262985472547,OK
2024-11-04 08:40:00,-19.25897216452596,OK
2024-11-04 08:45:00,11.435044869677634,OK
2024-11-04 08:50:00,23.37395233710495,OK
2024-11-04 08:55:00,2853.761809018451,OK
2024-11-04 09:00:00,2783.121984614138,OK
2024-11-04 09:05:00,2699.8574199874583,OK
2024-11-04 09:10:00,2739.0856062380612,OK
2024-11-04 09:15:00,2772.1355292227818,OK
2024-11-04 09:20:00,2782.882073820306,OK
2024-11-04 09:25:00,2641.2757908344665,OK
2024-11-04 09:30:00,2686.5141998456593,OK
2024-11-04 09:35:00,2642.3507342815183,OK
2024-11-04 09:40:00,2598.688184772191,OK
2024-11-04 09:45:00,-1.5036501051138778,OK
2024-11-04 09:50:00,-14.059867434661166,OK
2024-11-04 09:55:00,11.764454186943125,OK
2024-11-04 10:00:00,2640.542595785527,OK
2024-11-04 10:05:00,2646.4167300057793,OK
2024-11-04 10:10:00,2557.67674021601,OK
2024-11-04 10:15:00,2469.2473355165093,OK
2024-11-04 10:20:00,2523.170485908574,OK
2024-11-04 10:25:00,2481.6338320131154,OK
2024-11-04 10:30:00,2472.500905279218,OK
2024-11-04 10:35:00,2468.967549135654,OK
2024-11-04 10:40:00,2475.4596733595595,OK
2024-11-04 10:45:00,2454.063613149603,OK
2024-11-04 10:50:00,2465.886530125782,OK
2024-11-04 10:55:00,2354.0650620080987,OK
2024-11-04 11:00:00,2321.438438368778,OK
2024-11-04 11:05:00,2498.275279572386,OK
2024-11-04 11:10:00,-2.391948273358409,OK
2024-11-04 11:15:00,8.817587698830163,OK
2024-11-04 11:20:00,0.9411797277502582,OK
2024-11-04 11:25:00,2364.013463295993,OK
2024-11-04 11:30:00,2257.5089323222555,OK
2024-11-04 11:35:00,2265.297377877718,OK
2024-11-04 11:40:00,2280.0123390837007,OK
2024-11-04 11:45:00,2408.323042877559,OK
2024-11-04 11:50:00,2304.880509797581,OK
2024-11-04 11:55:00,2356.75430131432,OK
2024-11-04 12:00:00,2297.780166812084,OK
2024-11-04 12:05:00,2228.7646221291175,OK
2024-11-04 12:10:00,2294.9754889799656,OK
2024-11-04 12:15:00,-6.253942396584153,OK
2024-11-04 12:20:00,19.45857444610733,OK
2024-11-04 12:25:00,-4.751607877593977,OK
2024-11-04 12:30:00,2188.2535837617897,OK
2024-11-04 12:35:00,2297.381532394931,OK
2024-11-04 12:40:00,2184.2736206439,OK
2024-11-04 12:45:00,2034.9816151948746,OK
2024-11-04 12:50:00,2127.4704920289887,OK
2024-11-04 12:55:00,2059.7034246292246,OK
2024-11-04 13:00:00,2056.5480358730706,OK
2024-11-04 13:05:00,2024.1862322479342,OK
2024-11-04 13:10:00,2146.834600375138,OK
2024-11-04 13:15:00,-21.897090205260742,OK
2024-11-04 13:20:00,-11.886818670357815,OK
2024-11-04 13:25:00,-6.153837895208857,OK
2024-11-04 13:30:00,2196.5928208740997,OK
2024-11-04 13:35:00,2131.8034267107832,OK
2024-11-04 13:40:00,2166.7531479931868,OK
2024-11-04 13:45:00,2126.470246758296,OK
2024-11-04 13:50:00,1951.4543752409527,OK
2024-11-04 13:55:00,1932.1919485264048,OK
2024-11-04 14:00:00,2009.7094061139017,OK
2024-11-04 14:05:00,2069.7801140156166,OK
2024-11-04 14:10:00,2088.27694250572,OK
2024-11-04 14:15:00,-0.20717133137443294,OK
2024-11-04 14:20:00,-2.4671142624966267,OK
2024-11-04 14:25:00,18.752354742318804,OK
2024-11-04 14:30:00,1897.863890098303,OK
2024-11-04 14:35:00,1799.6517301355968,OK
2024-11-04 14:40:00,1837.596015326197,OK
2024-11-04 14:45:00,1897.2375571869252,OK
2024-11-04 14:50:00,1947.013575065194,OK
2024-11-04 14:55:00,1878.1062737834602,OK
2024-11-04 15:00:00,1863.1067348897616,OK
2024-11-04 15:05:00,1780.9456676828506,OK
2024-11-04 15:10:00,1802.5840905377352,OK
2024-11-04 15:15:00,1841.297658577591,OK
2024-11-04 15:20:00,1.9304038100286522,OK
2024-11-04 15:25:00,-0.6529256983420193,OK
2024-11-04 15:30:00,12.162278781302168,OK
2024-11-04 15:35:00,1867.367630563413,OK
2024-11-04 15:40:00,1838.2768957782969,OK
2024-11-04 15:45:00,1722.3556179627624,OK
2024-11-04 15:50:00,1720.4215729002224,OK
2024-11-04 15:55:00,1778.8273330173154,OK
2024-11-04 16:00:00,1735.441736841611,OK
2024-11-04 16:05:00,1747.7951180332834,OK
2024-11-04 16:10:00,1790.0545395710553,OK
2024-11-04 16:15:00,1719.352667663206,OK
2024-11-04 16:20:00,1823.0977577648848,OK
2024-11-04 16:25:00,1726.8412755226755,OK
2024-11-04 16:30:00,1855.875484602541,OK
2024-11-04 16:35:00,1637.7293627075942,OK
2024-11-04 16:40:00,1619.4842883608521,OK
2024-11-04 16:45:00,1741.9202393991761,OK
2024-11-04 16:50:00,1670.202077614823,OK
2024-11-04 16:55:00,1784.9464202300467,OK
2024-11-04 17:00:00,1683.1676418492423,OK
2024-11-04 17:05:00,1762.2740910132272,OK
2024-11-04 17:10:00,1690.906876389545,OK
2024-11-04 17:15:00,1561.6375537585545,OK
2024-11-04 17:20:00,1739.983518795409,OK
2024-11-04 17:25:00,1780.1895612097135,OK
2024-11-04 17:30:00,1737.7675331138935,OK
2024-11-04 17:35:00,1812.2691724383606,OK
2024-11-04 17:40:00,1694.0183553328898,OK
2024-11-04 17:45:00,1643.8225678244398,OK
2024-11-04 17:50:00,1650.7939312389258,OK
2024-11-04 17:55:00,1713.475859763465,OK
2024-11-04 18:00:00,1643.4704224182499,OK
2024-11-04 18:05:00,1649.7696492205248,OK
2024-11-04 18:10:00,1617.7268605555907,OK
2024-11-04 18:15:00,1681.3707399834625,OK
2024-11-04 18:20:00,1667.1211205521406,OK
2024-11-04 18:25:00,1694.6596472018412,OK
2024-11-04 18:30:00,1746.8708996409518,OK
2024-11-04 18:35:00,1703.5953034014287,OK
2024-11-04 18:40:00,1735.4309795280667,OK
2024-11-04 18:45:00,1756.195677332145,OK
2024-11-04 18:50:00,1772.0023502304132,OK
2024-11-04 18:55:00,1668.7686200288235,OK
2024-11-04 19:00:00,1738.006960485298,OK
2024-11-04 19:05:00,1652.805112844785,OK
2024-11-04 19:10:00,1728.0820036369012,OK
2024-11-04 19:15:00,1636.7703827546259,OK
2024-11-04 19:20:00,1718.4280706671411,OK
2024-11-04 19:25:00,1740.8283257767039,OK
2024-11-04 19:30:00,1742.2027679720723,OK
2024-11-04 19:35:00,1687.6985420460717,OK
2024-11-04 19:40:00,1661.08154276493,OK
2024-11-04 19:45:00,1774.7013128714127,OK
2024-11-04 19:50:00,1730.7331113403152,OK
2024-11-04 19:55:00,1671.027983511214,OK
2024-11-04 20:00:00,1716.5104123669562,OK
2024-11-04 20:05:00,1723.6894003920493,OK
2024-11-04 20:10:00,1776.523175305077,OK
2024-11-04 20:15:00,1643.6124604679237,OK
2024-11-04 20:20:00,1664.7494992501893,OK
2024-11-04 20:25:00,1806.5676306294527,OK
2024-11-04 20:30:00,1611.4457771813,OK
2024-11-04 20:35:00,1805.92105593356,OK
2024-11-04 20:40:00,1791.404600391825,OK
2024-11-04 20:45:00,1786.309676490383,OK
2024-11-04 20:50:00,1714.017754708636,OK
2024-11-04 20:55:00,1796.099765440803,OK
2024-11-04 21:00:00,1687.943379097004,OK
2024-11-04 21:05:00,1791.3879016664443,OK
2024-11-04 21:10:00,1856.063254307412,OK
2024-11-04 21:15:00,1810.3813310032715,OK
2024-11-04 21:20:00,1864.2317744009504,OK
2024-11-04 21:25:00,1784.162975318301,OK
2024-11-04 21:30:00,1842.0791897166196,OK
2024-11-04 21:35:00,1756.8654305057178,OK
2024-11-04 21:40:00,1844.7081074366272,OK
2024-11-04 21:45:00,1920.1338216076342,OK
2024-11-04 21:50:00,1860.8786792501282,OK
2024-11-04 21:55:00,1905.1411194060017,OK
2024-11-04 22:00:00,1958.0466203723288,OK
2024-11-04 22:05:00,1870.0596134405594,OK
2024-11-04 22:10:00,1989.2414422386357,OK
2024-11-04 22:15:00,1912.726510452488,OK
2024-11-04 22:20:00,1926.6856654928868,OK
2024-11-04 22:25:00,7.815260112208948,OK
2024-11-04 22:30:00,7.086052580521865,OK
2024-11-04 22:35:00,-11.459801432467778,OK
2024-11-04 22:40:00,1899.9926816940338,OK
2024-11-04 22:45:00,2046.4714189088586,OK
2024-11-04 22:50:00,2097.8350895653866,OK
2024-11-04 22:55:00,2011.4106190599978,OK
2024-11-04 23:00:00,1945.1326345618465,OK
2024-11-04 23:05:00,2119.0956793433274,OK
2024-11-04 23:10:00,2166.8895725591633,OK
2024-11-04 23:15:00,2153.4304230789635,OK
2024-11-04 23:20:00,2137.7985415711833,OK
2024-11-04 23:25:00,-20.984565858770317,OK
2024-11-04 23:30:00,11.727539201389307,OK
2024-11-04 23:35:00,-29.07408073755963,OK
2024-11-04 23:40:00,2134.4147769186065,OK
2024-11-04 23:45:00,2173.8575306427215,OK
2024-11-04 23:50:00,2218.700479930114,OK
2024-11-04 23:55:00,2135.8375444665344,OK
2024-11-05 00:00:00,2229.864260484625,OK
2024-11-05 00:05:00,2212.01960551019,OK
2024-11-05 00:10:00,2246.6891332788673,OK
2024-11-05 00:15:00,2198.1152092329853,OK
2024-11-05 00:20:00,2073.9249744082567,OK
2024-11-05 00:25:00,2213.1527224433476,OK
2024-11-05 00:30:00,2216.8734891817735,OK
2024-11-05 00:35:00,2263.3066024626883,OK
2024-11-05 00:40:00,-4.503795771843646,OK
2024-11-05 00:45:00,-13.169280127731295,OK
2024-11-05 00:50:00,-18.67423700849431,OK
2024-11-05 00:55:00,2338.409603996266,OK
2024-11-05 01:00:00,2364.650048113994,OK
2024-11-05 01:05:00,2407.2502802704757,OK
2024-11-05 01:10:00,2413.341509369879,OK
2024-11-05 01:15:00,2345.9537902781135,OK
2024-11-05 01:20:00,2453.409076418817,OK
2024-11-05 01:25:00,2472.1502505267085,OK
2024-11-05 01:30:00,2405.340648664525,OK
2024-11-05 01:35:00,-3.5996401483998928,OK
2024-11-05 01:40:00,8.788739033343273,OK
2024-11-05 01:45:00,-15.744850221289143,OK
2024-11-05 01:50:00,2479.9594114792453,OK
2024-11-05 01:55:00,2578.4670012322626,OK
2024-11-05 02:00:00,2450.5441433481533,OK
2024-11-05 02:05:00,2620.3453606065427,OK
2024-11-05 02:10:00,2581.72359897604,OK
2024-11-05 02:15:00,2582.6898064281495,OK
2024-11-05 02:20:00,2608.4944314031104,OK
2024-11-05 02:25:00,2613.495122285845,OK
2024-11-05 02:30:00,2674.6659224682394,OK
2024-11-05 02:35:00,2636.4122718972053,OK
2024-11-05 02:40:00,2548.8155496935033,OK
2024-11-05 02:45:00,-8.871606638544247,OK
2024-11-05 02:50:00,23.37887923596366,OK
2024-11-05 02:55:00,0.49593050103913155,OK
2024-11-05 03:00:00,2658.8061455882657,OK
2024-11-05 03:05:00,2781.6100015949537,OK
2024-11-05 03:10:00,2716.3768542906996,OK
2024-11-05 03:15:00,2643.49484094323,OK
2024-11-05 03:20:00,2774.577884172174,OK
2024-11-05 03:25:00,2599.4494729359208,OK
2024-11-05 03:30:00,2683.5390796898796,OK
2024-11-05 03:35:00,2660.580392944675,OK
2024-11-05 03:40:00,2825.778005204873,OK
2024-11-05 03:45:00,2779.637875090926,OK
2024-11-05 03:50:00,2659.6901992327403,OK
2024-11-05 03:55:00,2626.3220618498735,OK
2024-11-05 04:00:00,2749.3461404966806,OK
2024-11-05 04:05:00,-16.804291604381795,OK
2024-11-05 04:10:00,9.845337777387693,OK
2024-11-05 04:15:00,-27.898627652848305,OK
2024-11-05 04:20:00,2710.1348027517543,OK
2024-11-05 04:25:00,2817.0406286577563,OK
2024-11-05 04:30:00,2829.170822140873,OK
2024-11-05 04:35:00,2827.6250555378238,OK
2024-11-05 04:40:00,2886.363816346699,OK
2024-11-05 04:45:00,2771.0278566852944,OK
2024-11-05 04:50:00,2850.1637846742174,OK
2024-11-05 04:55:00,2694.17233685806,OK
2024-11-05 05:00:00,2733.466404272631,OK
2024-11-05 05:05:00,2884.323429107163,OK
2024-11-05 05:10:00,2777.2170818074023,OK
2024-11-05 05:15:00,2932.357676156543,OK
2024-11-05 05:20:00,2734.158989619797,OK
2024-11-05 05:25:00,2806.4800981622907,OK
2024-11-05 05:30:00,2883.4871668939363,OK
2024-11-05 05:35:00,2832.534972192173,OK
2024-11-05 05:40:00,2830.405268996765,OK
2024-11-05 05:45:00,2743.2898548309827,OK
2024-11-05 05:50:00,2882.582013114437,OK
2024-11-05 05:55:00,2833.1308894887375,OK
2024-11-05 06:00:00,2797.3899237067753,OK
2024-11-05 06:05:00,2718.217281640431,OK
2024-11-05 06:10:00,3015.103911735439,OK
2024-11-05 06:15:00,2709.932341368104,OK
2024-11-05 06:20:00,2815.8813017475,OK
2024-11-05 06:25:00,2840.855607488943,OK
2024-11-05 06:30:00,2791.5553985515207,OK
2024-11-05 06:35:00,2869.149315513965,OK
2024-11-05 06:40:00,2901.5569949435567,OK
2024-11-05 06:45:00,2824.424740462584,OK
2024-11-05 06:50:00,2745.8316957136,OK
2024-11-05 06:55:00,2919.796934918001,OK
2024-11-05 07:00:00,2723.609616536004,OK
2024-11-05 07:05:00,2794.3733057605814,OK
2024-11-05 07:10:00,2833.5878139023234,OK
2024-11-05 07:15:00,2929.218749551802,OK
2024-11-05 07:20:00,2794.642340796797,OK
2024-11-05 07:25:00,2667.7915471010374,OK
2024-11-05 07:30:00,2915.1559064903518,OK
2024-11-05 07:35:00,2754.240482608985,OK
2024-11-05 07:40:00,2761.4536661356938,OK
2024-11-05 07:45:00,2856.5950868504788,OK
2024-11-05 07:50:00,2796.3028060237516,OK
2024-11-05 07:55:00,2736.368130252211,OK
2024-11-05 08:00:00,2716.5008965469106,OK
2024-11-05 08:05:00,2846.2997674644166,OK
2024-11-05 08:10:00,2703.9533335660503,OK
2024-11-05 08:15:00,2785.05347826229,OK
2024-11-05 08:20:00,2655.0607472190745,OK
2024-11-05 08:25:00,2749.3654659389294,OK
2024-11-05 08:30:00,2793.1306605089194,OK
2024-11-05 08:35:00,2744.594640190794,OK
2024-11-05 08:40:00,-0.5660627344028432,OK
2024-11-05 08:45:00,-7.43316675051736,OK
2024-11-05 08:50:00,25.892673492041027,OK
2024-11-05 08:55:00,2705.224183392807,OK
2024-11-05 09:00:00,2559.031138466286,OK
2024-11-05 09:05:00,2498.3768199570645,OK
2024-11-05 09:10:00,2600.6346726294523,OK
2024-11-05 09:15:00,2622.2752957992034,OK
2024-11-05 09:20:00,2582.942710896606,OK
2024-11-05 09:25:00,2709.689070765416,OK
2024-11-05 09:30:00,2575.314177681988,OK
2024-11-05 09:35:00,2498.6778557799266,OK
2024-11-05 09:40:00,2513.284033278721,OK
2024-11-05 09:45:00,2551.084642667434,OK
2024-11-05 09:50:00,2610.4750883669317,OK
2024-11-05 09:55:00,17.99240626232322,OK
2024-11-05 10:00:00,-0.39747865419200057,OK
2024-11-05 10:05:00,-14.136229226339218,OK
2024-11-05 10:10:00,2550.876392432301,OK
2024-11-05 10:15:00,2498.1480908506555,OK
2024-11-05 10:20:00,2427.922123557275,OK
2024-11-05 10:25:00,2372.7737947775468,OK
2024-11-05 10:30:00,2404.9876735504295,OK
2024-11-05 10:35:00,2302.362666812362,OK
2024-11-05 10:40:00,2538.6416573682404,OK
2024-11-05 10:45:00,2437.1190423877283,OK
2024-11-05 10:50:00,2396.4104819406684,OK
2024-11-05 10:55:00,23.6455888013893,OK
2024-11-05 11:00:00,-8.792594315723948,OK
2024-11-05 11:05:00,4.014557883449694,OK
2024-11-05 11:10:00,2405.7861420983663,OK
2024-11-05 11:15:00,2394.00417566286,OK
2024-11-05 11:20:00,2232.556462882228,OK
2024-11-05 11:25:00,2204.417525934404,OK
2024-11-05 11:30:00,2289.6270539611387,OK
2024-11-05 11:35:00,2260.4055812481233,OK
2024-11-05 11:40:00,2281.2581569207223,OK
2024-11-05 11:45:00,2247.8576874270398,OK
2024-11-05 11:50:00,10.252639332906607,OK
2024-11-05 11:55:00,-5.758741955155246,OK
2024-11-05 12:00:00,-7.32671673885439,OK
2024-11-05 12:05:00,2173.831893171436,OK
2024-11-05 12:10:00,2301.788249493405,OK
2024-11-05 12:15:00,2208.118719144968,OK
2024-11-05 12:20:00,2185.744662393714,OK
2024-11-05 12:25:00,2232.7924416204187,OK
2024-11-05 12:30:00,2242.368259861373,OK
2024-11-05 12:35:00,2134.0962790553885,OK
2024-11-05 12:40:00,2117.697524658297,OK
2024-11-05 12:45:00,2170.445401630636,OK
2024-11-05 12:50:00,-13.576252738349455,OK
2024-11-05 12:55:00,-11.302587983902736,OK
2024-11-05 13:00:00,-1.9416807629646775,OK
2024-11-05 13:05:00,2122.6349038604894,OK
2024-11-05 13:10:00,2082.3865608622027,OK
2024-11-05 13:15:00,1975.794767760039,OK
2024-11-05 13:20:00,2071.3047148391533,OK
2024-11-05 13:25:00,2202.5495603506233,OK
2024-11-05 13:30:00,2034.0847367448328,OK
2024-11-05 13:35:00,2003.8105862305956,OK
2024-11-05 13:40:00,2091.571570536676,OK
2024-11-05 13:45:00,2125.0435709599865,OK
2024-11-05 13:50:00,2093.2828650178217,OK
2024-11-05 13:55:00,2016.8466350004883,OK
2024-11-05 14:00:00,2.5942258281405417,OK
2024-11-05 14:05:00,18.019413231885576,OK
2024-11-05 14:10:00,-29.33054132052189,OK
2024-11-05 14:15:00,1855.8961823390441,OK
2024-11-05 14:20:00,1931.1149994294651,OK
2024-11-05 14:25:00,1964.4968422267625,OK
2024-11-05 14:30:00,2023.5310066938537,OK
2024-11-05 14:35:00,1963.93346600278,OK
2024-11-05 14:40:00,1912.17883788126,OK
2024-11-05 14:45:00,1957.7882237090082,OK
2024-11-05 14:50:00,1942.0933953646118,OK
2024-11-05 14:55:00,1937.9230015374512,OK
2024-11-05 15:00:00,-12.755558647637823,OK
2024-11-05 15:05:00,4.843378681189048,OK
2024-11-05 15:10:00,2.6884158201808903,OK
2024-11-05 15:15:00,1881.5638529040748,OK
2024-11-05 15:20:00,1848.961468943875,OK
2024-11-05 15:25:00,1814.6336578211935,OK
2024-11-05 15:30:00,1727.0202135984503,OK
2024-11-05 15:35:00,1859.5536640150153,OK
2024-11-05 15:40:00,1723.9179392429057,OK
2024-11-05 15:45:00,1747.3468164673427,OK
2024-11-05 15:50:00,1691.6293404116047,OK
2024-11-05 15:55:00,1794.8841680224662,OK
2024-11-05 16:00:00,1807.4312308592755,OK
2024-11-05 16:05:00,1750.234019391439,OK
2024-11-05 16:10:00,1709.6588255806612,OK
2024-11-05 16:15:00,1695.8074743443442,OK
2024-11-05 16:20:00,1779.1310446911948,OK
2024-11-05 16:25:00,1767.1517273558197,OK
2024-11-05 16:30:00,1675.5489548394446,OK
2024-11-05 16:35:00,1702.5045913126294,OK
2024-11-05 16:40:00,1743.1781799273847,OK
2024-11-05 16:45:00,1685.8466574407846,OK
2024-11-05 16:50:00,1685.556269593743,OK
2024-11-05 16:55:00,1714.5815863001453,OK
2024-11-05 17:00:00,1723.570794292434,OK
2024-11-05 17:05:00,1790.9471775507363,OK
2024-11-05 17:10:00,1748.9921530594943,OK
2024-11-05 17:15:00,1661.994878773601,OK
2024-11-05 17:20:00,1693.987330510671,OK
2024-11-05 17:25:00,1766.760273991025,OK
2024-11-05 17:30:00,1700.2019714106457,OK
2024-11-05 17:35:00,1749.6911239338485,OK
2024-11-05 17:40:00,1729.7938760260695,OK
2024-11-05 17:45:00,1739.241137624042,OK
2024-11-05 17:50:00,1681.789259092267,OK
2024-11-05 17:55:00,1703.774937496265,OK
2024-11-05 18:00:00,1763.8303270198085,OK
2024-11-05 18:05:00,1609.4901983947552,OK
2024-11-05 18:10:00,1706.2802372700185,OK
2024-11-05 18:15:00,1719.5458284704248,OK
2024-11-05 18:20:00,1636.9377804052417,OK
2024-11-05 18:25:00,1790.0187888034766,OK
2024-11-05 18:30:00,1790.4926068545028,OK
2024-11-05 18:35:00,1697.4347795419424,OK
2024-11-05 18:40:00,1803.5740445451763,OK
2024-11-05 18:45:00,1665.948322195083,OK
2024-11-05 18:50:00,1625.5330248126945,OK
2024-11-05 18:55:00,1708.2656060129273,OK
2024-11-05 19:00:00,1627.0620176941025,OK
2024-11-05 19:05:00,1686.6597891963202,OK
2024-11-05 19:10:00,1744.678063073125,OK
2024-11-05 19:15:00,1669.1688121802028,OK
2024-11-05 19:20:00,1740.1144751460297,OK
2024-11-05 19:25:00,1763.7496830300702,OK
2024-11-05 19:30:00,1809.0775583112102,OK
2024-11-05 19:35:00,1772.2202315514069,OK
2024-11-05 19:40:00,1710.459273967406,OK
2024-11-05 19:45:00,1836.196951412565,OK
2024-11-05 19:50:00,1919.8775106621272,OK
2024-11-05 19:55:00,1802.7449690684034,OK
2024-11-05 20:00:00,1741.7624046353922,OK
2024-11-05 20:05:00,1723.6941244144462,OK
2024-11-05 20:10:00,1762.8283136964478,OK
2024-11-05 20:15:00,1843.8767496515018,OK
2024-11-05 20:20:00,1764.9531369223976,OK
2024-11-05 20:25:00,1817.9488072596096,OK
2024-11-05 20:30:00,1790.9306262679488,OK
2024-11-05 20:35:00,1836.668740542952,OK
2024-11-05 20:40:00,1728.6980160312828,OK
2024-11-05 20:45:00,2009.6131554135436,OK
2024-11-05 20:50:00,1827.9681152841667,OK
2024-11-05 20:55:00,1913.92800259015,OK
2024-11-05 21:00:00,1889.7317682243777,OK
2024-11-05 21:05:00,1721.565947583221,OK
2024-11-05 21:10:00,1873.9618263291309,OK
2024-11-05 21:15:00,1934.7528486221106,OK
2024-11-05 21:20:00,1842.9364236826493,OK
2024-11-05 21:25:00,1824.5421115018914,OK
2024-11-05 21:30:00,1883.8675010613335,OK
2024-11-05 21:35:00,1986.083097639169,OK
2024-11-05 21:40:00,1970.5422013164537,OK
2024-11-05 21:45:00,1929.2675106053898,OK
2024-11-05 21:50:00,11.216248736872842,OK
2024-11-05 21:55:00,-10.545687685150105,OK
2024-11-05 22:00:00,43.589457130836614,OK
2024-11-05 22:05:00,2051.6736173461472,OK
2024-11-05 22:10:00,1811.235987670667,OK
2024-11-05 22:15:00,1888.0441811693165,OK
2024-11-05 22:20:00,1963.9526992331143,OK
2024-11-05 22:25:00,1978.6921657638845,OK
2024-11-05 22:30:00,2036.8370006196362,OK
2024-11-05 22:35:00,1987.312336287998,OK
2024-11-05 22:40:00,1987.1697973708713,OK
2024-11-05 22:45:00,1959.0991806058867,OK
2024-11-05 22:50:00,1997.3852299924874,OK
2024-11-05 22:55:00,2036.0646947199273,OK
2024-11-05 23:00:00,2031.9151381252855,OK
2024-11-05 23:05:00,2222.970791842058,OK
2024-11-05 23:10:00,2010.8806649109326,OK
2024-11-05 23:15:00,2092.5070720443055,OK
2024-11-05 23:20:00,-2.9290057605007314,OK
2024-11-05 23:25:00,-33.37886840964276,OK
2024-11-05 23:30:00,23.07080967586686,OK
2024-11-05 23:35:00,2205.793260973014,OK
2024-11-05 23:40:00,2130.9226529626085,OK
2024-11-05 23:45:00,2179.1206314566907,OK
2024-11-05 23:50:00,2285.4238483150484,OK
2024-11-05 23:55:00,2082.084923046155,OK
2024-11-06 00:00:00,2236.097335373968,OK
2024-11-06 00:05:00,2243.7589289361417,OK
2024-11-06 00:10:00,2371.49930491895,OK
2024-11-06 00:15:00,2241.903405126849,OK
2024-11-06 00:20:00,2305.188907932386,OK
2024-11-06 00:25:00,2225.614639764104,OK
2024-11-06 00:30:00,6.461771056203419,OK
2024-11-06 00:35:00,15.820184350868988,OK
2024-11-06 00:40:00,6.2067605748539085,OK
2024-11-06 00:45:00,2362.8265429936005,OK
2024-11-06 00:50:00,2361.0946777020927,OK
2024-11-06 00:55:00,2368.1760787627604,OK
2024-11-06 01:00:00,2291.5693738509776,OK
2024-11-06 01:05:00,2315.4670572808996,OK
2024-11-06 01:10:00,2422.3150049095825,OK
2024-11-06 01:15:00,2377.9637281140604,OK
2024-11-06 01:20:00,2374.2459443431253,OK
2024-11-06 01:25:00,2389.7482829648548,OK
2024-11-06 01:30:00,2343.743293401375,OK
2024-11-06 01:35:00,2395.5052001926138,OK
2024-11-06 01:40:00,2477.3059044852926,OK
2024-11-06 01:45:00,2433.8649186820485,OK
2024-11-06 01:50:00,2440.3137805729234,OK
2024-11-06 01:55:00,2486.2516352346,OK
2024-11-06 02:00:00,2498.1909471367558,OK
2024-11-06 02:05:00,2478.326316567295,OK
2024-11-06 02:10:00,2478.4541572154803,OK
2024-11-06 02:15:00,2537.7423141193567,OK
2024-11-06 02:20:00,2553.5954922114515,OK
2024-11-06 02:25:00,-1.441722447625545,OK
2024-11-06 02:30:00,14.638854216652847,OK
2024-11-06 02:35:00,-1.7155059847020293,OK
2024-11-06 02:40:00,2519.2841295535804,OK
2024-11-06 02:45:00,2724.2361575093205,OK
2024-11-06 02:50:00,2617.267567461521,OK
2024-11-06 02:55:00,2710.0950676854304,OK
2024-11-06 03:00:00,2602.361435588926,OK
2024-11-06 03:05:00,2689.107408445259,OK
2024-11-06 03:10:00,2614.35734299771,OK
2024-11-06 03:15:00,2527.426250908325,OK
2024-11-06 03:20:00,2.926923731854084,OK
2024-11-06 03:25:00,0.7243961258458781,OK
2024-11-06 03:30:00,-5.946325614393122,OK
2024-11-06 03:35:00,2671.5723681539253,OK
2024-11-06 03:40:00,2683.1530888055217,OK
2024-11-06 03:45:00,2617.7035410267363,OK
2024-11-06 03:50:00,2744.2430314573344,OK
2024-11-06 03:55:00,2741.409160489431,OK
2024-11-06 04:00:00,2681.7153255871945,OK
2024-11-06 04:05:00,2797.3631365955043,OK
2024-11-06 04:10:00,2729.079880727828,OK
2024-11-06 04:15:00,2739.7563950880663,OK
2024-11-06 04:20:00,2660.0182481472016,OK
2024-11-06 04:25:00,2598.819409458667,OK
2024-11-06 04:30:00,2793.930737530691,OK
2024-11-06 04:35:00,2825.4473696873656,OK
2024-11-06 04:40:00,2725.224473176967,OK
2024-11-06 04:45:00,2819.2818818979385,OK
2024-11-06 04:50:00,2803.4699647852717,OK
2024-11-06 04:55:00,2845.742732929561,OK
2024-11-06 05:00:00,2679.3847569374357,OK
2024-11-06 05:05:00,2730.887424439946,OK
2024-11-06 05:10:00,2746.3428452562453,OK
2024-11-06 05:15:00,2814.2989849361074,OK
2024-11-06 05:20:00,2738.3474412674923,OK
2024-11-06 05:25:00,2822.198261786767,OK
2024-11-06 05:30:00,2800.985497545587,OK
2024-11-06 05:35:00,2762.542884499515,OK
2024-11-06 05:40:00,2854.9785792962202,OK
2024-11-06 05:45:00,2662.0970006448,OK
2024-11-06 05:50:00,2789.2724185561365,OK
2024-11-06 05:55:00,2711.847609434065,OK
2024-11-06 06:00:00,2848.2442896465022,OK
2024-11-06 06:05:00,2883.3654236742336,OK
2024-11-06 06:10:00,2891.502817535856,OK
2024-11-06 06:15:00,2690.8526351551195,OK
2024-11-06 06:20:00,2722.414538202519,OK
2024-11-06 06:25:00,2793.2284039255956,OK
2024-11-06 06:30:00,2798.729322806943,OK
2024-11-06 06:35:00,2831.2575802203814,OK
2024-11-06 06:40:00,2851.0865471492248,OK
2024-11-06 06:45:00,2898.728123461899,OK
2024-11-06 06:50:00,2858.4512751630596,OK
2024-11-06 06:55:00,2787.8422039576644,OK
2024-11-06 07:00:00,2845.319118907721,OK
2024-11-06 07:05:00,2739.837332970726,OK
2024-11-06 07:10:00,2875.0729588609825,OK
2024-11-06 07:15:00,2733.247385987268,OK
2024-11-06 07:20:00,2814.326867558787,OK
2024-11-06 07:25:00,2804.1612344103237,OK
2024-11-06 07:30:00,5.479836142492322,OK
2024-11-06 07:35:00,-13.014412321549141,OK
2024-11-06 07:40:00,-2.4637921996455234,OK
2024-11-06 07:45:00,2795.530413259854,OK
2024-11-06 07:50:00,2746.9725540120194,OK
2024-11-06 07:55:00,2751.8390064597356,OK
2024-11-06 08:00:00,2677.5894208687696,OK
2024-11-06 08:05:00,2828.5902468468994,OK
2024-11-06 08:10:00,2674.035365537352,OK
2024-11-06 08:15:00,2583.637865235547,OK
2024-11-06 08:20:00,2642.0720529248324,OK
2024-11-06 08:25:00,2672.732365025041,OK
2024-11-06 08:30:00,2795.838654988358,OK
2024-11-06 08:35:00,2731.9836295974565,OK
2024-11-06 08:40:00,2754.655201045618,OK
2024-11-06 08:45:00,2631.2263972886444,OK
2024-11-06 08:50:00,2669.859677727922,OK
2024-11-06 08:55:00,2831.02140182584,OK
2024-11-06 09:00:00,2523.5105573866354,OK
2024-11-06 09:05:00,2703.319112009696,OK
2024-11-06 09:10:00,2661.089663132914,OK
2024-11-06 09:15:00,4.305337186127922,OK
2024-11-06 09:20:00,10.161277189146082,OK
2024-11-06 09:25:00,3.1082721563601377,OK
2024-11-06 09:30:00,2511.0775976272303,OK
2024-11-06 09:35:00,2491.668370218366,OK
2024-11-06 09:40:00,2635.482556866136,OK
2024-11-06 09:45:00,2592.5558559613078,OK
2024-11-06 09:50:00,2720.272653739219,OK
2024-11-06 09:55:00,2619.034820420117,OK
2024-11-06 10:00:00,2580.763488228594,OK
2024-11-06 10:05:00,2658.0513174665525,OK
2024-11-06 10:10:00,21.856209676732618,OK
2024-11-06 10:15:00,-10.584568520433411,OK
2024-11-06 10:20:00,6.976887240591092,OK
2024-11-06 10:25:00,2670.729316662241,OK
2024-11-06 10:30:00,2466.057654669068,OK
2024-11-06 10:35:00,2573.5282958168186,OK
2024-11-06 10:40:00,2476.6246482825445,OK
2024-11-06 10:45:00,2567.429154981746,OK
2024-11-06 10:50:00,2479.970809299743,OK
2024-11-06 10:55:00,2469.8593924499883,OK
2024-11-06 11:00:00,2532.797130169971,OK
2024-11-06 11:05:00,9.140308374713735,OK
2024-11-06 11:10:00,-4.551201673543911,OK
2024-11-06 11:15:00,17.155825962151123,OK
2024-11-06 11:20:00,2412.389134043382,OK
2024-11-06 11:25:00,2426.4812047636715,OK
2024-11-06 11:30:00,2368.4065425954554,OK
2024-11-06 11:35:00,2439.837194396065,OK
2024-11-06 11:40:00,2416.0753425479916,OK
2024-11-06 11:45:00,2552.871900512845,OK
2024-11-06 11:50:00,2361.185903789247,OK
2024-11-06 11:55:00,2419.2280935771464,OK
2024-11-06 12:00:00,2326.8718823188574,OK
2024-11-06 12:05:00,2314.1783223447687,OK
2024-11-06 12:10:00,1.37904726715202,OK
2024-11-06 12:15:00,7.542184916945195,OK
2024-11-06 12:20:00,-26.395541605575772,OK
2024-11-06 12:25:00,2363.776895479866,OK
2024-11-06 12:30:00,2330.377622128882,OK
2024-11-06 12:35:00,2428.667863282244,OK
2024-11-06 12:40:00,2220.0784916366842,OK
2024-11-06 12:45:00,2212.2380463413992,OK
2024-11-06 12:50:00,2326.750078759001,OK
2024-11-06 12:55:00,2241.617407605717,OK
2024-11-06 13:00:00,2251.4065898429308,OK
2024-11-06 13:05:00,2186.37161888102,OK
2024-11-06 13:10:00,2166.2901460423286,OK
2024-11-06 13:15:00,2156.8222963112207,OK
2024-11-06 13:20:00,2205.0232062446685,OK
2024-11-06 13:25:00,2207.3735264394313,OK
2024-11-06 13:30:00,2101.065615852236,OK
2024-11-06 13:35:00,-31.2201659551488,OK
2024-11-06 13:40:00,-13.818551496631406,OK
2024-11-06 13:45:00,7.875610128037922,OK
2024-11-06 13:50:00,2153.8200626932125,OK
2024-11-06 13:55:00,2143.0455685258503,OK
2024-11-06 14:00:00,2010.6028119162997,OK
2024-11-06 14:05:00,2086.4802312950233,OK
2024-11-06 14:10:00,1996.6725402739787,OK
2024-11-06 14:15:00,2079.919521878635,OK
2024-11-06 14:20:00,2126.5499573217635,OK
2024-11-06 14:25:00,2059.7535429058134,OK
2024-11-06 14:30:00,2039.9992638760555,OK
2024-11-06 14:35:00,2120.950783678908,OK
2024-11-06 14:40:00,1976.714912577569,OK
2024-11-06 14:45:00,2139.741971252361,OK
2024-11-06 14:50:00,1891.8122969580843,OK
2024-11-06 14:55:00,1969.2763306414606,OK
2024-11-06 15:00:00,1977.1501009527108,OK
2024-11-06 15:05:00,1920.9956927900998,OK
2024-11-06 15:10:00,1927.1172404127303,OK
2024-11-06 15:15:00,1949.509098457419,OK
2024-11-06 15:20:00,-9.029006062216103,OK
2024-11-06 15:25:00,-18.346372533654943,OK
2024-11-06 15:30:00,16.216104795888793,OK
2024-11-06 15:35:00,1945.9442158042461,OK
2024-11-06 15:40:00,1931.0559009534004,OK
2024-11-06 15:45:00,1918.4072695272014,OK
2024-11-06 15:50:00,1970.1048940154255,OK
2024-11-06 15:55:00,1882.8075717358715,OK
2024-11-06 16:00:00,1821.4805743687396,OK
2024-11-06 16:05:00,1861.0898612674773,OK
2024-11-06 16:10:00,1776.312875892931,OK
2024-11-06 16:15:00,1819.9969131426542,OK
2024-11-06 16:20:00,1798.3097054179773,OK
2024-11-06 16:25:00,1782.885149598263,OK
2024-11-06 16:30:00,1854.9037652152595,OK
2024-11-06 16:35:00,1884.0219523193828,OK
2024-11-06 16:40:00,1852.6271695809196,OK
2024-11-06 16:45:00,1785.6526272349747,OK
2024-11-06 16:50:00,1857.0111682191637,OK
2024-11-06 16:55:00,1882.502617944031,OK
2024-11-06 17:00:00,1793.1467594490916,OK
2024-11-06 17:05:00,1915.5686552362954,OK
2024-11-06 17:10:00,1795.1346443924929,OK
2024-11-06 17:15:00,1776.6907864425875,OK
2024-11-06 17:20:00,1876.0595306385696,OK
2024-11-06 17:25:00,1724.016360510268,OK
2024-11-06 17:30:00,1797.7471180514494,OK
2024-11-06 17:35:00,1810.9807736344612,OK
2024-11-06 17:40:00,1699.2921862988921,OK
2024-11-06 17:45:00,1901.195088821893,OK
2024-11-06 17:50:00,1778.8544101702983,OK
2024-11-06 17:55:00,1787.2204458449664,OK
2024-11-06 18:00:00,1838.190470291882,OK
2024-11-06 18:05:00,1811.763222252659,OK
2024-11-06 18:10:00,1919.214267438672,OK
2024-11-06 18:15:00,1833.974996904331,OK
2024-11-06 18:20:00,1751.599336326839,OK
2024-11-06 18:25:00,1823.495341807698,OK
2024-11-06 18:30:00,1862.4239195449195,OK
2024-11-06 18:35:00,1813.4305628043367,OK
2024-11-06 18:40:00,1779.8329847162347,OK
2024-11-06 18:45:00,1868.6001251995226,OK
2024-11-06 18:50:00,1994.7341153081293,OK
2024-11-06 18:55:00,1734.1373249228723,OK
2024-11-06 19:00:00,1843.1060690152808,OK
2024-11-06 19:05:00,1882.615092850217,OK
2024-11-06 19:10:00,1783.315103789447,OK
2024-11-06 19:15:00,1846.0972032293737,OK
2024-11-06 19:20:00,1881.8228066344116,OK
2024-11-06 19:25:00,1894.8215068555673,OK
2024-11-06 19:30:00,1783.6724062354601,OK
2024-11-06 19:35:00,1760.7757757360582,OK
2024-11-06 19:40:00,1876.1070552592103,OK
2024-11-06 19:45:00,1792.6968470710776,OK
2024-11-06 19:50:00,1847.1537060181136,OK
2024-11-06 19:55:00,-22.820695066719285,OK
2024-11-06 20:00:00,1.9646788877281252,OK
2024-11-06 20:05:00,-4.026148373655215,OK
2024-11-06 20:10:00,1926.2289938445695,OK
2024-11-06 20:15:00,1917.2482782289576,OK
2024-11-06 20:20:00,1899.270467813414,OK
2024-11-06 20:25:00,1915.889090969028,OK
2024-11-06 20:30:00,2085.284465467923,OK
2024-11-06 20:35:00,1909.4478276589607,OK
2024-11-06 20:40:00,1951.8042239762501,OK
2024-11-06 20:45:00,1979.9689591624046,OK
2024-11-06 20:50:00,1964.6462947547434,OK
2024-11-06 20:55:00,1903.1522225251645,OK
2024-11-06 21:00:00,-8.047156036276302,OK
2024-11-06 21:05:00,21.495872112737295,OK
2024-11-06 21:10:00,-21.315987766294718,OK
2024-11-06 21:15:00,2094.743550206911,OK
2024-11-06 21:20:00,2105.1318342101936,OK
2024-11-06 21:25:00,2126.1026025432625,OK
2024-11-06 21:30:00,2026.1938311476374,OK
2024-11-06 21:35:00,2032.7823459606748,OK
2024-11-06 21:40:00,2085.6318452902215,OK
2024-11-06 21:45:00,2081.233501649239,OK
2024-11-06 21:50:00,2014.1716629038744,OK
2024-11-06 21:55:00,2074.872223707971,OK
2024-11-06 22:00:00,2150.212704770206,OK
2024-11-06 22:05:00,2104.2131646134626,OK
2024-11-06 22:10:00,2124.4643699963517,OK
2024-11-06 22:15:00,5.324342414233531,OK
2024-11-06 22:20:00,19.818012836148107,OK
2024-11-06 22:25:00,19.0209442154519,OK
2024-11-06 22:30:00,2158.450695975581,OK
2024-11-06 22:35:00,2097.124390120754,OK
2024-11-06 22:40:00,2197.925243128476,OK
2024-11-06 22:45:00,2197.26651810229,OK
2024-11-06 22:50:00,2277.0408806439473,OK
2024-11-06 22:55:00,2231.4202948578077,OK
2024-11-06 23:00:00,2358.8460196063374,OK
2024-11-06 23:05:00,2369.806033063996,OK
2024-11-06 23:10:00,2210.907923841592,OK
2024-11-06 23:15:00,2259.2278424655374,OK
2024-11-06 23:20:00,-28.285868211484626,OK
2024-11-06 23:25:00,-3.349858542831801,OK
2024-11-06 23:30:00,17.419542896535575,OK
2024-11-06 23:35:00,2414.672819637468,OK
2024-11-06 23:40:00,2426.729968380384,OK
2024-11-06 23:45:00,2437.208042682805,OK
2024-11-06 23:50:00,2521.3823903727666,OK
2024-11-06 23:55:00,2342.3448485074723,OK
2024-11-07 00:00:00,2523.2215682989845,OK
2024-11-07 00:05:00,2437.051313485836,OK
2024-11-07 00:10:00,2500.259386734097,OK
2024-11-07 00:15:00,2370.4846091428744,OK
2024-11-07 00:20:00,2419.5586954828213,OK
2024-11-07 00:25:00,2585.4442677323605,OK
2024-11-07 00:30:00,2484.993362830438,OK
2024-11-07 00:35:00,12.588946123904293,OK
2024-11-07 00:40:00,-26.005876019247253,OK
2024-11-07 00:45:00,20.161724146875173,OK
2024-11-07 00:50:00,2449.208401332869,OK
2024-11-07 00:55:00,2439.6340440093236,OK
2024-11-07 01:00:00,2676.7280664293107,OK
2024-11-07 01:05:00,2681.326247822559,OK
2024-11-07 01:10:00,2633.3647961545453,OK
2024-11-07 01:15:00,2606.021675118485,OK
2024-11-07 01:20:00,2564.604728410647,OK
2024-11-07 01:25:00,2648.0136456443693,OK
2024-11-07 01:30:00,2657.5900163215174,OK
2024-11-07 01:35:00,2638.8914283426743,OK
2024-11-07 01:40:00,2765.667372701205,OK
2024-11-07 01:45:00,2760.7649352321714,OK
2024-11-07 01:50:00,2857.1289490444747,OK
2024-11-07 01:55:00,2730.306561839107,OK
2024-11-07 02:00:00,2691.8775813931907,OK
2024-11-07 02:05:00,2802.231967816801,OK
2024-11-07 02:10:00,2703.7351327857778,OK
2024-11-07 02:15:00,2861.862855938429,OK
2024-11-07 02:20:00,2825.482707825712,OK
2024-11-07 02:25:00,2873.1810820960886,OK
2024-11-07 02:30:00,2751.67573620945,OK
2024-11-07 02:35:00,2941.9591966307203,OK
2024-11-07 02:40:00,2770.0619959117316,OK
2024-11-07 02:45:00,2813.7616438512728,OK
2024-11-07 02:50:00,2907.0851011153145,OK
2024-11-07 02:55:00,2882.2669879576747,OK
2024-11-07 03:00:00,2889.760321824371,OK
2024-11-07 03:05:00,2933.3091635913706,OK
2024-11-07 03:10:00,2946.3872371674493,OK
2024-11-07 03:15:00,2966.373374764316,OK
2024-11-07 03:20:00,2851.1756568700184,OK
2024-11-07 03:25:00,2926.175423324489,OK
2024-11-07 03:30:00,2951.5047583942387,OK
2024-11-07 03:35:00,2879.3269232367215,OK
2024-11-07 03:40:00,2926.428611816409,OK
2024-11-07 03:45:00,2936.2518269929997,OK
2024-11-07 03:50:00,2901.4827029850258,OK
2024-11-07 03:55:00,2936.0026896159548,OK
2024-11-07 04:00:00,2885.3367361495434,OK
2024-11-07 04:05:00,2974.844476619812,OK
2024-11-07 04:10:00,2958.1201227427423,OK
2024-11-07 04:15:00,3012.434044507742,OK
2024-11-07 04:20:00,2982.6337344293306,OK
2024-11-07 04:25:00,2990.6865796013285,OK
2024-11-07 04:30:00,2960.517441522856,OK
2024-11-07 04:35:00,2966.1322636064724,OK
2024-11-07 04:40:00,2911.49349052351,OK
2024-11-07 04:45:00,2944.045881902781,OK
2024-11-07 04:50:00,2931.941220906126,OK
2024-11-07 04:55:00,3033.703798895961,OK
2024-11-07 05:00:00,2972.2861450677947,OK
2024-11-07 05:05:00,2926.3320035189804,OK
2024-11-07 05:10:00,2873.9369344395027,OK
2024-11-07 05:15:00,3068.7067702445106,OK
2024-11-07 05:20:00,2988.158828673023,OK
2024-11-07 05:25:00,2984.945927539291,OK
2024-11-07 05:30:00,3026.9232276055604,OK
2024-11-07 05:35:00,2978.9500674007486,OK
2024-11-07 05:40:00,2976.2791865134354,OK
2024-11-07 05:45:00,2959.3651049132563,OK
2024-11-07 05:50:00,2937.1589809552147,OK
2024-11-07 05:55:00,2971.372750792231,OK
2024-11-07 06:00:00,3042.610151966062,OK
2024-11-07 06:05:00,2862.733563524825,OK
2024-11-07 06:10:00,3047.9430745562186,OK
2024-11-07 06:15:00,2935.2362856136806,OK
2024-11-07 06:20:00,3008.0969823493874,OK
2024-11-07 06:25:00,2885.693434287288,OK
2024-11-07 06:30:00,2837.093609930151,OK
2024-11-07 06:35:00,2859.2954828327374,OK
2024-11-07 06:40:00,2936.125594929602,OK
2024-11-07 06:45:00,2987.1224222600586,OK
2024-11-07 06:50:00,2994.599800262067,OK
2024-11-07 06:55:00,2946.0806758267554,OK
2024-11-07 07:00:00,3034.634182089758,OK
2024-11-07 07:05:00,2962.8775591339613,OK
2024-11-07 07:10:00,2990.3395641348643,OK
2024-11-07 07:15:00,3173.6651369486626,OK
2024-11-07 07:20:00,2985.5973476414424,OK
2024-11-07 07:25:00,2921.295584482582,OK
2024-11-07 07:30:00,3013.5795632915197,OK
2024-11-07 07:35:00,3050.2324622060855,OK
2024-11-07 07:40:00,3041.182099436343,OK
2024-11-07 07:45:00,2945.516884089705,OK
2024-11-07 07:50:00,3067.8527914384067,OK
2024-11-07 07:55:00,3071.1597816833846,OK
2024-11-07 08:00:00,2971.415330324923,OK
2024-11-07 08:05:00,2896.1187626469386,OK
2024-11-07 08:10:00,2975.583726105389,OK
2024-11-07 08:15:00,2941.884531018909,OK
2024-11-07 08:20:00,3021.233196289261,OK
2024-11-07 08:25:00,2905.325326344877,OK
2024-11-07 08:30:00,3077.8533739056843,OK
2024-11-07 08:35:00,3035.970041196499,OK
2024-11-07 08:40:00,2839.1291546486896,OK
2024-11-07 08:45:00,2919.1483263105424,OK
2024-11-07 08:50:00,2814.1250134659244,OK
2024-11-07 08:55:00,2714.814592353618,OK
2024-11-07 09:00:00,2869.5461615783365,OK
2024-11-07 09:05:00,2812.3770198126913,OK
2024-11-07 09:10:00,2953.422320940918,OK
2024-11-07 09:15:00,2905.925901275352,OK
2024-11-07 09:20:00,2947.7347409300164,OK
2024-11-07 09:25:00,2868.4700981289934,OK
2024-11-07 09:30:00,2922.6845044171237,OK
2024-11-07 09:35:00,2941.3104061793606,OK
2024-11-07 09:40:00,2744.4014614014122,OK
2024-11-07 09:45:00,2693.2612062708745,OK
2024-11-07 09:50:00,2810.099235756349,OK
2024-11-07 09:55:00,2897.3586982821735,OK
2024-11-07 10:00:00,2770.0691971689444,OK
2024-11-07 10:05:00,2832.9770270643853,OK
2024-11-07 10:10:00,2899.0430213969066,OK
2024-11-07 10:15:00,2709.534578130116,OK
2024-11-07 10:20:00,-14.77845491626337,OK
2024-11-07 10:25:00,11.378387202788295,OK
2024-11-07 10:30:00,12.482194737526333,OK
2024-11-07 10:35:00,2703.1495728782206,OK
2024-11-07 10:40:00,2713.2643629089494,OK
2024-11-07 10:45:00,2658.4118645834496,OK
2024-11-07 10:50:00,2656.51203202597,OK
2024-11-07 10:55:00,2694.0581801531166,OK
2024-11-07 11:00:00,2675.1942816058977,OK
2024-11-07 11:05:00,2647.2610350747595,OK
2024-11-07 11:10:00,2633.674654013652,OK
2024-11-07 11:15:00,2599.834893560995,OK
2024-11-07 11:20:00,2596.2957902997614,OK
2024-11-07 11:25:00,2474.5550686709626,OK
2024-11-07 11:30:00,2562.4659310234288,OK
2024-11-07 11:35:00,2568.4200075414924,OK
2024-11-07 11:40:00,2579.0505620278955,OK
2024-11-07 11:45:00,2520.698848173552,OK
2024-11-07 11:50:00,-4.821080059731694,OK
2024-11-07 11:55:00,-16.98905555977102,OK
2024-11-07 12:00:00,-30.222870147658828,OK
2024-11-07 12:05:00,2494.465994850121,OK
2024-11-07 12:10:00,2423.996821295732,OK
2024-11-07 12:15:00,2591.2943343672473,OK
2024-11-07 12:20:00,2410.0183369969295,OK
2024-11-07 12:25:00,2416.8757602481915,OK
2024-11-07 12:30:00,2396.405543268455,OK
2024-11-07 12:35:00,2401.7980873943734,OK
2024-11-07 12:40:00,2413.145143120054,OK
2024-11-07 12:45:00,6.517409682051234,OK
2024-11-07 12:50:00,7.477087666370589,OK
2024-11-07 12:55:00,-6.454749186737328,OK
2024-11-07 13:00:00,2313.8136075895804,OK
2024-11-07 13:05:00,2286.0854111562962,OK
2024-11-07 13:10:00,2421.197364049331,OK
2024-11-07 13:15:00,2243.7771464589828,OK
2024-11-07 13:20:00,2406.3189067273515,OK
2024-11-07 13:25:00,2207.9657887605076,OK
2024-11-07 13:30:00,2220.3082735295716,OK
2024-11-07 13:35:00,2473.025562055809,OK
2024-11-07 13:40:00,2295.385786559961,OK
2024-11-07 13:45:00,2338.652584245162,OK
2024-11-07 13:50:00,2242.002788777377,OK
2024-11-07 13:55:00,2174.377222188963,OK
2024-11-07 14:00:00,2326.2401462807175,OK
2024-11-07 14:05:00,2431.22470798574,OK
2024-11-07 14:10:00,2312.5537098205677,OK
2024-11-07 14:15:00,2284.6299997917627,OK
2024-11-07 14:20:00,2310.5832505266685,OK
2024-11-07 14:25:00,9.344502254868098,OK
2024-11-07 14:30:00,0.05319864729375274,OK
2024-11-07 14:35:00,15.440592365905658,OK
2024-11-07 14:40:00,2207.4122988920635,OK
2024-11-07 14:45:00,2311.236747750928,OK
2024-11-07 14:50:00,2199.563950158935,OK
2024-11-07 14:55:00,2132.4160303315944,OK
2024-11-07 15:00:00,2064.0714056744832,OK
2024-11-07 15:05:00,2160.1033230314765,OK
2024-11-07 15:10:00,2170.7726834894365,OK
2024-11-07 15:15:00,2252.189663657744,OK
2024-11-07 15:20:00,-5.2251574845063855,OK
2024-11-07 15:25:00,-14.056533467636974,OK
2024-11-07 15:30:00,7.547473818070493,OK
2024-11-07 15:35:00,2184.4396128011954,OK
2024-11-07 15:40:00,2035.8328451635443,OK
2024-11-07 15:45:00,2123.8368706825595,OK
2024-11-07 15:50:00,2143.233831575456,OK
2024-11-07 15:55:00,2142.1282835221223,OK
2024-11-07 16:00:00,2120.924479074479,OK
2024-11-07 16:05:00,2033.7677957305225,OK
2024-11-07 16:10:00,2090.5286579405006,OK
2024-11-07 16:15:00,2078.9903471715497,OK
2024-11-07 16:20:00,2095.9292920066728,OK
2024-11-07 16:25:00,2131.4606011997043,OK
2024-11-07 16:30:00,1959.4539528041153,OK
2024-11-07 16:35:00,2150.5087428918428,OK
2024-11-07 16:40:00,2136.2021727605065,OK
2024-11-07 16:45:00,2026.6833623902796,OK
2024-11-07 16:50:00,2062.241528691876,OK
2024-11-07 16:55:00,2029.8971911204274,OK
2024-11-07 17:00:00,2005.7338223843392,OK
2024-11-07 17:05:00,2.468780536958304,OK
2024-11-07 17:10:00,0.5682644357083843,OK
2024-11-07 17:15:00,7.145281908621584,OK
2024-11-07 17:20:00,2039.5700441779163,OK
2024-11-07 17:25:00,2123.0205948137523,OK
2024-11-07 17:30:00,2083.012266413484,OK
2024-11-07 17:35:00,2156.5309730521785,OK
2024-11-07 17:40:00,2078.4096852055295,OK
2024-11-07 17:45:00,2143.2286867794783,OK
2024-11-07 17:50:00,2085.7527067040237,OK
2024-11-07 17:55:00,2153.5437330127224,OK
2024-11-07 18:00:00,2131.1990626577804,OK
2024-11-07 18:05:00,2131.4569159273674,OK
2024-11-07 18:10:00,-0.296845057369787,OK
2024-11-07 18:15:00,-21.813331087081917,OK
2024-11-07 18:20:00,7.942407422505262,OK
2024-11-07 18:25:00,2213.9379533833976,OK
2024-11-07 18:30:00,2167.7961619324233,OK
2024-11-07 18:35:00,2161.1164372691446,OK
2024-11-07 18:40:00,2152.2310783499197,OK
2024-11-07 18:45:00,2130.22891283792,OK
2024-11-07 18:50:00,2208.925569462685,OK
2024-11-07 18:55:00,2150.052188870732,OK
2024-11-07 19:00:00,2290.3709542509478,OK
2024-11-07 19:05:00,0.32216344509614125,OK
2024-11-07 19:10:00,-8.363549633629846,OK
2024-11-07 19:15:00,14.949648802493915,OK
2024-11-07 19:20:00,2140.8161615981317,OK
2024-11-07 19:25:00,2121.8273486175817,OK
2024-11-07 19:30:00,2333.892832984802,OK
2024-11-07 19:35:00,2182.744048729924,OK
2024-11-07 19:40:00,2174.6095407004864,OK
2024-11-07 19:45:00,2237.661299248645,OK
2024-11-07 19:50:00,2174.9526718807533,OK
2024-11-07 19:55:00,2209.355878568781,OK
2024-11-07 20:00:00,2305.5147020422874,OK
2024-11-07 20:05:00,2292.147379464394,OK
2024-11-07 20:10:00,2241.6952235520453,OK
2024-11-07 20:15:00,2183.6924995202507,OK
2024-11-07 20:20:00,2199.9897238252415,OK
2024-11-07 20:25:00,2343.5291830376887,OK
2024-11-07 20:30:00,5.848322999391607,OK
2024-11-07 20:35:00,-5.032570261519978,OK
2024-11-07 20:40:00,-13.53401661209116,OK
2024-11-07 20:45:00,2354.95526545155,OK
2024-11-07 20:50:00,2254.066736664019,OK
2024-11-07 20:55:00,2186.0822587218877,OK
2024-11-07 21:00:00,2363.6736826976476,OK
2024-11-07 21:05:00,2341.370137491723,OK
2024-11-07 21:10:00,2292.16296696005,OK
2024-11-07 21:15:00,2352.6039573893127,OK
2024-11-07 21:20:00,2394.237285875773,OK
2024-11-07 21:25:00,2339.296317463466,OK
2024-11-07 21:30:00,-6.676620584603377,OK
2024-11-07 21:35:00,-2.8113235148800464,OK
2024-11-07 21:40:00,3.0759582459642543,OK
2024-11-07 21:45:00,2426.8276577771103,OK
2024-11-07 21:50:00,2425.277497545745,OK
2024-11-07 21:55:00,2373.3729769235697,OK
2024-11-07 22:00:00,2548.5449883917104,OK
2024-11-07 22:05:00,2452.6754333748822,OK
2024-11-07 22:10:00,2454.495402053593,OK
2024-11-07 22:15:00,2604.090712127776,OK
2024-11-07 22:20:00,2486.7310382158594,OK
2024-11-07 22:25:00,2410.4049810406655,OK
2024-11-07 22:30:00,2441.2554519963805,OK
2024-11-07 22:35:00,2549.7422218332895,OK
2024-11-07 22:40:00,2627.468168656812,OK
2024-11-07 22:45:00,2477.652578658911,OK
2024-11-07 22:50:00,2532.036712564573,OK
2024-11-07 22:55:00,2579.41682710674,OK
2024-11-07 23:00:00,-22.904359676233224,OK
2024-11-07 23:05:00,-0.774939950862044,OK
2024-11-07 23:10:00,12.052334161087515,OK
2024-11-07 23:15:00,2501.553310389356,OK
2024-11-07 23:20:00,2524.3459414807844,OK
2024-11-07 23:25:00,2565.049690825453,OK
2024-11-07 23:30:00,2640.4764632689566,OK
2024-11-07 23:35:00,2658.8115503803906,OK
2024-11-07 23:40:00,2759.9992271837514,OK
2024-11-07 23:45:00,2704.4382933817897,OK
2024-11-07 23:50:00,2614.2963115704706,OK
2024-11-07 23:55:00,2743.3350307800256,OK
2024-11-08 00:00:00,-18.77327027291374,OK
2024-11-08 00:05:00,-2.2616294851411904,OK
2024-11-08 00:10:00,-11.890439940684974,OK
2024-11-08 00:15:00,2768.0011891035733,OK
2024-11-08 00:20:00,2776.644044832925,OK
2024-11-08 00:25:00,2704.5188156456525,OK
2024-11-08 00:30:00,2761.290433110203,OK
2024-11-08 00:35:00,2727.340468950353,OK
2024-11-08 00:40:00,2741.3091255001086,OK
2024-11-08 00:45:00,2670.1026948251597,OK
2024-11-08 00:50:00,2754.7741439246947,OK
2024-11-08 00:55:00,2881.552344910377,OK
2024-11-08 01:00:00,2866.0333136163376,OK
2024-11-08 01:05:00,2891.9738453211958,OK
2024-11-08 01:10:00,2789.3276788273783,OK
2024-11-08 01:15:00,2882.2072901668266,OK
2024-11-08 01:20:00,2782.539476765382,OK
2024-11-08 01:25:00,2914.7068313361915,OK
2024-11-08 01:30:00,2784.405630849068,OK
2024-11-08 01:35:00,2888.9935565667993,OK
2024-11-08 01:40:00,2973.488023809807,OK
2024-11-08 01:45:00,3021.079313311353,OK
2024-11-08 01:50:00,2950.954560126441,OK
2024-11-08 01:55:00,2927.3967402667936,OK
2024-11-08 02:00:00,2913.4147098457734,OK
2024-11-08 02:05:00,2976.721655278779,OK
2024-11-08 02:10:00,3033.6816952743743,OK
2024-11-08 02:15:00,3027.661578808267,OK
2024-11-08 02:20:00,2882.6876674872724,OK
2024-11-08 02:25:00,2943.6531306935026,OK
2024-11-08 02:30:00,2979.8909831332817,OK
2024-11-08 02:35:00,2949.4599122999107,OK
2024-11-08 02:40:00,3132.619083170403,OK
2024-11-08 02:45:00,2977.79658498246,OK
2024-11-08 02:50:00,2971.549985452171,OK
2024-11-08 02:55:00,2871.360516246879,OK
2024-11-08 03:00:00,3001.3335603366595,OK
2024-11-08 03:05:00,3036.0526062644853,OK
2024-11-08 03:10:00,2953.9829303242336,OK
2024-11-08 03:15:00,2937.5363780168464,OK
2024-11-08 03:20:00,2910.522408466656,OK
2024-11-08 03:25:00,2932.1523798326125,OK
2024-11-08 03:30:00,2947.018147641629,OK
2024-11-08 03:35:00,2872.8250787168195,OK
2024-11-08 03:40:00,2740.201915965626,OK
2024-11-08 03:45:00,2874.9956143205263,OK
2024-11-08 03:50:00,2862.200911433325,OK
2024-11-08 03:55:00,2786.9680699053242,OK
2024-11-08 04:00:00,2930.6682486415243,OK
2024-11-08 04:05:00,2921.651201560561,OK
2024-11-08 04:10:00,3039.7563488358996,OK
2024-11-08 04:15:00,2954.3834281887976,OK
2024-11-08 04:20:00,2832.6412465227363,OK
2024-11-08 04:25:00,3007.702846620422,OK
2024-11-08 04:30:00,2999.3473531289915,OK
2024-11-08 04:35:00,2819.893901521171,OK
2024-11-08 04:40:00,2801.930248643573,OK
2024-11-08 04:45:00,2664.3779970639334,OK
2024-11-08 04:50:00,2881.278721216499,OK
2024-11-08 04:55:00,2825.3968926468947,OK
2024-11-08 05:00:00,2881.0266482511674,OK
2024-11-08 05:05:00,2737.908963216263,OK
2024-11-08 05:10:00,2767.757089870348,OK
2024-11-08 05:15:00,2766.4751507252136,OK
2024-11-08 05:20:00,2694.709999381592,OK
2024-11-08 05:25:00,2789.43295359224,OK
2024-11-08 05:30:00,2775.106965208597,OK
2024-11-08 05:35:00,2829.8348530787007,OK
2024-11-08 05:40:00,2810.6156991834296,OK
2024-11-08 05:45:00,2752.194691055589,OK
2024-11-08 05:50:00,2864.851548954501,OK
2024-11-08 05:55:00,2783.9607136864947,OK
2024-11-08 06:00:00,2905.787920189297,OK
2024-11-08 06:05:00,2832.7993350587844,OK
2024-11-08 06:10:00,2809.3301521327353,OK
2024-11-08 06:15:00,2735.5683558884966,OK
2024-11-08 06:20:00,2895.079880882209,OK
2024-11-08 06:25:00,2759.141137710186,OK
2024-11-08 06:30:00,2832.03987991264,OK
2024-11-08 06:35:00,2897.6917342318366,OK
2024-11-08 06:40:00,2783.8412879088546,OK
2024-11-08 06:45:00,2890.8562139764617,OK
2024-11-08 06:50:00,2878.450612165847,OK
2024-11-08 06:55:00,2823.5763362428515,OK
2024-11-08 07:00:00,2853.078492535817,OK
2024-11-08 07:05:00,2817.2266158625916,OK
2024-11-08 07:10:00,2750.9234084488908,OK
2024-11-08 07:15:00,2872.89862814553,OK
2024-11-08 07:20:00,2768.6034870319304,OK
2024-11-08 07:25:00,2846.5758440051663,OK
2024-11-08 07:30:00,2819.3075850969276,OK
2024-11-08 07:35:00,2882.5964273371005,OK
2024-11-08 07:40:00,2859.416098423554,OK
2024-11-08 07:45:00,2894.2805588628803,OK
2024-11-08 07:50:00,2799.1401525270903,OK
2024-11-08 07:55:00,2881.3396329285893,OK
2024-11-08 08:00:00,2878.7194985561637,OK
2024-11-08 08:05:00,2913.749039602287,OK
2024-11-08 08:10:00,2879.506607400807,OK
2024-11-08 08:15:00,2984.3863616033964,OK
2024-11-08 08:20:00,2838.8096229344296,OK
2024-11-08 08:25:00,2995.3683715953703,OK
2024-11-08 08:30:00,2879.7323877337167,OK
2024-11-08 08:35:00,2838.8748373396165,OK
2024-11-08 08:40:00,2835.2868618510397,OK
2024-11-08 08:45:00,2876.5718801886396,OK
2024-11-08 08:50:00,2896.7938439804043,OK
2024-11-08 08:55:00,3026.195556616065,OK
2024-11-08 09:00:00,2945.2109839829727,OK
2024-11-08 09:05:00,2783.377109268951,OK
2024-11-08 09:10:00,2951.525563044603,OK
2024-11-08 09:15:00,2912.2741172887536,OK
2024-11-08 09:20:00,3028.47926189193,OK
2024-11-08 09:25:00,2959.354844620823,OK
2024-11-08 09:30:00,2929.6862315416606,OK
2024-11-08 09:35:00,3063.8252890568006,OK
2024-11-08 09:40:00,3076.661815418789,OK
2024-11-08 09:45:00,2773.865936988285,OK
2024-11-08 09:50:00,2838.4654688249107,OK
2024-11-08 09:55:00,2842.4817027622144,OK
2024-11-08 10:00:00,3083.3010870642647,OK
2024-11-08 10:05:00,2845.2683659202953,OK
2024-11-08 10:10:00,3012.471463542068,OK
2024-11-08 10:15:00,2798.9830342922687,OK
2024-11-08 10:20:00,2823.7553388548854,OK
2024-11-08 10:25:00,2795.3015045711973,OK
2024-11-08 10:30:00,2794.822502990414,OK
2024-11-08 10:35:00,2877.7477408355644,OK
2024-11-08 10:40:00,2847.9869847315326,OK
2024-11-08 10:45:00,2866.9878101745453,OK
2024-11-08 10:50:00,2704.545707152942,OK
2024-11-08 10:55:00,2682.125124793101,OK
2024-11-08 11:00:00,,MISSING
2024-11-08 11:05:00,2770.8198214436206,OK
2024-11-08 11:10:00,2665.7722931372273,OK
2024-11-08 11:15:00,2590.394913715686,OK
2024-11-08 11:20:00,2564.1171812272073,OK
2024-11-08 11:25:00,2721.6689636874103,OK
2024-11-08 11:30:00,2579.476805545999,OK
2024-11-08 11:35:00,2698.828351697514,OK
2024-11-08 11:40:00,2603.9739479122413,OK
2024-11-08 11:45:00,2677.586904520475,OK
2024-11-08 11:50:00,2663.0458170193724,OK
2024-11-08 11:55:00,21.233639261531074,OK
2024-11-08 12:00:00,9.44985449302812,OK
2024-11-08 12:05:00,-7.0231582555372825,OK
2024-11-08 12:10:00,2563.920290796065,OK
2024-11-08 12:15:00,2635.240222578966,OK
2024-11-08 12:20:00,2743.8816101757106,OK
2024-11-08 12:25:00,2472.131753807703,OK
2024-11-08 12:30:00,2448.953131735553,OK
2024-11-08 12:35:00,2564.283949234202,OK
2024-11-08 12:40:00,2585.357766197856,OK
2024-11-08 12:45:00,2433.6572239565116,OK
2024-11-08 12:50:00,2351.262328328242,OK
2024-11-08 12:55:00,2481.9402565744144,OK
2024-11-08 13:00:00,-30.665794410351946,OK
2024-11-08 13:05:00,-11.911238307056214,OK
2024-11-08 13:10:00,-7.454865003446016,OK
2024-11-08 13:15:00,2491.326830707423,OK
2024-11-08 13:20:00,2392.048832394693,OK
2024-11-08 13:25:00,2411.495748302752,OK
2024-11-08 13:30:00,2342.5592148701267,OK
2024-11-08 13:35:00,2327.183483729461,OK
2024-11-08 13:40:00,2378.5023444780363,OK
2024-11-08 13:45:00,2257.0823859115962,OK
2024-11-08 13:50:00,2358.6743798454554,OK
2024-11-08 13:55:00,2269.9697878099732,OK
2024-11-08 14:00:00,2370.9344919704536,OK
2024-11-08 14:05:00,2354.8416919903766,OK
2024-11-08 14:10:00,2397.535539972225,OK
2024-11-08 14:15:00,2264.4683011404313,OK
2024-11-08 14:20:00,2332.662329364578,OK
2024-11-08 14:25:00,-8.75204718182611,OK
2024-11-08 14:30:00,43.74990953303265,OK
2024-11-08 14:35:00,5.250724677057332,OK
2024-11-08 14:40:00,2204.349198312663,OK
2024-11-08 14:45:00,2225.445625639584,OK
2024-11-08 14:50:00,2117.69238734371,OK
2024-11-08 14:55:00,2320.3232301816292,OK
2024-11-08 15:00:00,2268.6551252243003,OK
2024-11-08 15:05:00,2179.725120514681,OK
2024-11-08 15:10:00,2167.5998294939354,OK
2024-11-08 15:15:00,2191.5435875447665,OK
2024-11-08 15:20:00,2199.6593579512128,OK
2024-11-08 15:25:00,2158.559383810839,OK
2024-11-08 15:30:00,20.423683588263966,OK
2024-11-08 15:35:00,2.0295227155960824,OK
2024-11-08 15:40:00,-17.70531822833732,OK
2024-11-08 15:45:00,2071.820885163105,OK
2024-11-08 15:50:00,2136.514862928219,OK
2024-11-08 15:55:00,2144.1467908846844,OK
2024-11-08 16:00:00,2114.975206308931,OK
2024-11-08 16:05:00,2015.5251753350447,OK
2024-11-08 16:10:00,2029.1694221243517,OK
2024-11-08 16:15:00,2122.2512367926056,OK
2024-11-08 16:20:00,2052.8941748978486,OK
2024-11-08 16:25:00,1997.6488832831574,OK
2024-11-08 16:30:00,2.7271888419947783,OK
2024-11-08 16:35:00,-9.772477434979798,OK
2024-11-08 16:40:00,-12.014563696680003,OK
2024-11-08 16:45:00,1959.4749937541892,OK
2024-11-08 16:50:00,2074.7139326916595,OK
2024-11-08 16:55:00,2091.3527829170434,OK
2024-11-08 17:00:00,2105.4746479914347,OK
2024-11-08 17:05:00,1984.861732282676,OK
2024-11-08 17:10:00,2085.8797253390567,OK
2024-11-08 17:15:00,2040.4747119666827,OK
2024-11-08 17:20:00,2050.274495884582,OK
2024-11-08 17:25:00,2127.051350600015,OK
2024-11-08 17:30:00,2006.604494525432,OK
2024-11-08 17:35:00,2068.766825418975,OK
2024-11-08 17:40:00,2036.93862196021,OK
2024-11-08 17:45:00,1994.9304049550497,OK
2024-11-08 17:50:00,2024.0550504180633,OK
2024-11-08 17:55:00,2011.3449058633678,OK
2024-11-08 18:00:00,0.5097871625283895,OK
2024-11-08 18:05:00,4.195884215399352,OK
2024-11-08 18:10:00,0.3951060217539717,OK
2024-11-08 18:15:00,1937.03374999585,OK
2024-11-08 18:20:00,1975.3456005852847,OK
2024-11-08 18:25:00,1983.8390997375718,OK
2024-11-08 18:30:00,2100.843879967484,OK
2024-11-08 18:35:00,1999.9496989158094,OK
2024-11-08 18:40:00,2003.091446878883,OK
2024-11-08 18:45:00,2061.605580763357,OK
2024-11-08 18:50:00,2038.1222213995793,OK
2024-11-08 18:55:00,2077.017398816551,OK
2024-11-08 19:00:00,2111.885761985448,OK
2024-11-08 19:05:00,2029.944817244385,OK
2024-11-08 19:10:00,1981.1078068649952,OK
2024-11-08 19:15:00,2050.974606878031,OK
2024-11-08 19:20:00,2067.909392816423,OK
2024-11-08 19:25:00,2067.154677615111,OK
2024-11-08 19:30:00,2060.981052796726,OK
2024-11-08 19:35:00,2035.6529266361574,OK
2024-11-08 19:40:00,2171.2428940645823,OK
2024-11-08 19:45:00,2120.442303244402,OK
2024-11-08 19:50:00,2131.951782397801,OK
2024-11-08 19:55:00,26.76320555708772,OK
2024-11-08 20:00:00,-32.815660369735184,OK
2024-11-08 20:05:00,-3.649609672083775,OK
2024-11-08 20:10:00,2200.5336746631233,OK
2024-11-08 20:15:00,2144.3723898426942,OK
2024-11-08 20:20:00,2139.3327100496526,OK
2024-11-08 20:25:00,2340.6431855886194,OK
2024-11-08 20:30:00,2158.3326469690614,OK
2024-11-08 20:35:00,2130.748249449236,OK
2024-11-08 20:40:00,2214.436323716977,OK
2024-11-08 20:45:00,2169.2395854503848,OK
2024-11-08 20:50:00,-17.334051190180023,OK
2024-11-08 20:55:00,8.150556309897675,OK
2024-11-08 21:00:00,-6.758166803852532,OK
2024-11-08 21:05:00,2334.286525702234,OK
2024-11-08 21:10:00,2124.109257448046,OK
2024-11-08 21:15:00,2305.00511164558,OK
2024-11-08 21:20:00,2280.662448893673,OK
2024-11-08 21:25:00,2283.72123838945,OK
2024-11-08 21:30:00,2368.5666601375196,OK
2024-11-08 21:35:00,2314.6951115667316,OK
2024-11-08 21:40:00,2297.111020379551,OK
2024-11-08 21:45:00,2353.039555699818,OK
2024-11-08 21:50:00,2405.1425967501837,OK
2024-11-08 21:55:00,-22.36734839737944,OK
2024-11-08 22:00:00,28.914771346259535,OK
2024-11-08 22:05:00,-13.98899686936513,OK
2024-11-08 22:10:00,2294.3742377889216,OK
2024-11-08 22:15:00,2429.6222336606984,OK
2024-11-08 22:20:00,2510.3560840122227,OK
2024-11-08 22:25:00,2579.466052674725,OK
2024-11-08 22:30:00,2497.1617081808886,OK
2024-11-08 22:35:00,2507.9406112939687,OK
2024-11-08 22:40:00,2334.4616459683816,OK
2024-11-08 22:45:00,2341.9225422277887,OK
2024-11-08 22:50:00,2391.640530011665,OK
2024-11-08 22:55:00,3.9254560919042287,OK
2024-11-08 23:00:00,2.390078779350514,OK
2024-11-08 23:05:00,-6.300974856701072,OK
2024-11-08 23:10:00,2411.636955630136,OK
2024-11-08 23:15:00,2421.18328050873,OK
2024-11-08 23:20:00,2460.442095615625,OK
2024-11-08 23:25:00,2388.362981727526,OK
2024-11-08 23:30:00,2572.989804645027,OK
2024-11-08 23:35:00,2553.2152291213674,OK
2024-11-08 23:40:00,2548.780674334998,OK
2024-11-08 23:45:00,2582.3072545111268,OK
2024-11-08 23:50:00,8.222549795941024,OK
2024-11-08 23:55:00,6.717203025498061,OK
2024-11-09 00:00:00,1.0897275848143566,OK
2024-11-09 00:05:00,2551.0825837815087,OK
2024-11-09 00:10:00,2649.944990257854,OK
2024-11-09 00:15:00,2599.9905368578693,OK
2024-11-09 00:20:00,2617.068180069996,OK
2024-11-09 00:25:00,2650.6596072885554,OK
2024-11-09 00:30:00,2649.804987075175,OK
2024-11-09 00:35:00,2613.875935911797,OK
2024-11-09 00:40:00,2641.18112691791,OK
2024-11-09 00:45:00,2732.153635124792,OK
2024-11-09 00:50:00,-12.41245687088593,OK
2024-11-09 00:55:00,16.62890147770009,OK
2024-11-09 01:00:00,28.407443678059487,OK
2024-11-09 01:05:00,2793.753585213689,OK
2024-11-09 01:10:00,2714.8888865194094,OK
2024-11-09 01:15:00,2740.0535319685573,OK
2024-11-09 01:20:00,2673.8503215498868,OK
2024-11-09 01:25:00,2824.614618156786,OK
2024-11-09 01:30:00,2774.739163247605,OK
2024-11-09 01:35:00,2810.435268252069,OK
2024-11-09 01:40:00,2877.3303090926665,OK
2024-11-09 01:45:00,2720.801031001034,OK
2024-11-09 01:50:00,2846.808865025357,OK
2024-11-09 01:55:00,2864.8077121172146,OK
2024-11-09 02:00:00,2726.4307088902433,OK
2024-11-09 02:05:00,2777.027861705913,OK
2024-11-09 02:10:00,2778.4899940334712,OK
2024-11-09 02:15:00,2765.400793409196,OK
2024-11-09 02:20:00,2872.3089145144,OK
2024-11-09 02:25:00,2921.310262125301,OK
2024-11-09 02:30:00,2888.3967726866745,OK
2024-11-09 02:35:00,3014.2254104123017,OK
2024-11-09 02:40:00,2917.2097682444833,OK
2024-11-09 02:45:00,2853.244104716999,OK
2024-11-09 02:50:00,2855.5841995100973,OK
2024-11-09 02:55:00,2869.095796008704,OK
2024-11-09 03:00:00,2865.851224339237,OK
2024-11-09 03:05:00,3012.8517924484854,OK
2024-11-09 03:10:00,2890.6362259422626,OK
2024-11-09 03:15:00,2940.0710698391085,OK
2024-11-09 03:20:00,2992.8519970644074,OK
2024-11-09 03:25:00,2927.900741010821,OK
2024-11-09 03:30:00,2939.4953037115315,OK
2024-11-09 03:35:00,2943.3627074539313,OK
2024-11-09 03:40:00,2936.3148278649423,OK
2024-11-09 03:45:00,2892.634532487537,OK
2024-11-09 03:50:00,2883.3058974172063,OK
2024-11-09 03:55:00,2896.3394667189737,OK
2024-11-09 04:00:00,2987.9328586524202,OK
2024-11-09 04:05:00,2890.094800571942,OK
2024-11-09 04:10:00,2888.9623126566253,OK
2024-11-09 04:15:00,2940.5153997361003,OK
2024-11-09 04:20:00,3068.3994237255542,OK
2024-11-09 04:25:00,3042.531424360216,OK
2024-11-09 04:30:00,2977.074022217445,OK
2024-11-09 04:35:00,2956.865607850642,OK
2024-11-09 04:40:00,2989.5050307152105,OK
2024-11-09 04:45:00,2990.065295087981,OK
2024-11-09 04:50:00,2938.80541680485,OK
2024-11-09 04:55:00,2946.9314287175403,OK
2024-11-09 05:00:00,2915.770746710395,OK
2024-11-09 05:05:00,2893.2368353487786,OK
2024-11-09 05:10:00,2797.502356287202,OK
2024-11-09 05:15:00,2937.1981307014057,OK
2024-11-09 05:20:00,2931.00658461777,OK
2024-11-09 05:25:00,2971.314450956458,OK
2024-11-09 05:30:00,2902.629565346703,OK
2024-11-09 05:35:00,2996.080588081201,OK
2024-11-09 05:40:00,3053.5953831052975,OK
2024-11-09 05:45:00,2988.4326628493873,OK
2024-11-09 05:50:00,3048.4213956311078,OK
2024-11-09 05:55:00,2959.634226538232,OK
2024-11-09 06:00:00,3014.7567907729785,OK
2024-11-09 06:05:00,2950.1716941749223,OK
2024-11-09 06:10:00,2863.49072115377,OK
2024-11-09 06:15:00,3025.4941249375106,OK
2024-11-09 06:20:00,3030.9376253590426,OK
2024-11-09 06:25:00,2944.978413289668,OK
2024-11-09 06:30:00,3039.361780804266,OK
2024-11-09 06:35:00,2967.0818053335456,OK
2024-11-09 06:40:00,2903.1845884801114,OK
2024-11-09 06:45:00,3041.4007452299497,OK
2024-11-09 06:50:00,2976.2935149606787,OK
2024-11-09 06:55:00,2920.0832112588296,OK
2024-11-09 07:00:00,2959.0638758421833,OK
2024-11-09 07:05:00,2960.8751810995045,OK
2024-11-09 07:10:00,2849.784649193799,OK
2024-11-09 07:15:00,2929.8818600758154,OK
2024-11-09 07:20:00,2898.3632065239863,OK
2024-11-09 07:25:00,3010.465189776483,OK
2024-11-09 07:30:00,3025.8297416818345,OK
2024-11-09 07:35:00,2993.6208320926085,OK
2024-11-09 07:40:00,2957.9903743727723,OK
2024-11-09 07:45:00,2959.609517234696,OK
2024-11-09 07:50:00,2941.5914667684187,OK
2024-11-09 07:55:00,3022.9822965544704,OK
2024-11-09 08:00:00,2980.4339878287424,OK
2024-11-09 08:05:00,2957.3381981194293,OK
2024-11-09 08:10:00,2884.9701129147556,OK
2024-11-09 08:15:00,2849.200898336514,OK
2024-11-09 08:20:00,2946.366881668067,OK
2024-11-09 08:25:00,2878.30836658346,OK
2024-11-09 08:30:00,2995.1748715986373,OK
2024-11-09 08:35:00,3005.6473088474418,OK
2024-11-09 08:40:00,2963.137597784797,OK
2024-11-09 08:45:00,2783.0508295459404,OK
2024-11-09 08:50:00,2865.4760142455175,OK
2024-11-09 08:55:00,2986.367095699694,OK
2024-11-09 09:00:00,2885.2544708204127,OK
2024-11-09 09:05:00,2805.1075028477703,OK
2024-11-09 09:10:00,2931.925276709689,OK
2024-11-09 09:15:00,2808.449810359521,OK
2024-11-09 09:20:00,2945.384994970247,OK
2024-11-09 09:25:00,2915.545749744739,OK
2024-11-09 09:30:00,2856.2802858169034,OK
2024-11-09 09:35:00,2926.240781552597,OK
2024-11-09 09:40:00,2795.198596487349,OK
2024-11-09 09:45:00,2852.402920106255,OK
2024-11-09 09:50:00,2852.4500264738845,OK
2024-11-09 09:55:00,2737.3737577038437,OK
2024-11-09 10:00:00,2704.1041576785656,OK
2024-11-09 10:05:00,2700.8614289202337,OK
2024-11-09 10:10:00,2811.0366566433177,OK
2024-11-09 10:15:00,2752.2572257184465,OK
2024-11-09 10:20:00,2801.5377368021045,OK
2024-11-09 10:25:00,2702.8130057425387,OK
2024-11-09 10:30:00,2749.3631836603745,OK
2024-11-09 10:35:00,2689.1123418686657,OK
2024-11-09 10:40:00,2717.906414349579,OK
2024-11-09 10:45:00,2662.135508624657,OK
2024-11-09 10:50:00,9.196661608255377,OK
2024-11-09 10:55:00,-7.261949185538244,OK
2024-11-09 11:00:00,-30.167634594944495,OK
2024-11-09 11:05:00,2611.6823441465176,OK
2024-11-09 11:10:00,2777.209436424879,OK
2024-11-09 11:15:00,2510.630169467706,OK
2024-11-09 11:20:00,2552.2625515849627,OK
2024-11-09 11:25:00,2756.4340081165847,OK
2024-11-09 11:30:00,2689.9700189432174,OK
2024-11-09 11:35:00,2570.3844929527872,OK
2024-11-09 11:40:00,2468.9445704382647,OK
2024-11-09 11:45:00,2524.6289985114727,OK
2024-11-09 11:50:00,2490.3254111832043,OK
2024-11-09 11:55:00,2589.512872619963,OK
2024-11-09 12:00:00,2490.560077777387,OK
2024-11-09 12:05:00,5.516162471734074,OK
2024-11-09 12:10:00,-5.993452751807823,OK
2024-11-09 12:15:00,-8.949196005659978,OK
2024-11-09 12:20:00,2398.744018248441,OK
2024-11-09 12:25:00,2289.804344535912,OK
2024-11-09 12:30:00,2438.605285691985,OK
2024-11-09 12:35:00,2502.700745760234,OK
2024-11-09 12:40:00,2318.9708228533855,OK
2024-11-09 12:45:00,2324.028976101967,OK
2024-11-09 12:50:00,2359.981273693035,OK
2024-11-09 12:55:00,2341.9624432562946,OK
2024-11-09 13:00:00,2425.9907316657286,OK
2024-11-09 13:05:00,2425.112756254321,OK
2024-11-09 13:10:00,2429.2285454809635,OK
2024-11-09 13:15:00,1.381345286596055,OK
2024-11-09 13:20:00,19.167694304722936,OK
2024-11-09 13:25:00,-17.597391943545254,OK
2024-11-09 13:30:00,2469.036419063978,OK
2024-11-09 13:35:00,2264.8586805941704,OK
2024-11-09 13:40:00,2282.135046397394,OK
2024-11-09 13:45:00,2211.5215654318413,OK
2024-11-09 13:50:00,2328.782139370955,OK
2024-11-09 13:55:00,2350.8069069015946,OK
2024-11-09 14:00:00,2372.9045456370523,OK
2024-11-09 14:05:00,2309.719438932351,OK
2024-11-09 14:10:00,2275.575182496177,OK
2024-11-09 14:15:00,2253.227965845151,OK
2024-11-09 14:20:00,2405.4857921894377,OK
2024-11-09 14:25:00,2190.157451675981,OK
2024-11-09 14:30:00,2393.346252913273,OK
2024-11-09 14:35:00,2230.9016884821026,OK
2024-11-09 14:40:00,2138.4597235159526,OK
2024-11-09 14:45:00,2164.4374325367435,OK
2024-11-09 14:50:00,2060.231663131185,OK
2024-11-09 14:55:00,6.300274802988532,OK
2024-11-09 15:00:00,18.479073738046424,OK
2024-11-09 15:05:00,27.66553581281882,OK
2024-11-09 15:10:00,2190.316276882279,OK
2024-11-09 15:15:00,2125.1329057299863,OK
2024-11-09 15:20:00,2143.624459074074,OK
2024-11-09 15:25:00,2079.58690872706,OK
2024-11-09 15:30:00,2002.0434733476702,OK
2024-11-09 15:35:00,2099.5572564331633,OK
2024-11-09 15:40:00,1987.0038559224167,OK
2024-11-09 15:45:00,2093.220141349629,OK
2024-11-09 15:50:00,2049.088874687334,OK
2024-11-09 15:55:00,2040.1109589984853,OK
2024-11-09 16:00:00,1962.3175902165235,OK
2024-11-09 16:05:00,2012.5447713470267,OK
2024-11-09 16:10:00,2010.7691865770569,OK
2024-11-09 16:15:00,1967.0932455869513,OK
2024-11-09 16:20:00,1993.8923913961287,OK
2024-11-09 16:25:00,2011.0635569973213,OK
2024-11-09 16:30:00,2025.595550656116,OK
2024-11-09 16:35:00,1953.276382046,OK
2024-11-09 16:40:00,1944.357606997179,OK
2024-11-09 16:45:00,1939.544826377071,OK
2024-11-09 16:50:00,14.33141138639152,OK
2024-11-09 16:55:00,13.280792495891665,OK
2024-11-09 17:00:00,8.384666356666179,OK
2024-11-09 17:05:00,1959.7859579025965,OK
2024-11-09 17:10:00,1802.0488894379698,OK
2024-11-09 17:15:00,1999.7598849333963,OK
2024-11-09 17:20:00,2013.8426794491643,OK
2024-11-09 17:25:00,1907.6532983565326,OK
2024-11-09 17:30:00,1886.0068518960577,OK
2024-11-09 17:35:00,1933.5065383184767,OK
2024-11-09 17:40:00,1834.2216569527782,OK
2024-11-09 17:45:00,1849.4418854746032,OK
2024-11-09 17:50:00,1965.1176484082507,OK
2024-11-09 17:55:00,1855.72743012563,OK
2024-11-09 18:00:00,1831.0389568997346,OK
2024-11-09 18:05:00,1872.7093381485358,OK
2024-11-09 18:10:00,1966.2594725650845,OK
2024-11-09 18:15:00,1958.10769246557,OK
2024-11-09 18:20:00,1865.8183074822784,OK
2024-11-09 18:25:00,1852.9777326955134,OK
2024-11-09 18:30:00,1941.4160825720462,OK
2024-11-09 18:35:00,1837.1185541027303,OK
2024-11-09 18:40:00,1976.0622010107033,OK
2024-11-09 18:45:00,1845.628309237625,OK
2024-11-09 18:50:00,1839.5953845998997,OK
2024-11-09 18:55:00,1870.0507278487487,OK
2024-11-09 19:00:00,1916.4160737951918,OK
2024-11-09 19:05:00,1824.3914130199062,OK
2024-11-09 19:10:00,1846.313423351171,OK
2024-11-09 19:15:00,1971.9593613736022,OK
2024-11-09 19:20:00,1837.1643890737737,OK
2024-11-09 19:25:00,1904.8665602403214,OK
2024-11-09 19:30:00,1866.3423416426606,OK
2024-11-09 19:35:00,1952.731694793258,OK
2024-11-09 19:40:00,1888.4757646653832,OK
2024-11-09 19:45:00,1974.512441178511,OK
2024-11-09 19:50:00,1831.504411441026,OK
2024-11-09 19:55:00,1936.779128731662,OK
2024-11-09 20:00:00,1874.561100792778,OK
2024-11-09 20:05:00,1963.2712021097614,OK
2024-11-09 20:10:00,1957.5364852548657,OK
2024-11-09 20:15:00,1985.1609756542011,OK
2024-11-09 20:20:00,1856.5213697865377,OK
2024-11-09 20:25:00,1884.7448871465658,OK
2024-11-09 20:30:00,2058.098555709269,OK
2024-11-09 20:35:00,2051.566636284466,OK
2024-11-09 20:40:00,2.053696842175018,OK
2024-11-09 20:45:00,30.005084626964646,OK
2024-11-09 20:50:00,-19.31946453300617,OK
2024-11-09 20:55:00,2064.3121071446826,OK
2024-11-09 21:00:00,2062.8577009623336,OK
2024-11-09 21:05:00,2061.6185811793084,OK
2024-11-09 21:10:00,2067.8222668680005,OK
2024-11-09 21:15:00,1918.0523815204724,OK
2024-11-09 21:20:00,2055.654400991272,OK
2024-11-09 21:25:00,2103.250478534854,OK
2024-11-09 21:30:00,2048.056404602784,OK
2024-11-09 21:35:00,1995.2454377619615,OK
2024-11-09 21:40:00,2006.169041871486,OK
2024-11-09 21:45:00,2058.590271132189,OK
2024-11-09 21:50:00,2234.905701843153,OK
2024-11-09 21:55:00,2100.5533913615754,OK
2024-11-09 22:00:00,1986.9218263188786,OK
2024-11-09 22:05:00,3.0441806345808176,OK
2024-11-09 22:10:00,4.740031902504179,OK
2024-11-09 22:15:00,-16.900899897478205,OK
2024-11-09 22:20:00,2012.4436990884324,OK
2024-11-09 22:25:00,2165.502399784056,OK
2024-11-09 22:30:00,2151.8062303554966,OK
2024-11-09 22:35:00,2102.140287203862,OK
2024-11-09 22:40:00,2181.2875470407994,OK
2024-11-09 22:45:00,2136.1886526619587,OK
2024-11-09 22:50:00,2129.3422368138977,OK
2024-11-09 22:55:00,2206.1738718856327,OK
2024-11-09 23:00:00,-33.35396590353273,OK
2024-11-09 23:05:00,9.534167266725545,OK
2024-11-09 23:10:00,-6.5363044748030985,OK
2024-11-09 23:15:00,2234.3215188718423,OK
2024-11-09 23:20:00,2285.9664024002204,OK
2024-11-09 23:25:00,2231.1979783978127,OK
2024-11-09 23:30:00,2250.0458111685916,OK
2024-11-09 23:35:00,2216.882864076557,OK
2024-11-09 23:40:00,2335.688731122012,OK
2024-11-09 23:45:00,2234.3048809914517,OK
2024-11-09 23:50:00,2237.770001242715,OK
2024-11-09 23:55:00,2254.9784983865893,OK
2024-11-10 00:00:00,17.176740051335504,OK
2024-11-10 00:05:00,8.789555851207288,OK
2024-11-10 00:10:00,-9.771774719386416,OK
2024-11-10 00:15:00,2411.089846067651,OK
2024-11-10 00:20:00,2393.8331624431116,OK
2024-11-10 00:25:00,2375.903083544974,OK
2024-11-10 00:30:00,2327.13444625851,OK
2024-11-10 00:35:00,2505.9936645564044,OK
2024-11-10 00:40:00,2370.905952546793,OK
2024-11-10 00:45:00,2413.5614185589884,OK
2024-11-10 00:50:00,2361.84086752765,OK
2024-11-10 00:55:00,2376.3154244869816,OK
2024-11-10 01:00:00,2447.1989604670825,OK
2024-11-10 01:05:00,2414.050225805859,OK
2024-11-10 01:10:00,2334.131961488724,OK
2024-11-10 01:15:00,2530.863994159475,OK
2024-11-10 01:20:00,2526.704874997618,OK
2024-11-10 01:25:00,2625.69971768972,OK
2024-11-10 01:30:00,2598.993731153509,OK
2024-11-10 01:35:00,2595.487393803077,OK
2024-11-10 01:40:00,2555.7451384139977,OK
2024-11-10 01:45:00,-8.561095922342114,OK
2024-11-10 01:50:00,-16.514891282048566,OK
2024-11-10 01:55:00,-12.288877482499442,OK
2024-11-10 02:00:00,2682.841329121914,OK
2024-11-10 02:05:00,2609.1607117281446,OK
2024-11-10 02:10:00,2571.991604072805,OK
2024-11-10 02:15:00,2530.793378433902,OK
2024-11-10 02:20:00,2647.37184061618,OK
2024-11-10 02:25:00,2786.9265128800857,OK
2024-11-10 02:30:00,2643.861354187662,OK
2024-11-10 02:35:00,2799.509603913287,OK
2024-11-10 02:40:00,2658.610614412879,OK
2024-11-10 02:45:00,2775.3893103636774,OK
2024-11-10 02:50:00,2700.476502108645,OK
2024-11-10 02:55:00,2701.615725165305,OK
2024-11-10 03:00:00,2722.6002217104246,OK
2024-11-10 03:05:00,1.5960396426979422,OK
2024-11-10 03:10:00,-13.76136261293685,OK
2024-11-10 03:15:00,-11.632589023816275,OK
2024-11-10 03:20:00,2888.0203009100696,OK
2024-11-10 03:25:00,2767.2834323919487,OK
2024-11-10 03:30:00,2841.170235703098,OK
2024-11-10 03:35:00,2805.571702787542,OK
2024-11-10 03:40:00,2829.6105201623473,OK
2024-11-10 03:45:00,2666.0517863005343,OK
2024-11-10 03:50:00,2678.7266806850857,OK
2024-11-10 03:55:00,2898.7014257490846,OK
2024-11-10 04:00:00,2791.184774279344,OK
2024-11-10 04:05:00,2772.0828791122076,OK
2024-11-10 04:10:00,2885.458076640724,OK
2024-11-10 04:15:00,2796.997445062474,OK
2024-11-10 04:20:00,2865.8905675146525,OK
2024-11-10 04:25:00,2818.1721139907663,OK
2024-11-10 04:30:00,2823.62248761997,OK
2024-11-10 04:35:00,2825.5112803509815,OK
2024-11-10 04:40:00,2892.050464124025,OK
2024-11-10 04:45:00,2845.3328562645734,OK
2024-11-10 04:50:00,2884.211775494084,OK
2024-11-10 04:55:00,2804.2376078301104,OK
2024-11-10 05:00:00,2875.523350990471,OK
2024-11-10 05:05:00,2898.223285576472,OK
2024-11-10 05:10:00,2884.685145855616,OK
2024-11-10 05:15:00,2891.447222445397,OK
2024-11-10 05:20:00,2927.1898920665312,OK
2024-11-10 05:25:00,2907.4293851005887,OK
2024-11-10 05:30:00,2943.837275363703,OK
2024-11-10 05:35:00,2804.7441333432967,OK
2024-11-10 05:40:00,2859.4292979125257,OK
2024-11-10 05:45:00,2850.6267914976434,OK
2024-11-10 05:50:00,2834.45030970599,OK
2024-11-10 05:55:00,2976.9861676026744,OK
2024-11-10 06:00:00,2803.01467465703,OK
2024-11-10 06:05:00,2947.2745137605525,OK
2024-11-10 06:10:00,2746.4471606561738,OK
2024-11-10 06:15:00,2795.1906625322795,OK
2024-11-10 06:20:00,2817.137176290788,OK
2024-11-10 06:25:00,2966.4411657505925,OK
2024-11-10 06:30:00,2930.897838730333,OK
2024-11-10 06:35:00,2925.6340466876723,OK
2024-11-10 06:40:00,2939.917602738113,OK
2024-11-10 06:45:00,2882.3056169762344,OK
2024-11-10 06:50:00,2908.293280734115,OK
2024-11-10 06:55:00,2815.4313512415197,OK
2024-11-10 07:00:00,2848.216320872532,OK
2024-11-10 07:05:00,2885.29306098302,OK
2024-11-10 07:10:00,2796.907301993375,OK
2024-11-10 07:15:00,3007.578892925714,OK
2024-11-10 07:20:00,2762.194418844415,OK
2024-11-10 07:25:00,-21.44664972986361,OK
2024-11-10 07:30:00,15.996491231971602,OK
2024-11-10 07:35:00,1.0268880469038357,OK
2024-11-10 07:40:00,2809.938485884519,OK
2024-11-10 07:45:00,2709.6647142695338,OK
2024-11-10 07:50:00,2786.4224503180535,OK
2024-11-10 07:55:00,2810.9715270212178,OK
2024-11-10 08:00:00,2841.8497750854904,OK
2024-11-10 08:05:00,2780.738055096651,OK
2024-11-10 08:10:00,2931.1014624818695,OK
2024-11-10 08:15:00,2868.5825942440115,OK
2024-11-10 08:20:00,2853.423822903433,OK
2024-11-10 08:25:00,2828.362618055605,OK
2024-11-10 08:30:00,2626.170517561794,OK
2024-11-10 08:35:00,2763.3991435499443,OK
2024-11-10 08:40:00,2825.764558812632,OK
2024-11-10 08:45:00,2756.6641143549045,OK
2024-11-10 08:50:00,2758.487676074057,OK
2024-11-10 08:55:00,2659.690185871369,OK
2024-11-10 09:00:00,2791.0571922752283,OK
2024-11-10 09:05:00,2663.900512446823,OK
2024-11-10 09:10:00,2607.641859188043,OK
2024-11-10 09:15:00,2853.7391580461162,OK
2024-11-10 09:20:00,2607.020442009632,OK
2024-11-10 09:25:00,2662.748101144126,OK
2024-11-10 09:30:00,2650.3568923838516,OK
2024-11-10 09:35:00,2587.864631890119,OK
2024-11-10 09:40:00,2586.1289172838383,OK
2024-11-10 09:45:00,2639.964477046472,OK
2024-11-10 09:50:00,2663.740909470116,OK
2024-11-10 09:55:00,2512.9615135661516,OK
2024-11-10 10:00:00,2628.695788619721,OK
2024-11-10 10:05:00,6.526531750061238,OK
2024-11-10 10:10:00,5.528763460495677,OK
2024-11-10 10:15:00,12.395885487430604,OK
2024-11-10 10:20:00,2583.86919197708,OK
2024-11-10 10:25:00,2647.7869900599353,OK
2024-11-10 10:30:00,2438.283550966648,OK
2024-11-10 10:35:00,2582.7131683870484,OK
2024-11-10 10:40:00,2415.0344512737124,OK
2024-11-10 10:45:00,2471.076737197439,OK
2024-11-10 10:50:00,2451.1672137088153,OK
2024-11-10 10:55:00,2486.4842640760367,OK
2024-11-10 11:00:00,2398.0730744796138,OK
2024-11-10 11:05:00,16.362324393270555,OK
2024-11-10 11:10:00,-16.93135148054487,OK
2024-11-10 11:15:00,16.20594231296338,OK
2024-11-10 11:20:00,2420.6468297861543,OK
2024-11-10 11:25:00,2403.8755026358426,OK
2024-11-10 11:30:00,2397.3194157860066,OK
2024-11-10 11:35:00,2426.623526331298,OK
2024-11-10 11:40:00,2459.852431585631,OK
2024-11-10 11:45:00,2311.8552776340757,OK
2024-11-10 11:50:00,2339.445685149723,OK
2024-11-10 11:55:00,2379.4312660284886,OK
2024-11-10 12:00:00,-12.340623501462883,OK
2024-11-10 12:05:00,-12.590898294434515,OK
2024-11-10 12:10:00,11.756723148006591,OK
2024-11-10 12:15:00,2258.9352061970967,OK
2024-11-10 12:20:00,2154.916961018538,OK
2024-11-10 12:25:00,2285.015259174446,OK
2024-11-10 12:30:00,2154.713589518384,OK
2024-11-10 12:35:00,2356.8694091634725,OK
2024-11-10 12:40:00,2237.2400780037706,OK
2024-11-10 12:45:00,2173.796699347963,OK
2024-11-10 12:50:00,2154.9814147624966,OK
2024-11-10 12:55:00,2414.2517944928154,OK
2024-11-10 13:00:00,2200.3155634858267,OK
2024-11-10 13:05:00,2039.903796197863,OK
2024-11-10 13:10:00,2270.6492022743273,OK
2024-11-10 13:15:00,2160.3696799875083,OK
2024-11-10 13:20:00,2215.3982415116825,OK
2024-11-10 13:25:00,2039.022558651226,OK
2024-11-10 13:30:00,-17.319413962428488,OK
2024-11-10 13:35:00,24.80780180566603,OK
2024-11-10 13:40:00,23.18929926209031,OK
2024-11-10 13:45:00,1998.8397728913603,OK
2024-11-10 13:50:00,2075.04676235351,OK
2024-11-10 13:55:00,2001.3935311151415,OK
2024-11-10 14:00:00,2060.813430724197,OK
2024-11-10 14:05:00,2073.759666034675,OK
2024-11-10 14:10:00,2046.938210546835,OK
2024-11-10 14:15:00,1890.1262634543607,OK
2024-11-10 14:20:00,1902.1160137157103,OK
2024-11-10 14:25:00,2046.594218591375,OK
2024-11-10 14:30:00,2112.3662131964834,OK
2024-11-10 14:35:00,2.0561211214612256,OK
2024-11-10 14:40:00,-41.40729129454572,OK
2024-11-10 14:45:00,-9.588808427203816,OK
2024-11-10 14:50:00,1911.9294594547018,OK
2024-11-10 14:55:00,2075.0518108080005,OK
2024-11-10 15:00:00,1872.2156332435209,OK
2024-11-10 15:05:00,1865.25235466389,OK
2024-11-10 15:10:00,1916.2740513005876,OK
2024-11-10 15:15:00,1902.7737906081607,OK
2024-11-10 15:20:00,1962.580216281438,OK
2024-11-10 15:25:00,1839.525293321923,OK
2024-11-10 15:30:00,1853.7682451408486,OK
2024-11-10 15:35:00,1822.8524068076554,OK
2024-11-10 15:40:00,1754.8092187702082,OK
2024-11-10 15:45:00,1798.9276922439124,OK
2024-11-10 15:50:00,1881.4506432095043,OK
2024-11-10 15:55:00,1790.7132213914476,OK
2024-11-10 16:00:00,1731.1296340700897,OK
2024-11-10 16:05:00,1788.9618638018276,OK
2024-11-10 16:10:00,1765.4247087632586,OK
2024-11-10 16:15:00,1815.1099367862998,OK
2024-11-10 16:20:00,1782.0336076856802,OK
2024-11-10 16:25:00,1781.691967487132,OK
2024-11-10 16:30:00,1806.2583056598721,OK
2024-11-10 16:35:00,1726.1694855500307,OK
2024-11-10 16:40:00,1702.2156488813876,OK
2024-11-10 16:45:00,1796.2515801243017,OK
2024-11-10 16:50:00,1793.8704655389542,OK
2024-11-10 16:55:00,1685.4856516722466,OK
2024-11-10 17:00:00,1835.6054115058566,OK
2024-11-10 17:05:00,1682.2240426863189,OK
2024-11-10 17:10:00,1767.76234321325,OK
2024-11-10 17:15:00,1585.9176073191302,OK
2024-11-10 17:20:00,1730.9833453319604,OK
2024-11-10 17:25:00,1683.2437511165767,OK
2024-11-10 17:30:00,1716.9989142688428,OK
2024-11-10 17:35:00,1754.0658099038492,OK
2024-11-10 17:40:00,1722.1944633532498,OK
2024-11-10 17:45:00,1790.409921650827,OK
2024-11-10 17:50:00,1632.2124533288243,OK
2024-11-10 17:55:00,1677.7474756920947,OK
2024-11-10 18:00:00,1759.744591615365,OK
2024-11-10 18:05:00,1809.4751176660986,OK
2024-11-10 18:10:00,1680.414529960763,OK
2024-11-10 18:15:00,1782.935822137109,OK
2024-11-10 18:20:00,1728.0323458855653,OK
2024-11-10 18:25:00,1655.3627395931912,OK
2024-11-10 18:30:00,1667.8266947208665,OK
2024-11-10 18:35:00,1589.7552166872251,OK
2024-11-10 18:40:00,1677.746445683715,OK
2024-11-10 18:45:00,1791.3029056659313,OK
2024-11-10 18:50:00,1722.5886481035486,OK
2024-11-10 18:55:00,1820.7804861569173,OK
2024-11-10 19:00:00,1743.4199677935528,OK
2024-11-10 19:05:00,1652.4378602169668,OK
2024-11-10 19:10:00,1772.5845866401937,OK
2024-11-10 19:15:00,1727.6741328319038,OK
2024-11-10 19:20:00,1843.0490518601073,OK
2024-11-10 19:25:00,1680.6609398566025,OK
2024-11-10 19:30:00,1708.4693052345385,OK
2024-11-10 19:35:00,1715.0823938310493,OK
2024-11-10 19:40:00,1756.3350258381413,OK
2024-11-10 19:45:00,1851.5450147001666,OK
2024-11-10 19:50:00,1735.4025986595109,OK
2024-11-10 19:55:00,1855.373386773968,OK
2024-11-10 20:00:00,1766.8768565402222,OK
2024-11-10 20:05:00,1665.4878988439452,OK
2024-11-10 20:10:00,1863.5366478583876,OK
2024-11-10 20:15:00,1756.9843972336696,OK
2024-11-10 20:20:00,1772.5867813523382,OK
2024-11-10 20:25:00,1828.4248290315602,OK
2024-11-10 20:30:00,1788.1940624025206,OK
2024-11-10 20:35:00,1779.6113012528645,OK
2024-11-10 20:40:00,1769.7706156501936,OK
2024-11-10 20:45:00,1795.4305579682714,OK
2024-11-10 20:50:00,1797.134382133347,OK
2024-11-10 20:55:00,1736.910983795392,OK
2024-11-10 21:00:00,1825.600014721233,OK
2024-11-10 21:05:00,1829.9118833313833,OK
2024-11-10 21:10:00,0.4771992896827777,OK
2024-11-10 21:15:00,-8.191454670062166,OK
2024-11-10 21:20:00,4.568082034170919,OK
2024-11-10 21:25:00,1938.9974092388795,OK
2024-11-10 21:30:00,1941.8579644101242,OK
2024-11-10 21:35:00,1833.507186531069,OK
2024-11-10 21:40:00,1824.3549743416759,OK
2024-11-10 21:45:00,1894.4229896567726,OK
2024-11-10 21:50:00,1950.6678696722167,OK
2024-11-10 21:55:00,1941.488970961002,OK
2024-11-10 22:00:00,1915.9501082947622,OK
2024-11-10 22:05:00,1910.624044865504,OK
2024-11-10 22:10:00,2034.054167755549,OK
2024-11-10 22:15:00,1958.7923926470496,OK
2024-11-10 22:20:00,-0.7567779901231347,OK
2024-11-10 22:25:00,10.085109189459406,OK
2024-11-10 22:30:00,-25.888658974880773,OK
2024-11-10 22:35:00,1957.378667797487,OK
2024-11-10 22:40:00,2057.640648594054,OK
2024-11-10 22:45:00,1969.4578566600644,OK
2024-11-10 22:50:00,2112.6800040862518,OK
2024-11-10 22:55:00,2059.2280295298415,OK
2024-11-10 23:00:00,2059.4262446822186,OK
2024-11-10 23:05:00,2029.7975734601368,OK
2024-11-10 23:10:00,2018.1159575204692,OK
2024-11-10 23:15:00,8.03387176248195,OK
2024-11-10 23:20:00,11.106927010152091,OK
2024-11-10 23:25:00,10.483998181816574,OK
2024-11-10 23:30:00,2215.954543301157,OK
2024-11-10 23:35:00,2132.758289451418,OK
2024-11-10 23:40:00,2255.962003869308,OK
2024-11-10 23:45:00,2200.5861913893305,OK
2024-11-10 23:50:00,2256.353930612101,OK
2024-11-10 23:55:00,2261.0936031922233,OK
