timestamp,_truth_proxy_cop,_truth_carnot_cop,_truth_superheat_c,_truth_subcooling_c,_truth_delivered_capacity_w,_truth_compressor_speed_frac,_truth_regime
2024-11-01 00:00:00,,15.722946077868297,7.999999999998991,4.999999999999988,0.0,0.6236108647476418,defrost
2024-11-01 00:05:00,,15.776246416658054,7.999999999998877,4.999999999999987,0.0,0.6215039839671206,defrost
2024-11-01 00:10:00,,15.695466473007448,7.999999999999126,5.000000000000023,0.0,0.6247026819408221,defrost
2024-11-01 00:15:00,3.0590489689322435,15.748190824457241,8.000000000000002,4.999999999999979,6157.971395128441,0.6226112008226777,steady_state_heating
2024-11-01 00:20:00,3.006418235738513,15.324771230860414,8.00000000000002,5.0,6265.457372481125,0.6398137924731347,steady_state_heating
2024-11-01 00:25:00,3.002214597890848,15.291351070299324,7.9999999999999725,4.999999999999993,6274.046538485215,0.6412121437094234,steady_state_heating
2024-11-01 00:30:00,3.0016532334313277,15.286892466314136,8.000000000000027,5.000000000000021,6275.193575843506,0.6413991608566667,steady_state_heating
2024-11-01 00:35:00,2.981570604569107,15.128067231401811,7.999999999999978,5.000000000000014,6316.229269739825,0.6481330265142833,steady_state_heating
2024-11-01 00:40:00,2.9580528400616775,14.943741156108674,7.999999999999992,5.000000000000007,6364.27690953516,0.6561275317588016,steady_state_heating
2024-11-01 00:45:00,2.948569700548894,14.869917807878625,7.999999999999975,5.000000000000078,6383.64560663167,0.6593849493105447,steady_state_heating
2024-11-01 00:50:00,2.9310842714851875,14.734549213281603,8.0,4.999999999999972,6419.344637759246,0.66544282136313,steady_state_heating
2024-11-01 00:55:00,2.9626646527439853,14.979746786416515,7.9999999999999964,5.000000000000007,6354.856132752073,0.6545504500043403,steady_state_heating
2024-11-01 01:00:00,2.9398672267407124,14.802423910117415,7.9999999999999885,5.000000000000014,6401.415519248835,0.6623915150341232,steady_state_heating
2024-11-01 01:05:00,,14.6535701990623,8.000000000000014,4.999999999999988,0.0,0.6691202121260134,defrost
2024-11-01 01:10:00,,14.606717173080277,8.000000000000046,5.000000000000012,0.0,0.671266505938125,defrost
2024-11-01 01:15:00,,14.39820905509392,8.000000000000025,4.999999999999975,0.0,0.6809874729892945,defrost
2024-11-01 01:20:00,2.943025432864521,14.826890235041406,7.999999999999934,4.99999999999995,6394.967195436354,0.6612984816483753,steady_state_heating
2024-11-01 01:25:00,2.9050236226803814,14.534578873666668,7.999999999999994,5.000000000000021,6472.504068696038,0.6745981486786947,steady_state_heating
2024-11-01 01:30:00,2.8750939546186696,14.307518535689214,8.000000000000021,5.000000000000028,6533.456118130627,0.6853040221854004,steady_state_heating
2024-11-01 01:35:00,2.914090658710316,14.603911897921233,7.999999999999969,5.000000000000028,6454.016470145279,0.671395449968146,steady_state_heating
2024-11-01 01:40:00,2.8674532937948887,14.249992287467004,7.9999999999999405,5.000000000000007,6548.994676658133,0.6880705478432846,steady_state_heating
2024-11-01 01:45:00,2.83422957567555,14.001900674259298,7.999999999999967,5.0,6616.431856823113,0.7002620735644286,steady_state_heating
2024-11-01 01:50:00,2.89936547027769,14.491441962303773,7.9999999999999725,5.000000000000021,6484.03619779718,0.676606235977449,steady_state_heating
2024-11-01 01:55:00,2.848316136209379,14.106684739797059,7.9999999999999645,4.999999999999929,6587.866693913082,0.6950605461777014,steady_state_heating
2024-11-01 02:00:00,2.8429317340529443,14.066562437130658,7.999999999999943,5.0,6598.7904776152,0.6970430795599593,steady_state_heating
2024-11-01 02:05:00,,14.095252431851074,7.999999999977074,5.0000000000000195,0.0,0.6956242924634415,defrost
2024-11-01 02:10:00,,14.288448476044861,7.999999999999975,5.000000000000027,0.0,0.6862186623298165,defrost
2024-11-01 02:15:00,,14.02083141253619,8.000000000000025,4.999999999999975,0.0,0.6993165891170493,defrost
2024-11-01 02:20:00,2.799520090238942,13.74621881374194,7.9999999999999405,5.000000000000028,6686.609546111949,0.7132870597256936,steady_state_heating
2024-11-01 02:25:00,2.841452301675663,14.055553515297802,7.999999999999957,4.999999999999979,6601.790835238486,0.6975890340660305,steady_state_heating
2024-11-01 02:30:00,2.816626458031949,13.871787112492061,7.999999999999925,4.999999999999986,6652.06263117807,0.7068303399185127,steady_state_heating
2024-11-01 02:35:00,2.8725361572961714,14.288241208068749,7.999999999999927,4.999999999999972,6538.658921226362,0.6862286167497648,steady_state_heating
2024-11-01 02:40:00,2.8125895409276778,13.842077069620426,7.999999999999966,4.999999999999986,6660.222647217874,0.7083474503634489,steady_state_heating
2024-11-01 02:45:00,2.745091559055192,13.352317455969972,7.9999999999998135,5.0,6795.903543371968,0.73432945496784,steady_state_heating
2024-11-01 02:50:00,2.8091364938243055,13.816702027652854,7.999999999999918,4.999999999999993,6667.198949097994,0.7096483647382862,steady_state_heating
2024-11-01 02:55:00,2.850747530198648,14.124830939551503,7.999999999999963,5.000000000000028,6582.9319347457895,0.6941676004450161,steady_state_heating
2024-11-01 03:00:00,,14.001935318612407,7.999999999999986,5.000000000000016,0.0,0.7002603409377613,defrost
2024-11-01 03:05:00,,13.982426153063793,7.999999999999989,5.0000000000000115,0.0,0.70123738846649,defrost
2024-11-01 03:10:00,,13.373616321926542,8.000000000001691,5.000000000000015,0.0,0.7331599594288003,defrost
2024-11-01 03:15:00,2.7956041396166893,13.717594192481696,7.999999999999931,4.999999999999993,6694.506082336206,0.7147754819408424,steady_state_heating
2024-11-01 03:20:00,2.7513361051933476,13.397080112606016,7.999999999999895,4.999999999999979,6783.419418063432,0.7318758951641975,steady_state_heating
2024-11-01 03:25:00,2.772922925240746,13.552673318096346,7.999999999999902,5.000000000000028,6740.147345160364,0.7234735000147731,steady_state_heating
2024-11-01 03:30:00,2.72714295835237,13.224267750771492,7.999999999999848,5.000000000000028,6831.695642675709,0.7414399182463601,steady_state_heating
2024-11-01 03:35:00,2.73931796924213,13.31102859577789,7.999999999999847,5.000000000000028,6807.431932674371,0.7366072373332613,steady_state_heating
2024-11-01 03:40:00,2.7344898977108185,13.276573394710855,7.999999999999814,4.999999999999986,6817.06156867598,0.7385188714360694,steady_state_heating
2024-11-01 03:45:00,2.771182464744155,13.54007916483865,7.999999999999907,5.0,6743.642528072761,0.7241464308024104,steady_state_heating
2024-11-01 03:50:00,2.7679806201839563,13.516932936800414,7.999999999999907,5.000000000000021,6750.069648677178,0.7253864501543444,steady_state_heating
2024-11-01 03:55:00,2.751234126366796,13.396348214380966,7.9999999999998765,5.000000000000021,6783.623420030591,0.731915880588588,steady_state_heating
2024-11-01 04:00:00,2.7090816441114436,13.096321393387768,7.99999999999976,5.000000000000007,6867.566017561122,0.7486835200112356,steady_state_heating
2024-11-01 04:05:00,2.73138559650804,13.254454280443934,7.9999999999998455,4.999999999999993,6823.247808089688,0.7397513162399013,steady_state_heating
2024-11-01 04:10:00,,13.158764673624226,8.000000000007716,5.000000000000013,0.0,0.7451307355357911,defrost
2024-11-01 04:15:00,,13.442637789324117,8.000000000000949,5.000000000000018,0.0,0.729395536327472,defrost
2024-11-01 04:20:00,,13.429572710149815,8.000000000001137,5.0,0.0,0.7301051352579199,defrost
2024-11-01 04:25:00,2.748088492338426,13.373786564852969,7.999999999999913,5.000000000000021,6789.914020648511,0.7331506265972612,steady_state_heating
2024-11-01 04:30:00,2.6977613583093367,13.016588309888604,7.99999999999979,4.999999999999972,6889.967378913322,0.7532695792914651,steady_state_heating
2024-11-01 04:35:00,2.644547464160656,12.64645503862666,7.999999999999556,4.999999999999993,6994.3146220682165,0.7753160842348409,steady_state_heating
2024-11-01 04:40:00,2.6641047340814565,12.78159926845293,7.999999999999645,4.999999999999929,6956.1608581074115,0.7671184015446599,steady_state_heating
2024-11-01 04:45:00,2.746456709097792,13.362093827517256,7.999999999999853,4.999999999999986,6793.175674574874,0.7337921830640077,steady_state_heating
2024-11-01 04:50:00,2.694916250846923,12.996604503979627,7.999999999999698,4.999999999999986,6895.587119426621,0.7544278197430464,steady_state_heating
2024-11-01 04:55:00,2.6880391462229767,12.948391757833372,7.999999999999739,5.000000000000014,6909.153218479437,0.7572368973211109,steady_state_heating
2024-11-01 05:00:00,2.738510887412584,13.305264356204928,7.999999999999825,4.999999999999986,6809.042357654196,0.7369263576809298,steady_state_heating
2024-11-01 05:05:00,2.725721912916586,13.21416819519829,7.999999999999815,5.000000000000021,6834.523389590652,0.7420065989142552,steady_state_heating
2024-11-01 05:10:00,2.6939261426495524,12.989655265281325,7.9999999999997895,4.999999999999986,6897.541811075371,0.7548314254502764,steady_state_heating
2024-11-01 05:15:00,2.686971250309667,12.940916733445588,7.999999999999726,5.000000000000021,6911.257507588267,0.7576742978848734,steady_state_heating
2024-11-01 05:20:00,2.6923561698101426,12.978641650296742,7.999999999999772,5.0,6900.640216353194,0.7554719718897407,steady_state_heating
2024-11-01 05:25:00,2.7030838572536324,13.054032769254723,7.999999999999793,4.999999999999986,6879.442945559816,0.7511088851479706,steady_state_heating
2024-11-01 05:30:00,,13.27800358567718,8.000000000003439,5.000000000000027,0.0,0.7384393246117621,defrost
2024-11-01 05:35:00,,13.049191161028515,8.000000000015163,5.000000000000015,0.0,0.7513875671683541,defrost
2024-11-01 05:40:00,,13.120919666346152,8.000000000009887,5.0000000000000036,0.0,0.7472799353500231,defrost
2024-11-01 05:45:00,2.7220974256103765,13.188433974683292,7.999999999999802,4.999999999999993,6841.731616197976,0.743454455534435,steady_state_heating
2024-11-01 05:50:00,2.659201779801885,12.747622783232222,7.999999999999639,4.999999999999986,6965.748553561373,0.7691630170369619,steady_state_heating
2024-11-01 05:55:00,2.7011110820051303,13.040144964472415,7.999999999999748,5.000000000000007,6883.345506142272,0.7519088190134017,steady_state_heating
2024-11-01 06:00:00,2.671727854367479,12.834554467755707,7.9999999999996625,4.999999999999986,6941.224974983197,0.7639532813260586,steady_state_heating
2024-11-01 06:05:00,2.6210725915744013,12.485582113984023,7.999999999999384,5.000000000000007,7039.774569898343,0.7853057959563023,steady_state_heating
2024-11-01 06:10:00,2.6309206858330985,12.552893710459715,7.999999999999506,4.999999999999972,7020.7502168888395,0.7810947998253155,steady_state_heating
2024-11-01 06:15:00,2.660308629207168,12.755287384124477,7.999999999999645,4.999999999999993,6963.585410919523,0.7687008300733021,steady_state_heating
2024-11-01 06:20:00,2.6966938790908896,13.009087820989958,7.999999999999726,4.999999999999979,6892.076392700828,0.753703882618102,steady_state_heating
2024-11-01 06:25:00,2.687791582295768,12.946658590691175,7.99999999999971,5.000000000000028,6909.641098732244,0.7573382685050435,steady_state_heating
2024-11-01 06:30:00,2.692865220491161,12.98221198494615,7.9999999999997184,4.999999999999986,6899.635727942753,0.7552642039253119,steady_state_heating
2024-11-01 06:35:00,2.7365097885758476,13.290980248035378,7.99999999999981,5.000000000000028,6813.034090952017,0.7377183486108443,steady_state_heating
2024-11-01 06:40:00,2.6602914071425876,12.755168101299315,7.999999999999627,4.999999999999993,6963.619074230873,0.7687080187521163,steady_state_heating
2024-11-01 06:45:00,2.6889385715123373,12.954689940077238,7.99999999999973,5.000000000000007,6907.38041819436,0.7568687514215825,steady_state_heating
2024-11-01 06:50:00,2.6970487785835546,13.01158112438178,7.999999999999794,4.999999999999972,6891.375285445153,0.7535594564773431,steady_state_heating
2024-11-01 06:55:00,2.671766015647495,12.834819955494408,7.999999999999644,5.000000000000028,6941.150119166492,0.7639374789829149,steady_state_heating
2024-11-01 07:00:00,,12.943308715026555,8.000000000027569,5.0,0.0,0.7575342762717904,defrost
2024-11-01 07:05:00,,12.697422911112197,7.999999999995104,5.000000000000005,0.0,0.7722039400151917,defrost
2024-11-01 07:10:00,,13.213987545206935,8.000000000005379,5.000000000000023,0.0,0.7420167429744962,defrost
2024-11-01 07:15:00,2.67649987361215,12.867783918892922,7.999999999999739,5.000000000000007,6931.857760197084,0.7619804670176309,steady_state_heating
2024-11-01 07:20:00,2.74829902404205,13.375295702594693,7.999999999999818,5.000000000000021,6789.493125650538,0.7330679050406278,steady_state_heating
2024-11-01 07:25:00,2.7010582491553556,13.039773182611103,7.999999999999752,4.999999999999972,6883.449993190764,0.7519302569676017,steady_state_heating
2024-11-01 07:30:00,2.7329320341782983,13.26546975828089,7.999999999999811,5.000000000000014,6820.166599382154,0.7391370361294062,steady_state_heating
2024-11-01 07:35:00,2.708358882072159,13.091220154620357,7.999999999999758,5.000000000000021,6868.99819446491,0.748975258546811,steady_state_heating
2024-11-01 07:40:00,2.710156454597279,13.103910050135088,7.99999999999983,4.999999999999986,6865.435769021499,0.7482499469613592,steady_state_heating
2024-11-01 07:45:00,2.699281601764813,13.027275477761984,7.9999999999998,4.999999999999993,6886.962817221507,0.7526516205738849,steady_state_heating
2024-11-01 07:50:00,2.7130560068948735,13.124398150181928,7.999999999999787,5.000000000000007,6859.686108811697,0.7470818766545937,steady_state_heating
2024-11-01 07:55:00,2.715562857860229,13.142130195272294,7.999999999999846,4.999999999999972,6854.711876604625,0.7460738749588107,steady_state_heating
2024-11-01 08:00:00,,12.938894599080434,8.000000000028258,4.999999999999995,0.0,0.7577927097958458,defrost
2024-11-01 08:05:00,,13.050987364866197,8.000000000014964,4.999999999999987,0.0,0.7512841539020613,defrost
2024-11-01 08:10:00,,13.006663840082416,8.000000000019437,5.0000000000000036,0.0,0.7538443462945585,defrost
2024-11-01 08:15:00,2.7701010778759274,13.53225850691854,7.999999999999952,4.999999999999979,6745.813624303179,0.7245649345958818,steady_state_heating
2024-11-01 08:20:00,2.712411675514164,13.11984332545119,7.999999999999836,4.999999999999993,6860.964137466557,0.74734124156645,steady_state_heating
2024-11-01 08:25:00,2.7636969316152147,13.486011844750658,7.999999999999899,5.000000000000021,6758.6625864278985,0.727049635791068,steady_state_heating
2024-11-01 08:30:00,2.722683705177509,13.192594137874112,7.999999999999826,5.0,6840.56605679979,0.7432200140115887,steady_state_heating
2024-11-01 08:35:00,2.741936897131572,13.329745790503013,7.999999999999818,4.999999999999993,6802.204319521807,0.7355729174509638,steady_state_heating
2024-11-01 08:40:00,2.7033433648923864,13.055860429681632,7.999999999999783,5.000000000000007,6878.929437923119,0.7510037391108271,steady_state_heating
2024-11-01 08:45:00,2.729198260168243,13.238885019854628,7.99999999999981,4.999999999999986,6827.60417844533,0.7406212823281756,steady_state_heating
2024-11-01 08:50:00,2.74698150017926,13.365853460413382,7.999999999999805,5.000000000000007,6792.1268251296215,0.7335857772973639,steady_state_heating
2024-11-01 08:55:00,,13.650224735300748,8.000000000000092,5.000000000000022,0.0,0.7183031920817662,defrost
2024-11-01 09:00:00,,13.4606618009799,8.000000000000849,5.000000000000004,0.0,0.7284188656523726,defrost
2024-11-01 09:05:00,,13.665754330501734,8.000000000000071,4.999999999999988,0.0,0.7174869211658077,defrost
2024-11-01 09:10:00,2.7768343514820657,13.581008506144808,7.999999999999905,5.0,6732.288589442414,0.7219640570553844,steady_state_heating
2024-11-01 09:15:00,2.8097024919000457,13.8208589228585,7.999999999999958,5.0,6666.055670296308,0.7094349240323533,steady_state_heating
2024-11-01 09:20:00,2.76904330473348,13.524611862892268,7.999999999999869,5.0,6747.936908808933,0.7249745944208699,steady_state_heating
2024-11-01 09:25:00,2.8335426027986017,13.996805696776399,7.999999999999978,5.000000000000014,6617.823783366807,0.7005169759738964,steady_state_heating
2024-11-01 09:30:00,2.7644898665882964,13.491731563862468,7.999999999999906,5.000000000000028,6757.072491173483,0.7267414085129468,steady_state_heating
2024-11-01 09:35:00,2.7613089065632845,13.468797004928192,7.999999999999878,5.000000000000021,6763.449954801768,0.7279788979232802,steady_state_heating
2024-11-01 09:40:00,2.757307480602582,13.43998783510417,7.999999999999913,4.999999999999979,6771.466971865902,0.7295393508013538,steady_state_heating
2024-11-01 09:45:00,2.857841260148945,14.177875050518866,7.999999999999964,4.999999999999972,6568.527712498545,0.6915704902929835,steady_state_heating
2024-11-01 09:50:00,,13.977507081051357,8.000000000000021,4.99999999999998,0.0,0.7014841733324652,defrost
2024-11-01 09:55:00,,13.793336077339227,8.000000000000075,4.999999999999982,0.0,0.7108505110745771,defrost
2024-11-01 10:00:00,,14.125977906962808,7.9999999999930935,4.999999999999972,0.0,0.694111237082358,defrost
2024-11-01 10:05:00,2.843632631823842,14.071780321325729,7.9999999999999645,4.999999999999972,6597.368858299893,0.696784612615118,steady_state_heating
2024-11-01 10:10:00,2.8871498943569116,14.398649373860883,7.999999999999968,5.000000000000007,6508.919273218275,0.6809666480107401,steady_state_heating
2024-11-01 10:15:00,2.8051219031973194,13.787244329974838,7.999999999999957,4.999999999999986,6675.305579026706,0.7111645928173587,steady_state_heating
2024-11-01 10:20:00,2.850506539635851,14.12303156484314,7.999999999999918,5.000000000000021,6583.421103467882,0.694256042336397,steady_state_heating
2024-11-01 10:25:00,2.8541513832349334,14.150264711068125,7.999999999999994,5.0,6576.02145744899,0.6929198993945801,steady_state_heating
2024-11-01 10:30:00,2.827204084914244,13.949861779317594,7.999999999999947,5.000000000000021,6630.661450901012,0.7028743477972756,steady_state_heating
2024-11-01 10:35:00,2.913061300598534,14.596027810353046,8.000000000000012,4.999999999999979,6456.115768887007,0.6717581062051178,steady_state_heating
2024-11-01 10:40:00,2.8805307676395504,14.348560376899806,7.9999999999999325,4.999999999999979,6522.393613498685,0.6833438158566332,steady_state_heating
2024-11-01 10:45:00,2.9124673452701764,14.591480074992324,8.000000000000025,4.999999999999993,6457.3270458816605,0.6719674734576332,steady_state_heating
2024-11-01 10:50:00,,15.002191090631262,7.999999999999982,5.000000000000018,0.0,0.6535711977514501,defrost
2024-11-01 10:55:00,,14.416657750685484,8.000000000000014,4.999999999999987,0.0,0.6801160275538749,defrost
2024-11-01 11:00:00,,14.486257600088035,7.9999999999999964,5.0000000000000036,0.0,0.6768483807674671,defrost
2024-11-01 11:05:00,2.921150744160946,14.658075905899652,8.00000000000002,4.999999999999986,6439.615090187323,0.6689145330495679,steady_state_heating
2024-11-01 11:10:00,2.947533512731548,14.861868799531488,7.999999999999981,5.000000000000014,6385.761673769586,0.6597420642220382,steady_state_heating
2024-11-01 11:15:00,2.906679990646487,14.547225558532796,7.99999999999994,5.000000000000014,6469.127433705363,0.6740116842588445,steady_state_heating
2024-11-01 11:20:00,2.9147531876536332,14.608988106196517,7.999999999999939,4.999999999999979,6452.66523404469,0.6711621591259379,steady_state_heating
2024-11-01 11:25:00,2.976298261211548,15.086588484999973,7.999999999999975,4.999999999999972,6327.002038337605,0.649914989710812,steady_state_heating
2024-11-01 11:30:00,2.9748086323159275,15.074885568317168,8.000000000000009,4.999999999999993,6330.045649370769,0.6504195309188369,steady_state_heating
2024-11-01 11:35:00,2.926989784553903,14.702990205974704,7.999999999999985,5.000000000000007,6427.70091004449,0.666871150877571,steady_state_heating
2024-11-01 11:40:00,2.9611730900725455,14.968094294941299,7.999999999999973,5.000000000000021,6357.903112151338,0.655060010098531,steady_state_heating
2024-11-01 11:45:00,3.0470033484725394,15.650459446956775,8.00000000000001,5.000000000000014,6182.559128055235,0.6264991793519884,steady_state_heating
2024-11-01 11:50:00,3.011665260272626,15.366568528305995,7.999999999999927,5.0,6254.736722312664,0.6380734893374992,steady_state_heating
2024-11-01 11:55:00,2.9870193329693837,15.171028634035865,7.999999999999973,4.999999999999979,6305.09573650437,0.6462976398319303,steady_state_heating
2024-11-01 12:00:00,,15.350199282594856,7.999999999999758,4.9999999999999565,0.0,0.638753922310156,defrost
2024-11-01 12:05:00,,15.450063808258081,7.9999999999996305,5.000000000000027,0.0,0.634625210723028,defrost
2024-11-01 12:10:00,,15.67717970146371,7.999999999999151,4.999999999999995,0.0,0.6254313713763545,defrost
2024-11-01 12:15:00,2.9950042648702944,15.234162261782409,8.000000000000005,4.999999999999993,6288.779651083679,0.6436192441377347,steady_state_heating
2024-11-01 12:20:00,3.024927740124575,15.472623561966408,7.999999999999995,5.000000000000007,6227.642225513966,0.6336998997443386,steady_state_heating
2024-11-01 12:25:00,3.0692602104799676,15.831426803330547,7.99999999999998,5.000000000000021,6137.136403819697,0.6193377338508287,steady_state_heating
2024-11-01 12:30:00,3.066018592650545,15.8049643623992,7.999999999999988,5.000000000000007,6143.749687590245,0.620374698428716,steady_state_heating
2024-11-01 12:35:00,3.091031069555088,16.01008879926677,8.000000000000018,5.000000000000028,6092.745945532831,0.6124263346027812,steady_state_heating
2024-11-01 12:40:00,3.0354175147635822,15.556922302055218,7.999999999999986,5.000000000000014,6206.216832073646,0.630266051962262,steady_state_heating
2024-11-01 12:45:00,3.0915836228916214,16.014644698619154,8.000000000000028,5.000000000000007,6091.619906941472,0.6122521095235669,steady_state_heating
2024-11-01 12:50:00,3.124259051214655,16.285963674767054,8.000000000000009,4.999999999999993,6025.09412254881,0.6020521840651987,steady_state_heating
2024-11-01 12:55:00,3.123644549789817,16.28082639428323,8.000000000000028,5.000000000000007,6026.3439841599675,0.6022421566661299,steady_state_heating
2024-11-01 13:00:00,3.122460392515259,16.270930532198932,7.999999999999979,4.999999999999929,6028.752637368265,0.6026084359832194,steady_state_heating
2024-11-01 13:05:00,3.129435804450981,16.32929511566589,8.000000000000027,4.999999999999979,6014.566943435066,0.6004545775275583,steady_state_heating
2024-11-01 13:10:00,3.112101298164915,16.184572833434363,7.999999999999988,5.000000000000007,6049.831551397601,0.6058238361252681,steady_state_heating
2024-11-01 13:15:00,3.139622686130648,16.414842871181964,8.000000000000014,5.000000000000014,5993.862470366707,0.5973252425835724,steady_state_heating
2024-11-01 13:20:00,3.187790633778746,16.82443949431218,7.9999999999999964,4.999999999999972,5896.1854371599675,0.5827831591842787,steady_state_heating
2024-11-01 13:25:00,,16.480071972366265,7.999999999993204,5.0000000000251,0.0,0.6,defrost
2024-11-01 13:30:00,,16.441713958020028,7.999999999993694,5.000000000021938,0.0,0.6,defrost
2024-11-01 13:35:00,,16.590890171390814,7.999999999991591,5.000000000033705,0.0,0.6,defrost
2024-11-01 13:40:00,3.1973773642038674,16.906977730724346,8.000000000000007,5.0,5876.793767642582,0.5799380679482281,steady_state_heating
2024-11-01 13:45:00,3.182082819888828,16.775459185391103,7.99999999999998,4.999999999999957,5907.739127480976,0.5844847459399913,steady_state_heating
2024-11-01 13:50:00,3.225511739098855,17.15119087170252,8.000000000000085,4.999999999999993,5819.989082210019,0.5716804199396497,steady_state_heating
2024-11-01 13:55:00,3.2380846816992945,17.261295561860084,7.999999999999947,5.000000000000028,5794.656993233009,0.5680338399201482,steady_state_heating
2024-11-01 14:00:00,3.2589745406728006,17.44557442872621,7.999999999999974,5.000000000000021,5752.6453695019045,0.5620336573070885,steady_state_heating
2024-11-01 14:05:00,3.2866750735860544,17.692549579031784,8.00000000000001,5.000000000000028,5697.094374058289,0.5541880753930643,steady_state_heating
2024-11-01 14:10:00,3.2766397366163154,17.602728024573505,7.9999999999999725,5.000000000000021,5717.197934529416,0.5570159344797114,steady_state_heating
2024-11-01 14:15:00,3.2207371439639716,17.109535972943096,8.000000000000023,5.000000000000085,5829.617824691736,0.5730722338411485,steady_state_heating
2024-11-01 14:20:00,3.2276653751383844,17.170008107281255,8.000000000000002,4.999999999999986,5815.6475028930445,0.5710538946013666,steady_state_heating
2024-11-01 14:25:00,3.2577800667931003,17.434991997373487,8.000000000000025,5.000000000000021,5755.044891201885,0.562374792112154,steady_state_heating
2024-11-01 14:30:00,3.245690376699815,17.32819419830496,8.00000000000001,4.999999999999993,5779.3497582539085,0.5658408422592076,steady_state_heating
2024-11-01 14:35:00,3.231128303129388,17.200302176626735,7.9999999999999964,4.999999999999986,5808.668558879769,0.5700481246965468,steady_state_heating
2024-11-01 14:40:00,3.2727057171354623,17.567624528890523,8.00000000000001,5.000000000000021,5725.085581607859,0.5581289595457459,steady_state_heating
2024-11-01 14:45:00,3.2805482213952177,17.63766385865994,8.000000000000027,5.000000000000021,5709.365212249686,0.5559126241758946,steady_state_heating
2024-11-01 14:50:00,3.2807798039292884,17.63973573572818,7.999999999999975,4.999999999999979,5708.9012311630995,0.5558473293985126,steady_state_heating
2024-11-01 14:55:00,3.303007806604829,17.83958857834335,8.000000000000018,5.000000000000057,5664.429236208136,0.5496202985254336,steady_state_heating
2024-11-01 15:00:00,3.3735624330429137,18.487170475915782,8.000000000000014,4.999999999999972,5524.139872755971,0.5303678035951194,steady_state_heating
2024-11-01 15:05:00,3.346329022160524,18.23479214953497,7.999999999999997,5.000000000000007,5578.1268517281405,0.5377083500373242,steady_state_heating
2024-11-01 15:10:00,3.437273177812518,19.089831226775562,7.999999999999982,5.0,5398.70155880022,0.5136242370884575,steady_state_heating
2024-11-01 15:15:00,3.364464699810798,18.402516865177578,8.000000000000007,4.999999999999993,5542.151393777424,0.5328075540880849,steady_state_heating
2024-11-01 15:20:00,3.3571993334080132,18.33516087583924,7.999999999999986,5.000000000000028,5556.552365679986,0.5347648742433635,steady_state_heating
2024-11-01 15:25:00,3.3847210956542417,18.591474553962566,7.999999999999986,5.000000000000021,5502.081202402221,0.5273922717394238,steady_state_heating
2024-11-01 15:30:00,3.402294106493691,18.75680306168027,7.999999999999934,4.999999999999993,5467.417684497161,0.522743666271754,steady_state_heating
2024-11-01 15:35:00,3.408103147959527,18.8117443983184,8.000000000000021,4.999999999999993,5455.979646406082,0.5212169479017833,steady_state_heating
2024-11-01 15:40:00,3.469633665275529,19.40269252662022,8.000000000000021,5.000000000000014,5335.475121665092,0.5053422346691143,steady_state_heating
2024-11-01 15:45:00,3.37442343363945,18.495199938943006,7.9999999999999885,5.000000000000007,5522.436526897352,0.5301375509520638,steady_state_heating
2024-11-01 15:50:00,3.4567742944346853,19.2778129947989,7.999999999999998,5.0,5360.559388992206,0.5086157855481513,steady_state_heating
2024-11-01 15:55:00,3.436303259711377,19.0805252796865,7.999999999999991,4.999999999999993,5400.601792573441,0.5138747417210049,steady_state_heating
2024-11-01 16:00:00,3.371948176384643,18.472124715240632,8.000000000000018,5.000000000000014,5527.333993169111,0.5307997943468985,steady_state_heating
2024-11-01 16:05:00,3.476863835399757,19.4732303838662,7.999999999999998,5.0,5321.3953417025,0.5035117341457409,steady_state_heating
2024-11-01 16:10:00,3.494808762801664,19.649319873070368,7.999999999999986,5.0,5286.5250576878425,0.498999459693151,steady_state_heating
2024-11-01 16:15:00,3.4112214749590875,18.841296882804816,8.000000000000007,5.0,5449.843902050779,0.5203994215997073,steady_state_heating
2024-11-01 16:20:00,3.453050091245359,19.24178382884242,7.999999999999987,5.000000000000028,5367.834094600121,0.5095681402107237,steady_state_heating
2024-11-01 16:25:00,3.3893334604381447,18.634741305666232,8.000000000000014,4.999999999999972,5492.974149377734,0.52616775511762,steady_state_heating
2024-11-01 16:30:00,3.4114223368033065,18.843201888604494,7.999999999999973,4.999999999999993,5449.448780725447,0.5203468103756629,steady_state_heating
2024-11-01 16:35:00,3.505048121403913,19.75045200201003,7.999999999999922,4.99999999999995,5266.676573976052,0.4964443344892636,steady_state_heating
2024-11-01 16:40:00,3.4514347451060448,19.226175520608603,8.000000000000018,5.000000000000007,5370.990839947329,0.5099818208509527,steady_state_heating
2024-11-01 16:45:00,3.439355133630426,19.109820599578693,8.0,4.999999999999972,5394.623664025615,0.513086972685456,steady_state_heating
2024-11-01 16:50:00,3.4962403631144623,19.663430732822132,7.999999999999993,5.000000000000021,5283.747842071374,0.498641367990456,steady_state_heating
2024-11-01 16:55:00,3.473981050596598,19.44507770369897,7.999999999999985,5.000000000000028,5327.007108067191,0.5042407209375583,steady_state_heating
2024-11-01 17:00:00,3.4657050214388083,19.364462629450642,8.000000000000021,5.0,5343.13283822281,0.5063398963154263,steady_state_heating
2024-11-01 17:05:00,3.5165989775830035,19.86511463177484,8.000000000000007,4.999999999999922,5244.328591287236,0.4935788280988123,steady_state_heating
2024-11-01 17:10:00,3.438494277937284,19.101553010008494,7.999999999999988,5.000000000000021,5396.30964170888,0.5133090484769776,steady_state_heating
2024-11-01 17:15:00,3.4430173612033608,19.145028650116824,8.000000000000028,4.999999999999979,5387.45386497644,0.5121433965542878,steady_state_heating
2024-11-01 17:20:00,3.4811309589894037,19.514970831068208,7.999999999999977,5.000000000000007,5313.093808129687,0.50243477609458,steady_state_heating
2024-11-01 17:25:00,3.5136010555925457,19.835295918651,7.999999999999988,4.999999999999957,5250.124430480959,0.4943208329340038,steady_state_heating
2024-11-01 17:30:00,3.5325141243857656,20.024111621444526,8.000000000000018,5.0,5213.611888262211,0.48965967556330775,steady_state_heating
2024-11-01 17:35:00,3.4493812737766762,19.206350459288355,7.99999999999997,4.999999999999972,5375.004994125018,0.5105082311594601,steady_state_heating
2024-11-01 17:40:00,3.514483784046378,19.84407163332024,7.999999999999989,4.999999999999993,5248.417544477067,0.4941022276666448,steady_state_heating
2024-11-01 17:45:00,3.4441433049412415,19.15586511951952,7.999999999999992,5.000000000000021,5385.2503868386875,0.5118536771283101,steady_state_heating
2024-11-01 17:50:00,3.547142136406877,20.1712933586238,8.000000000000016,5.0,5185.456996036886,0.486086827734726,steady_state_heating
2024-11-01 17:55:00,3.4362925012384533,19.08042207983322,7.9999999999999165,5.000000000000021,5400.622871917167,0.5138775211038581,steady_state_heating
2024-11-01 18:00:00,3.5381153682877287,20.08035060629141,7.999999999999975,5.0,5202.822206441804,0.4882882870047096,steady_state_heating
2024-11-01 18:05:00,3.4673846651590785,19.380798918575916,7.999999999999992,4.999999999999993,5339.8582553931465,0.5059130968332892,steady_state_heating
2024-11-01 18:10:00,3.574245937970273,20.44667983667228,7.999999999999972,5.000000000000007,5133.488946237143,0.47953995848334235,steady_state_heating
2024-11-01 18:15:00,3.5106831507567358,19.806312896319923,7.999999999999975,5.000000000000007,5255.768527657651,0.49504418370679265,steady_state_heating
2024-11-01 18:20:00,3.4448277178800284,19.162454867583797,8.000000000000025,5.0,5383.911185128081,0.511677656529625,steady_state_heating
2024-11-01 18:25:00,3.4647290564267332,19.354976132584518,7.999999999999984,5.0,5345.035974624889,0.5065880697983958,steady_state_heating
2024-11-01 18:30:00,3.5166078460994057,19.8652029036965,8.000000000000021,5.000000000000028,5244.311450483634,0.4935766348591123,steady_state_heating
2024-11-01 18:35:00,3.518772993021945,19.88676436635333,7.9999999999999805,5.0,5240.127527183782,0.4930414932953706,steady_state_heating
2024-11-01 18:40:00,3.4727191248276874,19.432765735248353,7.999999999999985,5.000000000000014,5329.464496770914,0.5045601914613262,steady_state_heating
2024-11-01 18:45:00,3.476805396507896,19.472659310985538,8.000000000000018,4.999999999999972,5321.509074340134,0.5035265005878513,steady_state_heating
2024-11-01 18:50:00,3.519851210076965,19.897509805353543,8.00000000000001,4.999999999999993,5238.044584666966,0.49277523146951285,steady_state_heating
2024-11-01 18:55:00,3.5045432200812483,19.74545395337724,7.999999999999989,5.000000000000021,5267.6544675580135,0.4965699964736931,steady_state_heating
2024-11-01 19:00:00,3.439855837060112,19.114630808713375,7.999999999999994,5.000000000000021,5393.6431495974775,0.5129578540188392,steady_state_heating
2024-11-01 19:05:00,3.4536931168916523,19.248000284940666,8.0,4.999999999999972,5366.577714114063,0.5094035668563075,steady_state_heating
2024-11-01 19:10:00,3.4821251702484837,19.524707859841513,7.999999999999979,4.999999999999979,5311.160474886577,0.5021842104058812,steady_state_heating
2024-11-01 19:15:00,3.5139109447088868,19.83837629635143,8.000000000000014,4.999999999999993,5249.525183660346,0.4942440779189814,steady_state_heating
2024-11-01 19:20:00,3.5284608951719734,19.98350685736933,8.000000000000021,4.999999999999972,5221.426429950752,0.4906546218330138,steady_state_heating
2024-11-01 19:25:00,3.49872966234866,19.687989257992157,7.999999999999998,4.999999999999986,5278.920402052751,0.4980193696529853,steady_state_heating
2024-11-01 19:30:00,3.4701117673882007,19.407349678892118,8.000000000000032,5.000000000000021,5334.543550424712,0.5052209684593956,steady_state_heating
2024-11-01 19:35:00,3.4796263578032907,19.50024366018301,7.999999999999997,5.0,5316.0202653403485,0.5028142299586005,steady_state_heating
2024-11-01 19:40:00,3.4062245846396473,18.79396132797157,7.9999999999999885,5.000000000000021,5459.6774214588,0.5217101295939646,steady_state_heating
2024-11-01 19:45:00,3.4201586340379855,18.92622645259604,7.999999999999973,5.000000000000021,5432.27540756431,0.5180641806520867,steady_state_heating
2024-11-01 19:50:00,3.3831434058116714,18.576695501624524,8.000000000000028,4.999999999999979,5505.197781711579,0.527811848944961,steady_state_heating
2024-11-01 19:55:00,3.3590655305604455,18.352441157926297,8.000000000000057,5.000000000000014,5552.8518606310045,0.5342613506086783,steady_state_heating
2024-11-01 20:00:00,3.4078977659901426,18.809799451573152,8.000000000000004,5.0,5456.383868872069,0.5212708421077801,steady_state_heating
2024-11-01 20:05:00,3.396262683819393,18.69991099002269,8.000000000000014,5.0,5479.304450941726,0.5243340465754854,steady_state_heating
2024-11-01 20:10:00,3.3986246486855807,18.722172017703944,8.000000000000021,4.999999999999957,5474.648163175395,0.523710603167637,steady_state_heating
2024-11-01 20:15:00,3.378370069714962,18.53204501530479,7.999999999999983,5.0,5514.631545205477,0.5290835410718298,steady_state_heating
2024-11-01 20:20:00,3.374377595942607,18.494772390449672,7.999999999999976,5.000000000000021,5522.527203662992,0.5301498062805639,steady_state_heating
2024-11-01 20:25:00,3.3720225370943115,18.472817558297578,8.000000000000014,5.000000000000028,5527.186839363566,0.5307798861249405,steady_state_heating
2024-11-01 20:30:00,3.3369252482548353,18.148356632434457,7.999999999999994,4.99999999999995,5596.817356302952,0.540269303639133,steady_state_heating
2024-11-01 20:35:00,3.35861154842771,18.348236125300712,8.000000000000025,5.000000000000014,5553.75197589782,0.5343837921553503,steady_state_heating
2024-11-01 20:40:00,3.3279234174614825,18.06595426093916,7.999999999999985,5.0000000000000355,5614.731775601687,0.5427335782200908,steady_state_heating
2024-11-01 20:45:00,3.3542191991286976,18.307595870318753,8.000000000000018,5.000000000000014,5562.463765039989,0.5355700480529164,steady_state_heating
2024-11-01 20:50:00,3.356014920047683,18.324201141439726,7.999999999999995,4.9999999999999645,5558.9014679079355,0.5350847179813061,steady_state_heating
2024-11-01 20:55:00,3.3022404176961833,17.832656215332882,7.999999999999986,5.000000000000007,5665.962476955502,0.5498339608862907,steady_state_heating
2024-11-01 21:00:00,3.3315736453247595,18.099328492695197,8.000000000000023,5.000000000000021,5607.46484293671,0.5417328053887324,steady_state_heating
2024-11-01 21:05:00,3.29388732677985,17.75734876899436,7.999999999999973,5.000000000000021,5682.661682668197,0.5521657612041878,steady_state_heating
2024-11-01 21:10:00,3.2884839459861146,17.70878221127876,8.000000000000025,4.999999999999979,5693.473351670758,0.5536800827419494,steady_state_heating
2024-11-01 21:15:00,3.264377547378344,17.493511567607463,8.000000000000007,5.000000000000014,5741.795692109884,0.5604935271061188,steady_state_heating
2024-11-01 21:20:00,3.345139166914678,18.223835449389387,7.999999999999975,5.000000000000021,5580.490394429699,0.5380316359434942,steady_state_heating
2024-11-01 21:25:00,3.327434146712555,18.061484949301462,7.999999999999999,4.999999999999986,5615.706098397343,0.5428678775594923,steady_state_heating
2024-11-01 21:30:00,3.2994165305636254,17.807166303308595,7.999999999999976,5.000000000000007,5671.605898599348,0.5506210158871955,steady_state_heating
2024-11-01 21:35:00,3.334826917125326,18.129119066864785,7.999999999999985,4.999999999999986,5600.991236394106,0.5408426059664942,steady_state_heating
2024-11-01 21:40:00,3.2480303896110314,17.34882135152939,7.999999999999982,5.000000000000014,5774.642846427694,0.5651680769158215,steady_state_heating
2024-11-01 21:45:00,3.353549543346129,18.30140688827903,8.000000000000021,4.999999999999972,5563.792442072657,0.535751161637716,steady_state_heating
2024-11-01 21:50:00,3.230110799584957,17.191396208162228,7.999999999999977,5.000000000000028,5810.718897847298,0.5703434369888315,steady_state_heating
2024-11-01 21:55:00,3.235231464200036,17.236256244832305,7.999999999999973,5.0,5800.40268024198,0.5688590295203869,steady_state_heating
2024-11-01 22:00:00,3.207142763548473,16.991406571256196,8.000000000000037,4.999999999999972,5857.058889294503,0.5770564054765664,steady_state_heating
2024-11-01 22:05:00,3.23074441984358,17.196941673401977,7.999999999999995,4.999999999999993,5809.442083689061,0.5701595194199628,steady_state_heating
2024-11-01 22:10:00,3.238923856571455,17.268665936920026,8.000000000000028,4.999999999999936,5792.967438944034,0.5677913995103182,steady_state_heating
2024-11-01 22:15:00,3.199683451394799,16.92688334585638,7.999999999999973,5.000000000000007,5872.131719678963,0.5792560744739954,steady_state_heating
2024-11-01 22:20:00,3.2561334971587477,17.42041329845726,7.9999999999999885,4.999999999999986,5758.353149322582,0.5628454292108173,steady_state_heating
2024-11-01 22:25:00,3.1943579857171116,16.88094512124972,7.999999999999999,5.000000000000014,5882.899371109228,0.5808324077576363,steady_state_heating
2024-11-01 22:30:00,3.182519175906519,16.779199423818525,8.000000000000007,5.000000000000007,5906.855650283451,0.5843544588951921,steady_state_heating
2024-11-01 22:35:00,,16.38861595970541,7.999999999994397,5.000000000017144,0.0,0.6,defrost
2024-11-01 22:40:00,,16.67941434200591,7.999999999990052,5.000000000039847,0.0,0.6,defrost
2024-11-01 22:45:00,,16.545624397299573,7.999999999992266,5.000000000030358,0.0,0.6,defrost
2024-11-01 22:50:00,3.13914816897679,16.41084969502864,7.999999999999998,4.999999999999986,5994.82657466709,0.5974705869721201,steady_state_heating
2024-11-01 22:55:00,3.126764639648665,16.306924502370975,8.000000000000025,4.999999999999979,6019.998426576613,0.6012783096269545,steady_state_heating
2024-11-01 23:00:00,3.2283688176918077,17.176158204751655,8.000000000000004,5.000000000000028,5814.229625931892,0.5708494229686075,steady_state_heating
2024-11-01 23:05:00,3.115240023529117,16.21069843525344,7.999999999999994,5.000000000000021,6043.443345555006,0.6048474739791007,steady_state_heating
2024-11-01 23:10:00,3.074671352910919,15.875680278360214,7.999999999999989,5.000000000000021,6126.099030012856,0.6176113292836327,steady_state_heating
2024-11-01 23:15:00,3.0910663147121764,16.010379370025372,8.000000000000004,5.000000000000028,6092.674119091963,0.6124152197390722,steady_state_heating
2024-11-01 23:20:00,3.1051485028811205,16.126824041122518,8.000000000000009,5.000000000000021,6063.986818542202,0.6079932400203402,steady_state_heating
2024-11-01 23:25:00,3.105881377151842,16.13290315351573,8.000000000000002,4.999999999999986,6062.494476969315,0.6077641393305745,steady_state_heating
2024-11-01 23:30:00,3.101938170498866,16.100216914592202,8.000000000000004,4.999999999999986,6070.524718567114,0.6089980061767599,steady_state_heating
2024-11-01 23:35:00,3.099079250439622,16.07655271012625,8.00000000000001,5.000000000000007,6076.347964801642,0.6098944330163549,steady_state_heating
2024-11-01 23:40:00,,15.617225221932332,7.999999999999332,4.999999999999986,0.0,0.627832400484957,defrost
2024-11-01 23:45:00,,15.77277658352463,7.999999999998874,4.9999999999999885,0.0,0.6216407078409869,defrost
2024-11-01 23:50:00,,15.410670222144251,7.999999999999716,5.000000000000001,0.0,0.6362474739035539,defrost
2024-11-01 23:55:00,3.016483525539391,15.405030711374653,7.9999999999999964,5.0,6244.892666819249,0.636480392912184,steady_state_heating
2024-11-02 00:00:00,2.997357668694533,15.252809521938254,7.999999999999991,5.000000000000014,6283.970819806048,0.6428323900522973,steady_state_heating
2024-11-02 00:05:00,2.9802002149236073,15.117277375455268,7.999999999999978,4.999999999999993,6319.029373003781,0.6485956271411423,steady_state_heating
2024-11-02 00:10:00,3.038163238272429,15.579048707313545,7.999999999999924,5.0,6200.60953509171,0.6293709060295241,steady_state_heating
2024-11-02 00:15:00,3.0186907543367805,15.42267584398766,8.0,4.999999999999972,6240.3833578801705,0.6357521936650414,steady_state_heating
2024-11-02 00:20:00,3.0261362905790556,15.482317025201976,8.000000000000004,4.999999999999979,6225.173519789579,0.6333031408696455,steady_state_heating
2024-11-02 00:25:00,2.976583510935356,15.088830302295651,7.9999999999999325,5.000000000000007,6326.419210900375,0.6498184288352854,steady_state_heating
2024-11-02 00:30:00,2.9888148588535075,15.18520696218844,7.999999999999922,5.000000000000014,6301.426842446331,0.645694195964185,steady_state_heating
2024-11-02 00:35:00,2.90775931103036,14.555470960414759,8.00000000000001,5.000000000000007,6466.926986149272,0.6736298692543714,steady_state_heating
2024-11-02 00:40:00,2.97683331605942,15.090793772219834,8.00000000000002,5.000000000000014,6325.908803263329,0.6497338806690012,steady_state_heating
2024-11-02 00:45:00,2.9466648810028424,14.855123985700384,8.000000000000018,4.999999999999986,6387.535517043759,0.6600416132129447,steady_state_heating
2024-11-02 00:50:00,2.943090989045386,14.827398427971163,8.000000000000002,4.999999999999943,6394.833338182708,0.6612758163632635,steady_state_heating
2024-11-02 00:55:00,,14.722341427902268,7.999999999999972,5.0000000000000275,0.0,0.6659946074485986,defrost
2024-11-02 01:00:00,,14.428118301474395,7.999999999999989,5.00000000000001,0.0,0.6795757974203774,defrost
2024-11-02 01:05:00,,14.210006935644694,7.9999999999999964,5.000000000000005,0.0,0.6900067005178528,defrost
2024-11-02 01:10:00,2.880210795007372,14.346142442522215,7.999999999999934,4.999999999999979,6523.044803682126,0.6834589883157589,steady_state_heating
2024-11-02 01:15:00,2.9068034455927783,14.548168501706787,7.999999999999975,4.999999999999979,6468.875748564706,0.6739679980232351,steady_state_heating
2024-11-02 01:20:00,2.9023978451723567,14.514548004021922,7.999999999999972,4.999999999999979,6477.8562620557,0.6755291309989853,steady_state_heating
2024-11-02 01:25:00,2.833459699578963,13.996190934696797,7.99999999999995,4.999999999999979,6617.991752272849,0.7005477451506633,steady_state_heating
2024-11-02 01:30:00,2.8352177091774524,14.009231689247898,7.9999999999999405,4.999999999999993,6614.429534448152,0.6998956272188254,steady_state_heating
2024-11-02 01:35:00,2.84090227230101,14.051462240602966,7.999999999999965,5.000000000000014,6602.906198191052,0.6977921466185604,steady_state_heating
2024-11-02 01:40:00,2.8463560308296074,14.092068810071275,7.999999999999939,5.0,6591.844033179746,0.6957814450205206,steady_state_heating
2024-11-02 01:45:00,2.8200575230126663,13.897076022110413,7.999999999999946,5.000000000000014,6645.123863601043,0.705544100384867,steady_state_heating
2024-11-02 01:50:00,2.816807191574826,13.873118357208659,7.99999999999992,4.999999999999972,6651.697204104346,0.70676251348387,steady_state_heating
2024-11-02 01:55:00,2.827987567587821,13.955657905438722,7.999999999999979,4.999999999999986,6629.075153818223,0.7025824268864357,steady_state_heating
2024-11-02 02:00:00,,14.146022374502202,7.999999999997492,5.000000000000007,0.0,0.6931277033516667,defrost
2024-11-02 02:05:00,,13.857327939582358,7.999999999999972,4.9999999999999725,0.0,0.7075678689823586,defrost
2024-11-02 02:10:00,,14.046980538626968,8.000000000010065,4.9999999999999964,0.0,0.6980147778405333,defrost
2024-11-02 02:15:00,2.864332174962718,14.226544488027029,7.999999999999939,4.999999999999986,6555.339087369506,0.6892046068004656,steady_state_heating
2024-11-02 02:20:00,2.7947485448866267,13.711345943097342,7.999999999999953,4.999999999999979,6696.230776779885,0.7151012045565149,steady_state_heating
2024-11-02 02:25:00,2.814379291865554,13.855242988507172,7.999999999999939,5.0000000000000355,6656.6054761268715,0.7076743445158761,steady_state_heating
2024-11-02 02:30:00,2.845640690877559,14.086737596917535,7.999999999999939,5.000000000000014,6593.295360951149,0.696044767820871,steady_state_heating
2024-11-02 02:35:00,2.7957346476085565,13.718547455037529,7.999999999999919,4.999999999999979,6694.242986760853,0.7147258142406001,steady_state_heating
2024-11-02 02:40:00,2.789176001751688,13.67070265978795,7.999999999999966,5.000000000000021,6707.458286224768,0.7172272153092147,steady_state_heating
2024-11-02 02:45:00,2.828523516581505,13.959623849537277,7.999999999999937,5.000000000000007,6627.989945659651,0.7023828224658798,steady_state_heating
2024-11-02 02:50:00,2.788981864624521,13.669288344665649,7.999999999999917,4.999999999999936,6707.849256504393,0.7173014243880771,steady_state_heating
2024-11-02 02:55:00,2.8239788348313044,13.926020833763431,7.999999999999944,5.000000000000014,6637.189939130329,0.7040776483852388,steady_state_heating
2024-11-02 03:00:00,2.808473301298013,13.811832494954823,7.999999999999916,4.999999999999922,6668.538440842592,0.7098985600630167,steady_state_heating
2024-11-02 03:05:00,2.7859608197871943,13.647293673739854,7.999999999999923,5.0,6713.931749647071,0.7184574637583132,steady_state_heating
2024-11-02 03:10:00,,13.716031124793416,8.000000000000078,4.999999999999979,0.0,0.7148569371701297,defrost
2024-11-02 03:15:00,,13.646134994254977,8.000000000000107,5.000000000000008,0.0,0.7185184672530286,defrost
2024-11-02 03:20:00,,13.70616974584595,8.000000000000039,5.0000000000000195,0.0,0.7153712657740647,defrost
2024-11-02 03:25:00,2.7464880725335763,13.362318495098243,7.999999999999881,4.999999999999993,6793.112994635812,0.7337798454360156,steady_state_heating
2024-11-02 03:30:00,2.763371493545391,13.483664864284986,7.999999999999896,5.000000000000014,6759.315129588704,0.7271761867925909,steady_state_heating
2024-11-02 03:35:00,2.758934913065479,13.451699409536998,7.99999999999986,4.999999999999972,6768.20707768158,0.7289041853736675,steady_state_heating
2024-11-02 03:40:00,2.7712482355763304,13.5405549316518,7.999999999999924,5.0,6743.510466862913,0.7241209868792212,steady_state_heating
2024-11-02 03:45:00,2.7188488077914617,13.16539952977997,7.9999999999998455,5.00000000000005,6848.187175013689,0.7447552182386266,steady_state_heating
2024-11-02 03:50:00,2.7667138358921384,13.507783409459734,7.999999999999859,5.000000000000021,6752.611471925731,0.7258777922907322,steady_state_heating
2024-11-02 03:55:00,2.743513759137434,13.341024762925112,7.999999999999903,5.000000000000014,6799.055381942038,0.7349510381877274,steady_state_heating
2024-11-02 04:00:00,2.6925723810459514,12.980158006958867,7.999999999999702,5.000000000000007,6900.213592664835,0.7553837168040165,steady_state_heating
2024-11-02 04:05:00,2.7534696432522647,13.412399188223993,7.999999999999906,5.000000000000007,6779.150474377168,0.7310399774418227,steady_state_heating
2024-11-02 04:10:00,,13.613624586782711,8.00000000000021,5.0000000000000195,0.0,0.7202343459301466,defrost
2024-11-02 04:15:00,,13.37895907168319,8.00000000000166,4.9999999999999885,0.0,0.7328671795365945,defrost
2024-11-02 04:20:00,,13.363933670561567,8.000000000001851,5.000000000000026,0.0,0.7336911602306684,defrost
2024-11-02 04:25:00,2.7112710410193874,13.111782914633299,7.9999999999997655,5.0,6863.226087202236,0.7478006663042912,steady_state_heating
2024-11-02 04:30:00,2.666090509738086,12.795378684119708,7.999999999999606,5.000000000000014,6952.273508829123,0.7662922873997425,steady_state_heating
2024-11-02 04:35:00,2.6607541063578886,12.758373108126559,7.999999999999593,4.999999999999979,6962.714590059257,0.7685149130616521,steady_state_heating
2024-11-02 04:40:00,2.7160849969908596,13.145825703017056,7.999999999999812,4.999999999999986,6853.675440491103,0.7458641413258426,steady_state_heating
2024-11-02 04:45:00,2.684375638937607,12.922761011583848,7.9999999999996945,5.000000000000014,6916.369548480834,0.7587387858686618,steady_state_heating
2024-11-02 04:50:00,2.6719717184499956,12.836251096126157,7.999999999999698,5.000000000000028,6940.746605091501,0.7638523059866795,steady_state_heating
2024-11-02 04:55:00,2.693037606612388,12.98342121213279,7.999999999999691,5.0,6899.295534295726,0.7551938614482754,steady_state_heating
2024-11-02 05:00:00,2.701323217695092,13.041637828917525,7.99999999999978,4.999999999999993,6882.925952909599,0.7518227486933537,steady_state_heating
2024-11-02 05:05:00,2.655364189438135,12.721074056736098,7.999999999999606,4.999999999999986,6973.242529261862,0.7707682508780009,steady_state_heating
2024-11-02 05:10:00,2.6794172044157634,12.888128823870145,7.999999999999641,4.999999999999972,6926.124728847459,0.7607776221044698,steady_state_heating
2024-11-02 05:15:00,2.7297962689974913,13.24314026371305,7.999999999999854,4.999999999999993,6826.4133752541575,0.7403833082449667,steady_state_heating
2024-11-02 05:20:00,2.6626468174154145,12.771489451907454,7.999999999999686,4.999999999999979,6959.013346484397,0.7677256467949074,steady_state_heating
2024-11-02 05:25:00,2.7122672998961765,13.118822881392587,7.999999999999762,4.999999999999986,6861.250478323949,0.7473993733010279,steady_state_heating
2024-11-02 05:30:00,2.6823125185217913,12.908343027583877,7.999999999999698,5.0,6920.430188133328,0.759586259758334,steady_state_heating
2024-11-02 05:35:00,,13.086354330408096,8.000000000012157,5.000000000000009,0.0,0.7492537457293681,defrost
2024-11-02 05:40:00,,13.185027349341864,8.000000000006608,4.999999999999985,0.0,0.7436465424161152,defrost
2024-11-02 05:45:00,,13.125956268262417,8.000000000009532,5.000000000000019,0.0,0.7469931942183722,defrost
2024-11-02 05:50:00,2.7134516432583378,13.127195501366172,7.999999999999849,5.000000000000021,6858.901266209933,0.7469226765899514,steady_state_heating
2024-11-02 05:55:00,2.6622733552190416,12.76890062503492,7.999999999999597,5.000000000000028,6959.743835339527,0.7678812990976024,steady_state_heating
2024-11-02 06:00:00,2.7169322456503338,13.151823824340264,7.999999999999838,5.000000000000014,6851.993392131387,0.7455239768231797,steady_state_heating
2024-11-02 06:05:00,2.6703411883077974,12.824910111079902,7.999999999999655,4.999999999999972,6943.94442826349,0.764527775639465,steady_state_heating
2024-11-02 06:10:00,2.70172590711993,13.044472019219006,7.999999999999788,4.999999999999993,6882.129466987105,0.7516593991350395,steady_state_heating
2024-11-02 06:15:00,2.697714598822405,13.016259695641823,7.999999999999721,4.999999999999972,6890.059773867541,0.7532885966682857,steady_state_heating
2024-11-02 06:20:00,2.7033124998609686,13.055643043724501,7.99999999999976,5.0,6878.990514714124,0.7510162438695815,steady_state_heating
2024-11-02 06:25:00,2.706415661885074,13.077512096718946,7.999999999999832,4.999999999999979,6872.847465444615,0.7497603464239961,steady_state_heating
2024-11-02 06:30:00,,12.859483329986285,8.000000000042963,5.000000000000011,0.0,0.7624723131089016,defrost
2024-11-02 06:35:00,,12.758594484839,7.999999999970996,5.000000000000013,0.0,0.7685015784184737,defrost
2024-11-02 06:40:00,,13.152623365809005,8.000000000008058,5.000000000000014,0.0,0.7454786567893872,defrost
2024-11-02 06:45:00,2.7047993500267453,13.066118079772131,7.999999999999764,4.999999999999979,6876.047736687678,0.7504141582172965,steady_state_heating
2024-11-02 06:50:00,2.7303196864803954,13.246865559135843,7.999999999999857,4.999999999999979,6825.3709739833075,0.7401750969864612,steady_state_heating
2024-11-02 06:55:00,2.7076523424864765,13.08623480727048,7.999999999999746,5.000000000000021,6870.397976226587,0.7492605890391426,steady_state_heating
2024-11-02 07:00:00,2.6795126184301625,12.88879461278387,7.999999999999725,5.000000000000007,6925.93714280789,0.760738323060468,steady_state_heating
2024-11-02 07:05:00,2.7437292954838077,13.342566994556726,7.9999999999998845,4.999999999999972,6798.624883506525,0.7348660871629932,steady_state_heating
2024-11-02 07:10:00,2.7145207522219192,13.134756815728437,7.999999999999858,4.999999999999936,6856.780046739264,0.7464926939689377,steady_state_heating
2024-11-02 07:15:00,2.744342923731112,13.346958418231791,7.999999999999846,5.0,6797.399157024491,0.7346243011146625,steady_state_heating
2024-11-02 07:20:00,2.7208978707788822,13.179925070216942,7.999999999999811,5.0,6844.115908723912,0.7439344266195146,steady_state_heating
2024-11-02 07:25:00,2.7732143276195464,13.554782784466681,7.999999999999922,5.000000000000028,6739.562048655661,0.7233609092752268,steady_state_heating
2024-11-02 07:30:00,2.718616211717931,13.163751423703017,7.999999999999808,4.999999999999986,6848.649193985668,0.7448484618408133,steady_state_heating
2024-11-02 07:35:00,,13.265923410901314,8.000000000003748,5.000000000000005,0.0,0.7391117599806669,defrost
2024-11-02 07:40:00,,13.37074873409661,8.00000000000177,4.999999999999993,0.0,0.7333171982356056,defrost
2024-11-02 07:45:00,,13.215835873173654,8.000000000005361,4.999999999999983,0.0,0.7419129666934503,defrost
2024-11-02 07:50:00,2.7584987982526803,13.448560236197755,7.9999999999998685,4.999999999999986,6769.0807539769685,0.7290743267527742,steady_state_heating
2024-11-02 07:55:00,2.7897639008942705,13.674986249655133,7.9999999999998925,4.999999999999979,6706.27425084665,0.7170025491065679,steady_state_heating
2024-11-02 08:00:00,2.7325507895089096,13.26275348093124,7.999999999999812,5.000000000000014,6820.926309906892,0.7392884150412146,steady_state_heating
2024-11-02 08:05:00,2.755384469089594,13.426158866260607,7.9999999999998135,5.0,6775.317629727254,0.7302907777025919,steady_state_heating
2024-11-02 08:10:00,2.682555858908509,12.910042993955788,7.999999999999738,5.000000000000014,6919.9513684246995,0.7594862390923475,steady_state_heating
2024-11-02 08:15:00,2.7562855008214777,13.432637156289253,7.99999999999987,4.999999999999986,6773.513571866208,0.7299385731869663,steady_state_heating
2024-11-02 08:20:00,2.7545974216058875,13.420501991573934,7.999999999999863,5.000000000000007,6776.893209734825,0.7305986025080194,steady_state_heating
2024-11-02 08:25:00,2.7400220433016056,13.316058641194543,7.999999999999883,4.999999999999979,6806.026821288598,0.7363289892451558,steady_state_heating
2024-11-02 08:30:00,2.783398495643726,13.628659378763034,7.999999999999954,5.000000000000007,6719.088355294905,0.7194398016343935,steady_state_heating
2024-11-02 08:35:00,2.751947746944687,13.401470460370312,7.99999999999989,5.0,6782.1957824707815,0.7316361311987747,steady_state_heating
2024-11-02 08:40:00,2.758450381716323,13.448211765212143,7.999999999999898,4.999999999999979,6769.1777431979,0.7290932185767319,steady_state_heating
2024-11-02 08:45:00,2.76013437809556,13.460336000153134,7.999999999999863,5.000000000000028,6765.803797156762,0.7284364966735198,steady_state_heating
2024-11-02 08:50:00,,13.236945641152593,8.00000000000463,4.999999999999977,0.0,0.7407297926431787,defrost
2024-11-02 08:55:00,,13.419156894649246,8.000000000001211,4.9999999999999245,0.0,0.7306718355688677,defrost
2024-11-02 09:00:00,,13.879212376887523,8.000000000000025,4.999999999999974,0.0,0.7064521915038816,defrost
2024-11-02 09:05:00,2.7441135143255333,13.345316528180168,7.99999999999986,5.000000000000021,6797.857421980227,0.7347146828099304,steady_state_heating
2024-11-02 09:10:00,2.7864053235757256,13.650528221352973,7.99999999999987,5.0,6713.0369811429755,0.7182872223700794,steady_state_heating
2024-11-02 09:15:00,2.798584879429977,13.73937860099833,7.999999999999953,5.000000000000021,6688.495821800476,0.713642172964616,steady_state_heating
2024-11-02 09:20:00,2.8612908264806,14.20372434475244,7.999999999999959,5.000000000000071,6561.519654222227,0.6903119042592829,steady_state_heating
2024-11-02 09:25:00,2.8416991829187586,14.05739018182644,7.999999999999953,5.000000000000021,6601.29018183953,0.6974978906593925,steady_state_heating
2024-11-02 09:30:00,2.815866941587822,13.866193726813066,7.999999999999938,4.999999999999986,6653.598211091643,0.7071154632031476,steady_state_heating
2024-11-02 09:35:00,2.8708419160558707,14.275483196648391,7.999999999999924,5.0,6542.104568664114,0.6868418998456062,steady_state_heating
2024-11-02 09:40:00,2.8239854487572456,13.926069692219272,7.999999999999962,5.000000000000014,6637.176553997804,0.7040751781874399,steady_state_heating
2024-11-02 09:45:00,2.8769443075620584,14.321476499487423,7.999999999999972,4.999999999999993,6529.691657759528,0.6846361127884345,steady_state_heating
2024-11-02 09:50:00,2.8186003678185783,13.886331719925533,7.999999999999866,5.000000000000014,6648.071096745018,0.7060900025836766,steady_state_heating
2024-11-02 09:55:00,2.895636799079694,14.46306926648596,8.000000000000004,5.0,6491.633593373938,0.6779335574863277,steady_state_heating
2024-11-02 10:00:00,2.852416322257958,14.13729589116999,7.999999999999922,5.000000000000028,6579.544255719473,0.6935555480680087,steady_state_heating
2024-11-02 10:05:00,,14.01897278887555,8.00000000000006,4.999999999999995,0.0,0.6994093039242177,defrost
2024-11-02 10:10:00,,14.185500895861251,7.999999999999957,4.999999999999988,0.0,0.6911987156449787,defrost
2024-11-02 10:15:00,,14.261047072641627,7.999999999999989,5.000000000000011,0.0,0.6875371738173351,defrost
2024-11-02 10:20:00,2.8518811224872085,14.13329733414451,7.999999999999956,4.999999999999986,6580.630782459122,0.6937517670637395,steady_state_heating
2024-11-02 10:25:00,2.8916531420884213,14.432803693096888,7.999999999999974,5.000000000000007,6499.748526502842,0.6793551834069271,steady_state_heating
2024-11-02 10:30:00,2.8662367441576526,14.240849293770742,7.999999999999959,5.000000000000014,6551.4678069375705,0.6885123069372635,steady_state_heating
2024-11-02 10:35:00,2.908300834635494,14.559609260706114,7.999999999999986,5.000000000000014,6465.822913852103,0.6734384023932577,steady_state_heating
2024-11-02 10:40:00,2.9161365732922584,14.619591840155872,7.999999999999978,5.000000000000014,6449.8436574246025,0.67067535860122,steady_state_heating
2024-11-02 10:45:00,2.9159288217826864,14.617999030973888,8.000000000000014,4.999999999999993,6450.267403236257,0.6707484368568027,steady_state_heating
2024-11-02 10:50:00,2.9126529771150946,14.592901283434621,8.00000000000001,4.999999999999993,6456.948483381034,0.6719020302789485,steady_state_heating
2024-11-02 10:55:00,2.9440716104223905,14.835001855518698,7.9999999999999725,5.000000000000007,6392.831004207296,0.6609368907057132,steady_state_heating
2024-11-02 11:00:00,2.9642807877181,14.992380542926133,8.000000000000016,5.0,6351.554584445882,0.6539988744233345,steady_state_heating
2024-11-02 11:05:00,,15.381309221018022,7.999999999999769,5.000000000000004,0.0,0.6374619909859046,defrost
2024-11-02 11:10:00,,15.158262995640527,7.99999999999995,4.999999999999993,0.0,0.6468419239605412,defrost
2024-11-02 11:15:00,,15.175910838346594,7.999999999999886,5.0,0.0,0.6460897210350405,defrost
2024-11-02 11:20:00,3.056055177577052,15.723854785312746,8.000000000000028,4.999999999999979,6164.081436952817,0.6235748252495048,steady_state_heating
2024-11-02 11:25:00,2.9848880996351834,15.154213053464566,8.000000000000004,4.999999999999943,6309.450574482941,0.6470147915571487,steady_state_heating
2024-11-02 11:30:00,2.996557160043307,15.24646462958983,7.999999999999987,5.000000000000014,6285.606537065805,0.6430999079596977,steady_state_heating
2024-11-02 11:35:00,3.02052447906701,15.437347422232877,8.000000000000004,4.999999999999986,6236.637222799732,0.635147977940746,steady_state_heating
2024-11-02 11:40:00,2.9710965263667526,15.045753540700712,7.999999999999975,5.0,6337.630016167339,0.6516788922187391,steady_state_heating
2024-11-02 11:45:00,2.9984515977985517,15.261483490307976,7.999999999999996,4.999999999999993,6281.735549560653,0.6424670318731994,steady_state_heating
2024-11-02 11:50:00,3.0001229679846255,15.27474369248909,8.000000000000014,5.000000000000014,6278.320388953881,0.6419092979492229,steady_state_heating
2024-11-02 11:55:00,3.0464923148738423,15.646324103194754,7.999999999999988,5.000000000000007,6183.602470368065,0.6266647638979922,steady_state_heating
2024-11-02 12:00:00,3.0295509465529555,15.509731480648915,8.000000000000016,5.000000000000014,6218.198721057722,0.6321837365291224,steady_state_heating
2024-11-02 12:05:00,3.0387282720219417,15.583605179766785,8.000000000000007,5.000000000000021,6199.4556756419925,0.6291868849918291,steady_state_heating
2024-11-02 12:10:00,3.082170871444531,15.937179888355118,7.999999999999972,5.000000000000014,6110.806277104391,0.6152280433983349,steady_state_heating
2024-11-02 12:15:00,3.0811224778094206,15.928570872202215,8.000000000000021,5.000000000000007,6112.943805078098,0.6155605596175113,steady_state_heating
2024-11-02 12:20:00,,15.71862154534347,7.999999999999101,4.999999999999989,0.0,0.6237824335750773,defrost
2024-11-02 12:25:00,,15.619699357531497,7.999999999999293,5.000000000000025,0.0,0.6277329528287139,defrost
2024-11-02 12:30:00,,16.130356269818385,7.99999999999692,5.00000000000001,0.0,0.6078601015370133,defrost
2024-11-02 12:35:00,3.1055741486792896,16.130354496905618,7.999999999999996,5.000000000000014,6063.120074217121,0.6078601683478781,steady_state_heating
2024-11-02 12:40:00,3.039039745525284,15.586117384305586,8.000000000000004,5.000000000000021,6198.819620626283,0.6290854712715769,steady_state_heating
2024-11-02 12:45:00,3.090076537939344,16.00222102331543,7.999999999999915,5.000000000000014,6094.691244305998,0.6127274448786836,steady_state_heating
2024-11-02 12:50:00,3.1164481538059685,16.220763752944105,7.9999999999999805,5.0,6040.984787403987,0.6044721536752781,steady_state_heating
2024-11-02 12:55:00,3.152846642477521,16.526451910698693,7.999999999999998,4.999999999999986,5967.0083281828265,0.5932912916203482,steady_state_heating
2024-11-02 13:00:00,3.164651104411831,16.626615576007094,8.000000000000025,5.000000000000021,5943.060209440176,0.5897171288514671,steady_state_heating
2024-11-02 13:05:00,3.145204166689462,16.461873154107842,8.000000000000018,5.0,5982.524778893644,0.5956187311255816,steady_state_heating
2024-11-02 13:10:00,3.1702632460652227,16.67441410599691,8.000000000000018,5.0,5931.682809481593,0.5880266579485781,steady_state_heating
2024-11-02 13:15:00,3.160377436892147,16.5902939486355,7.9999999999999805,5.0,5951.727705362867,0.5910082142219331,steady_state_heating
2024-11-02 13:20:00,,16.513043780462603,7.999999999992706,5.000000000027814,0.0,0.6,defrost
2024-11-02 13:25:00,,16.72426320905117,7.9999999999892175,5.000000000042672,0.0,0.6,defrost
2024-11-02 13:30:00,,16.876706074575246,7.999999999985992,4.999999999951367,0.0,0.6,defrost
2024-11-02 13:35:00,3.20309900087363,16.956402080888413,8.0,5.000000000000014,5865.22865271601,0.5782476703033145,steady_state_heating
2024-11-02 13:40:00,3.1608950640312945,16.594689685998837,8.000000000000016,4.999999999999972,5950.677735618731,0.5908516631240535,steady_state_heating
2024-11-02 13:45:00,3.2316722096081,17.205064479980017,7.999999999999986,4.999999999999972,5807.572641713859,0.5698903373137137,steady_state_heating
2024-11-02 13:50:00,3.256826408390941,17.426547041714404,7.999999999999989,5.000000000000007,5756.960887996654,0.5626473205810368,steady_state_heating
2024-11-02 13:55:00,3.25490985932803,17.40958603456905,7.999999999999986,5.000000000000007,5760.812066531579,0.5631954706177893,steady_state_heating
2024-11-02 14:00:00,3.271290123747482,17.555007941944222,7.999999999999951,5.0,5727.9247383763495,0.5585300805574053,steady_state_heating
2024-11-02 14:05:00,3.301307690362009,17.824233400936947,7.999999999999957,5.000000000000028,5667.826267485555,0.5500937840886095,steady_state_heating
2024-11-02 14:10:00,3.2564858499391143,17.423532140067373,7.9999999999999964,4.999999999999993,5757.645155650193,0.5627446789306457,steady_state_heating
2024-11-02 14:15:00,3.2456615548872008,17.327940266195082,8.000000000000005,4.999999999999979,5779.407740720554,0.5658491343676016,steady_state_heating
2024-11-02 14:20:00,3.301163032818051,17.82292740998075,8.000000000000007,5.000000000000007,5668.1153445149175,0.550134092702933,steady_state_heating
2024-11-02 14:25:00,3.3451068452013484,18.223537898317904,7.999999999999987,4.999999999999986,5580.554604184019,0.5380404208397451,steady_state_heating
2024-11-02 14:30:00,3.3782059784967164,18.530511786370596,7.99999999999998,4.99999999999995,5514.955965645406,0.5291273178548529,steady_state_heating
2024-11-02 14:35:00,3.340332846802753,18.17963595941435,7.9999999999999964,4.999999999999979,5590.0417395749,0.5393397327586457,steady_state_heating
2024-11-02 14:40:00,3.2610379759950208,17.463868466207895,8.000000000000032,5.000000000000028,5748.501015861693,0.5614449066065986,steady_state_heating
2024-11-02 14:45:00,3.310177562077867,17.90447188328702,8.00000000000001,4.999999999999993,5650.111455555785,0.5476285513426676,steady_state_heating
2024-11-02 14:50:00,3.3340823654942087,18.12229731542973,8.000000000000053,4.999999999999993,5602.472546198311,0.5410461946042462,steady_state_heating
2024-11-02 14:55:00,3.3508692492602923,18.27665406522359,7.99999999999998,5.000000000000014,5569.111734848935,0.5364767514343202,steady_state_heating
2024-11-02 15:00:00,3.3789345211853714,18.537319978563154,8.0,5.000000000000028,5513.515643513415,0.5289329855307376,steady_state_heating
2024-11-02 15:05:00,3.3267410993672244,18.05515587604621,8.000000000000028,4.999999999999979,5617.086328135437,0.5430581750339958,steady_state_heating
2024-11-02 15:10:00,3.3724554044748,18.476851184763323,7.999999999999981,5.000000000000028,5526.330261964562,0.5306640131455714,steady_state_heating
2024-11-02 15:15:00,3.3905725577991084,18.6463801219739,8.000000000000007,5.000000000000007,5490.528649627007,0.5258393283769462,steady_state_heating
2024-11-02 15:20:00,3.411382754294104,18.842826468048695,8.0,4.999999999999986,5449.526643677738,0.5203571776572953,steady_state_heating
2024-11-02 15:25:00,3.358147857399331,18.343942045939382,7.999999999999985,5.000000000000007,5554.671401810366,0.5345088844832261,steady_state_heating
2024-11-02 15:30:00,3.3859349391764795,18.602852417078346,7.9999999999999805,5.000000000000014,5499.68387047274,0.5270697084603291,steady_state_heating
2024-11-02 15:35:00,3.30355026920656,17.84449044370728,7.999999999999945,5.000000000000028,5663.3454891471165,0.5494693183271958,steady_state_heating
2024-11-02 15:40:00,3.3930809312398678,18.669961146576867,8.000000000000021,5.000000000000028,5485.579496638634,0.5251751689798095,steady_state_heating
2024-11-02 15:45:00,3.3957917921037266,18.69547577226562,8.000000000000028,4.999999999999993,5480.232950357682,0.5244584368666086,steady_state_heating
2024-11-02 15:50:00,3.383177068572834,18.577010728829574,8.000000000000016,5.000000000000021,5505.131276359437,0.5278028926787267,steady_state_heating
2024-11-02 15:55:00,3.451022843080252,19.222197355490707,7.99999999999999,4.999999999999979,5371.795922775289,0.5100873650742779,steady_state_heating
2024-11-02 16:00:00,3.449600306479811,19.2084642048821,7.999999999999994,5.000000000000007,5374.576761254455,0.5104520536060309,steady_state_heating
2024-11-02 16:05:00,3.3798951710831995,18.546300611800245,8.000000000000027,4.999999999999993,5511.616686465888,0.5286768615063571,steady_state_heating
2024-11-02 16:10:00,3.481213992736482,19.5157838699028,8.000000000000021,5.0,5312.932328957709,0.502413844371439,steady_state_heating
2024-11-02 16:15:00,3.4452106741844575,19.16614299283704,8.000000000000002,5.000000000000014,5383.161913861878,0.5115791948157966,steady_state_heating
2024-11-02 16:20:00,3.50568701543468,19.75677812759424,7.999999999999991,5.000000000000021,5265.4392872790495,0.49628537288199776,steady_state_heating
2024-11-02 16:25:00,3.4394855140482647,19.111073045787794,7.999999999999982,4.999999999999986,5394.3683357786695,0.513053347476012,steady_state_heating
2024-11-02 16:30:00,3.4904244693018334,19.60616318439286,8.000000000000007,5.000000000000021,5295.034603312657,0.5000978471812931,steady_state_heating
2024-11-02 16:35:00,3.4850956173236054,19.553826173274494,7.9999999999999405,5.0,5305.386133907304,0.5014363896412838,steady_state_heating
2024-11-02 16:40:00,3.506942375642219,19.769213759096566,8.000000000000009,5.000000000000007,5263.008552093624,0.4959731893985081,steady_state_heating
2024-11-02 16:45:00,3.5080817732018916,19.780506923866675,7.999999999999998,4.999999999999957,5260.802817926543,0.4956900264355474,steady_state_heating
2024-11-02 16:50:00,3.5036769563072974,19.73688147743748,8.000000000000043,5.0,5269.332450110147,0.49678567565036785,steady_state_heating
2024-11-02 16:55:00,3.4585850523120056,19.295353070591794,8.000000000000007,5.000000000000014,5357.023953437162,0.5081534379872984,steady_state_heating
2024-11-02 17:00:00,3.4620603777277337,19.32905792795867,8.000000000000007,4.999999999999979,5350.241500528587,0.5072673503563501,steady_state_heating
2024-11-02 17:05:00,3.5033472552686633,19.73361968580264,7.999999999999988,4.999999999999993,5269.97115921264,0.49686778989939784,steady_state_heating
2024-11-02 17:10:00,3.527149533508845,19.97038619436026,7.999999999999993,5.000000000000021,5223.955927356303,0.49097698485014707,steady_state_heating
2024-11-02 17:15:00,3.511533420638108,19.814754424616837,7.999999999999991,5.000000000000007,5254.123551991902,0.4948332838189897,steady_state_heating
2024-11-02 17:20:00,3.5515201197535204,20.215538982479504,7.9999999999999805,5.0,5177.045165847088,0.48502293253214046,steady_state_heating
2024-11-02 17:25:00,3.514251065215142,19.84175769174836,8.000000000000025,4.999999999999993,5248.867514854813,0.4941598497635929,steady_state_heating
2024-11-02 17:30:00,3.475228724076787,19.45725764395902,7.999999999999992,5.000000000000007,5324.57799016279,0.5039250740992375,steady_state_heating
2024-11-02 17:35:00,3.494027905206957,19.6416271237586,8.000000000000004,4.999999999999993,5288.040163777585,0.49919489552572893,steady_state_heating
2024-11-02 17:40:00,3.5246295742989475,19.945195528982346,8.000000000000004,4.999999999999986,5228.818369533058,0.4915970859123622,steady_state_heating
2024-11-02 17:45:00,3.5356315555852413,20.05539389147604,8.000000000000007,4.999999999999979,5207.605428929024,0.48889590765740704,steady_state_heating
2024-11-02 17:50:00,3.5957925963452033,20.668122265033855,7.999999999999986,5.000000000000014,5092.363411129574,0.47440207069937945,steady_state_heating
2024-11-02 17:55:00,3.481746893227533,19.521002594363143,7.999999999999982,4.999999999999929,5311.896029839705,0.502279529578634,steady_state_heating
2024-11-02 18:00:00,3.4859553092473226,19.56226088979013,7.999999999999986,4.999999999999986,5303.715502057785,0.5012201838652198,steady_state_heating
2024-11-02 18:05:00,3.502231483854128,19.72258485039092,7.999999999999995,5.000000000000007,5272.1329465738645,0.4971457886670296,steady_state_heating
2024-11-02 18:10:00,3.5000311493837843,19.700840513906204,7.999999999999993,4.999999999999993,5276.3972917612855,0.4976945015660099,steady_state_heating
2024-11-02 18:15:00,3.4832782624743435,19.53600651073437,8.000000000000002,5.000000000000014,5308.91859528446,0.5018937721285301,steady_state_heating
2024-11-02 18:20:00,3.4376520311900842,19.093467279601654,7.999999999999973,4.999999999999979,5397.959401996777,0.5135264253693255,steady_state_heating
2024-11-02 18:25:00,3.4802953364371327,19.506790423268132,8.0,5.000000000000014,5314.719005534147,0.5026454781768905,steady_state_heating
2024-11-02 18:30:00,3.446638832641317,19.179902803708174,7.999999999999973,4.999999999999979,5380.368071970414,0.5112121839378848,steady_state_heating
2024-11-02 18:35:00,3.417969252480857,18.90538896232123,7.999999999999943,4.999999999999986,5436.576963735529,0.5186351901852713,steady_state_heating
2024-11-02 18:40:00,3.4528411268955446,19.239764057862104,8.000000000000018,4.999999999999986,5368.242409931242,0.5096216341589329,steady_state_heating
2024-11-02 18:45:00,3.4404563405083515,19.120401235996376,7.999999999999972,4.999999999999993,5392.467304700586,0.512803046284454,steady_state_heating
2024-11-02 18:50:00,3.507780492658271,19.777520195111048,8.0,5.000000000000028,5261.386017179004,0.49576488373015387,steady_state_heating
2024-11-02 18:55:00,3.5081657664254213,19.781339660578812,8.000000000000014,4.999999999999972,5260.640234826778,0.4956691593309959,steady_state_heating
2024-11-02 19:00:00,3.4501130926296923,19.21341360642285,8.000000000000025,5.000000000000021,5373.574268702315,0.5103205604610661,steady_state_heating
2024-11-02 19:05:00,3.4678063194436817,19.384901924826472,8.000000000000021,4.999999999999979,5339.036356128919,0.5058060153217802,steady_state_heating
2024-11-02 19:10:00,3.4084409749163997,18.814943979387092,8.000000000000021,4.999999999999993,5455.314780494423,0.521128312193858,steady_state_heating
2024-11-02 19:15:00,3.468307886220238,19.389783572772288,8.000000000000066,5.000000000000021,5338.058765371099,0.5056786716159363,steady_state_heating
2024-11-02 19:20:00,3.493513686940861,19.636562731328983,7.999999999999986,4.999999999999936,5289.03801885324,0.49932364101364374,steady_state_heating
2024-11-02 19:25:00,3.500563609977216,19.706100412462767,8.000000000000005,4.999999999999993,5275.365209335608,0.49756165830754623,steady_state_heating
2024-11-02 19:30:00,3.4443647726702187,19.15799725672292,8.000000000000004,5.000000000000014,5384.817020992733,0.5117967117653297,steady_state_heating
2024-11-02 19:35:00,3.5084194562112234,19.783855022158335,8.000000000000027,5.000000000000007,5260.149189903142,0.495606138895487,steady_state_heating
2024-11-02 19:40:00,3.412196857342861,18.850549188853456,7.999999999999996,5.000000000000014,5447.925314544862,0.5201439969609909,steady_state_heating
2024-11-02 19:45:00,3.414814802860518,18.875402795965154,7.9999999999999885,5.000000000000007,5442.777237897548,0.5194591133226542,steady_state_heating
2024-11-02 19:50:00,3.4956825828018427,19.657931747830272,7.999999999999972,4.999999999999979,5284.829819096362,0.4987808547601778,steady_state_heating
2024-11-02 19:55:00,3.5298087735604047,19.997001234897414,8.000000000000027,5.000000000000007,5218.827115939198,0.49032351825277476,steady_state_heating
2024-11-02 20:00:00,3.478482711958575,19.48905637378181,8.000000000000021,5.000000000000014,5318.245165268058,0.5031028599819964,steady_state_heating
2024-11-02 20:05:00,3.4618323952835093,19.326845232862073,8.000000000000004,5.000000000000007,5350.686310987546,0.5073254264657862,steady_state_heating
2024-11-02 20:10:00,3.371116345683382,18.464375853492957,8.0,4.999999999999972,5528.980228339532,0.5310225527144022,steady_state_heating
2024-11-02 20:15:00,3.3657578089577136,18.414528072266627,8.000000000000018,4.999999999999972,5539.589859450311,0.5324600207792944,steady_state_heating
2024-11-02 20:20:00,3.438387130526362,19.10052420190605,8.000000000000018,4.999999999999986,5396.51950538745,0.5133366967500056,steady_state_heating
2024-11-02 20:25:00,3.4159649375796897,18.886330994432846,8.000000000000025,4.999999999999979,5440.516217042387,0.519158538674887,steady_state_heating
2024-11-02 20:30:00,3.3712261355796405,18.465398427913367,7.999999999999972,5.000000000000007,5528.762937024472,0.5309931458168923,steady_state_heating
2024-11-02 20:35:00,3.412683458820912,18.855166534592858,7.99999999999998,4.999999999999979,5446.968273825253,0.5200166215456731,steady_state_heating
2024-11-02 20:40:00,3.404109594609561,18.77395825553643,7.999999999999972,4.999999999999979,5463.841871126602,0.5222659956170153,steady_state_heating
2024-11-02 20:45:00,3.4359744303923545,19.07737123746041,7.9999999999999725,4.999999999999979,5401.246092624193,0.5139597001051631,steady_state_heating
2024-11-02 20:50:00,3.382556123579276,18.571196800620893,7.999999999999992,5.0,5506.3580914374015,0.5279681274861182,steady_state_heating
2024-11-02 20:55:00,3.4114278228955297,18.843253922011655,8.000000000000009,5.000000000000007,5449.437989044005,0.5203453734997612,steady_state_heating
2024-11-02 21:00:00,3.3475197576472655,18.245762785345327,8.00000000000002,5.0,5575.76195686688,0.537385041960273,steady_state_heating
2024-11-02 21:05:00,3.3303697961827203,18.08831564344951,8.000000000000004,4.999999999999986,5609.861085153098,0.542062632766516,steady_state_heating
2024-11-02 21:10:00,3.367600109016478,18.43165254612126,8.000000000000009,4.999999999999979,5535.941260482836,0.5319653229934257,steady_state_heating
2024-11-02 21:15:00,3.284335575472636,17.671574347693163,7.999999999999989,4.999999999999979,5701.778816858975,0.5548458675545195,steady_state_heating
2024-11-02 21:20:00,3.414525717675695,18.872656900875466,7.999999999999997,5.0,5443.345607496399,0.5195346925183155,steady_state_heating
2024-11-02 21:25:00,3.314514630720074,17.943820680918634,8.000000000000012,5.000000000000007,5641.456979712679,0.5464276630019257,steady_state_heating
2024-11-02 21:30:00,3.307724419681664,17.882248784952615,7.999999999999994,4.999999999999979,5655.008801338151,0.5483091146931488,steady_state_heating
2024-11-02 21:35:00,3.2985632037386843,17.79946997762984,7.999999999999983,5.0,5673.311639064971,0.550859099305924,steady_state_heating
2024-11-02 21:40:00,3.343372307985744,18.20757618497432,7.999999999999988,5.000000000000014,5584.000832911323,0.5385120952063636,steady_state_heating
2024-11-02 21:45:00,3.299334563362953,17.806426898690933,8.00000000000001,4.999999999999979,5671.769737198198,0.5506438802004023,steady_state_heating
2024-11-02 21:50:00,3.209360815006205,17.010632994037383,8.00000000000002,5.0,5852.579059509687,0.5764041822216059,steady_state_heating
2024-11-02 21:55:00,3.3093660748337363,17.89711792081885,8.000000000000005,4.999999999999993,5651.7312991603585,0.5478535730378304,steady_state_heating
2024-11-02 22:00:00,3.2406285699073734,17.283646543455873,7.999999999999987,5.000000000000078,5789.53572961199,0.567299266121158,steady_state_heating
2024-11-02 22:05:00,3.2592294340257766,17.447833371106594,7.9999999999999885,5.000000000000007,5752.133369362904,0.5619608917309452,steady_state_heating
2024-11-02 22:10:00,,16.94800015387554,7.999999999984325,4.999999999954966,0.0,0.6,defrost
2024-11-02 22:15:00,,17.397579018652312,7.999999999970171,4.9999999999721325,0.0,0.6,defrost
2024-11-02 22:20:00,,16.927522379741976,7.999999999984755,4.9999999999539675,0.0,0.6,defrost
2024-11-02 22:25:00,3.2104597266075685,17.02016538140314,8.00000000000001,5.000000000000021,5850.3599379634625,0.5760813588047329,steady_state_heating
2024-11-02 22:30:00,3.181488698950831,16.77036779039594,7.9999999999999805,5.000000000000028,5908.942082209032,0.5846621924186505,steady_state_heating
2024-11-02 22:35:00,3.2425744355010337,17.300759959737558,8.000000000000027,4.999999999999993,5785.619350673766,0.5667381099337974,steady_state_heating
2024-11-02 22:40:00,3.2347722063475084,17.232228789984994,8.000000000000021,5.000000000000028,5801.327680294793,0.5689919812171044,steady_state_heating
2024-11-02 22:45:00,3.161980353706251,16.603909233943305,7.999999999999972,4.999999999999979,5948.476446855239,0.5905235846481076,steady_state_heating
2024-11-02 22:50:00,3.1537542657073443,16.534135344804298,8.000000000000009,5.000000000000007,5965.166198774749,0.5930155883888495,steady_state_heating
2024-11-02 22:55:00,3.126258834817029,16.30269132512694,7.999999999999995,5.0,6021.027029073834,0.6014344383057658,steady_state_heating
2024-11-02 23:00:00,3.1705885123876296,16.67718792839426,8.000000000000012,4.999999999999993,5931.023567913746,0.5879288547984872,steady_state_heating
2024-11-02 23:05:00,,16.237378765868556,7.999999999995943,5.0000000000021245,0.0,0.6038536232590945,defrost
2024-11-02 23:10:00,,16.130189448335926,7.999999999996856,5.000000000000017,0.0,0.6078663881416186,defrost
2024-11-02 23:15:00,,16.402090702408344,7.999999999994181,5.000000000018439,0.0,0.6,defrost
2024-11-02 23:20:00,3.083228178782313,15.945865955909545,7.999999999999991,4.999999999999979,6108.650683480344,0.6148929150107565,steady_state_heating
2024-11-02 23:25:00,3.0910061700846057,16.00988352379916,8.000000000000023,5.000000000000021,6092.796688479528,0.6124341870085793,steady_state_heating
2024-11-02 23:30:00,3.026606808016069,15.486092241548329,8.000000000000016,5.000000000000028,6224.212409430998,0.6331487535437583,steady_state_heating
2024-11-02 23:35:00,3.088324326045272,15.987786579509137,8.00000000000001,5.000000000000021,6098.262432388621,0.6132806408966357,steady_state_heating
2024-11-02 23:40:00,3.120038218870856,16.25070422857976,8.000000000000007,4.999999999999993,6033.680079446763,0.6033584675522033,steady_state_heating
2024-11-02 23:45:00,3.0673808966847567,15.816080925880343,8.000000000000027,5.000000000000021,6140.970320129476,0.6199386590110171,steady_state_heating
2024-11-02 23:50:00,3.0825572304189293,15.940353483448629,7.999999999999989,4.999999999999979,6110.018572065477,0.615105556484732,steady_state_heating
2024-11-02 23:55:00,2.995369876419704,15.237058002653828,8.000000000000002,4.999999999999943,6288.032576406131,0.6434969269193744,steady_state_heating
2024-11-03 00:00:00,3.0260280875286774,15.481448958192754,8.000000000000007,5.000000000000021,6225.394543811798,0.6333386510835091,steady_state_heating
2024-11-03 00:05:00,2.988052897565798,15.179188867009257,8.000000000000021,4.999999999999979,6302.983800545942,0.6459501944343261,steady_state_heating
2024-11-03 00:10:00,,15.269929816869787,7.999999999999837,4.999999999999994,0.0,0.6421116611268054,defrost
2024-11-03 00:15:00,,15.455572860452376,7.99999999999967,4.999999999999989,0.0,0.6343990021288027,defrost
2024-11-03 00:20:00,,15.13114266390259,7.999999999999936,5.000000000000005,0.0,0.6480012922878039,defrost
2024-11-03 00:25:00,2.9239150127092053,14.679325508950175,7.999999999999994,5.000000000000014,6433.975158849905,0.6679462209637471,steady_state_heating
2024-11-03 00:30:00,2.9171326221201133,14.627230316022034,7.999999999999916,5.000000000000007,6447.811980447059,0.6703251256842548,steady_state_heating
2024-11-03 00:35:00,2.902120691989186,14.512434974551564,8.000000000000023,5.000000000000014,6478.421142861918,0.6756274889219934,steady_state_heating
2024-11-03 00:40:00,2.9509739132631765,14.888606686525113,8.0,4.999999999999986,6378.735581186945,0.6585572583413049,steady_state_heating
2024-11-03 00:45:00,2.998816102377934,15.264374588663665,8.000000000000018,5.0,6280.990744404952,0.6423453475310958,steady_state_heating
2024-11-03 00:50:00,2.963848341474342,14.98899917254806,7.999999999999974,4.999999999999993,6352.438023486895,0.6541464101190693,steady_state_heating
2024-11-03 00:55:00,2.85957861979592,14.190889449330275,7.9999999999999485,5.000000000000007,6564.998413623722,0.6909362542079935,steady_state_heating
2024-11-03 01:00:00,2.9462969987490486,14.852268151273368,8.000000000000014,5.000000000000028,6388.286760769891,0.6601685278055901,steady_state_heating
2024-11-03 01:05:00,2.9320295717224645,14.7418427930517,7.9999999999999805,5.000000000000028,6417.415221299451,0.6651135911326782,steady_state_heating
2024-11-03 01:10:00,2.849215066172083,14.113391648611854,7.999999999999961,5.0,6586.042366601875,0.6947302423201993,steady_state_heating
2024-11-03 01:15:00,2.87693839415748,14.321431875644585,8.000000000000016,4.999999999999986,6529.703689195189,0.6846382460314349,steady_state_heating
2024-11-03 01:20:00,,14.626810956212635,7.999999999999979,5.0000000000000195,0.0,0.6703443443244479,defrost
2024-11-03 01:25:00,,14.392645459809538,7.999999999999982,5.000000000000018,0.0,0.6812507142887518,defrost
2024-11-03 01:30:00,,13.914568389933407,8.000000000000004,4.9999999999999964,0.0,0.7046571424445687,defrost
2024-11-03 01:35:00,2.8654025730919095,14.234582663572173,7.999999999999966,5.0,6553.163446183138,0.6888154174756411,steady_state_heating
2024-11-03 01:40:00,2.7824881887803254,13.622043806500615,7.999999999999881,4.999999999999957,6720.919804839004,0.719789198983557,steady_state_heating
2024-11-03 01:45:00,2.829854793536539,13.969478787503531,7.9999999999999325,5.000000000000007,6625.294029081099,0.7018873179986583,steady_state_heating
2024-11-03 01:50:00,2.860915558978331,14.200910539260446,8.000000000000021,4.999999999999986,6562.28214720071,0.6904486844623565,steady_state_heating
2024-11-03 01:55:00,2.815800678522477,13.86570581932031,7.999999999999922,5.000000000000007,6653.732173591567,0.7071403452349204,steady_state_heating
2024-11-03 02:00:00,2.797739389237045,13.733196803723779,7.999999999999944,5.000000000000014,6690.200910623026,0.713963408530005,steady_state_heating
2024-11-03 02:05:00,2.8254762672000027,13.937085979625225,7.999999999999933,5.000000000000021,6634.1591863399135,0.7035186562193875,steady_state_heating
2024-11-03 02:10:00,2.8269025563598746,13.947631585725759,7.9999999999999645,5.000000000000021,6631.271907959957,0.7029867357576746,steady_state_heating
2024-11-03 02:15:00,2.826624751846576,13.94557710030775,7.999999999999952,5.000000000000021,6631.834314971817,0.70309030092298,steady_state_heating
2024-11-03 02:20:00,2.805869753367806,13.792728227000453,7.999999999999949,4.999999999999993,6673.795796833492,0.7108818385042827,steady_state_heating
2024-11-03 02:25:00,2.8075466088336936,13.805030354160536,7.9999999999999,4.999999999999993,6670.409933990608,0.7102483477730985,steady_state_heating
2024-11-03 02:30:00,,13.717798424846139,8.000000000000057,4.999999999999998,0.0,0.7147648402706408,defrost
2024-11-03 02:35:00,,13.599962780262759,8.000000000000231,4.9999999999999964,0.0,0.7209578554310249,defrost
2024-11-03 02:40:00,,13.473048718520449,8.000000000000714,5.000000000000023,0.0,0.7277491683468619,defrost
2024-11-03 02:45:00,2.7502479815612664,13.389272208243996,7.999999999999889,4.999999999999972,6785.595925324276,0.7323026858743596,steady_state_heating
2024-11-03 02:50:00,2.715956890947101,13.144918945827452,7.999999999999797,4.999999999999936,6853.929740551357,0.7459155922077676,steady_state_heating
2024-11-03 02:55:00,2.718116766098982,13.16021300929211,7.999999999999853,4.999999999999979,6849.641185579536,0.7450487308280583,steady_state_heating
2024-11-03 03:00:00,2.7238927956684016,13.201176707330704,7.999999999999818,5.000000000000021,6838.16181202579,0.7427368194045323,steady_state_heating
2024-11-03 03:05:00,2.7338747366579494,13.27218803618697,7.999999999999884,5.0,6818.2877931961475,0.7387628907356052,steady_state_heating
2024-11-03 03:10:00,2.755948455860772,13.430213581208774,7.999999999999889,5.000000000000014,6774.188444509012,0.7300702956592525,steady_state_heating
2024-11-03 03:15:00,2.7084446240320177,13.091825244118638,7.999999999999787,5.000000000000014,6868.82830742743,0.7489406417493072,steady_state_heating
2024-11-03 03:20:00,2.7328765600572127,13.265074493098684,7.9999999999998215,5.0,6820.2771472358445,0.7391590605164843,steady_state_heating
2024-11-03 03:25:00,2.7312356163334295,13.253386308022673,7.999999999999865,5.000000000000014,6823.54658106154,0.7398109262132311,steady_state_heating
2024-11-03 03:30:00,2.6917883661905955,12.974660075499509,7.999999999999799,5.000000000000064,6901.76047610057,0.7557038059528899,steady_state_heating
2024-11-03 03:35:00,2.7139071729563904,13.130416865718475,7.999999999999838,5.000000000000007,6857.997516834008,0.7467394295454064,steady_state_heating
2024-11-03 03:40:00,2.687349349420913,12.943562984173838,7.99999999999973,5.000000000000007,6910.51253452051,0.7575193949292494,steady_state_heating
2024-11-03 03:45:00,2.7221815562521687,13.189030895942965,7.99999999999975,5.000000000000021,6841.564369118478,0.7434208075906542,steady_state_heating
2024-11-03 03:50:00,2.702377539932051,13.049059256040707,7.999999999999746,5.000000000000021,6880.84041645439,0.7513951624873688,steady_state_heating
2024-11-03 03:55:00,2.651960142764352,12.697557611806896,7.999999999999593,4.999999999999972,6979.88210313324,0.7721957481715042,steady_state_heating
2024-11-03 04:00:00,2.6829066556126686,12.912493929302077,7.99999999999969,4.999999999999993,6919.261049153111,0.7593420801344742,steady_state_heating
2024-11-03 04:05:00,,13.130043671319045,8.000000000009347,4.999999999999975,0.0,0.7467606540729028,defrost
2024-11-03 04:10:00,,12.782257781566349,7.999999999963297,4.999999999999982,0.0,0.7670788813334728,defrost
2024-11-03 04:15:00,,12.904635139710928,8.000000000033914,5.000000000000078,0.0,0.759804511622918,defrost
2024-11-03 04:20:00,2.6769765432108628,12.871106543974182,7.999999999999699,4.999999999999972,6930.921359448041,0.7617837647836406,steady_state_heating
2024-11-03 04:25:00,2.626941231135422,12.525663449088311,7.99999999999943,5.0,7028.44600125647,0.7827928668092757,steady_state_heating
2024-11-03 04:30:00,2.6674106110707685,12.804544822256789,7.999999999999679,5.000000000000014,6949.687965206416,0.7657437367829736,steady_state_heating
2024-11-03 04:35:00,2.629741289535489,12.54481908756423,7.9999999999995115,5.000000000000021,7023.032193760723,0.7815975608384625,steady_state_heating
2024-11-03 04:40:00,2.6439032186135263,12.642020560435991,7.999999999999554,5.0,6995.567268571379,0.7755880441047033,steady_state_heating
2024-11-03 04:45:00,2.674672522635935,12.855052072855264,7.999999999999739,4.999999999999979,6935.4463139963345,0.7627351444732172,steady_state_heating
2024-11-03 04:50:00,2.6540618527465694,12.712073361109839,7.999999999999618,5.000000000000014,6975.783600623379,0.7713139880073787,steady_state_heating
2024-11-03 04:55:00,2.6353416889955787,12.583194378061322,7.999999999999487,5.0,7012.187508998576,0.7792139027189251,steady_state_heating
2024-11-03 05:00:00,2.650592398796553,12.688117439353483,7.999999999999588,4.999999999999979,6982.547792740098,0.7727702747760518,steady_state_heating
2024-11-03 05:05:00,2.632607226267942,12.56444682635096,7.999999999999455,5.0,7017.485288107484,0.7803765765028603,steady_state_heating
2024-11-03 05:10:00,2.635117733368962,12.58165818864651,7.999999999999517,5.000000000000007,7012.621597610417,0.7793090428134415,steady_state_heating
2024-11-03 05:15:00,2.6510997535585115,12.691618620408256,7.999999999999522,4.999999999999986,6981.559114873424,0.7725570940363323,steady_state_heating
2024-11-03 05:20:00,2.611590240192498,12.42101093147878,7.999999999999337,5.0,7058.025424823257,0.7893882433635907,steady_state_heating
2024-11-03 05:25:00,2.6311809196453213,12.554675870475148,7.999999999999469,5.000000000000028,7020.2465670442,0.7809839219392707,steady_state_heating
2024-11-03 05:30:00,2.6300414064861197,12.546873461168419,7.999999999999503,4.999999999999986,7022.451599744758,0.7814695852592833,steady_state_heating
2024-11-03 05:35:00,2.6004155934599202,12.345217068801151,7.99999999999924,5.0,7079.445567876112,0.7942347182196753,steady_state_heating
2024-11-03 05:40:00,2.613879867828791,12.4365808750812,7.99999999999935,4.999999999999993,7053.624694348346,0.7883999708992357,steady_state_heating
2024-11-03 05:45:00,,12.834759933667232,8.000000000048782,4.999999999999989,0.0,0.7639410515408406,defrost
2024-11-03 05:50:00,,12.653574741099975,7.999999999999989,5.000000000000066,0.0,0.7748798423067327,defrost
2024-11-03 05:55:00,,12.33474464151892,8.000000000000007,4.999999999999993,0.0,0.7949090382460154,defrost
2024-11-03 06:00:00,2.594533329197225,12.305449914570286,7.999999999999213,5.0000000000000355,7090.681407535292,0.7968014227899439,steady_state_heating
2024-11-03 06:05:00,2.626211796824376,12.520676665949754,7.999999999999421,4.999999999999979,7029.855419280603,0.7831046405554828,steady_state_heating
2024-11-03 06:10:00,2.673627479273601,12.847774923254835,7.999999999999639,4.999999999999972,6937.497701846057,0.7631671677445626,steady_state_heating
2024-11-03 06:15:00,2.631732711594727,12.558455300433964,7.9999999999994245,4.999999999999993,7019.178486090197,0.7807488871391042,steady_state_heating
2024-11-03 06:20:00,2.6745530811117697,12.854220193339243,7.999999999999695,4.999999999999986,6935.680806135185,0.7627845059851028,steady_state_heating
2024-11-03 06:25:00,2.647997432843866,12.670220699334727,7.999999999999552,5.000000000000007,6987.601975148471,0.7738618160388339,steady_state_heating
2024-11-03 06:30:00,2.6540584720840243,12.712050002615284,7.999999999999606,5.0,6975.7901954472445,0.771315405303062,steady_state_heating
2024-11-03 06:35:00,2.613841988736652,12.436323177958093,7.999999999999371,4.999999999999986,7053.697531263327,0.7884163075930835,steady_state_heating
2024-11-03 06:40:00,,12.78972604405317,7.999999999961005,4.999999999999998,0.0,0.7666309634958149,defrost
2024-11-03 06:45:00,,12.594788976653946,8.000000000000036,5.0000000000000195,0.0,0.7784965685550453,defrost
2024-11-03 06:50:00,,12.835901958144609,8.000000000048406,5.000000000000026,0.0,0.7638730828555886,defrost
2024-11-03 06:55:00,2.6323165935207142,12.562455402207522,7.999999999999469,5.0,7018.048058042005,0.7805002832708194,steady_state_heating
2024-11-03 07:00:00,2.6508616807362477,12.689975629080056,7.999999999999591,4.999999999999979,6982.023065999831,0.772657118232055,steady_state_heating
2024-11-03 07:05:00,2.656901498193127,12.73170453167476,7.999999999999581,5.0,6970.241609916314,0.7701246895579845,steady_state_heating
2024-11-03 07:10:00,2.6433685982687667,12.638341493661368,7.999999999999554,4.999999999999993,6996.60655473623,0.7758138205806192,steady_state_heating
2024-11-03 07:15:00,2.657529366436234,12.736048055161984,7.9999999999996305,4.999999999999979,6969.015545945206,0.7698620449242081,steady_state_heating
2024-11-03 07:20:00,2.643612784166148,12.640021799745133,7.999999999999531,5.000000000000014,6996.1318881417,0.7757106874766393,steady_state_heating
2024-11-03 07:25:00,2.630393447537397,12.54928357073032,7.999999999999442,5.000000000000007,7021.770474639929,0.7813195028016552,steady_state_heating
2024-11-03 07:30:00,2.6804722969570047,12.895492522597284,7.99999999999967,5.000000000000007,6924.050107011591,0.7603431961065701,steady_state_heating
2024-11-03 07:35:00,2.6717983000797876,12.83504456112042,7.999999999999668,4.999999999999936,6941.086790498097,0.7639241105325838,steady_state_heating
2024-11-03 07:40:00,2.6296106739518765,12.543925066291768,7.9999999999994795,4.999999999999979,7023.284857511397,0.7816532662769288,steady_state_heating
2024-11-03 07:45:00,2.6540218559760187,12.71179700767044,7.999999999999616,5.000000000000021,6975.861623815148,0.7713307563111296,steady_state_heating
2024-11-03 07:50:00,2.629325063036614,12.541970309052317,7.999999999999517,5.000000000000021,7023.837303431141,0.7817750926202649,steady_state_heating
2024-11-03 07:55:00,2.62335579724297,12.501165075752708,7.999999999999421,4.999999999999979,7035.370126769407,0.7843268959801041,steady_state_heating
2024-11-03 08:00:00,2.6767913830511154,12.86981581208164,7.999999999999707,5.000000000000021,6931.285115607592,0.7618601651466902,steady_state_heating
2024-11-03 08:05:00,2.610396095296923,12.412895929275328,7.999999999999359,5.0,7060.319027695915,0.7899043104740207,steady_state_heating
2024-11-03 08:10:00,2.6797998529497717,12.890799054091904,7.999999999999724,4.999999999999979,6925.3724022933,0.7606200328510755,steady_state_heating
2024-11-03 08:15:00,2.656723115323305,12.730470691265598,7.999999999999611,4.999999999999993,6970.589900316349,0.7701993302358588,steady_state_heating
2024-11-03 08:20:00,,12.83149274206812,8.000000000049553,5.000000000000014,0.0,0.7641355684092981,defrost
2024-11-03 08:25:00,,12.978324403121931,8.000000000022716,5.00000000000002,0.0,0.7554904389384364,defrost
2024-11-03 08:30:00,,13.049881134157229,8.000000000015099,5.00000000000002,0.0,0.7513478398156477,defrost
2024-11-03 08:35:00,2.6719317026173357,12.835972684135067,7.999999999999708,4.999999999999993,6940.825103546545,0.7638688739279362,steady_state_heating
2024-11-03 08:40:00,2.7177722646390374,13.15777272884163,7.999999999999783,5.000000000000021,6850.325360841618,0.745186909826128,steady_state_heating
2024-11-03 08:45:00,2.7101273456399215,13.103704485453791,7.999999999999806,5.000000000000014,6865.493469752565,0.7482616851505145,steady_state_heating
2024-11-03 08:50:00,2.6864248996658424,12.937093607556825,7.999999999999718,4.999999999999972,6912.333850169251,0.7578982032156507,steady_state_heating
2024-11-03 08:55:00,2.716031131593043,13.145444428679895,7.99999999999978,5.000000000000007,6853.782368279387,0.7458857745888051,steady_state_heating
2024-11-03 09:00:00,2.7586031483753968,13.449311303699847,7.999999999999879,4.999999999999986,6768.871714160754,0.7290336121004716,steady_state_heating
2024-11-03 09:05:00,2.769579985023574,13.528491125651815,7.999999999999865,4.999999999999993,6746.8596720096,0.7247667096745495,steady_state_heating
2024-11-03 09:10:00,2.7538602927441684,13.415205498243873,7.999999999999865,4.999999999999986,6778.368639949452,0.7308870521054291,steady_state_heating
2024-11-03 09:15:00,2.717556647154281,13.156245567255988,7.999999999999819,4.999999999999979,6850.753545756564,0.7452734102503564,steady_state_heating
2024-11-03 09:20:00,2.7638438911745618,13.48707178043085,7.999999999999906,5.000000000000028,6758.367901702695,0.7269924976766724,steady_state_heating
2024-11-03 09:25:00,,13.583718248615252,8.000000000000266,5.000000000000017,0.0,0.7218200363512064,defrost
2024-11-03 09:30:00,,13.61368125933408,8.000000000000234,4.999999999999994,0.0,0.7202313476582464,defrost
2024-11-03 09:35:00,,13.661838141700681,8.000000000000124,4.9999999999999885,0.0,0.7176925899942941,defrost
2024-11-03 09:40:00,2.787334031442047,13.657288048877374,7.999999999999915,4.999999999999936,6711.167323582192,0.717931698072807,steady_state_heating
2024-11-03 09:45:00,2.7725732459946633,13.550142305890295,7.999999999999911,4.999999999999993,6740.849654488808,0.7236086366220463,steady_state_heating
2024-11-03 09:50:00,2.7615728743926162,13.470699102584838,7.999999999999885,4.999999999999986,6762.920872457048,0.727876105414496,steady_state_heating
2024-11-03 09:55:00,2.7318418485649625,13.25770352751721,7.999999999999809,5.0,6822.338855193789,0.7395700152480484,steady_state_heating
2024-11-03 10:00:00,2.7858045196235457,13.646156450533109,7.9999999999999245,5.0,6714.246360504458,0.7185173375039944,steady_state_heating
2024-11-03 10:05:00,2.7843333269633574,13.6354556680526,7.999999999999908,4.999999999999986,6717.207281568247,0.7190812128833189,steady_state_heating
2024-11-03 10:10:00,2.7969050536542865,13.727098601997165,7.99999999999994,5.000000000000021,6691.883293772276,0.714280583558529,steady_state_heating
2024-11-03 10:15:00,2.7537591496754246,13.414478874955535,7.999999999999908,5.0,6778.571070438851,0.7309266421303668,steady_state_heating
2024-11-03 10:20:00,,13.876692178738839,7.999999999999986,5.000000000000012,0.0,0.7065804929378435,defrost
2024-11-03 10:25:00,,14.20601154817457,8.000000000000014,4.999999999999985,0.0,0.6902007623145925,defrost
2024-11-03 10:30:00,,13.83013734643685,7.999999999999986,5.000000000000013,0.0,0.7089589751996305,defrost
2024-11-03 10:35:00,2.8142844211493894,13.85454485630249,7.9999999999999485,4.999999999999993,6656.79723599312,0.7077100043123871,steady_state_heating
2024-11-03 10:40:00,2.836314229396073,14.017370231313203,8.0,5.000000000000014,6612.2073173667095,0.6994892649761615,steady_state_heating
2024-11-03 10:45:00,2.8867968270212705,14.395974212532835,8.000000000000014,5.000000000000014,6509.638164109734,0.681093190029749,steady_state_heating
2024-11-03 10:50:00,2.8072537900106775,13.80288151761527,7.999999999999966,5.000000000000007,6671.001243373008,0.7103589194391637,steady_state_heating
2024-11-03 10:55:00,2.850304827606844,14.121525600406098,7.999999999999927,5.000000000000014,6583.830534532636,0.6943300800104799,steady_state_heating
2024-11-03 11:00:00,2.829873325228093,13.969616007661035,7.999999999999938,5.000000000000007,6625.256498269902,0.7018804235293848,steady_state_heating
2024-11-03 11:05:00,2.8473589930920893,14.099546166505172,7.9999999999999725,4.999999999999993,6589.808977117379,0.6954124540045645,steady_state_heating
2024-11-03 11:10:00,2.868794956246469,14.260080773523375,7.999999999999927,5.000000000000028,6546.266902910255,0.6875837630741127,steady_state_heating
2024-11-03 11:15:00,2.9193224230512396,14.644034316688186,8.000000000000021,5.000000000000014,6443.345021263557,0.6695559289168227,steady_state_heating
2024-11-03 11:20:00,2.9356904558342554,14.77011540488967,7.999999999999975,4.999999999999986,6409.942485792172,0.6638404461453328,steady_state_heating
2024-11-03 11:25:00,2.905373517347743,14.53724967655993,7.999999999999931,4.999999999999986,6471.7908076187705,0.6744742106073701,steady_state_heating
2024-11-03 11:30:00,2.8894363939037344,14.415983253944564,7.999999999999941,5.000000000000028,6504.26323226999,0.6801478489035504,steady_state_heating
2024-11-03 11:35:00,2.9744380238970596,15.07197508767964,7.999999999999973,5.000000000000007,6330.802869749313,0.650545130479612,steady_state_heating
2024-11-03 11:40:00,2.89150650185514,14.431690536339563,7.999999999999998,4.999999999999986,6500.047200025662,0.6794075839771249,steady_state_heating
2024-11-03 11:45:00,2.8989600237429762,14.488354703581326,7.999999999999935,4.999999999999979,6484.862405621169,0.6767504109749839,steady_state_heating
2024-11-03 11:50:00,2.872011376937032,14.284288562654902,7.9999999999999485,5.000000000000021,6539.726240084736,0.6864185049883662,steady_state_heating
2024-11-03 11:55:00,2.9658845822768853,15.004926139304686,8.00000000000001,5.000000000000014,6348.278157283552,0.6534520669392877,steady_state_heating
2024-11-03 12:00:00,2.9615550621167577,14.971077683146717,8.00000000000001,5.000000000000007,6357.12282373074,0.6549294718467532,steady_state_heating
2024-11-03 12:05:00,3.019166896508786,15.426484367513627,8.000000000000021,4.999999999999986,6239.41063178076,0.6355952378007897,steady_state_heating
2024-11-03 12:10:00,2.9052797598769167,14.536533973275436,8.000000000000007,5.000000000000021,6471.981933833588,0.6745074182075255,steady_state_heating
2024-11-03 12:15:00,,15.188316275447738,7.999999999999876,5.00000000000001,0.0,0.6455620110999408,defrost
2024-11-03 12:20:00,,14.90076664003765,7.999999999999936,4.99999999999995,0.0,0.6580198346073305,defrost
2024-11-03 12:25:00,,15.195112665898575,7.999999999999876,5.00000000000001,0.0,0.6452732675029612,defrost
2024-11-03 12:30:00,2.928347370855012,14.713448201836272,8.00000000000001,5.0,6424.93041982988,0.666397153508605,steady_state_heating
2024-11-03 12:35:00,3.0330901825150383,15.53818735635781,8.000000000000027,4.999999999999979,6210.969987243385,0.6310259861803018,steady_state_heating
2024-11-03 12:40:00,3.015469154583293,15.396927010943392,8.000000000000009,5.000000000000021,6246.965047006358,0.6368153848512157,steady_state_heating
2024-11-03 12:45:00,2.9938140093061913,15.22473815661669,7.9999999999999805,5.000000000000014,6291.211770525614,0.6440176441220925,steady_state_heating
2024-11-03 12:50:00,3.0254551394336455,15.47685309186666,8.00000000000001,5.000000000000021,6226.564900100633,0.6335267216016078,steady_state_heating
2024-11-03 12:55:00,2.9919404370112557,15.209913147887162,8.000000000000023,4.999999999999986,6295.040157330495,0.6446453641559432,steady_state_heating
2024-11-03 13:00:00,3.0088804775953517,15.344373873707763,7.999999999999992,5.000000000000007,6260.426483796026,0.6389964217960465,steady_state_heating
2024-11-03 13:05:00,3.0200884812369857,15.433858001524337,7.999999999999994,5.000000000000007,6237.527917364814,0.635291577713855,steady_state_heating
2024-11-03 13:10:00,2.98825671645689,15.180798476262463,8.000000000000007,4.9999999999999645,6302.567326249715,0.6458817047951486,steady_state_heating
2024-11-03 13:15:00,3.0808287185068117,15.926159313165925,8.000000000000025,5.000000000000021,6113.542758205291,0.6156537685701997,steady_state_heating
2024-11-03 13:20:00,3.1042894820492752,16.119700959446135,8.000000000000002,4.999999999999986,6065.736111582125,0.6082619041548829,steady_state_heating
2024-11-03 13:25:00,,15.736526293082536,7.99999999999897,5.000000000000007,0.0,0.6230727046991359,defrost
2024-11-03 13:30:00,,16.00756368779774,7.999999999997719,5.000000000000007,0.0,0.6125229417312371,defrost
2024-11-03 13:35:00,,15.822909479661629,7.999999999998618,5.0000000000000195,0.0,0.6196711175402418,defrost
2024-11-03 13:40:00,3.100793734026627,16.09074060666829,8.000000000000027,4.999999999999993,6072.855673766753,0.6093566629205754,steady_state_heating
2024-11-03 13:45:00,3.0852314553589615,15.962334044829177,7.999999999999998,5.000000000000021,6104.566789478181,0.6142585396636416,steady_state_heating
2024-11-03 13:50:00,3.080157244187223,15.920648098542658,7.999999999999974,4.999999999999993,6114.911874872829,0.6158668880381535,steady_state_heating
2024-11-03 13:55:00,3.140731637900796,16.424178121949073,7.999999999999975,5.000000000000007,5991.609478423882,0.596985732083405,steady_state_heating
2024-11-03 14:00:00,3.113510797845604,16.19630068739504,8.00000000000001,4.999999999999993,6046.9626618815255,0.6053851548724857,steady_state_heating
2024-11-03 14:05:00,3.195773416862475,16.893144519178676,8.000000000000027,4.999999999999979,5880.036955052528,0.5804129591662721,steady_state_heating
2024-11-03 14:10:00,3.1483774780963123,16.488661943576467,7.999999999999999,5.000000000000014,5976.080928403304,0.5946510416401471,steady_state_heating
2024-11-03 14:15:00,3.1275826878201056,16.313772833177296,7.999999999999988,5.000000000000021,6018.334921876981,0.6010259000333505,steady_state_heating
2024-11-03 14:20:00,3.2050883030956556,16.97361465014083,7.999999999999998,4.999999999999986,5861.209187247057,0.5776612820604271,steady_state_heating
2024-11-03 14:25:00,3.188097502061701,16.82707623046238,7.999999999999979,4.999999999999986,5895.564448071543,0.5826918393731307,steady_state_heating
2024-11-03 14:30:00,3.1994322395018426,16.9247139792083,7.999999999999979,5.0,5872.639526445277,0.5793303220394315,steady_state_heating
2024-11-03 14:35:00,3.2215046949885413,17.116226473426043,7.999999999999998,4.999999999999986,5828.069611337429,0.5728482276875013,steady_state_heating
2024-11-03 14:40:00,3.1615025138785526,16.59984945053131,8.000000000000025,4.999999999999979,5949.445623428858,0.5906680075153428,steady_state_heating
2024-11-03 14:45:00,3.1980552821276973,16.91282730352496,7.999999999999989,5.000000000000021,5875.423163864553,0.5797374870585035,steady_state_heating
2024-11-03 14:50:00,3.2141814095872103,17.052482460766175,8.000000000000012,4.999999999999986,5842.846255317383,0.5749895959464572,steady_state_heating
2024-11-03 14:55:00,3.1900200928943483,16.843603852751937,7.999999999999975,5.0,5891.674227100029,0.58212007867889,steady_state_heating
2024-11-03 15:00:00,3.226969762342386,17.163928314699344,7.999999999999993,5.000000000000021,5817.049701737306,0.571256172842607,steady_state_heating
2024-11-03 15:05:00,3.2953693656628906,17.770689849828752,7.999999999999973,4.999999999999993,5679.697545735145,0.5517512309796179,steady_state_heating
2024-11-03 15:10:00,3.2673694290825472,17.52010535708342,8.000000000000021,5.0,5735.790709044985,0.559642753291766,steady_state_heating
2024-11-03 15:15:00,3.2218269846989234,17.119036436412536,8.000000000000021,5.000000000000021,5827.419563275169,0.5727541988954795,steady_state_heating
2024-11-03 15:20:00,,17.17659839366524,7.999999999977824,4.999999999964764,0.0,0.6,defrost
2024-11-03 15:25:00,,18.30365410909888,8.000000000020435,4.999999999989118,0.0,0.6,defrost
2024-11-03 15:30:00,,17.8217678626259,7.999999999950624,4.99999999998213,0.0,0.6,defrost
2024-11-03 15:35:00,3.291272374551319,17.733830652532436,8.000000000000002,4.999999999999972,5687.893045282761,0.5528980281877125,steady_state_heating
2024-11-03 15:40:00,3.312928106699858,17.92941789544873,8.000000000000014,4.999999999999986,5644.622261900363,0.5468666109059195,steady_state_heating
2024-11-03 15:45:00,3.265439426846525,17.502946247349257,7.9999999999999805,5.000000000000028,5739.6641591299685,0.5601914021466491,steady_state_heating
2024-11-03 15:50:00,3.3771092936757388,18.52026753158644,7.999999999999961,5.000000000000014,5517.124395625789,0.5294199980252712,steady_state_heating
2024-11-03 15:55:00,3.312688734432745,17.927245705010964,8.000000000000025,5.000000000000028,5645.099892279248,0.5469328730882136,steady_state_heating
2024-11-03 16:00:00,3.3751722638988775,18.502185857744568,8.000000000000014,5.000000000000007,5520.955267564994,0.5299373855276595,steady_state_heating
2024-11-03 16:05:00,3.3422168647486923,18.196950317011957,7.999999999999988,4.999999999999993,5586.29696568619,0.5388265522071307,steady_state_heating
2024-11-03 16:10:00,3.4098444457992008,18.828241586196146,7.999999999999976,4.999999999999986,5452.5530312799765,0.5207602608619869,steady_state_heating
2024-11-03 16:15:00,3.3791453955058106,18.539291004152496,8.000000000000025,5.000000000000021,5513.098776091134,0.5288767514250585,steady_state_heating
2024-11-03 16:20:00,3.4081790019793035,18.81246277405574,8.000000000000004,4.999999999999986,5455.830357606597,0.5211970446273558,steady_state_heating
2024-11-03 16:25:00,3.416346240804713,18.889955269801735,7.999999999999998,4.999999999999979,5439.766712986784,0.5190589315833204,steady_state_heating
2024-11-03 16:30:00,3.4172360172012373,18.898415006033236,7.999999999999977,4.999999999999986,5438.01790996789,0.5188265786770906,steady_state_heating
2024-11-03 16:35:00,3.4122464974551168,18.851020175631202,7.999999999999983,5.000000000000014,5447.827679751312,0.5201310013277147,steady_state_heating
2024-11-03 16:40:00,3.387300732173738,18.61566200860725,7.999999999999982,5.000000000000007,5496.986963362814,0.5267070274195197,steady_state_heating
2024-11-03 16:45:00,3.4766379966497603,19.47102354154358,8.000000000000007,5.000000000000021,5321.834870954219,0.5035688020755531,steady_state_heating
2024-11-03 16:50:00,3.3721026040599935,18.473563594281902,8.000000000000021,5.0,5527.028395142148,0.5307584511217378,steady_state_heating
2024-11-03 16:55:00,3.4015428117888806,18.749707930212015,8.00000000000001,4.999999999999979,5468.897739503874,0.5229414792217043,steady_state_heating
2024-11-03 17:00:00,3.404716929596048,18.77970032600045,8.000000000000025,4.999999999999986,5462.645878951865,0.522106307863975,steady_state_heating
2024-11-03 17:05:00,3.4219014546574904,18.942828603487897,8.000000000000025,4.999999999999993,5428.8522915637695,0.5176101312659617,steady_state_heating
2024-11-03 17:10:00,3.4041880404531413,18.77469983584644,7.999999999999992,4.999999999999993,5463.687385613475,0.5222453666758159,steady_state_heating
2024-11-03 17:15:00,3.4408996922555244,19.124662557446978,7.999999999999976,5.000000000000021,5391.599252047576,0.5126887844712342,steady_state_heating
2024-11-03 17:20:00,3.4244617903476566,18.967242274913406,7.999999999999994,4.999999999999986,5423.8251927220745,0.5169438897803486,steady_state_heating
2024-11-03 17:25:00,3.374333025145531,18.49435666733695,8.000000000000007,5.000000000000007,5522.615374819114,0.530161723187522,steady_state_heating
2024-11-03 17:30:00,3.4368355635329375,19.085631996569617,7.999999999999996,5.000000000000007,5399.558882302659,0.5137372449475247,steady_state_heating
2024-11-03 17:35:00,3.394486476345441,18.68318624097115,7.999999999999983,4.999999999999972,5482.807107835106,0.5248034180860549,steady_state_heating
2024-11-03 17:40:00,3.3651128250434663,18.40853618730593,8.000000000000014,4.9999999999999645,5540.867455016634,0.532633333809631,steady_state_heating
2024-11-03 17:45:00,3.4361159652210636,19.078728743461227,8.000000000000018,4.999999999999986,5400.96876857153,0.5139231304056573,steady_state_heating
2024-11-03 17:50:00,3.445639428392137,19.170272947950014,7.999999999999994,5.000000000000007,5382.323092682947,0.511468982555541,steady_state_heating
2024-11-03 17:55:00,3.439545060791839,19.11164508202391,7.999999999999977,5.0,5394.25172523844,0.513037991126281,steady_state_heating
2024-11-03 18:00:00,3.4446664634380704,19.160902072458956,8.000000000000027,5.000000000000021,5384.226700762557,0.5117191227699693,steady_state_heating
2024-11-03 18:05:00,3.352382856349246,18.29062875372145,7.999999999999995,5.000000000000014,5566.10759149312,0.5360668641861236,steady_state_heating
2024-11-03 18:10:00,3.3622958574750528,18.38238692894517,7.999999999999987,5.0,5546.448758530521,0.5333910137948905,steady_state_heating
2024-11-03 18:15:00,3.489318422939502,19.595289632313662,7.999999999999977,5.000000000000028,5297.1823656867555,0.5003753546888663,steady_state_heating
2024-11-03 18:20:00,3.3782562948330783,18.53098191810333,8.0,4.999999999999943,5514.85648569584,0.5291138938741976,steady_state_heating
2024-11-03 18:25:00,3.4473704963330594,19.186955607727743,8.000000000000014,4.999999999999986,5378.937004800314,0.5110242708880259,steady_state_heating
2024-11-03 18:30:00,3.4027872379170896,18.76146144263572,7.99999999999999,5.000000000000007,5466.446305985455,0.5226138715248475,steady_state_heating
2024-11-03 18:35:00,3.4309200393133077,19.028950280172182,7.999999999999992,4.999999999999979,5411.153847122496,0.5152675189979677,steady_state_heating
2024-11-03 18:40:00,3.396577767859935,18.702879218880415,8.000000000000004,4.999999999999972,5478.683208840643,0.5242508324655129,steady_state_heating
2024-11-03 18:45:00,3.433440133789699,19.0530787970844,8.000000000000057,5.000000000000028,5406.212880097247,0.5146149923812005,steady_state_heating
2024-11-03 18:50:00,3.4171183433973,18.897296001599134,8.000000000000023,4.999999999999986,5438.249176810269,0.5188573010218109,steady_state_heating
2024-11-03 18:55:00,3.3948489259369836,18.68659797294713,7.999999999999996,5.0,5482.092285008341,0.5247076013619412,steady_state_heating
2024-11-03 19:00:00,3.377644859624909,18.525269681396317,8.000000000000018,5.0,5516.06539885824,0.5292770452808302,steady_state_heating
2024-11-03 19:05:00,3.431859762524247,19.037944375446475,8.00000000000001,5.000000000000021,5409.3111654080685,0.5150240911852674,steady_state_heating
2024-11-03 19:10:00,3.3716862674957286,18.4696846087239,7.999999999999992,5.000000000000021,5527.852302418986,0.5308699205057756,steady_state_heating
2024-11-03 19:15:00,3.4226312453141143,18.94978451173851,8.000000000000016,5.000000000000021,5427.419173345926,0.5174201318187154,steady_state_heating
2024-11-03 19:20:00,3.5032180625460465,19.73234169471301,7.999999999999972,5.000000000000021,5270.221446212446,0.49689997019599164,steady_state_heating
2024-11-03 19:25:00,3.4501962287623154,19.21421614401001,7.999999999999993,5.000000000000021,5373.41174624911,0.5102992454395123,steady_state_heating
2024-11-03 19:30:00,3.420361732565502,18.92816049764232,8.000000000000005,5.000000000000064,5431.87644816171,0.5180112457954539,steady_state_heating
2024-11-03 19:35:00,3.381953894877195,18.56555966609946,8.000000000000004,5.0,5507.548037315347,0.5281284365428442,steady_state_heating
2024-11-03 19:40:00,3.310960410920478,17.911568820973514,7.999999999999984,4.999999999999972,5648.548941545477,0.5474115694722879,steady_state_heating
2024-11-03 19:45:00,3.325800590897394,18.046570047465597,7.999999999999984,5.000000000000007,5618.959593444314,0.5433165401630982,steady_state_heating
2024-11-03 19:50:00,3.4142838818678136,18.870360083701065,8.000000000000004,5.0,5443.821100058838,0.5195979279944367,steady_state_heating
2024-11-03 19:55:00,3.3337148073587963,18.118930498081678,7.999999999999984,5.000000000000028,5603.203871085498,0.5411467305445044,steady_state_heating
2024-11-03 20:00:00,3.3294712279677476,18.080099358003178,8.000000000000004,5.000000000000014,5611.649927537933,0.5423089666628299,steady_state_heating
2024-11-03 20:05:00,3.3451859337314445,18.22426598851166,8.000000000000005,5.000000000000021,5580.397488800126,0.5380189252165732,steady_state_heating
2024-11-03 20:10:00,3.3087112189238193,17.891185329513235,7.9999999999999805,4.999999999999986,5653.038609845854,0.5480352374320174,steady_state_heating
2024-11-03 20:15:00,3.2904074344261587,17.72605760346908,8.000000000000002,5.000000000000014,5689.6237868105045,0.5531404793630543,steady_state_heating
2024-11-03 20:20:00,3.3240768169419437,18.030843164442523,8.000000000000014,4.999999999999972,5622.393552994576,0.5437904323484886,steady_state_heating
2024-11-03 20:25:00,3.29637376628263,17.779736270433972,7.999999999999997,5.000000000000021,5677.689021130696,0.5514704971358205,steady_state_heating
2024-11-03 20:30:00,3.288709109899465,17.710803714778425,7.999999999999978,5.0,5693.022673028176,0.5536168859360362,steady_state_heating
2024-11-03 20:35:00,3.268550857338682,17.530616277663345,7.999999999999982,5.000000000000028,5733.420058885307,0.5593072054456557,steady_state_heating
2024-11-03 20:40:00,3.2974086184372857,17.78906115961469,8.000000000000002,5.0,5675.619870162777,0.5511814205383493,steady_state_heating
2024-11-03 20:45:00,3.2642382260987577,17.49227403971631,8.000000000000014,4.999999999999972,5742.07537441471,0.5605331804051137,steady_state_heating
2024-11-03 20:50:00,3.2596200604141714,17.451295710392525,7.999999999999932,4.999999999999993,5751.34875386268,0.561849398618635,steady_state_heating
2024-11-03 20:55:00,3.2793869875409527,17.627277943327215,7.999999999999996,4.999999999999993,5711.691970137465,0.5562401654710206,steady_state_heating
2024-11-03 21:00:00,3.25348051012223,17.396945889267656,7.99999999999999,5.000000000000021,5763.684800389411,0.5636046730506188,steady_state_heating
2024-11-03 21:05:00,3.226271056586128,17.15782334056686,8.00000000000002,5.0,5818.458238922764,0.5714594331332035,steady_state_heating
2024-11-03 21:10:00,3.247240148828962,17.34185304124582,7.9999999999999805,5.000000000000028,5776.232269501419,0.5653951729771798,steady_state_heating
2024-11-03 21:15:00,3.2557885932270327,17.417360856007384,8.000000000000075,4.999999999999986,5759.046203580793,0.5629440694867482,steady_state_heating
2024-11-03 21:20:00,,17.04787902247665,7.999999999981675,4.999999999959606,0.0,0.6,defrost
2024-11-03 21:25:00,,17.031155170741062,7.999999999982077,4.999999999958806,0.0,0.6,defrost
2024-11-03 21:30:00,,16.67984183423877,7.999999999989996,5.0000000000398455,0.0,0.6,defrost
2024-11-03 21:35:00,3.1557870397784993,16.55135451732692,7.999999999999988,5.000000000000007,5961.040920021256,0.5923986456658615,steady_state_heating
2024-11-03 21:40:00,3.2006689183279002,16.93539572469002,7.999999999999993,5.000000000000007,5870.139787604382,0.578964918174622,steady_state_heating
2024-11-03 21:45:00,3.1897916538354023,16.841639350308075,8.000000000000016,5.0,5892.136420577373,0.5821879804011258,steady_state_heating
2024-11-03 21:50:00,3.192372894867219,16.86384846648863,8.000000000000025,4.999999999999986,5886.914447951468,0.5814212585866273,steady_state_heating
2024-11-03 21:55:00,3.1764878618570824,16.72756405939485,7.9999999999999964,5.000000000000057,5919.070114643349,0.5861582693801212,steady_state_heating
2024-11-03 22:00:00,3.1710200162171382,16.680868326653414,8.000000000000027,5.000000000000021,5930.149035073477,0.5877991365912967,steady_state_heating
2024-11-03 22:05:00,3.1845816742928155,16.796887708994117,7.999999999999973,4.999999999999979,5902.680239922926,0.583739093210095,steady_state_heating
2024-11-03 22:10:00,3.1939117659524694,16.877100763097676,7.999999999999977,4.999999999999986,5883.801837250648,0.5809647129345202,steady_state_heating
2024-11-03 22:15:00,3.1839629586610902,16.791579863385547,8.000000000000021,5.0,5903.932712857444,0.5839236140835105,steady_state_heating
2024-11-03 22:20:00,3.142586907717796,16.43980582834342,7.99999999999999,4.999999999999979,5987.840646877933,0.5964182364669705,steady_state_heating
2024-11-03 22:25:00,3.1852092186963827,16.80227274098129,8.000000000000004,5.0,5901.409966486446,0.5835520081807316,steady_state_heating
2024-11-03 22:30:00,3.155480199981571,16.548754385673575,7.999999999999978,5.000000000000028,5961.663573173755,0.592491723031934,steady_state_heating
2024-11-03 22:35:00,3.1646672620430585,16.62675302508383,8.000000000000021,5.000000000000057,5943.02744567428,0.5897122538121391,steady_state_heating
2024-11-03 22:40:00,3.1403777004298403,16.421198165893752,7.9999999999999645,4.999999999999986,5992.328532440721,0.5970940671287084,steady_state_heating
2024-11-03 22:45:00,3.135616300842028,16.38115356553186,8.000000000000009,5.000000000000014,6002.003518339751,0.5985536953045253,steady_state_heating
2024-11-03 22:50:00,3.093247310152521,16.02836851707992,8.000000000000028,5.000000000000021,6088.229704478931,0.6117278866873894,steady_state_heating
2024-11-03 22:55:00,3.1278779319506596,16.316245069843994,7.999999999999981,4.999999999999986,6017.734564270632,0.6009348326179412,steady_state_heating
2024-11-03 23:00:00,3.19459424746341,16.8829809087921,8.000000000000005,4.999999999999993,5882.421554132006,0.5807623696887483,steady_state_heating
2024-11-03 23:05:00,3.080653744040797,15.924723036719923,7.999999999999995,5.000000000000007,6113.899521915924,0.6157092953762024,steady_state_heating
2024-11-03 23:10:00,,15.979449365781626,7.9999999999979,4.9999999999999964,0.0,0.613600617615549,defrost
2024-11-03 23:15:00,,15.774402597719074,7.999999999998831,4.999999999999975,0.0,0.6215766295591921,defrost
2024-11-03 23:20:00,,15.706239222618436,7.99999999999908,5.000000000000011,0.0,0.6242742047300476,defrost
2024-11-03 23:25:00,3.1112353771370063,16.177371346625222,8.000000000000004,4.999999999999986,6051.594166318428,0.6060935234725529,steady_state_heating
2024-11-03 23:30:00,3.022936581017996,15.456663643263582,8.000000000000014,5.0,6231.7096864125515,0.6343542323425836,steady_state_heating
2024-11-03 23:35:00,3.0236423135464903,15.462318850988542,7.999999999999997,5.000000000000014,6230.268027213162,0.6341222228367865,steady_state_heating
2024-11-03 23:40:00,2.976738559562618,15.090048961710572,7.999999999999989,5.000000000000014,6326.1024120768425,0.6497659500561709,steady_state_heating
2024-11-03 23:45:00,2.985684574389701,15.160495561862147,7.99999999999999,4.999999999999993,6307.823108251107,0.6467466686686373,steady_state_heating
2024-11-03 23:50:00,2.949014585440407,14.873374681123485,7.999999999999919,4.999999999999993,6382.737059797605,0.6592316949053941,steady_state_heating
2024-11-03 23:55:00,3.0101591053152683,15.354561319790374,8.000000000000025,4.999999999999986,6257.814019728926,0.638572460377777,steady_state_heating
2024-11-04 00:00:00,3.0642782640492094,15.790772328234068,8.000000000000012,4.999999999999986,6147.300518641942,0.6209322632350635,steady_state_heating
2024-11-04 00:05:00,2.9639975122847844,14.99016549639072,8.000000000000007,5.000000000000007,6352.133285029634,0.6540955136459841,steady_state_heating
2024-11-04 00:10:00,2.9117685516063063,14.586131032287938,7.999999999999997,4.999999999999986,6458.752076183541,0.6722138981403362,steady_state_heating
2024-11-04 00:15:00,2.9757468229148536,15.082255402419108,7.9999999999999885,5.000000000000007,6328.128742693217,0.6501017081588034,steady_state_heating
2024-11-04 00:20:00,2.9174383159409727,14.629575235501155,7.999999999999984,5.000000000000014,6447.188425928577,0.670217681796154,steady_state_heating
2024-11-04 00:25:00,2.9675084168082613,15.01763693778598,8.000000000000002,5.000000000000021,6344.960705460013,0.6528989907413175,steady_state_heating
2024-11-04 00:30:00,2.9149068956382767,14.610165992037516,7.999999999999992,4.999999999999979,6452.351738248396,0.6711080493776519,steady_state_heating
2024-11-04 00:35:00,2.8922676057180428,14.43746885133502,8.000000000000014,5.000000000000007,6498.496968864076,0.6791356643580453,steady_state_heating
2024-11-04 00:40:00,2.9004193160897636,14.499468813206622,8.000000000000016,5.000000000000014,6481.888603742654,0.6762316693332419,steady_state_heating
2024-11-04 00:45:00,2.919196273044382,14.643065864917942,8.000000000000018,5.000000000000028,6443.602366351364,0.6696002114892445,steady_state_heating
2024-11-04 00:50:00,2.874771777093503,14.305089286523279,7.999999999999921,5.0,6534.111517137801,0.6854203985456582,steady_state_heating
2024-11-04 00:55:00,2.8507264441035614,14.124673491627325,8.000000000000018,5.000000000000014,6582.974736305278,0.6941753383405355,steady_state_heating
2024-11-04 01:00:00,2.8512057018452452,14.12825239462621,7.9999999999999165,4.999999999999986,6582.001893825082,0.6939994930816367,steady_state_heating
2024-11-04 01:05:00,2.8138753319333425,13.851534763855588,8.000000000000018,5.000000000000014,6657.624090349404,0.7078637975616473,steady_state_heating
2024-11-04 01:10:00,,14.126304016721432,7.99999999999314,4.9999999999999805,0.0,0.6940952133264103,defrost
2024-11-04 01:15:00,,13.642530731186335,8.000000000000096,5.000000000000019,0.0,0.718708294905001,defrost
2024-11-04 01:20:00,,13.856399446774871,7.999999999999979,5.000000000000022,0.0,0.7076152818531917,defrost
2024-11-04 01:25:00,2.843889450373742,14.07369259329116,7.999999999999961,4.999999999999972,6596.847930944757,0.696689936561068,steady_state_heating
2024-11-04 01:30:00,2.8194563359534026,13.892642424147397,7.999999999999944,5.000000000000014,6646.3398875257535,0.7057692626535546,steady_state_heating
2024-11-04 01:35:00,2.814876407639267,13.858901583736412,7.999999999999924,5.000000000000028,6655.600628674495,0.7074875263928776,steady_state_heating
2024-11-04 01:40:00,2.785918790184356,13.646987863925785,7.9999999999999565,4.999999999999993,6714.016350267483,0.7184735633801187,steady_state_heating
2024-11-04 01:45:00,2.812906736202886,13.84440976288573,7.999999999999922,4.999999999999979,6659.581643757548,0.708228098411633,steady_state_heating
2024-11-04 01:50:00,2.8051287684132182,13.787294664359454,7.999999999999897,4.999999999999993,6675.291720050367,0.7111619965116287,steady_state_heating
2024-11-04 01:55:00,2.7840371764120384,13.633302359880199,7.9999999999999405,4.99999999999995,6717.803228626426,0.7191947879667037,steady_state_heating
2024-11-04 02:00:00,2.779225054406422,13.598348896350748,7.9999999999998685,5.000000000000014,6727.482655713629,0.7210434203987277,steady_state_heating
2024-11-04 02:05:00,2.760964648443735,13.46631665009604,7.999999999999915,5.000000000000021,6764.139927314555,0.7281129840304241,steady_state_heating
2024-11-04 02:10:00,,13.181877771425428,8.000000000006715,4.999999999999995,0.0,0.7438242236818835,defrost
2024-11-04 02:15:00,,12.966368314924209,8.00000000002434,4.9999999999999885,0.0,0.7561870650176195,defrost
2024-11-04 02:20:00,,13.221803097587832,8.000000000005095,5.00000000000002,0.0,0.7415781287643604,defrost
2024-11-04 02:25:00,2.7243020382193643,13.204082583822759,7.999999999999847,5.0,6837.347892129505,0.7425733622730276,steady_state_heating
2024-11-04 02:30:00,2.7309413015805433,13.251290746986092,7.999999999999807,4.999999999999986,6824.13285168077,0.7399279200201749,steady_state_heating
2024-11-04 02:35:00,2.679631919601625,12.889627118521167,7.999999999999714,5.0,6925.70258682967,0.760689189054286,steady_state_heating
2024-11-04 02:40:00,2.672295312093517,12.838502672743978,7.9999999999996545,4.999999999999986,6940.1117817994045,0.7637183439479999,steady_state_heating
2024-11-04 02:45:00,2.6968230744578774,13.009995427414935,7.999999999999706,5.000000000000014,6891.821173675381,0.7536513025468635,steady_state_heating
2024-11-04 02:50:00,2.6806207947403298,12.896529160544222,7.999999999999652,5.000000000000021,6923.75806621104,0.7602820788400589,steady_state_heating
2024-11-04 02:55:00,2.6263161042932293,12.521389678906289,7.999999999999417,5.0,7029.653898971001,0.7830600477611241,steady_state_heating
2024-11-04 03:00:00,2.6768610144435376,12.87030119425352,7.999999999999696,5.000000000000014,6931.148323652394,0.7618314328477298,steady_state_heating
2024-11-04 03:05:00,2.619639988649166,12.47581153394833,7.999999999999423,4.999999999999993,7042.536205121986,0.785920817521113,steady_state_heating
2024-11-04 03:10:00,2.6357655431732283,12.586102104358163,7.999999999999531,4.999999999999993,7011.365866576062,0.7790338834614132,steady_state_heating
2024-11-04 03:15:00,2.692746580881309,12.981379817600104,7.999999999999718,4.999999999999986,6899.869846878751,0.7553126199039658,steady_state_heating
2024-11-04 03:20:00,2.6972830388199784,13.013227080514666,7.999999999999773,4.999999999999943,6890.912466095154,0.7534641437773341,steady_state_heating
2024-11-04 03:25:00,2.6282416610411024,12.534557324070997,7.999999999999471,5.000000000000014,7025.932360709273,0.7822374373900522,steady_state_heating
2024-11-04 03:30:00,2.644105906019475,12.643415581650595,7.999999999999552,4.999999999999979,6995.173200585673,0.7755024689870991,steady_state_heating
2024-11-04 03:35:00,2.6438510854020487,12.641661764804633,7.99999999999957,4.999999999999979,6995.668622355631,0.7756100568437821,steady_state_heating
2024-11-04 03:40:00,2.681899891835242,12.905460801705766,7.999999999999704,4.999999999999979,6921.242035871156,0.7597559010604285,steady_state_heating
2024-11-04 03:45:00,2.619722985785054,12.476377440707743,7.99999999999935,5.0,7042.376252257747,0.7858851695211141,steady_state_heating
2024-11-04 03:50:00,2.613604415730744,12.43470701882763,7.9999999999994,5.000000000000014,7054.154330791893,0.7885187793451064,steady_state_heating
2024-11-04 03:55:00,2.659379443385353,12.748852828892566,7.999999999999577,4.999999999999993,6965.401392514405,0.769088805996651,steady_state_heating
2024-11-04 04:00:00,2.6128768749145976,12.429758629329228,7.99999999999932,5.0,7055.55296360863,0.7888326951791442,steady_state_heating
2024-11-04 04:05:00,2.6328377898537676,12.56602681357476,7.999999999999513,5.000000000000021,7017.038791890183,0.7802784559880054,steady_state_heating
2024-11-04 04:10:00,2.582805362458726,12.226429465082393,7.999999999999076,4.999999999999986,7112.998595409485,0.8019512178925354,steady_state_heating
2024-11-04 04:15:00,2.614265115325573,12.439201984418272,7.9999999999993605,5.000000000000014,7052.883848658827,0.7882338442837451,steady_state_heating
2024-11-04 04:20:00,2.5828300122512617,12.226595178673755,7.999999999999034,5.000000000000021,7112.951810224563,0.8019403486182625,steady_state_heating
2024-11-04 04:25:00,2.595962999197739,12.315106984390153,7.999999999999195,4.999999999999979,7087.953128336446,0.7961765993935901,steady_state_heating
2024-11-04 04:30:00,2.6427797909902355,12.634290410937496,7.999999999999563,5.000000000000028,6997.750958503648,0.7760625789883547,steady_state_heating
2024-11-04 04:35:00,2.6121857042245136,12.425058893121854,7.999999999999359,4.999999999999972,7056.881307510241,0.7891310684593829,steady_state_heating
2024-11-04 04:40:00,2.602480987915319,12.359201480212379,7.99999999999932,5.000000000000014,7075.493857817605,0.7933360432466638,steady_state_heating
2024-11-04 04:45:00,2.587238532646629,12.256257533078708,7.999999999999162,5.0,7104.57618588704,0.7999995082950112,steady_state_heating
2024-11-04 04:50:00,2.5977830254356533,12.327408467013665,7.999999999999185,4.999999999999986,7084.477530642607,0.7953820972377729,steady_state_heating
2024-11-04 04:55:00,2.605747161002178,12.381338763215966,7.999999999999343,5.000000000000007,7069.23785172206,0.7919175936878419,steady_state_heating
2024-11-04 05:00:00,2.619185323952579,12.472711773699912,7.99999999999943,5.0,7043.412349303148,0.7861161372040139,steady_state_heating
2024-11-04 05:05:00,2.543035602484226,11.961085729518416,7.99999999999849,5.000000000000043,7187.771969579991,0.8197416373166287,steady_state_heating
2024-11-04 05:10:00,2.5810842400178244,12.214862702239433,7.999999999999011,5.0,7116.263995052795,0.8027106189414959,steady_state_heating
2024-11-04 05:15:00,2.6040108494363166,12.369567036612052,7.999999999999243,4.999999999999929,7072.564611432931,0.7926712366713149,steady_state_heating
2024-11-04 05:20:00,2.596060020518441,12.315762531167902,7.999999999999218,4.999999999999986,7087.767919829849,0.7961342202877134,steady_state_heating
2024-11-04 05:25:00,2.6068955735505055,12.38912900149115,7.999999999999304,4.999999999999986,7067.036212445266,0.7914196388478867,steady_state_heating
2024-11-04 05:30:00,2.6029334540960987,12.362266525563893,7.999999999999265,4.999999999999993,7074.627706353271,0.7931393470383662,steady_state_heating
2024-11-04 05:35:00,2.590823912167577,12.280418344760228,7.999999999999174,5.000000000000007,7097.7524150358195,0.7984255686357424,steady_state_heating
2024-11-04 05:40:00,2.5896244419871337,12.272331781868296,7.999999999999103,5.000000000000021,7100.0364607887905,0.7989516722882566,steady_state_heating
2024-11-04 05:45:00,2.6019183349486537,12.355390761609211,7.999999999999277,5.000000000000043,7076.570713620514,0.7935807283785942,steady_state_heating
2024-11-04 05:50:00,2.6352619235867074,12.582647224205518,7.999999999999568,4.999999999999929,7012.342120622398,0.7792477866770272,steady_state_heating
2024-11-04 05:55:00,2.5937684618780574,12.300285593676433,7.999999999999227,5.000000000000007,7092.140343110812,0.7971359628463206,steady_state_heating
2024-11-04 06:00:00,2.6047279062411737,12.374427539077791,7.999999999999268,4.999999999999979,7071.191021395871,0.7923598864704101,steady_state_heating
2024-11-04 06:05:00,2.6102230213575393,12.411720086413576,7.999999999999307,5.000000000000014,7060.651361874357,0.7899791432400248,steady_state_heating
2024-11-04 06:10:00,2.6464480600622284,12.659543676509964,7.999999999999524,4.999999999999986,6990.617576824108,0.7745144888747753,steady_state_heating
2024-11-04 06:15:00,2.6067365063192494,12.388049766642538,7.999999999999307,5.000000000000007,7067.341223706696,0.7914885865571878,steady_state_heating
2024-11-04 06:20:00,2.637512088658291,12.598088781304645,7.999999999999474,5.000000000000014,7007.978882873728,0.7782926577363436,steady_state_heating
2024-11-04 06:25:00,2.6482157081022395,12.671725389778148,7.999999999999554,4.999999999999986,6987.177011780741,0.7737699246473063,steady_state_heating
2024-11-04 06:30:00,2.620542064975535,12.481963210297307,7.999999999999368,4.999999999999993,7040.797443834581,0.7855334801749074,steady_state_heating
2024-11-04 06:35:00,2.622797668968127,12.497354565468138,7.999999999999416,5.000000000000014,7036.447140243952,0.7845660414478862,steady_state_heating
2024-11-04 06:40:00,2.622325588669437,12.494132169584905,7.9999999999994245,4.999999999999972,7037.357931497659,0.7847683910266939,steady_state_heating
2024-11-04 06:45:00,2.6239623361288364,12.505307028171499,7.999999999999426,4.999999999999993,7034.199440171478,0.784067114698716,steady_state_heating
2024-11-04 06:50:00,2.6529427187800834,12.704342438593033,7.999999999999629,5.0,6977.966352483573,0.7717833526129246,steady_state_heating
2024-11-04 06:55:00,2.628307047213997,12.535004629568277,7.9999999999994245,4.999999999999979,7025.805942046076,0.7822095236304432,steady_state_heating
2024-11-04 07:00:00,2.6316661682196334,12.55799947727775,7.9999999999994635,4.999999999999993,7019.307302661409,0.7807772263202452,steady_state_heating
2024-11-04 07:05:00,2.5880474427871727,12.261705645530938,7.9999999999991385,5.000000000000021,7103.037585472061,0.799644053074595,steady_state_heating
2024-11-04 07:10:00,2.5871093479889407,12.255387614042935,7.99999999999914,4.999999999999993,7104.821852945851,0.8000562943243725,steady_state_heating
2024-11-04 07:15:00,2.6637851425506325,12.779382595151478,7.99999999999967,5.000000000000007,6956.786266169159,0.7672514635973127,steady_state_heating
2024-11-04 07:20:00,2.613261740017853,12.43237612794084,7.999999999999375,4.999999999999986,7054.8131442837,0.7886666152228126,steady_state_heating
2024-11-04 07:25:00,2.5974894535427637,12.32542364653118,7.999999999999247,5.000000000000028,7085.038328157931,0.7955101813282894,steady_state_heating
2024-11-04 07:30:00,2.648822081871681,12.675906121556114,7.999999999999609,4.999999999999993,6985.996290688629,0.7735147220225956,steady_state_heating
2024-11-04 07:35:00,2.629867702731707,12.545684387711153,7.999999999999503,5.000000000000057,7022.787647683133,0.781543652541129,steady_state_heating
2024-11-04 07:40:00,2.6378524525901206,12.600425666049418,7.999999999999533,5.000000000000028,7007.31859014446,0.7781483149746753,steady_state_heating
2024-11-04 07:45:00,2.632834134557521,12.566001763764662,7.999999999999467,5.0,7017.045870816068,0.7802800114411665,steady_state_heating
2024-11-04 07:50:00,2.6317524033003696,12.558590191166365,7.999999999999513,4.999999999999993,7019.140365728717,0.7807405011827494,steady_state_heating
2024-11-04 07:55:00,2.6401730852811114,12.616366947036045,7.999999999999472,4.999999999999929,7002.814554991716,0.7771650936566559,steady_state_heating
2024-11-04 08:00:00,2.621448366460231,12.488145850141782,7.999999999999432,5.0,7039.049938210131,0.7851445777187716,steady_state_heating
2024-11-04 08:05:00,2.6560855536943824,12.726061495376333,7.999999999999613,4.999999999999979,6971.834568160296,0.7704661810382083,steady_state_heating
2024-11-04 08:10:00,2.6650396613997134,12.788085462554278,7.999999999999654,5.000000000000007,6954.330944275313,0.7667293144631174,steady_state_heating
2024-11-04 08:15:00,2.7064501291436853,13.0777551483693,7.999999999999789,4.999999999999972,6872.77920658566,0.7497464120378949,steady_state_heating
2024-11-04 08:20:00,2.6673325378836523,12.804002589571692,7.999999999999636,4.999999999999957,6949.840908061593,0.7657761650240339,steady_state_heating
2024-11-04 08:25:00,2.6089635497423833,12.403165745283614,7.9999999999992575,5.000000000000028,7063.069091547902,0.7905239840666015,steady_state_heating
2024-11-04 08:30:00,2.6649457245202433,12.787433655503056,7.999999999999641,4.999999999999986,6954.514828939087,0.7667683965484691,steady_state_heating
2024-11-04 08:35:00,2.736205491297503,13.288809118361272,7.999999999999813,4.999999999999972,6813.64094428833,0.737838877258937,steady_state_heating
2024-11-04 08:40:00,,13.018651141822545,8.000000000018144,4.99999999999999,0.0,0.7531502221840276,defrost
2024-11-04 08:45:00,,12.767971683907529,7.999999999967905,4.999999999999977,0.0,0.7679371667434066,defrost
2024-11-04 08:50:00,,13.031415771313299,8.0000000000168,5.000000000000025,0.0,0.7524124908656696,defrost
2024-11-04 08:55:00,2.6718620489223355,12.835488075678867,7.999999999999688,5.000000000000021,6940.961739906082,0.7638977140712607,steady_state_heating
2024-11-04 09:00:00,2.6630072794486193,12.77398851766288,7.999999999999586,5.000000000000014,6958.308204866463,0.7675754511946219,steady_state_heating
2024-11-04 09:05:00,2.695031236891524,12.997411726588865,7.999999999999763,5.000000000000007,6895.360078061729,0.7543809649379553,steady_state_heating
2024-11-04 09:10:00,2.7070830639801695,13.082218976843386,7.99999999999978,4.999999999999993,6871.525638893467,0.7494905885122134,steady_state_heating
2024-11-04 09:15:00,2.660403572055948,12.755944988056832,7.9999999999995985,5.000000000000014,6963.399826469273,0.768661201438251,steady_state_heating
2024-11-04 09:20:00,2.6877677249300853,12.946491576794713,7.999999999999692,5.000000000000007,6909.688113256109,0.7573480384117723,steady_state_heating
2024-11-04 09:25:00,2.720342379523558,13.175986112284182,7.999999999999858,5.000000000000021,6845.219803368422,0.744156825640447,steady_state_heating
2024-11-04 09:30:00,2.7098395218770785,13.101672027503145,7.999999999999798,5.000000000000021,6866.063981084605,0.7483777627326684,steady_state_heating
2024-11-04 09:35:00,2.737705770037857,13.299515970124444,7.999999999999848,4.999999999999986,6810.648587472591,0.7372448758304883,steady_state_heating
2024-11-04 09:40:00,2.7054092291392275,13.070416511400042,7.999999999999799,5.000000000000021,6874.84033989267,0.7501673715943213,steady_state_heating
2024-11-04 09:45:00,,13.413283132794719,8.00000000000123,5.000000000000022,0.0,0.7309918014052308,defrost
2024-11-04 09:50:00,,13.123828062147144,8.000000000009667,4.999999999999938,0.0,0.747114329261933,defrost
2024-11-04 09:55:00,,13.711044658936034,8.000000000000078,4.999999999999924,0.0,0.7151169180686521,defrost
2024-11-04 10:00:00,2.7168944500158103,13.151556206629168,7.999999999999819,5.000000000000014,6852.068435318527,0.7455391473031686,steady_state_heating
2024-11-04 10:05:00,2.7416541519982833,13.327724112427008,7.999999999999803,4.999999999999986,6802.768842273252,0.7356844962642686,steady_state_heating
2024-11-04 10:10:00,2.7810970551940972,13.611938484463067,7.999999999999863,4.999999999999986,6723.71810193068,0.7203235609088028,steady_state_heating
2024-11-04 10:15:00,2.822387234523068,13.914267106202038,7.999999999999917,5.000000000000007,6640.410668320683,0.7046724002897433,steady_state_heating
2024-11-04 10:20:00,2.7923656116094473,13.693955026078761,7.999999999999879,5.000000000000021,6701.033071819026,0.716009361891971,steady_state_heating
2024-11-04 10:25:00,2.8038415739080804,13.777859619837013,7.999999999999878,4.999999999999993,6677.889974287583,0.7116489985050372,steady_state_heating
2024-11-04 10:30:00,2.8004336027609953,13.752902782491208,7.999999999999948,4.999999999999979,6684.7667843067165,0.712940399206684,steady_state_heating
2024-11-04 10:35:00,2.7866809518496987,13.652534189066538,7.999999999999909,4.999999999999993,6712.4821203362635,0.718181684382977,steady_state_heating
2024-11-04 10:40:00,2.8159722168171903,13.866968914807037,7.999999999999969,4.999999999999972,6653.385376207881,0.7070759342029164,steady_state_heating
2024-11-04 10:45:00,2.8099799302799617,13.822896873760591,7.999999999999948,5.0,6665.49523060601,0.7093303299261681,steady_state_heating
2024-11-04 10:50:00,2.8151393804796205,13.860837263995068,7.999999999999947,4.999999999999972,6655.06904046477,0.7073887250281397,steady_state_heating
2024-11-04 10:55:00,2.8698939645741763,14.26834871915794,7.999999999999961,4.999999999999986,6544.032243939683,0.6871853353874744,steady_state_heating
2024-11-04 11:00:00,2.839448856597534,14.040655667151102,7.99999999999992,5.000000000000021,6605.85314824777,0.6983292114298734,steady_state_heating
2024-11-04 11:05:00,2.8874575556339517,14.400980809309567,8.000000000000014,5.000000000000028,6508.292820320693,0.6808564034514589,steady_state_heating
2024-11-04 11:10:00,,14.128366416284795,7.999999999993786,5.000000000000017,0.0,0.6939938922236939,defrost
2024-11-04 11:15:00,,14.552481231227436,8.000000000000007,4.999999999999993,0.0,0.6737682628966352,defrost
2024-11-04 11:20:00,,14.443870989047326,7.999999999999993,5.000000000000008,0.0,0.6788346425577366,defrost
2024-11-04 11:25:00,2.952007330865532,14.896645509879281,8.000000000000007,4.999999999999979,6376.624981569877,0.6582018746097861,steady_state_heating
2024-11-04 11:30:00,2.9271474757607265,14.704204662799297,7.999999999999979,5.000000000000021,6427.37911012809,0.6668160723310684,steady_state_heating
2024-11-04 11:35:00,2.9650804050152058,14.99863447103032,7.99999999999996,5.000000000000014,6349.921039399526,0.6537261788023588,steady_state_heating
2024-11-04 11:40:00,2.9160213288314023,14.618708256227993,8.000000000000014,4.999999999999922,6450.078719344996,0.6707158955595669,steady_state_heating
2024-11-04 11:45:00,2.949378196657624,14.876200504961854,7.999999999999997,4.999999999999986,6381.994482592166,0.6591064698764721,steady_state_heating
2024-11-04 11:50:00,2.9311082311556307,14.734734042248348,8.000000000000014,5.000000000000021,6419.295735450997,0.6654344742081183,steady_state_heating
2024-11-04 11:55:00,2.9541856045029116,14.91360119514744,7.999999999999952,4.999999999999979,6372.176011612511,0.6574535467121334,steady_state_heating
2024-11-04 12:00:00,2.970895458152713,15.044176860872724,7.999999999999989,5.000000000000021,6338.040817970654,0.6517471903365545,steady_state_heating
2024-11-04 12:05:00,2.9677314719550107,15.019383597948925,8.00000000000001,4.999999999999979,6344.505003238722,0.6528230626814128,steady_state_heating
2024-11-04 12:10:00,2.955954377053416,14.927380484788575,7.99999999999993,5.0,6368.563252193326,0.6568466590632952,steady_state_heating
2024-11-04 12:15:00,,15.003887989458853,7.999999999999989,5.00000000000001,0.0,0.6534972806307682,defrost
2024-11-04 12:20:00,,14.840953195552094,8.000000000000004,4.999999999999996,0.0,0.6606718497662672,defrost
2024-11-04 12:25:00,,15.138721971218178,7.999999999999943,5.0,0.0,0.6476768658966933,defrost
2024-11-04 12:30:00,3.0372576189376383,15.571747971621631,8.000000000000007,4.999999999999957,6202.458941724214,0.629665983412324,steady_state_heating
2024-11-04 12:35:00,2.973921908904994,15.067922648409548,8.000000000000025,5.0,6331.857381596848,0.650720091202149,steady_state_heating
2024-11-04 12:40:00,2.989596792297332,15.19138477262947,7.999999999999986,4.999999999999972,6299.829071911992,0.6454316144809795,steady_state_heating
2024-11-04 12:45:00,3.0942548241760233,16.03668423056963,7.999999999999979,4.999999999999972,6086.176772908686,0.6114106793541156,steady_state_heating
2024-11-04 12:50:00,3.0259302595533084,15.480664159686798,7.999999999999974,5.000000000000021,6225.594375290503,0.6333707584415671,steady_state_heating
2024-11-04 12:55:00,3.0674953201529336,15.817014924847944,7.999999999999987,5.000000000000007,6140.736880762636,0.6199020514671649,steady_state_heating
2024-11-04 13:00:00,3.0883322948884717,15.987852201403243,8.00000000000001,5.000000000000021,6098.246190346905,0.6132781236956529,steady_state_heating
2024-11-04 13:05:00,3.099630317594271,16.081111843238492,7.999999999999989,4.999999999999993,6075.225440577449,0.6097215227144037,steady_state_heating
2024-11-04 13:10:00,3.0421385202466795,15.611128521215676,7.999999999999995,4.999999999999986,6192.491950744936,0.6280775913589405,steady_state_heating
2024-11-04 13:15:00,,16.038302105321318,7.999999999997499,5.000000000000002,0.0,0.611349002881472,defrost
2024-11-04 13:20:00,,15.663895109577854,7.99999999999914,5.000000000000007,0.0,0.6259618014171093,defrost
2024-11-04 13:25:00,,16.813198958259694,7.999999999987384,5.000000000047974,0.0,0.6,defrost
2024-11-04 13:30:00,3.053226452677271,15.700888601076448,8.000000000000004,4.999999999999922,6169.855181529158,0.6244869477850934,steady_state_heating
2024-11-04 13:35:00,3.078952581743422,15.910764580015147,8.000000000000014,5.000000000000021,6117.368254066478,0.6162494549328978,steady_state_heating
2024-11-04 13:40:00,3.087619426561488,15.98198274100336,7.999999999999993,5.000000000000007,6099.699179519265,0.6135033530504513,steady_state_heating
2024-11-04 13:45:00,3.0870967983299455,15.977680760255266,7.999999999999988,5.000000000000028,6100.764448793121,0.613668538452095,steady_state_heating
2024-11-04 13:50:00,3.195230544169224,16.88846469553833,8.000000000000004,4.999999999999986,5881.134757309814,0.5805737926307963,steady_state_heating
2024-11-04 13:55:00,3.241859655100502,17.294471950799995,8.000000000000018,4.999999999999986,5787.057867634161,0.5669441673555368,steady_state_heating
2024-11-04 14:00:00,3.1498694112171606,16.501269267011864,7.999999999999975,5.000000000000021,5973.051889840748,0.5941967154976044,steady_state_heating
2024-11-04 14:05:00,3.1331738280755372,16.360643277532823,7.999999999999997,5.000000000000014,6006.967812490593,0.5993040636406193,steady_state_heating
2024-11-04 14:10:00,3.1088079601498224,16.157197676890405,8.000000000000039,4.999999999999929,6056.535758780172,0.6068502840702428,steady_state_heating
2024-11-04 14:15:00,,16.776171722514352,7.999999999988201,5.000000000045848,0.0,0.6,defrost
2024-11-04 14:20:00,,16.872843256476177,7.9999999999861515,4.999999999951152,0.0,0.6,defrost
2024-11-04 14:25:00,,16.818234679672784,7.99999999998731,5.000000000048329,0.0,0.6,defrost
2024-11-04 14:30:00,3.2293117823639053,17.18440536322329,8.0,5.0,5812.329127903105,0.5705754602940108,steady_state_heating
2024-11-04 14:35:00,3.247240572532268,17.34185677679948,8.000000000000027,5.000000000000007,5776.231417262795,0.5653950511872201,steady_state_heating
2024-11-04 14:40:00,3.247111747511874,17.340721030985616,7.999999999999996,5.000000000000014,5776.490538304763,0.5654320822346279,steady_state_heating
2024-11-04 14:45:00,3.2383117794248912,17.263289868541793,7.999999999999973,5.000000000000014,5794.199750303831,0.5679682189585008,steady_state_heating
2024-11-04 14:50:00,3.2228044490264147,17.127561109034026,8.000000000000014,4.999999999999986,5825.448181991046,0.5724691295848473,steady_state_heating
2024-11-04 14:55:00,3.292771820754445,17.74731291445844,8.00000000000001,5.000000000000021,5684.893105791063,0.5524780031354506,steady_state_heating
2024-11-04 15:00:00,3.2725334786202946,17.566089020375152,7.999999999999988,4.999999999999993,5725.4310025941895,0.5581777473988121,steady_state_heating
2024-11-04 15:05:00,3.3059899213001613,17.866550467544172,7.999999999999972,5.000000000000007,5658.4724237846885,0.5487908825943474,steady_state_heating
2024-11-04 15:10:00,3.306481106864519,17.870994787149026,7.999999999999991,4.999999999999979,5657.491495245324,0.5486544043452324,steady_state_heating
2024-11-04 15:15:00,3.2385452842161646,17.265340646153497,7.999999999999986,5.0,5793.72961910044,0.5679007556786573,steady_state_heating
2024-11-04 15:20:00,,17.271549395873027,7.999999999974715,4.999999999968155,0.0,0.6,defrost
2024-11-04 15:25:00,,17.56197491915835,7.999999999963308,4.999999999976556,0.0,0.6,defrost
2024-11-04 15:30:00,,17.460263669379575,7.99999999996767,4.999999999973891,0.0,0.6,defrost
2024-11-04 15:35:00,3.3305570499423225,18.09002825916789,7.999999999999922,5.0,5609.48833367342,0.5420113147159353,steady_state_heating
2024-11-04 15:40:00,3.322788381941188,18.019095969246145,8.000000000000004,4.999999999999986,5624.960788106267,0.5441449458249488,steady_state_heating
2024-11-04 15:45:00,3.3714848914896876,18.467808659469068,7.9999999999999885,4.999999999999922,5528.250832630113,0.5309238459633192,steady_state_heating
2024-11-04 15:50:00,3.3429395781141253,18.2035960050823,7.9999999999999805,4.999999999999972,5584.860723714805,0.5386298397999238,steady_state_heating
2024-11-04 15:55:00,3.3508046753191976,18.276058083346413,8.000000000000027,4.9999999999999645,5569.239912847053,0.5364942459301185,steady_state_heating
2024-11-04 16:00:00,3.3943948894777534,18.68232422366219,8.000000000000004,4.999999999999993,5482.987741648426,0.5248276329334561,steady_state_heating
2024-11-04 16:05:00,3.374968110585454,18.500281056185294,8.000000000000025,5.000000000000007,5521.359086473182,0.5299919482424202,steady_state_heating
2024-11-04 16:10:00,3.365920141988485,18.41603641524704,7.999999999999988,5.0,5539.268326212745,0.5324164102913173,steady_state_heating
2024-11-04 16:15:00,3.4272702804134267,18.99405487934571,7.999999999999973,4.999999999999993,5418.313212699355,0.5162141555493794,steady_state_heating
2024-11-04 16:20:00,3.3792749267413886,18.540501815072673,7.999999999999985,4.999999999999915,5512.842718439582,0.5288422124599099,steady_state_heating
2024-11-04 16:25:00,3.377210268693792,18.52121053928276,7.999999999999999,5.000000000000057,5516.9247270899605,0.5293930425985915,steady_state_heating
2024-11-04 16:30:00,3.3588291696305173,18.350251746092027,8.000000000000007,5.000000000000007,5553.32048865209,0.5343250945910387,steady_state_heating
2024-11-04 16:35:00,3.4283788223326823,19.004647538980795,8.000000000000005,5.000000000000028,5416.138254450849,0.5159264321997434,steady_state_heating
2024-11-04 16:40:00,3.448964353439283,19.202327610519973,7.999999999999993,5.000000000000021,5375.820161609089,0.5106151816006068,steady_state_heating
2024-11-04 16:45:00,3.4028148228217017,18.761722054960877,8.000000000000014,5.000000000000014,5466.391970964876,0.5226066120837454,steady_state_heating
2024-11-04 16:50:00,3.4518272351867063,19.22996690177197,7.9999999999999885,4.999999999999979,5370.223749641227,0.5098812728115778,steady_state_heating
2024-11-04 16:55:00,3.334117568382276,18.122619801352048,7.999999999999981,5.0,5602.402505482263,0.5410365668692394,steady_state_heating
2024-11-04 17:00:00,3.4177976128428202,18.903756253269773,7.999999999999981,5.000000000000028,5436.914253190891,0.518679984476844,steady_state_heating
2024-11-04 17:05:00,3.4207344546371057,18.93171027981264,8.000000000000018,4.999999999999979,5431.144319802609,0.5179141163202411,steady_state_heating
2024-11-04 17:10:00,3.3958940821421466,18.696439137771012,7.999999999999987,5.000000000000014,5480.031250232493,0.5244314132626305,steady_state_heating
2024-11-04 17:15:00,3.512631857108209,19.825664693929316,7.999999999999993,5.000000000000014,5251.998826218414,0.4945609719205192,steady_state_heating
2024-11-04 17:20:00,3.4170084112567043,18.896250669535412,7.9999999999999725,5.000000000000021,5438.4652326741125,0.5188860039736701,steady_state_heating
2024-11-04 17:25:00,3.395791754838692,18.69547542131252,8.000000000000021,4.999999999999979,5480.233023839114,0.5244584467117887,steady_state_heating
2024-11-04 17:30:00,3.4081420695690974,18.81211300246414,7.999999999999977,5.0,5455.903044307842,0.5212067351878913,steady_state_heating
2024-11-04 17:35:00,3.3351891618820217,18.132438853936378,7.999999999999987,5.000000000000014,5600.270593551151,0.5407435855145011,steady_state_heating
2024-11-04 17:40:00,3.390690761343781,18.647490745336746,8.000000000000014,5.000000000000014,5490.295385469442,0.5258080099839688,steady_state_heating
2024-11-04 17:45:00,3.4770893540646197,19.47543432719396,7.999999999999975,5.0,5320.956452253021,0.5034547540903407,steady_state_heating
2024-11-04 17:50:00,3.4113088244285668,18.842125297811574,8.000000000000025,5.000000000000007,5449.67207277824,0.5203765416600211,steady_state_heating
2024-11-04 17:55:00,3.4132375753722655,18.86042576913984,7.999999999999974,5.0,5445.87853432316,0.5198716147778241,steady_state_heating
2024-11-04 18:00:00,3.498674491701373,19.68744465807008,7.999999999999986,4.999999999999986,5279.027370533689,0.49803314601221443,steady_state_heating
2024-11-04 18:05:00,3.498835318161253,19.6890322453327,8.000000000000021,5.0,5278.715552482462,0.4979929880669613,steady_state_heating
2024-11-04 18:10:00,3.468681535363619,19.393420955007308,7.999999999999975,4.99999999999995,5337.330549220187,0.505583827770644,steady_state_heating
2024-11-04 18:15:00,3.430623247997245,19.02611048847511,7.999999999999994,4.999999999999979,5411.735876263864,0.5153444265941424,steady_state_heating
2024-11-04 18:20:00,3.4388773721621386,19.10523181565242,7.999999999999976,5.000000000000007,5395.559326203459,0.5132102083140929,steady_state_heating
2024-11-04 18:25:00,3.413486798847736,18.862791631366488,8.000000000000009,4.999999999999993,5445.388436063184,0.519806409974624,steady_state_heating
2024-11-04 18:30:00,3.396116532673161,18.698534325982394,7.9999999999999885,4.999999999999993,5479.592623103769,0.5243726502336361,steady_state_heating
2024-11-04 18:35:00,3.383066901476689,18.57597911209872,8.00000000000001,4.999999999999993,5505.348927653722,0.5278322042047247,steady_state_heating
2024-11-04 18:40:00,3.401571165964975,18.749975659671524,8.000000000000027,5.000000000000007,5468.841878494419,0.5229340121805659,steady_state_heating
2024-11-04 18:45:00,3.3821428829406663,18.567328515766093,8.000000000000005,5.000000000000028,5507.174603564476,0.5280781234453985,steady_state_heating
2024-11-04 18:50:00,3.3565540933237763,18.32918955407812,7.999999999999984,5.0,5557.832050938723,0.5349390910640925,steady_state_heating
2024-11-04 18:55:00,3.421427795087385,18.938315210533545,8.00000000000002,4.999999999999986,5429.782524110148,0.5177334884861573,steady_state_heating
2024-11-04 19:00:00,3.4244028562791438,18.966679999069267,8.0,5.000000000000014,5423.940883966999,0.5169592148167813,steady_state_heating
2024-11-04 19:05:00,3.479838195054878,19.50231652514618,7.999999999999994,5.000000000000007,5315.608195293947,0.5027607867689712,steady_state_heating
2024-11-04 19:10:00,3.381048175440319,18.557084597265362,7.99999999999999,4.999999999999986,5509.337853527668,0.5283696341743739,steady_state_heating
2024-11-04 19:15:00,3.4220634158978815,18.944372117661747,7.999999999999987,5.000000000000021,5428.534227651343,0.5175679583942956,steady_state_heating
2024-11-04 19:20:00,3.4291787372805214,19.012294435938916,8.000000000000007,4.999999999999979,5414.569061876035,0.5157189224602801,steady_state_heating
2024-11-04 19:25:00,3.4067595403650817,18.799023846734194,7.999999999999974,4.999999999999979,5458.624301492822,0.5215696346756515,steady_state_heating
2024-11-04 19:30:00,3.447327656156643,19.1865425888512,7.999999999999981,4.999999999999972,5379.020791524913,0.5110352714458017,steady_state_heating
2024-11-04 19:35:00,3.452195156544419,19.233521571751513,7.999999999999996,5.0,5369.504722068339,0.5097870383965832,steady_state_heating
2024-11-04 19:40:00,3.4374747463452335,19.091765706600356,7.999999999999988,5.000000000000007,5398.3066893952455,0.5135721939333379,steady_state_heating
2024-11-04 19:45:00,3.4141683608845246,18.869263020854014,8.00000000000002,5.0,5444.048241402169,0.5196281375252257,steady_state_heating
2024-11-04 19:50:00,3.409095748724829,18.821146778753743,7.999999999999981,5.000000000000007,5454.0262417484455,0.5209565663165853,steady_state_heating
2024-11-04 19:55:00,3.3691238103081953,18.445826292934882,8.000000000000025,5.0000000000000355,5532.924375245068,0.5315565615922282,steady_state_heating
2024-11-04 20:00:00,3.3779899766739994,18.528493689731647,7.999999999999923,5.000000000000028,5515.383029250147,0.529184949634296,steady_state_heating
2024-11-04 20:05:00,3.3837448384368654,18.582328199520525,8.000000000000012,5.000000000000021,5504.009620543159,0.5276518579761705,steady_state_heating
2024-11-04 20:10:00,3.350941055113736,18.277316813866616,8.000000000000009,4.999999999999979,5568.969203027479,0.5364572984017625,steady_state_heating
2024-11-04 20:15:00,3.39858475830736,18.721795861942915,7.999999999999999,4.999999999999986,5474.726787549521,0.5237211254894248,steady_state_heating
2024-11-04 20:20:00,3.429580731629846,19.016138407148816,7.9999999999999165,5.000000000000021,5413.780545826626,0.5156146737086212,steady_state_heating
2024-11-04 20:25:00,3.349131872980711,18.260625033144045,8.000000000000043,5.000000000000007,5572.560801530864,0.5369476664792903,steady_state_heating
2024-11-04 20:30:00,3.3964161680894662,18.701356825913106,8.00000000000006,4.999999999999993,5479.001826697988,0.5242935093572421,steady_state_heating
2024-11-04 20:35:00,3.3389686827168634,18.167108200839802,7.999999999999977,5.000000000000021,5592.753837814698,0.5397116531483398,steady_state_heating
2024-11-04 20:40:00,3.351973138377502,18.286845014755553,8.00000000000002,5.000000000000014,5566.920718584625,0.5361777820115162,steady_state_heating
2024-11-04 20:45:00,3.3294366240954525,18.079783014437258,7.99999999999998,5.0,5611.718820264384,0.5423184554908883,steady_state_heating
2024-11-04 20:50:00,3.370603651966327,18.45960133206891,8.000000000000023,4.999999999999979,5529.994975529453,0.5311599001310101,steady_state_heating
2024-11-04 20:55:00,3.3167286753856953,17.963937170271667,8.00000000000002,4.999999999999979,5637.040838675557,0.5458157589320775,steady_state_heating
2024-11-04 21:00:00,3.3784957277354075,18.53321921018298,7.999999999999984,4.999999999999972,5514.38311538681,0.5290500203339041,steady_state_heating
2024-11-04 21:05:00,3.3222305671403154,18.014012226198847,7.99999999999999,5.000000000000021,5626.07238451764,0.5442985092316086,steady_state_heating
2024-11-04 21:10:00,3.302119654306147,17.831565489038823,7.999999999999996,5.000000000000014,5666.203775660892,0.5498675932871513,steady_state_heating
2024-11-04 21:15:00,3.2671302523942547,17.517978115241924,7.999999999999934,5.000000000000028,5736.270680665228,0.5597107117897889,steady_state_heating
2024-11-04 21:20:00,3.3157143331605066,17.954718551605207,7.999999999999981,4.999999999999986,5639.063888201676,0.5460960009937562,steady_state_heating
2024-11-04 21:25:00,3.3309180176016335,18.093330058305202,8.000000000000021,5.0,5608.769810377365,0.5419124046487669,steady_state_heating
2024-11-04 21:30:00,3.295690666568394,17.773583301604525,8.000000000000018,4.999999999999986,5679.055004545934,0.5516614085981657,steady_state_heating
2024-11-04 21:35:00,3.3573730051844213,18.33676840175583,8.000000000000025,4.999999999999986,5556.207947909008,0.5347179931149214,steady_state_heating
2024-11-04 21:40:00,3.3179762517783455,17.975281175077967,8.000000000000012,5.000000000000028,5634.552990519525,0.545471300532102,steady_state_heating
2024-11-04 21:45:00,3.2462264737279676,17.332918017956896,8.000000000000007,5.000000000000021,5778.271295660525,0.5656866310590069,steady_state_heating
2024-11-04 21:50:00,3.2476784475439247,17.345717643887106,8.000000000000027,5.000000000000007,5775.350695330648,0.5652692036904805,steady_state_heating
2024-11-04 21:55:00,3.2660428029765827,17.508309134642687,7.9999999999999885,5.000000000000021,5738.453108425082,0.560019812569988,steady_state_heating
2024-11-04 22:00:00,3.2107374319378583,17.022575024290788,7.999999999999982,5.0,5849.799183522687,0.5759998111924031,steady_state_heating
2024-11-04 22:05:00,3.259171315612069,17.44731828585892,7.999999999999977,4.999999999999979,5752.250109544649,0.5619774821180962,steady_state_heating
2024-11-04 22:10:00,3.2173261852585715,17.07983068278263,8.000000000000018,4.999999999999986,5836.499490593971,0.5740689227021404,steady_state_heating
2024-11-04 22:15:00,3.203457494176008,16.959502873399227,7.999999999999991,5.000000000000021,5864.504244901678,0.5781419463290417,steady_state_heating
2024-11-04 22:20:00,3.205329206799733,16.975700091658037,7.999999999999993,4.999999999999986,5860.722484654069,0.5775903171627214,steady_state_heating
2024-11-04 22:25:00,,17.27546876543231,7.9999999999745945,4.999999999968221,0.0,0.6,defrost
2024-11-04 22:30:00,,16.731342708975465,7.999999999989079,5.000000000043206,0.0,0.6,defrost
2024-11-04 22:35:00,,16.635305573092268,7.99999999999082,5.00000000003692,0.0,0.6,defrost
2024-11-04 22:40:00,3.2114100048482856,17.028412126275157,7.9999999999999725,4.999999999999979,5848.441160167863,0.5758023664972682,steady_state_heating
2024-11-04 22:45:00,3.184083957552895,16.79261777891284,7.99999999999999,4.999999999999972,5903.687767943809,0.5838875230229162,steady_state_heating
2024-11-04 22:50:00,3.131962492478564,16.35047919304642,7.9999999999999725,4.999999999999979,6009.430153349255,0.5996766140144634,steady_state_heating
2024-11-04 22:55:00,3.1335659544875982,16.36393465950541,8.000000000000021,5.000000000000014,6006.170762890221,0.599183521812983,steady_state_heating
2024-11-04 23:00:00,3.13999216411031,16.417952677484084,7.999999999999984,5.000000000000007,5993.111803423981,0.5972121002301819,steady_state_heating
2024-11-04 23:05:00,3.1237096449565644,16.281370531428493,8.000000000000016,4.999999999999979,6026.211581808825,0.6022220292249392,steady_state_heating
2024-11-04 23:10:00,3.049897258631869,15.6738940050171,7.999999999999979,5.000000000000014,6176.651139016245,0.6255624796787257,steady_state_heating
2024-11-04 23:15:00,3.0326801356439588,15.534888378367581,7.9999999999999964,4.999999999999979,6211.807460639575,0.6311599904157353,steady_state_heating
2024-11-04 23:20:00,3.044130745027556,15.627225485364908,7.999999999999923,5.000000000000028,6188.424131906043,0.6274306343875639,steady_state_heating
2024-11-04 23:25:00,,15.565671412385798,7.999999999999449,4.999999999999982,0.0,0.6299117937307882,defrost
2024-11-04 23:30:00,,15.593630289009663,7.999999999999375,4.999999999999998,0.0,0.6287823821827128,defrost
2024-11-04 23:35:00,,15.826937670299602,7.999999999998661,4.999999999999975,0.0,0.6195134020398514,defrost
2024-11-04 23:40:00,3.0401142845534843,15.594786640971753,8.000000000000004,5.000000000000028,6196.625361864555,0.6287357580282369,steady_state_heating
2024-11-04 23:45:00,3.0477512645177836,15.656513266137127,8.000000000000002,4.999999999999972,6181.032188264429,0.626256934307772,steady_state_heating
2024-11-04 23:50:00,2.9966975258598896,15.247577027597423,8.000000000000009,4.999999999999979,6285.319720663681,0.6430529901408852,steady_state_heating
2024-11-04 23:55:00,3.015751974875178,15.399186088141589,7.999999999999985,5.000000000000014,6246.3872365803145,0.6367219633478238,steady_state_heating
2024-11-05 00:00:00,3.040284562773076,15.596160783366804,8.000000000000007,5.000000000000021,6196.27765156518,0.6286803615449361,steady_state_heating
2024-11-05 00:05:00,3.028767909952047,15.503441447237913,8.000000000000012,4.999999999999922,6219.798113777426,0.6324402251828318,steady_state_heating
2024-11-05 00:10:00,2.9838243375716997,15.145825435363713,8.000000000000002,5.000000000000057,6311.6241902550355,0.6473731023669719,steady_state_heating
2024-11-05 00:15:00,3.002177711581007,15.291058071107395,7.99999999999999,4.999999999999993,6274.121908254621,0.6412244302784155,steady_state_heating
2024-11-05 00:20:00,3.055529375066945,15.71958377689755,8.000000000000016,5.0,6165.154616337033,0.6237442504304733,steady_state_heating
2024-11-05 00:25:00,2.9868805999705956,15.169933570136184,7.999999999999971,4.999999999999993,6305.379216364648,0.6463442937747791,steady_state_heating
2024-11-05 00:30:00,2.946596929511076,14.854596452395612,7.999999999999977,5.000000000000021,6387.674279780543,0.6600650533605544,steady_state_heating
2024-11-05 00:35:00,2.946485798185829,14.853733729273708,7.9999999999999964,5.000000000000043,6387.901218843161,0.6601033907505914,steady_state_heating
2024-11-05 00:40:00,,14.804896639446003,7.9999999999999964,5.000000000000003,0.0,0.6622808817101544,defrost
2024-11-05 00:45:00,,14.67448200237256,8.000000000000007,4.999999999999995,0.0,0.6681666854349427,defrost
2024-11-05 00:50:00,,14.629369973004154,7.999999999999993,5.000000000000007,0.0,0.6702270855199745,defrost
2024-11-05 00:55:00,2.8630297290082893,14.216768422833653,7.999999999999959,4.999999999999986,6557.986098885238,0.6896785337131968,steady_state_heating
2024-11-05 01:00:00,2.8640310286313713,14.22428364912748,7.999999999999943,5.000000000000007,6555.951146116966,0.6893141504951245,steady_state_heating
2024-11-05 01:05:00,2.874827810587128,14.305511761672872,7.999999999999947,4.999999999999979,6533.997530590605,0.6854001564816029,steady_state_heating
2024-11-05 01:10:00,2.878059989716572,14.329897589873887,7.999999999999966,4.999999999999986,6527.421586791541,0.6842337803536445,steady_state_heating
2024-11-05 01:15:00,2.8676652831807345,14.251585955477267,8.000000000000025,5.000000000000014,6548.5636956516855,0.6879936051069224,steady_state_heating
2024-11-05 01:20:00,2.868969004848375,14.261389913526466,8.000000000000023,5.000000000000014,6545.913016597112,0.6875206455648664,steady_state_heating
2024-11-05 01:25:00,2.8663898834730017,14.241999967306874,7.99999999999992,5.0,6551.156503588894,0.6884566790133275,steady_state_heating
2024-11-05 01:30:00,2.87656278275514,14.318597648514864,7.999999999999942,4.999999999999972,6530.467898111903,0.6847737635128661,steady_state_heating
2024-11-05 01:35:00,,13.99716511337759,7.9999999999999964,5.000000000000005,0.0,0.7004989882293388,defrost
2024-11-05 01:40:00,,14.040364399250096,7.999999999999986,5.000000000000013,0.0,0.6983436982962989,defrost
2024-11-05 01:45:00,,13.770706291988727,8.000000000000046,5.000000000000009,0.0,0.7120186715262514,defrost
2024-11-05 01:50:00,2.825258745001383,13.935478206732673,7.999999999999925,4.999999999999929,6634.599478618786,0.7035998230231453,steady_state_heating
2024-11-05 01:55:00,2.806150727133027,13.794788996936775,7.999999999999936,4.999999999999993,6673.228517471529,0.7107756415975096,steady_state_heating
2024-11-05 02:00:00,2.8091101035421646,13.81650823074383,7.999999999999926,5.0,6667.25225355592,0.709658318603422,steady_state_heating
2024-11-05 02:05:00,2.7991797258796063,13.743729064638709,7.999999999999934,5.000000000000007,6687.296074940942,0.7134162754435639,steady_state_heating
2024-11-05 02:10:00,2.791072168794469,13.68452223018461,7.999999999999963,5.0,6703.638993692066,0.7165029100082594,steady_state_heating
2024-11-05 02:15:00,2.7687327661407264,13.522367586573639,7.999999999999888,4.999999999999986,6748.560181810116,0.7250949167907094,steady_state_heating
2024-11-05 02:20:00,2.76577722198444,13.50102153149604,7.999999999999906,5.000000000000028,6754.4904287108075,0.7262413423403752,steady_state_heating
2024-11-05 02:25:00,2.7846098406077675,13.637466424948094,7.9999999999998685,4.999999999999986,6716.650824212019,0.7189751889737339,steady_state_heating
2024-11-05 02:30:00,2.7313383019339943,13.25411750046832,7.9999999999999,4.999999999999979,6823.3420238814915,0.7397701129217803,steady_state_heating
2024-11-05 02:35:00,2.7288839977052968,13.236649226948732,7.999999999999851,5.000000000000007,6828.2298992642,0.7407463801365842,steady_state_heating
2024-11-05 02:40:00,2.7436591905221057,13.34206535672526,7.999999999999897,5.000000000000021,6798.764908752415,0.7348937168155636,steady_state_heating
2024-11-05 02:45:00,,13.303311765698242,8.000000000002895,5.000000000000002,0.0,0.7370345198765905,defrost
2024-11-05 02:50:00,,13.036857303339838,8.000000000016318,4.999999999999998,0.0,0.7520984369053506,defrost
2024-11-05 02:55:00,,13.141726462621248,8.000000000008633,5.000000000000009,0.0,0.7460967954163533,defrost
2024-11-05 03:00:00,2.712451271123559,13.120123196524942,7.999999999999796,5.000000000000021,6860.885605537245,0.7473252997042731,steady_state_heating
2024-11-05 03:05:00,2.6553222681638013,12.720784260166946,7.999999999999607,4.999999999999957,6973.3243412389775,0.7707858100150909,steady_state_heating
2024-11-05 03:10:00,2.705217261187607,13.069063409619558,7.999999999999769,4.999999999999986,6875.220405024072,0.7502450399607805,steady_state_heating
2024-11-05 03:15:00,2.7061523621653785,13.075655502691676,7.9999999999997975,5.000000000000014,6873.368883858556,0.7498668038463991,steady_state_heating
2024-11-05 03:20:00,2.7003936882641937,13.035097359219955,7.999999999999792,5.000000000000021,6884.764166927199,0.7521999820787483,steady_state_heating
2024-11-05 03:25:00,2.738284653398395,13.303648904132004,7.99999999999981,5.0,6809.49372814918,0.7370158420938676,steady_state_heating
2024-11-05 03:30:00,2.676715814943986,12.869289061496794,7.999999999999736,5.000000000000021,6931.433567180055,0.7618913487097939,steady_state_heating
2024-11-05 03:35:00,2.6899723457843128,12.9619316218004,7.999999999999726,4.999999999999979,6905.342268638361,0.7564458975781951,steady_state_heating
2024-11-05 03:40:00,2.638086191836682,12.602030660422898,7.999999999999517,5.000000000000021,7006.8650994046475,0.7780492100208061,steady_state_heating
2024-11-05 03:45:00,2.6815292937429382,12.902872542938827,7.9999999999997815,5.000000000000007,6921.971110443321,0.7599083047104762,steady_state_heating
2024-11-05 03:50:00,2.685791967901125,12.932665641410928,7.999999999999735,4.999999999999986,6913.580557523646,0.7581576970956379,steady_state_heating
2024-11-05 03:55:00,2.6750314070677415,12.85755184301572,7.99999999999966,4.999999999999986,6934.741688681762,0.7625868532139046,steady_state_heating
2024-11-05 04:00:00,2.705623980988968,13.071930327682113,7.999999999999827,4.999999999999986,6874.4151444512345,0.7500804972343058,steady_state_heating
2024-11-05 04:05:00,,12.990681978660971,8.000000000021217,4.999999999999985,0.0,0.7547717676490033,defrost
2024-11-05 04:10:00,,12.846307907462084,8.00000000004599,4.999999999999996,0.0,0.763254319500199,defrost
2024-11-05 04:15:00,,12.746867437499805,7.999999999975227,4.999999999999989,0.0,0.7692085956079548,defrost
2024-11-05 04:20:00,2.687235655111395,12.94276721625259,7.999999999999773,4.999999999999972,6910.736555967316,0.7575659699486512,steady_state_heating
2024-11-05 04:25:00,2.6564064771289115,12.728280774991793,7.999999999999618,5.0,6971.208083316523,0.7703318439725662,steady_state_heating
2024-11-05 04:30:00,2.632016916638281,12.56040224103488,7.9999999999994795,4.999999999999993,7018.628278982798,0.7806278661973922,steady_state_heating
2024-11-05 04:35:00,2.605240615440819,12.3779037101612,7.999999999999282,4.999999999999986,7070.208632178809,0.7921373626416987,steady_state_heating
2024-11-05 04:40:00,2.64152464796888,12.625657912858296,7.99999999999954,5.0,7000.189677042708,0.77659319361206,steady_state_heating
2024-11-05 04:45:00,2.6689939651775174,12.815545054919541,7.999999999999683,4.999999999999972,6946.585439130247,0.7650864600749941,steady_state_heating
2024-11-05 04:50:00,2.7076056937614372,13.085905702076328,7.9999999999997655,5.000000000000021,6870.490387012961,0.7492794326375325,steady_state_heating
2024-11-05 04:55:00,2.649873361850149,12.683156647417661,7.999999999999577,5.000000000000007,6983.948689239191,0.7730725301730264,steady_state_heating
2024-11-05 05:00:00,2.62781491931838,12.531638269223045,7.999999999999423,5.000000000000021,7026.757355372662,0.7824196477231948,steady_state_heating
2024-11-05 05:05:00,2.613624114790282,12.434841021772666,7.99999999999935,5.0,7054.116455541728,0.7885102819434554,steady_state_heating
2024-11-05 05:10:00,2.642453143430738,12.632043423904895,7.999999999999565,5.000000000000014,6998.385729809504,0.7762006249475835,steady_state_heating
2024-11-05 05:15:00,2.582152340692465,12.222039952425535,7.999999999999062,5.000000000000021,7114.2378389130945,0.8022392365076627,steady_state_heating
2024-11-05 05:20:00,2.627348506344632,12.528448398664207,7.999999999999407,5.000000000000007,7027.6588960609315,0.7826188597340934,steady_state_heating
2024-11-05 05:25:00,2.6237901798078935,12.504131303216411,7.999999999999417,5.000000000000028,7034.531747795875,0.7841408381146707,steady_state_heating
2024-11-05 05:30:00,2.609413876938186,12.406223896091525,7.999999999999341,5.000000000000007,7062.204765900474,0.7903291188456604,steady_state_heating
2024-11-05 05:35:00,2.598657087923122,12.333319268521285,7.999999999999224,5.000000000000028,7082.807437920929,0.7950009066112154,steady_state_heating
2024-11-05 05:40:00,2.6159995521467043,12.451007383744589,7.999999999999421,4.999999999999986,7049.547081138136,0.7874864818408928,steady_state_heating
2024-11-05 05:45:00,2.611397080127979,12.419698029129606,7.999999999999318,5.000000000000028,7058.396502370553,0.7894716906162291,steady_state_heating
2024-11-05 05:50:00,2.59085772143221,12.280646333125041,7.999999999999174,5.000000000000007,7097.688017787176,0.7984107459843215,steady_state_heating
2024-11-05 05:55:00,2.655068220267692,12.719028159201956,7.999999999999606,5.0,6973.820107752413,0.7708922314875356,steady_state_heating
2024-11-05 06:00:00,2.599987562633563,12.342320334331488,7.999999999999256,5.000000000000007,7080.26409420821,0.7944211245859778,steady_state_heating
2024-11-05 06:05:00,2.628288757945812,12.534879511916294,7.999999999999446,5.0,7025.8413031126975,0.7822173313017378,steady_state_heating
2024-11-05 06:10:00,2.5583555411711867,12.062825103533797,7.9999999999987566,4.999999999999993,7159.141249632652,0.812827833931508,steady_state_heating
2024-11-05 06:15:00,2.641377862352567,12.624648638610612,7.99999999999952,4.999999999999993,7000.474809718224,0.7766552781526825,steady_state_heating
2024-11-05 06:20:00,2.648727612461146,12.675254724050983,7.999999999999609,5.000000000000007,6986.180255720438,0.7735544739306304,steady_state_heating
2024-11-05 06:25:00,2.6178447392971957,12.463575245526227,7.9999999999993605,5.0000000000000355,7045.994784080975,0.7866924062194343,steady_state_heating
2024-11-05 06:30:00,2.628921098652443,12.539205892986406,7.99999999999951,5.0,7024.6185773905445,0.7819474441746149,steady_state_heating
2024-11-05 06:35:00,2.6255553039696964,12.51618974518208,7.9999999999994404,4.999999999999993,7031.123573805837,0.7833853752316503,steady_state_heating
2024-11-05 06:40:00,2.5943725710543983,12.304364363367068,7.999999999999185,5.000000000000028,7090.9880829754975,0.7968717205085177,steady_state_heating
2024-11-05 06:45:00,2.623498046178559,12.502136383100147,7.999999999999417,4.999999999999979,7035.095594603638,0.7842659605964613,steady_state_heating
2024-11-05 06:50:00,2.594870083118326,12.307724128707115,7.999999999999176,4.999999999999979,7090.0389199639285,0.796654190284487,steady_state_heating
2024-11-05 06:55:00,2.5979962908777043,12.328850480783641,7.99999999999919,4.999999999999979,7084.070095613607,0.7952890673207988,steady_state_heating
2024-11-05 07:00:00,2.6402348844914427,12.616791663838786,7.999999999999545,5.000000000000014,7002.694561218115,0.7771389320870128,steady_state_heating
2024-11-05 07:05:00,2.640795683695137,12.620646235363704,7.999999999999487,4.999999999999986,7001.605555614662,0.7769015799306601,steady_state_heating
2024-11-05 07:10:00,2.60599007527634,12.38298628211048,7.999999999999238,5.000000000000014,7068.772242445205,0.7918122314457499,steady_state_heating
2024-11-05 07:15:00,2.613485646544249,12.43389911236892,7.99999999999935,5.00000000000005,7054.382681315493,0.7885700142319999,steady_state_heating
2024-11-05 07:20:00,2.62277485944648,12.497198855384072,7.999999999999432,4.999999999999986,7036.491150700697,0.7845758168260072,steady_state_heating
2024-11-05 07:25:00,2.653820372844482,12.710404946432048,7.99999999999959,4.999999999999957,6976.254649002444,0.7714152335289977,steady_state_heating
2024-11-05 07:30:00,2.6221781359679794,12.493125784992166,7.999999999999421,5.000000000000007,7037.642380897241,0.7848316080975207,steady_state_heating
2024-11-05 07:35:00,2.654843472242173,12.717474737000089,7.999999999999616,5.0,6974.258662435333,0.7709863949226828,steady_state_heating
2024-11-05 07:40:00,2.671316262167466,12.831691273993705,7.99999999999966,4.999999999999972,6942.032285249656,0.7641237457038907,steady_state_heating
2024-11-05 07:45:00,2.654610278172313,12.715863079980362,7.999999999999673,4.999999999999986,6974.713664203215,0.7710841126810194,steady_state_heating
2024-11-05 07:50:00,2.6826361095749167,12.910603657259784,7.999999999999723,4.999999999999993,6919.793452309405,0.7594532572058726,steady_state_heating
2024-11-05 07:55:00,2.6471553084983728,12.664416666739854,7.999999999999552,5.0,6989.2412279917635,0.7742164726584327,steady_state_heating
2024-11-05 08:00:00,2.652072238147282,12.698331515961673,7.999999999999625,4.999999999999979,6979.663579482456,0.7721486864376793,steady_state_heating
2024-11-05 08:05:00,2.631435711392478,12.556420934787438,7.999999999999481,5.000000000000021,7019.753403642573,0.7808753824774501,steady_state_heating
2024-11-05 08:10:00,2.686762410907685,12.939455269427706,7.9999999999997,5.0,6911.668952707228,0.757759874418088,steady_state_heating
2024-11-05 08:15:00,2.65371768547779,12.709695513903885,7.9999999999995755,5.000000000000014,6976.454947256548,0.7714582925510484,steady_state_heating
2024-11-05 08:20:00,2.681405573575039,12.902008563823271,7.999999999999723,5.000000000000007,6922.214486929942,0.7599591917411087,steady_state_heating
2024-11-05 08:25:00,2.6765715706268067,12.868283643538671,7.999999999999646,5.000000000000021,6931.716922263232,0.7619508764032583,steady_state_heating
2024-11-05 08:30:00,2.654318225308158,12.71384484172246,7.999999999999591,5.000000000000007,6975.283460965713,0.7712065171523386,steady_state_heating
2024-11-05 08:35:00,2.6667984883103375,12.800293957292055,7.999999999999634,4.999999999999986,6950.886995896705,0.7659980335384649,steady_state_heating
2024-11-05 08:40:00,,13.197924038062387,8.000000000006011,5.000000000000012,0.0,0.7429198691947841,defrost
2024-11-05 08:45:00,,13.023323214046805,8.00000000001765,5.000000000000027,0.0,0.7528800321429827,defrost
2024-11-05 08:50:00,,12.899158403431105,8.000000000034937,5.000000000000022,0.0,0.7601271101060307,defrost
2024-11-05 08:55:00,2.7163018346813086,13.147360622157208,7.99999999999975,4.999999999999986,6853.2449836818,0.7457770636849855,steady_state_heating
2024-11-05 09:00:00,2.7143223677862927,13.133353494967299,7.999999999999824,4.999999999999979,6857.173702905987,0.7465724579603585,steady_state_heating
2024-11-05 09:05:00,2.812688223749159,13.842802763641775,7.999999999999949,4.999999999999993,6660.023227155392,0.7083103160115019,steady_state_heating
2024-11-05 09:10:00,2.739507656862431,13.312383624804559,7.999999999999859,5.000000000000071,6807.053396150419,0.7365322602130134,steady_state_heating
2024-11-05 09:15:00,2.726363723500487,13.218728929352933,7.999999999999813,5.000000000000014,6833.246359835665,0.7417505913316258,steady_state_heating
2024-11-05 09:20:00,2.777778325082942,13.587853428903909,7.999999999999882,5.0,6730.391189267348,0.7216003654516121,steady_state_heating
2024-11-05 09:25:00,2.7005505773446625,13.036201114976649,7.999999999999745,4.999999999999993,6884.453938144218,0.7521362944251857,steady_state_heating
2024-11-05 09:30:00,2.7513558373027975,13.397221732616721,7.999999999999873,4.999999999999972,6783.379944794665,0.7318681586144734,steady_state_heating
2024-11-05 09:35:00,2.8097477124228583,13.821191079270845,7.999999999999927,5.000000000000014,6665.964323986078,0.7094178746074671,steady_state_heating
2024-11-05 09:40:00,2.7636753373240506,13.485856102604748,7.999999999999874,5.0,6758.705886836877,0.7270580321635051,steady_state_heating
2024-11-05 09:45:00,2.7312081877986243,13.253191002889684,7.999999999999806,4.999999999999957,6823.601219910031,0.7398218284081288,steady_state_heating
2024-11-05 09:50:00,2.778207186811707,13.590964028854064,7.9999999999999005,4.999999999999986,6729.52907099706,0.7214352108638986,steady_state_heating
2024-11-05 09:55:00,,14.046635477320049,8.000000000009258,5.000000000000007,0.0,0.6980319248571185,defrost
2024-11-05 10:00:00,,13.869937971726824,8.000000000000004,4.999999999999998,0.0,0.7069245745717826,defrost
2024-11-05 10:05:00,,13.695968210459244,8.000000000000107,5.000000000000009,0.0,0.7159041149432712,defrost
2024-11-05 10:10:00,2.8007298199528434,13.755070660076015,7.999999999999965,5.000000000000085,6684.169194182863,0.7128280357336823,steady_state_heating
2024-11-05 10:15:00,2.811055151285359,13.830797146761412,7.999999999999954,5.000000000000014,6663.323028463882,0.7089251542016802,steady_state_heating
2024-11-05 10:20:00,2.840127445591412,14.045700391585783,7.999999999999957,5.0,6604.4772974495245,0.6980783959960998,steady_state_heating
2024-11-05 10:25:00,2.8816357869213816,14.356913073816942,7.999999999999926,5.0,6520.144619632608,0.6829462538072776,steady_state_heating
2024-11-05 10:30:00,2.8828472738558264,14.366074838783522,7.9999999999999325,5.000000000000007,6517.678723109289,0.6825107143065853,steady_state_heating
2024-11-05 10:35:00,2.8728183131036045,14.290366751820223,8.000000000000025,5.000000000000007,6538.08504264434,0.6861265473645792,steady_state_heating
2024-11-05 10:40:00,2.8368774127629552,14.021551656207013,7.999999999999943,4.999999999999972,6611.0658582906235,0.6992806673902995,steady_state_heating
2024-11-05 10:45:00,2.834656710754103,14.005069255793305,7.999999999999964,4.999999999999972,6615.566351571864,0.7001036425395808,steady_state_heating
2024-11-05 10:50:00,2.8840795648588733,14.375398542565241,7.999999999999972,5.000000000000021,6515.170254501308,0.6820680463896442,steady_state_heating
2024-11-05 10:55:00,,14.072877936624419,7.999999999954227,5.000000000000013,0.0,0.6967302668406342,defrost
2024-11-05 11:00:00,,14.363897409615385,8.000000000000004,4.999999999999996,0.0,0.6826141763889513,defrost
2024-11-05 11:05:00,,14.546026474760815,8.00000000000001,4.9999999999999885,0.0,0.6740672455816646,defrost
2024-11-05 11:10:00,2.868071417350449,14.25463952231176,7.999999999999917,5.000000000000021,6547.737990304681,0.687846226111362,steady_state_heating
2024-11-05 11:15:00,2.8790173643558132,14.33712681549848,7.999999999999925,5.0,6525.473465908637,0.6838887683828514,steady_state_heating
2024-11-05 11:20:00,2.922688805804804,14.66989640134267,7.999999999999998,5.0,6436.477072012779,0.668375544840425,steady_state_heating
2024-11-05 11:25:00,2.9521826607215775,14.898009716739255,7.999999999999985,4.999999999999986,6376.266891397045,0.6581416032359816,steady_state_heating
2024-11-05 11:30:00,2.9778553735631044,15.098829258895904,7.999999999999973,5.000000000000021,6323.8204998515885,0.6493880970422339,steady_state_heating
2024-11-05 11:35:00,2.9708468595924677,15.04379579403512,7.9999999999999964,4.999999999999979,6338.140109371795,0.6517636994173833,steady_state_heating
2024-11-05 11:40:00,2.961796185920524,14.972961219113634,8.000000000000021,5.000000000000014,6356.630255745531,0.654847084455377,steady_state_heating
2024-11-05 11:45:00,2.93615874459586,14.773735003083603,7.9999999999999805,5.000000000000014,6408.986525459345,0.6636778037479006,steady_state_heating
2024-11-05 11:50:00,,14.776017705989476,8.000000000000004,4.999999999999995,0.0,0.6635752741434201,defrost
2024-11-05 11:55:00,,15.000521795398988,7.999999999999993,5.000000000000007,0.0,0.6536439287736928,defrost
2024-11-05 12:00:00,,15.221927947355915,7.999999999999865,5.00000000000002,0.0,0.6441365399908597,defrost
2024-11-05 12:05:00,2.9967187316932784,15.247745089285903,8.000000000000004,5.000000000000014,6285.276389747443,0.6430459023668788,steady_state_heating
2024-11-05 12:10:00,2.9282988845085627,14.713074593483457,7.999999999999927,4.999999999999943,6425.029370845817,0.66641407529754,steady_state_heating
2024-11-05 12:15:00,2.9702805547398268,15.039355895731038,8.000000000000012,5.000000000000014,6339.297118563185,0.6519561122150961,steady_state_heating
2024-11-05 12:20:00,3.039164836023912,15.587126399777326,7.9999999999999805,5.000000000000007,6198.564176796672,0.629044748115989,steady_state_heating
2024-11-05 12:25:00,3.003289613278311,15.299892214053163,7.9999999999999645,5.000000000000014,6271.8499679366605,0.640854187913426,steady_state_heating
2024-11-05 12:30:00,2.970496055159934,15.041045322903829,8.000000000000025,5.000000000000007,6338.856833790881,0.6518828837693463,steady_state_heating
2024-11-05 12:35:00,3.098750294654812,16.073831673395116,8.000000000000009,5.000000000000007,6077.018064355387,0.609997678165867,steady_state_heating
2024-11-05 12:40:00,3.0320294765563633,15.529654745002151,8.000000000000021,4.999999999999972,6213.136372783596,0.6313726970108909,steady_state_heating
2024-11-05 12:45:00,3.0408660645384904,15.600854230322694,8.0,5.0,6195.090229551208,0.6284912258805965,steady_state_heating
2024-11-05 12:50:00,,15.63476838964247,7.999999999999297,5.000000000000021,0.0,0.6271279340789919,defrost
2024-11-05 12:55:00,,15.56627019009441,7.999999999999439,4.999999999999993,0.0,0.6298875633187585,defrost
2024-11-05 13:00:00,,15.434329208140937,7.999999999999645,5.000000000000014,0.0,0.6352721824041628,defrost
2024-11-05 13:05:00,3.1162626269173175,16.21921773374664,7.999999999999995,4.999999999999993,6041.362324468594,0.6045297720863045,steady_state_heating
2024-11-05 13:10:00,3.0833058581737327,15.946504265998495,8.000000000000016,4.999999999999993,6108.492318325221,0.6148683019454263,steady_state_heating
2024-11-05 13:15:00,3.0906473535163324,16.006925618755307,8.000000000000018,4.999999999999986,6093.527932571465,0.6125473581579886,steady_state_heating
2024-11-05 13:20:00,3.088085988904907,15.985824020953682,7.999999999999998,5.000000000000007,6098.748212539851,0.6133559325529879,steady_state_heating
2024-11-05 13:25:00,3.0493858003129195,15.669750207071402,7.9999999999999885,4.999999999999979,6177.695254950379,0.6257279069819015,steady_state_heating
2024-11-05 13:30:00,3.133349939516711,16.36212143181502,7.9999999999999805,5.0,6006.609839611105,0.5992499225030113,steady_state_heating
2024-11-05 13:35:00,3.083850531470862,15.950980563894946,8.000000000000028,5.0,6107.3819082875125,0.614695752447571,steady_state_heating
2024-11-05 13:40:00,3.127359631403026,16.311905268826578,8.000000000000027,4.999999999999993,6018.788498972253,0.6010947120161471,steady_state_heating
2024-11-05 13:45:00,3.0764440720659882,15.890199885171665,8.000000000000005,5.000000000000028,6122.483692270898,0.617046989393115,steady_state_heating
2024-11-05 13:50:00,3.064331336605696,15.79120497100842,7.999999999999998,4.999999999999993,6147.192229935913,0.6209152511161318,steady_state_heating
2024-11-05 13:55:00,3.1546321723948374,16.541570056339275,7.999999999999982,4.999999999999986,5963.384507809998,0.5927490538446445,steady_state_heating
2024-11-05 14:00:00,,16.26766502429454,7.999999999995708,5.000000000005315,0.0,0.6027294012605343,defrost
2024-11-05 14:05:00,,15.996811013694249,7.999999999997819,5.000000000000021,0.0,0.6129346650158167,defrost
2024-11-05 14:10:00,,16.755617031469203,7.999999999988557,5.00000000004464,0.0,0.6,defrost
2024-11-05 14:15:00,3.2329422711469054,17.21618920046331,8.000000000000002,4.999999999999986,5805.0138434934715,0.5695220867888773,steady_state_heating
2024-11-05 14:20:00,3.217504771495591,17.08138486002744,8.0,5.000000000000028,5836.1391301056565,0.5740166901188976,steady_state_heating
2024-11-05 14:25:00,3.1754098048367743,16.71834869525676,7.999999999999974,4.999999999999972,5921.254052545638,0.5864813671927918,steady_state_heating
2024-11-05 14:30:00,3.193867685426221,16.87672103229331,7.999999999999996,4.999999999999979,5883.890990852941,0.5809777847982617,steady_state_heating
2024-11-05 14:35:00,3.2226289911340964,17.12603063709086,7.999999999999981,4.999999999999972,5825.802036316746,0.5725202884295173,steady_state_heating
2024-11-05 14:40:00,3.237838521209923,17.25913407450967,8.00000000000002,5.000000000000014,5795.152630307845,0.5681049789445215,steady_state_heating
2024-11-05 14:45:00,3.1995712839113373,16.92591468267198,8.00000000000001,4.999999999999979,5872.358456662547,0.5792892250625562,steady_state_heating
2024-11-05 14:50:00,3.2092187626469895,17.009401107805985,7.999999999999984,4.999999999999993,5852.865935116521,0.5764459276288263,steady_state_heating
2024-11-05 14:55:00,3.2195521634260573,17.099211249932843,8.000000000000005,4.999999999999986,5832.008268838554,0.5734182622042585,steady_state_heating
2024-11-05 15:00:00,,17.283161224325966,7.999999999974335,4.999999999968482,0.0,0.6,defrost
2024-11-05 15:05:00,,17.151495227113767,7.9999999999787015,4.999999999963773,0.0,0.6,defrost
2024-11-05 15:10:00,,17.236958457595094,7.9999999999759055,4.999999999966908,0.0,0.6,defrost
2024-11-05 15:15:00,3.30606944878281,17.867269978412814,7.999999999999988,4.999999999999993,5658.31359813939,0.5487687829112327,steady_state_heating
2024-11-05 15:20:00,3.30966534174657,17.899829667672694,7.9999999999999885,4.999999999999922,5651.1338999309355,0.5477705755886578,steady_state_heating
2024-11-05 15:25:00,3.29403562365223,17.75868332114476,7.999999999999988,5.000000000000021,5682.365057960204,0.5521242663483656,steady_state_heating
2024-11-05 15:30:00,3.3623689275104782,18.383064804104364,7.9999999999999964,5.000000000000021,5546.303954865797,0.5333713450115701,steady_state_heating
2024-11-05 15:35:00,3.29085388450161,17.730069393348465,8.0,5.000000000000014,5688.730418628254,0.5530153200459779,steady_state_heating
2024-11-05 15:40:00,3.3654853079491307,18.41199633302998,8.000000000000012,4.999999999999993,5540.129619637116,0.5325332366273846,steady_state_heating
2024-11-05 15:45:00,3.334398738268007,18.125195718362,7.999999999999998,4.999999999999986,5601.8430936708055,0.5409596758211498,steady_state_heating
2024-11-05 15:50:00,3.4461759154318994,19.175441773860996,7.99999999999998,4.999999999999986,5381.273584363605,0.5113311138085851,steady_state_heating
2024-11-05 15:55:00,3.2827749709674086,17.65759445445839,8.000000000000018,5.0,5704.904413151393,0.5552851508334596,steady_state_heating
2024-11-05 16:00:00,3.2999632089763,17.812098430995963,8.0,5.000000000000071,5670.513224718451,0.5504685502376124,steady_state_heating
2024-11-05 16:05:00,3.3597035103727535,18.35835192359419,8.000000000000021,5.000000000000021,5551.5870306638835,0.5340893366031719,steady_state_heating
2024-11-05 16:10:00,3.366099370078132,18.41770186890859,7.9999999999999725,5.000000000000007,5538.913337746787,0.5323682655843234,steady_state_heating
2024-11-05 16:15:00,3.4253109318693786,18.97534540323333,8.000000000000004,5.000000000000007,5422.158395684918,0.5167231368726105,steady_state_heating
2024-11-05 16:20:00,3.337533494541148,18.15393641694665,7.999999999999988,4.999999999999972,5595.607693912515,0.5401032467452661,steady_state_heating
2024-11-05 16:25:00,3.4000637315801705,18.735746726399448,7.999999999999974,5.000000000000028,5471.812037233531,0.5233311563816329,steady_state_heating
2024-11-05 16:30:00,3.4126937909714865,18.855264587079663,8.000000000000007,5.000000000000007,5446.947953492697,0.5200139173182831,steady_state_heating
2024-11-05 16:35:00,3.403026014001996,18.76371742153757,8.000000000000014,5.0,5465.975987455759,0.522551037181231,steady_state_heating
2024-11-05 16:40:00,3.3367605093771906,18.14684565054673,8.000000000000004,5.0,5597.145001678465,0.540314288709707,steady_state_heating
2024-11-05 16:45:00,3.431748924368305,19.036883342763492,8.000000000000009,4.999999999999993,5409.528490920135,0.5150527963773638,steady_state_heating
2024-11-05 16:50:00,3.440758677339888,19.123307084434273,8.000000000000018,4.999999999999972,5391.875342893924,0.512725124200977,steady_state_heating
2024-11-05 16:55:00,3.422774150303454,18.951146862793337,7.999999999999979,5.000000000000028,5427.13856473123,0.517382935765756,steady_state_heating
2024-11-05 17:00:00,3.4083194928974625,18.8137933589253,8.000000000000004,5.000000000000014,5455.553861156456,0.5211601835388762,steady_state_heating
2024-11-05 17:05:00,3.408753547281061,18.81790480859861,7.999999999999974,5.000000000000021,5454.699648462564,0.5210463173094457,steady_state_heating
2024-11-05 17:10:00,3.3971551504570834,18.708319510751714,8.000000000000021,5.000000000000028,5477.544878020592,0.5240983827737724,steady_state_heating
2024-11-05 17:15:00,3.425369767318436,18.9759069699227,8.00000000000002,4.999999999999993,5422.042914754365,0.5167078451396901,steady_state_heating
2024-11-05 17:20:00,3.4017867854362227,18.752011721966458,8.000000000000004,4.999999999999986,5468.4170911664905,0.5228772328738595,steady_state_heating
2024-11-05 17:25:00,3.3762348357311973,18.51210274221169,7.999999999999977,5.000000000000014,5518.853678568304,0.5296534994721288,steady_state_heating
2024-11-05 17:30:00,3.3596256289874065,18.357630276366997,7.999999999999993,4.999999999999979,5551.741428549136,0.5341103319104663,steady_state_heating
2024-11-05 17:35:00,3.3774104951666635,18.52308058492774,8.00000000000002,4.999999999999972,5516.528807056372,0.5293395963508537,steady_state_heating
2024-11-05 17:40:00,3.4130341049027346,18.858494435424692,7.999999999999973,4.999999999999986,5446.278673449324,0.5199248558030082,steady_state_heating
2024-11-05 17:45:00,3.4068520922592267,18.799899829981477,7.999999999999989,5.000000000000021,5458.442111656005,0.5215453320854032,steady_state_heating
2024-11-05 17:50:00,3.4096147789862044,18.82606496039024,7.999999999999974,4.999999999999972,5453.004928135173,0.5208204699510804,steady_state_heating
2024-11-05 17:55:00,3.429497478513743,19.015342262150554,7.999999999999999,4.999999999999957,5413.943843495372,0.515636261752519,steady_state_heating
2024-11-05 18:00:00,3.3945319170806805,18.683613943248652,7.99999999999998,5.000000000000028,5482.717487481378,0.5247914043708369,steady_state_heating
2024-11-05 18:05:00,3.481757764711233,19.52110907274542,8.000000000000028,4.999999999999993,5311.874889710714,0.5022767898822574,steady_state_heating
2024-11-05 18:10:00,3.404317847746393,18.77592701454284,8.000000000000007,5.000000000000007,5463.431756734636,0.5222112331607147,steady_state_heating
2024-11-05 18:15:00,3.4027369638277394,18.76098647936192,7.999999999999998,5.000000000000028,5466.545333339087,0.5226271023000852,steady_state_heating
2024-11-05 18:20:00,3.439697703309132,19.113111514464602,8.000000000000021,5.000000000000007,5393.952810161944,0.5129986288511771,steady_state_heating
2024-11-05 18:25:00,3.3411071440577196,18.186750085629026,7.999999999999979,5.0,5588.502586226344,0.5391287587851014,steady_state_heating
2024-11-05 18:30:00,3.3785396977053015,18.533630097470745,7.999999999999994,5.000000000000021,5514.296186484417,0.5290382913889101,steady_state_heating
2024-11-05 18:35:00,3.447048958164132,19.183855880103,8.000000000000007,4.999999999999972,5379.5658828442065,0.5111068421948212,steady_state_heating
2024-11-05 18:40:00,3.3459157968812634,18.2309863331839,8.000000000000002,5.000000000000028,5578.947642535508,0.5378205995444698,steady_state_heating
2024-11-05 18:45:00,3.4533415390461566,19.24460117640047,8.000000000000025,4.999999999999986,5367.264630566805,0.5094935410780969,steady_state_heating
2024-11-05 18:50:00,3.4684070917657097,19.39074925343929,8.000000000000004,5.000000000000014,5337.86541620427,0.5056534882612083,steady_state_heating
2024-11-05 18:55:00,3.4026571596850337,18.76023255378325,7.9999999999999725,5.000000000000021,5466.702529074961,0.5226481053414611,steady_state_heating
2024-11-05 19:00:00,3.4331120379074545,19.049935891665406,8.000000000000014,5.000000000000021,5406.856040422814,0.5146998948321818,steady_state_heating
2024-11-05 19:05:00,3.443686111381699,19.151464259904436,7.9999999999999565,5.000000000000021,5386.1450682803425,0.5119712971779274,steady_state_heating
2024-11-05 19:10:00,3.377988243464607,18.528477497216375,8.000000000000027,5.000000000000021,5515.386456085297,0.5291854121026963,steady_state_heating
2024-11-05 19:15:00,3.424242862758277,18.96515361512035,7.999999999999997,5.000000000000007,5424.254966684621,0.5170008215584803,steady_state_heating
2024-11-05 19:20:00,3.3516884145833035,18.284216003248023,8.000000000000018,5.000000000000028,5567.4858098969435,0.5362548767887133,steady_state_heating
2024-11-05 19:25:00,3.355710856820634,18.321388489701782,8.000000000000018,5.000000000000028,5559.504595017856,0.5351668627905168,steady_state_heating
2024-11-05 19:30:00,3.3475824022528173,18.246340112176856,8.000000000000018,4.999999999999979,5575.637550719248,0.5373680387255598,steady_state_heating
2024-11-05 19:35:00,3.3791272247312505,18.53912115599782,7.999999999999972,5.000000000000014,5513.134696516372,0.5288815967863655,steady_state_heating
2024-11-05 19:40:00,3.4076011956935393,18.806991279631568,7.999999999999936,4.999999999999993,5456.967586421556,0.5213486758309427,steady_state_heating
2024-11-05 19:45:00,3.3469737098714174,18.24073114412784,8.000000000000014,5.000000000000043,5576.846401666721,0.5375332777248062,steady_state_heating
2024-11-05 19:50:00,3.298710327651562,17.80079671065495,8.00000000000001,4.999999999999986,5673.017535402158,0.5508180425503683,steady_state_heating
2024-11-05 19:55:00,3.3094801491933485,17.898151540258517,7.999999999999996,4.999999999999993,5651.503580165667,0.5478219344576172,steady_state_heating
2024-11-05 20:00:00,3.3549969363317573,18.314786072160974,7.999999999999993,5.000000000000007,5560.9208010533,0.5353597886083911,steady_state_heating
2024-11-05 20:05:00,3.406809723822168,18.799498817522068,7.9999999999999805,5.000000000000014,5458.525514255264,0.5215564571785958,steady_state_heating
2024-11-05 20:10:00,3.3353731286123147,18.134125019618565,8.000000000000014,5.0,5599.904627409972,0.5406933055436842,steady_state_heating
2024-11-05 20:15:00,3.3125702617498747,17.926170706543555,7.999999999999984,5.000000000000028,5645.336291789755,0.5469656716155731,steady_state_heating
2024-11-05 20:20:00,3.352430490433313,18.291068698717037,7.99999999999998,5.000000000000021,5566.013059872792,0.536053970465255,steady_state_heating
2024-11-05 20:25:00,3.3085128522811056,17.889388589375702,7.999999999999989,5.000000000000014,5653.434637872233,0.5480902799452342,steady_state_heating
2024-11-05 20:30:00,3.3007611006455204,17.819299141800247,8.000000000000025,5.000000000000007,5668.918575623642,0.5502461079964454,steady_state_heating
2024-11-05 20:35:00,3.2655025582464696,17.503507301142676,7.9999999999999725,4.999999999999979,5739.537442543467,0.560173445887609,steady_state_heating
2024-11-05 20:40:00,3.351299113264038,18.28062191149762,7.9999999999999885,5.000000000000007,5568.258493240946,0.5363603080611354,steady_state_heating
2024-11-05 20:45:00,3.203084556581039,16.956277154871273,7.999999999999982,5.0,5865.257840843763,0.5782519305650289,steady_state_heating
2024-11-05 20:50:00,3.3119264311949728,17.92032969800562,7.99999999999998,5.000000000000014,5646.621050985015,0.5471439513242451,steady_state_heating
2024-11-05 20:55:00,3.2571731105481176,17.429616794252883,7.9999999999999885,5.000000000000007,5756.264303681861,0.562548225571605,steady_state_heating
2024-11-05 21:00:00,3.2486296871610407,17.35410753690557,8.000000000000018,5.000000000000014,5773.437564485311,0.5649959226741272,steady_state_heating
2024-11-05 21:05:00,3.3201515091006306,17.995075457278627,7.999999999999986,5.000000000000014,5630.216201820951,0.5448712912195148,steady_state_heating
2024-11-05 21:10:00,3.2291819641299866,17.183269773519473,8.00000000000001,4.999999999999993,5812.590758748861,0.570613167879732,steady_state_heating
2024-11-05 21:15:00,3.2267025476374123,17.161593294665273,8.000000000000004,4.999999999999957,5817.588373823719,0.571333898411863,steady_state_heating
2024-11-05 21:20:00,3.238059000335926,17.261070047967355,7.999999999999998,5.000000000000014,5794.708701298015,0.5680412612168634,steady_state_heating
2024-11-05 21:25:00,3.252190101654723,17.385541223889646,7.999999999999998,4.999999999999972,5766.278691290865,0.5639743896225013,steady_state_heating
2024-11-05 21:30:00,3.212441753002901,17.03736973415469,8.000000000000007,4.999999999999979,5846.358087266841,0.5754996312807594,steady_state_heating
2024-11-05 21:35:00,3.178970954320725,16.74880610833272,7.9999999999999805,4.999999999999972,5914.040628347211,0.5854148610104164,steady_state_heating
2024-11-05 21:40:00,3.186076435405238,16.809716826868367,8.00000000000001,4.999999999999979,5899.654668253718,0.5832935855485588,steady_state_heating
2024-11-05 21:45:00,3.2587186189978294,17.443306626761945,8.000000000000004,5.000000000000014,5753.159450436098,0.5621067272277912,steady_state_heating
2024-11-05 21:50:00,,17.072531314527364,7.999999999980989,4.999999999960631,0.0,0.6,defrost
2024-11-05 21:55:00,,17.069196991692746,7.999999999981085,4.99999999996048,0.0,0.6,defrost
2024-11-05 22:00:00,,16.89565332496559,7.9999999999855795,4.999999999952349,0.0,0.6,defrost
2024-11-05 22:05:00,3.1797832754540902,16.755760181292523,7.999999999999988,5.000000000000021,5912.395516844031,0.5851718987328965,steady_state_heating
2024-11-05 22:10:00,3.256509729046192,17.423743522778224,8.000000000000025,4.999999999999979,5757.597175638321,0.5627378517814967,steady_state_heating
2024-11-05 22:15:00,3.1839304863134075,16.79130132827745,7.999999999999988,4.999999999999915,5903.998448926762,0.5839333002432554,steady_state_heating
2024-11-05 22:20:00,3.1655052248049027,16.633882679069146,8.000000000000021,5.000000000000014,5941.328320287181,0.5894594899564777,steady_state_heating
2024-11-05 22:25:00,3.2071565927081873,16.99152638739482,8.000000000000014,5.0,5857.030955299018,0.5770523363500667,steady_state_heating
2024-11-05 22:30:00,3.1398636091167123,16.416870605728032,8.000000000000005,4.999999999999986,5993.372985794763,0.5972514637825629,steady_state_heating
2024-11-05 22:35:00,3.142873114442203,16.442217768779145,7.999999999999991,4.999999999999993,5987.25928697032,0.596330746732838,steady_state_heating
2024-11-05 22:40:00,3.154816979589581,16.54313548560981,7.999999999999983,4.999999999999986,5963.009461692392,0.5926929637086616,steady_state_heating
2024-11-05 22:45:00,3.140532767611364,16.422503689631856,7.999999999999975,5.000000000000014,5992.013498000278,0.5970466005247591,steady_state_heating
2024-11-05 22:50:00,3.1444947518026463,16.45588930975301,8.000000000000062,4.999999999999993,5983.96555598503,0.5958353155784055,steady_state_heating
2024-11-05 22:55:00,3.2013769681532516,16.941514038442914,7.999999999999915,4.999999999999979,5868.708717707099,0.5787558288917363,steady_state_heating
2024-11-05 23:00:00,3.137375854019424,16.39594238612416,7.999999999999988,4.999999999999979,5998.427784516247,0.598013811532904,steady_state_heating
2024-11-05 23:05:00,3.0463017887657724,15.644782569942654,7.999999999999934,5.000000000000007,6183.991458590183,0.6267265112931477,steady_state_heating
2024-11-05 23:10:00,3.1213198200327312,16.261403613745866,7.999999999999972,5.000000000000021,6031.072813643715,0.6029614806259276,steady_state_heating
2024-11-05 23:15:00,3.0979988585537352,16.067617409908383,7.999999999999983,5.000000000000057,6078.54882334612,0.6102335990371279,steady_state_heating
2024-11-05 23:20:00,,15.956688117315329,7.999999999997986,5.000000000000025,0.0,0.6144758817063147,defrost
2024-11-05 23:25:00,,15.864750973719852,7.999999999998469,4.999999999999996,0.0,0.6180368047530084,defrost
2024-11-05 23:30:00,,15.731842435340416,7.999999999999062,5.000000000000027,0.0,0.623258212780838,defrost
2024-11-05 23:35:00,3.04695482964745,15.650066788934181,7.999999999999979,5.000000000000021,6182.658184926104,0.6265148981302054,steady_state_heating
2024-11-05 23:40:00,3.056360944078621,15.726338910058677,8.000000000000018,5.000000000000028,6163.4573670053915,0.6234763256773413,steady_state_heating
2024-11-05 23:45:00,2.997333681692926,15.252619368561298,7.999999999999982,4.999999999999972,6284.019833524912,0.6428404042003484,steady_state_heating
2024-11-05 23:50:00,2.970549148786954,15.041461576288455,7.999999999999977,5.000000000000014,6338.748359031844,0.6518648437367771,steady_state_heating
2024-11-05 23:55:00,3.088656557225436,15.990522626806413,7.999999999999993,5.000000000000021,6097.585286621157,0.6131757059374008,steady_state_heating
2024-11-06 00:00:00,2.9625955485426068,14.979206767746025,7.999999999999981,5.0,6354.9973013411145,0.6545740473462602,steady_state_heating
2024-11-06 00:05:00,2.979868283175976,15.114664806550747,7.999999999999973,5.000000000000007,6319.707601878948,0.6487077368563602,steady_state_heating
2024-11-06 00:10:00,2.9184128841211696,14.637052914460298,7.9999999999999325,5.000000000000021,6445.200439748877,0.6698752855032319,steady_state_heating
2024-11-06 00:15:00,2.963554216607313,14.986699704158118,7.999999999999968,5.000000000000021,6353.038883789163,0.6542467783804029,steady_state_heating
2024-11-06 00:20:00,2.9241325569594503,14.680998841943303,8.00000000000001,4.999999999999979,6433.531274490245,0.6678700887835586,steady_state_heating
2024-11-06 00:25:00,2.9313211295025314,14.736376455747498,7.999999999999992,5.000000000000021,6418.861202420753,0.665360309533613,steady_state_heating
2024-11-06 00:30:00,,15.096563260021579,7.999999999999915,4.999999999999972,0.0,0.6494855703990188,defrost
2024-11-06 00:35:00,,14.95669798834892,8.0,5.0,0.0,0.655559135287613,defrost
2024-11-06 00:40:00,,14.90197451659351,7.999999999999972,4.9999999999999725,0.0,0.6579664989416008,defrost
2024-11-06 00:45:00,2.8753817798948513,14.309689033136895,7.999999999999973,4.999999999999993,6532.870586872031,0.6852000750886067,steady_state_heating
2024-11-06 00:50:00,2.968687821365422,15.026874225848804,7.9999999999999964,4.999999999999993,6342.551162314738,0.6524976420667524,steady_state_heating
2024-11-06 00:55:00,2.87660526886015,14.318918211637033,7.999999999999925,5.000000000000014,6530.381458154064,0.6847584332195885,steady_state_heating
2024-11-06 01:00:00,2.945229259755715,14.843981835185856,8.000000000000002,4.999999999999986,6390.467120810132,0.6605370519087027,steady_state_heating
2024-11-06 01:05:00,2.9207451241798568,14.654959822240462,7.999999999999992,4.999999999999957,6440.442616709159,0.6690567643262911,steady_state_heating
2024-11-06 01:10:00,2.9071982524143887,14.551184335783615,7.999999999999956,5.000000000000021,6468.070852112412,0.6738283134719132,steady_state_heating
2024-11-06 01:15:00,2.859137069284726,14.187580972445264,7.999999999999996,5.000000000000021,6565.895440330398,0.691097377279679,steady_state_heating
2024-11-06 01:20:00,2.8900263933674646,14.420458628464575,7.999999999999981,5.000000000000014,6503.061685688586,0.679936765717416,steady_state_heating
2024-11-06 01:25:00,2.865646317073101,14.236413548839542,7.999999999999985,5.000000000000007,6552.667994854145,0.6887268318219967,steady_state_heating
2024-11-06 01:30:00,2.8802442915091375,14.346395550575993,7.999999999999987,5.000000000000021,6522.976634240443,0.6834469303062221,steady_state_heating
2024-11-06 01:35:00,2.866788564748836,14.244995952088138,7.999999999999925,4.999999999999986,6550.3460402644005,0.6883118839049385,steady_state_heating
2024-11-06 01:40:00,2.815532002483354,13.863727639097059,7.999999999999946,5.000000000000007,6654.275337735641,0.7072412453018007,steady_state_heating
2024-11-06 01:45:00,2.89134792537336,14.430486845124198,8.000000000000018,5.000000000000071,6500.370181711025,0.6794642554497683,steady_state_heating
2024-11-06 01:50:00,2.847103745389715,14.09764293957342,7.999999999999947,4.999999999999972,6590.326906351283,0.6955063369122815,steady_state_heating
2024-11-06 01:55:00,2.8313305231330874,13.980409195696511,7.999999999999969,5.000000000000014,6622.305090190826,0.7013385561717457,steady_state_heating
2024-11-06 02:00:00,2.826925171082865,13.94779884151115,7.999999999999919,5.000000000000007,6631.226124288812,0.702978305854152,steady_state_heating
2024-11-06 02:05:00,2.8451547062138802,14.083116573548212,7.999999999999971,4.999999999999979,6594.281296042554,0.696223733489244,steady_state_heating
2024-11-06 02:10:00,2.7993387694838696,13.744892419053443,7.999999999999946,5.000000000000007,6686.975281771041,0.7133558925792763,steady_state_heating
2024-11-06 02:15:00,2.751867562981961,13.40089484175571,7.999999999999859,5.000000000000007,6782.356204970337,0.7316675577103041,steady_state_heating
2024-11-06 02:20:00,2.808690592584073,13.813427827980334,7.999999999999971,4.999999999999979,6668.099577450857,0.7098165728378499,steady_state_heating
2024-11-06 02:25:00,,13.73253160161529,8.000000000000078,4.99999999999998,0.0,0.7139979928279703,defrost
2024-11-06 02:30:00,,13.555538296551795,8.000000000000352,4.999999999999989,0.0,0.7233205930666843,defrost
2024-11-06 02:35:00,,13.372728895069764,8.000000000001723,4.999999999999983,0.0,0.7332086126127093,defrost
2024-11-06 02:40:00,2.773881417439479,13.559612774806174,7.999999999999963,4.999999999999979,6738.222053205537,0.7231032451175691,steady_state_heating
2024-11-06 02:45:00,2.719229586154447,13.168097935473982,7.999999999999801,4.999999999999979,6847.430758197925,0.7446026030521816,steady_state_heating
2024-11-06 02:50:00,2.7239779664818604,13.201781434604763,7.999999999999833,5.000000000000028,6837.992426813656,0.7427027972375715,steady_state_heating
2024-11-06 02:55:00,2.724933999157633,13.208570815925219,7.999999999999842,5.000000000000021,6836.090869696735,0.742321038107951,steady_state_heating
2024-11-06 03:00:00,2.7691014466341417,13.52503208766584,7.9999999999998765,5.000000000000021,6747.820210047631,0.7249520693515898,steady_state_heating
2024-11-06 03:05:00,2.7270665831032384,13.223724798642928,7.999999999999853,5.0,6831.847645425124,0.741470360983784,steady_state_heating
2024-11-06 03:10:00,2.7183579650401977,13.161921741117478,7.99999999999984,4.999999999999979,6849.162134427684,0.7449520057066931,steady_state_heating
2024-11-06 03:15:00,2.7818964481576627,13.617744666705162,7.999999999999929,4.999999999999993,6722.110183122154,0.7200164373747464,steady_state_heating
2024-11-06 03:20:00,,13.300782224763008,8.000000000002956,5.0,0.0,0.7371746890002707,defrost
2024-11-06 03:25:00,,13.282156087587168,8.000000000003403,5.000000000000008,0.0,0.7382084606853294,defrost
2024-11-06 03:30:00,,13.127716494748311,8.000000000009432,5.000000000000005,0.0,0.746893033828271,defrost
2024-11-06 03:35:00,2.7049616680602764,13.067261998175189,7.999999999999759,5.000000000000014,6875.726408852768,0.7503484663710921,steady_state_heating
2024-11-06 03:40:00,2.6652516353731004,12.789556389943412,7.9999999999996785,5.0,6953.915978318101,0.7666411328941624,steady_state_heating
2024-11-06 03:45:00,2.7356114075216196,13.284571140544761,7.999999999999909,5.000000000000014,6814.825597764502,0.7380742589480322,steady_state_heating
2024-11-06 03:50:00,2.7222365424646386,13.189421043145751,7.999999999999854,5.000000000000007,6841.455057791982,0.743398816970471,steady_state_heating
2024-11-06 03:55:00,2.6972181533924826,13.012771168324917,7.999999999999757,4.999999999999986,6891.040660722242,0.7534905419582633,steady_state_heating
2024-11-06 04:00:00,2.695969878183844,13.004002510977028,7.999999999999773,5.0,6893.506458673851,0.7539986240177465,steady_state_heating
2024-11-06 04:05:00,2.714783621014353,13.136616450275582,7.9999999999997735,4.999999999999986,6856.258404543395,0.7463870196038423,steady_state_heating
2024-11-06 04:10:00,2.6531737962844613,12.705938436314305,7.999999999999593,5.000000000000021,6977.515725784069,0.7716864086147897,steady_state_heating
2024-11-06 04:15:00,2.6731049118651575,12.844137138132737,7.999999999999736,5.0,6938.523247045669,0.763383316025963,steady_state_heating
2024-11-06 04:20:00,2.654489131379686,12.715025864494361,7.999999999999613,5.000000000000021,6974.950028838466,0.7711348843874263,steady_state_heating
2024-11-06 04:25:00,2.718153448257306,13.160472867231002,7.9999999999998375,4.999999999999993,6849.568332009626,0.7450340195916526,steady_state_heating
2024-11-06 04:30:00,2.6917620917934166,12.974475854479344,7.999999999999691,4.999999999999979,6901.812310531048,0.7557145359837334,steady_state_heating
2024-11-06 04:35:00,2.6115380845934886,12.420656422058395,7.999999999999307,5.000000000000021,7058.1256231310535,0.7894107740221258,steady_state_heating
2024-11-06 04:40:00,2.626462487158051,12.522390354301804,7.999999999999455,4.999999999999986,7029.371076566571,0.7829974727334458,steady_state_heating
2024-11-06 04:45:00,2.6522996327631683,12.699901546711814,7.999999999999595,4.999999999999979,6979.220261709492,0.7720532292266988,steady_state_heating
2024-11-06 04:50:00,2.6449140992530573,12.64897915835267,7.999999999999595,4.999999999999979,6993.601627966346,0.7751613689335028,steady_state_heating
2024-11-06 04:55:00,2.618334242345664,12.466910824920063,7.999999999999357,5.0,7045.051983962615,0.786481923043905,steady_state_heating
2024-11-06 05:00:00,2.692275829509217,12.978078231348615,7.9999999999997,4.999999999999986,6900.798735864807,0.7555047692897997,steady_state_heating
2024-11-06 05:05:00,2.648675291761272,12.674893965940857,7.999999999999535,5.000000000000014,6986.2821399512595,0.7735764911601909,steady_state_heating
2024-11-06 05:10:00,2.6562592019093687,12.727262289435473,7.999999999999579,4.999999999999979,6971.495592007828,0.7703934889547183,steady_state_heating
2024-11-06 05:15:00,2.628568114582474,12.536790698512519,7.999999999999456,5.000000000000007,7025.301160036055,0.7820980852111813,steady_state_heating
2024-11-06 05:20:00,2.65999347685423,12.753104713599416,7.999999999999584,4.999999999999993,6964.201398127161,0.7688323918131351,steady_state_heating
2024-11-06 05:25:00,2.634690354290219,12.578727015374042,7.999999999999474,5.000000000000028,7013.4498817536905,0.779490642257844,steady_state_heating
2024-11-06 05:30:00,2.6277928369849683,12.531487231800044,7.999999999999494,5.000000000000021,7026.80004232789,0.7824290779404632,steady_state_heating
2024-11-06 05:35:00,2.647925945911658,12.66972792851612,7.9999999999995755,5.000000000000021,6987.741147369042,0.7738919142795176,steady_state_heating
2024-11-06 05:40:00,2.6027105044473333,12.360756178753729,7.999999999999266,4.999999999999986,7075.054516773412,0.7932362598376715,steady_state_heating
2024-11-06 05:45:00,2.6789601433286707,12.884939842546007,7.99999999999973,5.000000000000007,6927.023249249205,0.7609659121281989,steady_state_heating
2024-11-06 05:50:00,2.6449496704695745,12.649224069407609,7.999999999999568,4.999999999999993,6993.532448001302,0.7751463604564939,steady_state_heating
2024-11-06 05:55:00,2.6732296014630377,12.845005081478678,7.999999999999636,5.0,6938.278556595309,0.7633317338377639,steady_state_heating
2024-11-06 06:00:00,2.620795450170381,12.483691545377386,7.999999999999366,5.000000000000007,7040.308933963356,0.7854247250790747,steady_state_heating
2024-11-06 06:05:00,2.6166936123130515,12.455733691443253,7.9999999999993605,4.999999999999979,7048.211195142577,0.7871876713882997,steady_state_heating
2024-11-06 06:10:00,2.6049349834853417,12.37583144158949,7.999999999999336,5.000000000000021,7070.794270584965,0.7922700019208316,steady_state_heating
2024-11-06 06:15:00,2.639085970674732,12.608897378270866,7.999999999999522,4.999999999999986,7004.924952528373,0.7776254898304698,steady_state_heating
2024-11-06 06:20:00,2.6324959082927286,12.563684045939535,7.999999999999499,5.000000000000007,7017.700846857887,0.7804239555967567,steady_state_heating
2024-11-06 06:25:00,2.6258875050742696,12.518460092765276,7.999999999999471,5.0,7030.481895847513,0.7832433004812275,steady_state_heating
2024-11-06 06:30:00,2.612712002541029,12.42863743741322,7.999999999999355,5.0,7055.869860588421,0.7889038560642676,steady_state_heating
2024-11-06 06:35:00,2.600433283586612,12.345336798441199,7.999999999999236,5.000000000000014,7079.411735788803,0.7942270154377684,steady_state_heating
2024-11-06 06:40:00,2.624892762320816,12.511662632630063,7.9999999999994085,5.000000000000014,7032.403099311924,0.7836688286678101,steady_state_heating
2024-11-06 06:45:00,2.605864384443012,12.382133789271633,7.99999999999933,4.999999999999993,7069.013167807331,0.7918667466261293,steady_state_heating
2024-11-06 06:50:00,2.601325182836935,12.351374369267477,7.99999999999924,4.999999999999936,7077.7056706366575,0.7938387831881023,steady_state_heating
2024-11-06 06:55:00,2.6544643230015565,12.714854424780025,7.999999999999625,4.999999999999979,6974.998430318779,0.7711452819224568,steady_state_heating
2024-11-06 07:00:00,2.6161904452299933,12.45230717336517,7.999999999999343,4.999999999999979,7049.179697210237,0.7874042828763788,steady_state_heating
2024-11-06 07:05:00,2.654143440575564,12.712637096817968,7.999999999999606,5.0,6975.624441050382,0.7712797844637785,steady_state_heating
2024-11-06 07:10:00,2.618401679806276,12.467370407536603,7.999999999999369,5.000000000000028,7044.922083147305,0.7864529310906506,steady_state_heating
2024-11-06 07:15:00,2.638122844464085,12.60228235255946,7.99999999999952,5.000000000000021,7006.793984193279,0.7780336708619026,steady_state_heating
2024-11-06 07:20:00,2.625033361435348,12.51262324252067,7.999999999999469,5.000000000000014,7032.13159535269,0.783608665422007,steady_state_heating
2024-11-06 07:25:00,2.591892981200157,12.287628900262492,7.9999999999991385,4.999999999999993,7095.715679670827,0.7979570411497817,steady_state_heating
2024-11-06 07:30:00,,12.822540921311077,7.99999999995179,5.000000000000009,0.0,0.764669035581246,defrost
2024-11-06 07:35:00,,12.592675354330925,7.999999999999982,5.000000000000016,0.0,0.7786272356038966,defrost
2024-11-06 07:40:00,,12.784278120262938,7.999999999962647,4.999999999999949,0.0,0.7669576575042737,defrost
2024-11-06 07:45:00,2.6273769939101355,12.528643213104145,7.999999999999503,5.000000000000014,7027.6038362102045,0.7826066903832493,steady_state_heating
2024-11-06 07:50:00,2.652294472781261,12.699865918433742,7.9999999999996,5.000000000000021,6979.230321733197,0.77205539514934,steady_state_heating
2024-11-06 07:55:00,2.635172710152105,12.582035281203153,7.999999999999504,5.000000000000007,7012.515040436926,0.779285686366506,steady_state_heating
2024-11-06 08:00:00,2.69212869956842,12.97704646871716,7.999999999999741,5.000000000000007,6901.089029121797,0.7555648370094229,steady_state_heating
2024-11-06 08:05:00,2.6664987989973543,12.798213143573317,7.999999999999677,5.0,6951.473947524102,0.7661225743004303,steady_state_heating
2024-11-06 08:10:00,2.667850791143399,12.80760226151887,7.999999999999682,5.000000000000007,6948.825598326114,0.7655609379329056,steady_state_heating
2024-11-06 08:15:00,2.7020823174829096,13.046980862283581,7.999999999999759,5.000000000000007,6881.424448040435,0.751514860295722,steady_state_heating
2024-11-06 08:20:00,2.700128599673069,13.033232545239027,7.999999999999689,5.000000000000007,6885.288318112583,0.7523076079526967,steady_state_heating
2024-11-06 08:25:00,2.6981632341738018,13.019412842561463,7.999999999999779,5.000000000000043,6889.173240683284,0.7531061591308247,steady_state_heating
2024-11-06 08:30:00,2.6504753465188657,12.687309776253766,7.9999999999995755,5.000000000000007,6982.775867938207,0.7728194686592711,steady_state_heating
2024-11-06 08:35:00,2.671805773633673,12.835096555691475,7.999999999999659,4.999999999999986,6941.072130397238,0.7639210159001228,steady_state_heating
2024-11-06 08:40:00,2.6743483520768434,12.852794398043532,7.999999999999708,5.000000000000021,6936.0827186980205,0.7628691237364329,steady_state_heating
2024-11-06 08:45:00,2.7206351739154395,13.178062194296963,7.9999999999998,4.999999999999993,6844.637968434871,0.7440395906040929,steady_state_heating
2024-11-06 08:50:00,2.704298387542048,13.062588059616028,7.999999999999761,5.000000000000007,6877.039367767345,0.7506169493557634,steady_state_heating
2024-11-06 08:55:00,2.6678522268143654,12.807612234376018,7.999999999999671,4.999999999999993,6948.82278548045,0.7655603418163363,steady_state_heating
2024-11-06 09:00:00,2.7044099113637823,13.063373849751272,7.999999999999796,4.999999999999986,6876.818622688701,0.7505717981260007,steady_state_heating
2024-11-06 09:05:00,2.679193759231497,12.88656974366406,7.999999999999664,5.000000000000007,6926.564006746412,0.7608696647004002,steady_state_heating
2024-11-06 09:10:00,2.713434204810293,13.127072193502498,7.99999999999983,5.000000000000028,6858.935861277805,0.7469296927347727,steady_state_heating
2024-11-06 09:15:00,,12.867905164295856,8.000000000041176,4.999999999999978,0.0,0.7619732874007802,defrost
2024-11-06 09:20:00,,13.270217722346931,8.000000000003688,5.000000000000005,0.0,0.7388725795725617,defrost
2024-11-06 09:25:00,,13.272941665359008,8.000000000003652,4.999999999999988,0.0,0.7387209442493083,defrost
2024-11-06 09:30:00,2.773103555676341,13.55398087595767,7.99999999999987,5.000000000000014,6739.7845432376025,0.7234037062419292,steady_state_heating
2024-11-06 09:35:00,2.7492308943480457,13.381977058869357,7.999999999999875,4.999999999999993,6787.629916507215,0.7327018987453285,steady_state_heating
2024-11-06 09:40:00,2.720144660711497,13.17458430604812,7.999999999999807,4.999999999999986,6845.612683485297,0.7442360056475391,steady_state_heating
2024-11-06 09:45:00,2.760955337664142,13.466249571288753,7.9999999999998925,4.999999999999993,6764.158587643044,0.7281166109460151,steady_state_heating
2024-11-06 09:50:00,2.7145836903492664,13.135202046724203,7.99999999999983,4.999999999999986,6856.65515405299,0.7464673908419457,steady_state_heating
2024-11-06 09:55:00,2.731096442115478,13.252395338481566,7.99999999999982,5.000000000000007,6823.823818800268,0.7398662467854993,steady_state_heating
2024-11-06 10:00:00,2.7688798216643336,13.523430329051632,7.999999999999885,5.0,6748.26503524219,0.7250379350079886,steady_state_heating
2024-11-06 10:05:00,2.712858076574898,13.12299884430469,7.9999999999998375,5.000000000000007,6860.07872417771,0.7471615380241623,steady_state_heating
2024-11-06 10:10:00,,13.529304623026558,8.000000000000433,5.0000000000000195,0.0,0.7247231305082842,defrost
2024-11-06 10:15:00,,13.361103529162348,8.00000000000189,4.999999999999988,0.0,0.73384657027762,defrost
2024-11-06 10:20:00,,13.588803910753072,8.000000000000266,5.000000000000019,0.0,0.7215498924258616,defrost
2024-11-06 10:25:00,2.7517264294897887,13.399881727451598,7.999999999999902,4.999999999999986,6782.6385618470595,0.7317228763230819,steady_state_heating
2024-11-06 10:30:00,2.792547688564833,13.695283262996854,7.999999999999869,5.000000000000014,6700.666196361325,0.7159399197307613,steady_state_heating
2024-11-06 10:35:00,2.7897896398587707,13.675173813475045,7.999999999999928,5.000000000000014,6706.222409790361,0.7169927149546353,steady_state_heating
2024-11-06 10:40:00,2.8370476350848475,14.022815678859963,7.999999999999975,5.000000000000014,6610.720837767258,0.6992176339293611,steady_state_heating
2024-11-06 10:45:00,2.8002046770311835,13.75122755536458,7.999999999999958,5.000000000000021,6685.228602556363,0.7130272523324583,steady_state_heating
2024-11-06 10:50:00,2.7872941810208562,13.656997936635955,7.999999999999865,5.000000000000021,6711.247555406107,0.7179469489189375,steady_state_heating
2024-11-06 10:55:00,2.8074509614914245,13.804328423248485,7.999999999999964,5.0,6670.603083965046,0.7102844629143241,steady_state_heating
2024-11-06 11:00:00,2.78752152181016,13.658653045907268,7.9999999999999405,5.000000000000021,6710.789837824302,0.7178599505416099,steady_state_heating
2024-11-06 11:05:00,,14.05669191832654,8.000000000029313,5.000000000000017,0.0,0.6975325387345688,defrost
2024-11-06 11:10:00,,14.102713974688795,7.999999999982343,4.99999999999998,0.0,0.6952562476696161,defrost
2024-11-06 11:15:00,,14.511094255757989,8.000000000000018,4.999999999999981,0.0,0.6756899119519796,defrost
2024-11-06 11:20:00,2.825092076229653,13.934246401706172,7.999999999999939,5.0,6634.936829218062,0.7036620221384511,steady_state_heating
2024-11-06 11:25:00,2.8470994754442884,14.097611102846543,7.999999999999953,5.000000000000021,6590.335570483881,0.6955079075787671,steady_state_heating
2024-11-06 11:30:00,2.8366447340882432,14.01982398998651,7.999999999999935,5.000000000000078,6611.537459792514,0.6993668399120492,steady_state_heating
2024-11-06 11:35:00,2.8676669269310393,14.251598313195949,7.999999999999945,5.0000000000000355,6548.560353825485,0.6879930085400511,steady_state_heating
2024-11-06 11:40:00,2.8859689432014353,14.389702906939355,7.999999999999919,4.999999999999993,6511.323772202965,0.6813900233667509,steady_state_heating
2024-11-06 11:45:00,2.881304115022156,14.354405616865193,7.999999999999919,5.000000000000021,6520.819675545079,0.683065552256652,steady_state_heating
2024-11-06 11:50:00,2.9242818759587177,14.682147477742413,7.999999999999978,4.999999999999979,6433.226596718441,0.6678178389683133,steady_state_heating
2024-11-06 11:55:00,2.88124865656868,14.353986380884914,7.999999999999916,4.999999999999979,6520.932549178152,0.6830855025094109,steady_state_heating
2024-11-06 12:00:00,2.9343270043677028,14.759580669996792,7.999999999999977,4.999999999999986,6412.725731878171,0.6643142660503606,steady_state_heating
2024-11-06 12:05:00,2.9221844189140955,14.6660192095071,7.999999999999961,5.0,6437.506167329153,0.6685522403819025,steady_state_heating
2024-11-06 12:10:00,,14.52542218314157,7.999999999999979,5.000000000000021,0.0,0.6750234090531182,defrost
2024-11-06 12:15:00,,14.557334129810316,7.999999999999943,5.0,0.0,0.6735436524687203,defrost
2024-11-06 12:20:00,,15.205443025028137,7.9999999999998614,5.000000000000026,0.0,0.6448348781328499,defrost
2024-11-06 12:25:00,2.9036032229015865,14.523740631645621,8.000000000000009,5.000000000000007,6475.399409577847,0.6751015629290423,steady_state_heating
2024-11-06 12:30:00,2.9371344393319454,14.781278780718338,7.999999999999918,5.000000000000014,6406.994700806082,0.6633390889555707,steady_state_heating
2024-11-06 12:35:00,2.908823630803694,14.563605311737945,7.999999999999996,4.999999999999993,6464.75699244222,0.6732536202486473,steady_state_heating
2024-11-06 12:40:00,2.9900558157217896,15.195012303297629,8.000000000000014,5.000000000000028,6298.891121573775,0.6452775295135567,steady_state_heating
2024-11-06 12:45:00,2.968433042560936,15.024878376947612,7.999999999999984,5.000000000000007,6343.071683105129,0.6525843174240686,steady_state_heating
2024-11-06 12:50:00,2.933155149210813,14.750531000717807,8.000000000000025,4.999999999999979,6415.117757415316,0.6647218326935379,steady_state_heating
2024-11-06 12:55:00,2.9784467804749664,15.103480488829588,7.999999999999973,4.999999999999993,6322.612108433551,0.6491881131141732,steady_state_heating
2024-11-06 13:00:00,2.980934277328248,15.123056306409538,8.000000000000014,5.0,6317.529473857109,0.6483477811191103,steady_state_heating
2024-11-06 13:05:00,2.967636287759437,15.018638227031559,8.000000000000016,4.999999999999936,6344.69946497061,0.6528554621118905,steady_state_heating
2024-11-06 13:10:00,3.0220083259039545,15.449227838021285,8.0,4.999999999999972,6233.6059384237105,0.634659550807415,steady_state_heating
2024-11-06 13:15:00,3.013920987467485,15.38456545803525,7.999999999999986,5.000000000000064,6250.128037740061,0.6373270682714619,steady_state_heating
2024-11-06 13:20:00,3.0168037453865635,15.407589623342755,8.00000000000002,5.000000000000021,6244.2384573373065,0.6363746854436757,steady_state_heating
2024-11-06 13:25:00,3.023083351249543,15.457839612200559,7.999999999999989,5.000000000000021,6231.409865026872,0.6343059732785116,steady_state_heating
2024-11-06 13:30:00,3.0524551082594535,15.694630843183496,7.999999999999986,5.0,6171.4296778825765,0.6247359430093586,steady_state_heating
2024-11-06 13:35:00,,15.652628949073204,7.9999999999991935,5.0000000000000115,0.0,0.6264123446547656,defrost
2024-11-06 13:40:00,,15.664158282710433,7.999999999999229,4.999999999999973,0.0,0.6259512846484968,defrost
2024-11-06 13:45:00,,15.612248906631153,7.999999999999385,4.99999999999999,0.0,0.6280325184820371,defrost
2024-11-06 13:50:00,3.1269853044327083,16.30877157365798,7.999999999999995,5.000000000000028,6019.5496946480125,0.6012102110644,steady_state_heating
2024-11-06 13:55:00,3.0493839889082865,15.669735532780859,7.999999999999979,5.0,6177.698952870036,0.6257284929594437,steady_state_heating
2024-11-06 14:00:00,3.102752555271776,16.106963083692545,7.999999999999996,4.999999999999943,6068.866095268729,0.6087429361483451,steady_state_heating
2024-11-06 14:05:00,3.0850216433833304,15.960608616793921,7.999999999999984,4.999999999999979,6104.994494982875,0.61432494433095,steady_state_heating
2024-11-06 14:10:00,3.161914353823474,16.603348441649107,7.999999999999984,5.0,5948.610308576522,0.590543530087244,steady_state_heating
2024-11-06 14:15:00,3.082495391052508,15.939845493336836,7.999999999999977,4.999999999999986,6110.144648606436,0.6151251594062621,steady_state_heating
2024-11-06 14:20:00,3.095306127281237,16.045365142763927,8.000000000000007,4.999999999999993,6084.034733264026,0.6110798920909453,steady_state_heating
2024-11-06 14:25:00,3.0958879202809997,16.050170833846096,7.999999999999977,4.999999999999979,6082.8493766860975,0.6108969244940082,steady_state_heating
2024-11-06 14:30:00,3.1415557898961004,16.43111876734711,8.000000000000004,5.000000000000028,5989.935216172379,0.5967335601934222,steady_state_heating
2024-11-06 14:35:00,3.0971812901889395,16.0608584862694,7.99999999999992,4.999999999999986,6080.214372936205,0.6104904048798144,steady_state_heating
2024-11-06 14:40:00,3.14917067932767,16.4953637521374,8.00000000000002,5.000000000000043,5974.470466383147,0.5944094442130442,steady_state_heating
2024-11-06 14:45:00,3.0927967802600835,16.024651126423553,8.000000000000002,5.000000000000028,6089.147748972996,0.6118697950205122,steady_state_heating
2024-11-06 14:50:00,3.1796744201203424,16.754828157573698,7.999999999999991,4.999999999999979,5912.615963623875,0.5852044501911435,steady_state_heating
2024-11-06 14:55:00,3.1580178023288807,16.570268067880015,8.000000000000007,4.999999999999993,5956.51461415437,0.5917224730362759,steady_state_heating
2024-11-06 15:00:00,3.135700824074913,16.38186371880134,7.9999999999999964,5.0,6001.8317413769955,0.5985277480209334,steady_state_heating
2024-11-06 15:05:00,3.229063279707167,17.182231633365774,7.999999999999979,5.000000000000028,5812.82995408404,0.5706476439858901,steady_state_heating
2024-11-06 15:10:00,3.1594412917599004,16.582346594955276,7.999999999999991,5.000000000000007,5953.626721186903,0.5912914643204301,steady_state_heating
2024-11-06 15:15:00,3.2440429715060444,17.313685004304073,8.000000000000012,5.000000000000014,5782.664235379195,0.5663150275381891,steady_state_heating
2024-11-06 15:20:00,,16.932879201355686,7.999999999984652,4.999999999954186,0.0,0.6,defrost
2024-11-06 15:25:00,,17.754167922534656,7.99999999995417,4.999999999980854,0.0,0.6,defrost
2024-11-06 15:30:00,,17.419783328787027,7.99999999996929,4.999999999972783,0.0,0.6,defrost
2024-11-06 15:35:00,3.210679742410347,17.02207442969427,7.999999999999951,5.000000000000021,5849.915671395286,0.576016750514003,steady_state_heating
2024-11-06 15:40:00,3.2218094110684827,17.118883206202725,8.000000000000012,4.999999999999979,5827.455008166759,0.5727593255877419,steady_state_heating
2024-11-06 15:45:00,3.287104984700901,17.696406384176502,8.0,4.999999999999986,5696.233698937533,0.5540672940675279,steady_state_heating
2024-11-06 15:50:00,3.2550287235181785,17.41063754082593,8.00000000000001,5.000000000000007,5760.573192144803,0.5631614567248558,steady_state_heating
2024-11-06 15:55:00,3.258915800766433,17.44505389357567,8.0,4.999999999999986,5752.763361543442,0.5620504275776872,steady_state_heating
2024-11-06 16:00:00,3.3164941794932057,17.961805639033354,8.000000000000004,5.0,5637.5085035618795,0.545880531002543,steady_state_heating
2024-11-06 16:05:00,3.249791578216782,17.36436009972822,8.000000000000007,5.000000000000021,5771.101050144788,0.5646623281069516,steady_state_heating
2024-11-06 16:10:00,3.2859537139085835,17.68607978106747,7.999999999999987,5.000000000000021,5698.5386278506085,0.5543908045974116,steady_state_heating
2024-11-06 16:15:00,3.3283830352657673,18.07015358962848,7.999999999999963,5.0,5613.816562046955,0.5426074521927501,steady_state_heating
2024-11-06 16:20:00,3.3170853561922966,17.967179768595653,7.9999999999999964,5.000000000000043,5636.329523292822,0.5457172536970936,steady_state_heating
2024-11-06 16:25:00,3.2925049646709152,17.744912826994174,7.99999999999994,5.000000000000028,5685.426962864239,0.5525527285253438,steady_state_heating
2024-11-06 16:30:00,3.2921177019289978,17.741430311955128,8.00000000000001,4.999999999999922,5686.201730573051,0.5526611906477945,steady_state_heating
2024-11-06 16:35:00,3.2437905906139926,17.31146313149133,7.999999999999986,5.000000000000007,5783.172063786295,0.5663877123224613,steady_state_heating
2024-11-06 16:40:00,3.262741623850238,17.47898516585326,8.000000000000027,4.999999999999993,5745.080036554381,0.5609593410008102,steady_state_heating
2024-11-06 16:45:00,3.3183051258171243,17.978272618130315,7.999999999999972,5.000000000000007,5633.897236851106,0.5453805384012308,steady_state_heating
2024-11-06 16:50:00,3.2908022343683805,17.729605226053064,8.00000000000001,4.999999999999979,5688.833770480766,0.5530297981813984,steady_state_heating
2024-11-06 16:55:00,3.3054332604370136,17.86151488552898,8.000000000000021,4.999999999999972,5659.584186287604,0.5489455996783223,steady_state_heating
2024-11-06 17:00:00,3.3343493592850177,18.12474331312836,8.000000000000021,5.000000000000028,5601.941335861953,0.5409731785220868,steady_state_heating
2024-11-06 17:05:00,3.257708491564126,17.434358053006456,8.000000000000018,4.999999999999986,5755.188685800068,0.5623952410630441,steady_state_heating
2024-11-06 17:10:00,3.2930883634520516,17.75016024681939,8.000000000000014,4.999999999999986,5684.259871808081,0.5523893792314875,steady_state_heating
2024-11-06 17:15:00,3.317649965368595,17.972313700544383,7.999999999999988,5.000000000000007,5635.203613020509,0.5455613652961674,steady_state_heating
2024-11-06 17:20:00,3.286561247006421,17.69152854392361,8.0,5.000000000000014,5697.322260741247,0.5542200593722952,steady_state_heating
2024-11-06 17:25:00,3.3618366321174062,18.37812717551713,8.000000000000025,5.000000000000014,5547.358845371417,0.53351464522794,steady_state_heating
2024-11-06 17:30:00,3.3410504862321124,18.18622943876829,7.999999999999979,5.0,5588.615205405342,0.5391441933036605,steady_state_heating
2024-11-06 17:35:00,3.3275801257173354,18.062818313016134,7.9999999999999885,4.999999999999986,5615.415392301548,0.5428278040605926,steady_state_heating
2024-11-06 17:40:00,3.387789894574526,18.62025171598223,8.000000000000004,4.999999999999972,5496.02119401739,0.5265771993610655,steady_state_heating
2024-11-06 17:45:00,3.2664703523931786,17.512110110126738,7.999999999999974,4.999999999999993,5737.595015977841,0.5598982611655732,steady_state_heating
2024-11-06 17:50:00,3.318992669103211,17.98452793261001,7.999999999999972,4.999999999999979,5632.526412702668,0.5451908460839462,steady_state_heating
2024-11-06 17:55:00,3.323554079952413,18.026076344220034,8.000000000000007,4.999999999999993,5623.435064225813,0.5439342324290064,steady_state_heating
2024-11-06 18:00:00,3.280126229587814,17.63388900827621,8.00000000000001,4.999999999999993,5710.210716669324,0.5560316272489952,steady_state_heating
2024-11-06 18:05:00,3.313134017437725,17.93128662270201,7.999999999999997,4.999999999999986,5644.21141089446,0.5468096186464569,steady_state_heating
2024-11-06 18:10:00,3.2671978757021245,17.51857953554135,8.000000000000007,5.000000000000021,5736.1349751381895,0.5596914966825823,steady_state_heating
2024-11-06 18:15:00,3.3319446664885795,18.10272379551298,8.000000000000028,4.999999999999979,5606.726410899875,0.5416311993021897,steady_state_heating
2024-11-06 18:20:00,3.3593991168669564,18.35553156304649,7.999999999999983,5.000000000000028,5552.190492976899,0.5341714003935205,steady_state_heating
2024-11-06 18:25:00,3.322903161894828,18.020142192772227,8.000000000000007,5.0,5624.73206844439,0.5441133535523778,steady_state_heating
2024-11-06 18:30:00,3.245651014241287,17.327847399535962,7.9999999999999885,4.999999999999993,5779.428945979276,0.5658521669727182,steady_state_heating
2024-11-06 18:35:00,3.2860059140852487,17.68654788985932,7.999999999999994,5.000000000000007,5698.4341121167245,0.5543761315695617,steady_state_heating
2024-11-06 18:40:00,3.3470205874170147,18.241163056328784,8.000000000000068,4.999999999999993,5576.753300106678,0.5375205500724989,steady_state_heating
2024-11-06 18:45:00,3.321052612437517,18.003280866811533,7.99999999999998,5.0,5628.420050641658,0.5446229535903766,steady_state_heating
2024-11-06 18:50:00,3.2245133868059184,17.142473818789348,7.999999999999985,5.0,5822.002024083865,0.5719711229340215,steady_state_heating
2024-11-06 18:55:00,3.3628908139013753,18.387907021456833,8.000000000000021,4.999999999999986,5545.269771644251,0.5332308885703273,steady_state_heating
2024-11-06 19:00:00,3.321440527563364,18.006814216885783,7.999999999999982,5.000000000000014,5627.646894011045,0.5445160860717623,steady_state_heating
2024-11-06 19:05:00,3.2802671478199366,17.635149488538087,7.999999999999975,5.0,5709.9283674945245,0.5559918846377085,steady_state_heating
2024-11-06 19:10:00,3.3422580529116117,18.19732900388733,7.9999999999999964,4.999999999999986,5586.215108909771,0.5388153392129937,steady_state_heating
2024-11-06 19:15:00,3.2693598415313647,17.537816785759702,8.000000000000014,5.000000000000028,5731.796945803314,0.5590775704739613,steady_state_heating
2024-11-06 19:20:00,3.2664797010520954,17.51219322900756,8.000000000000002,5.000000000000028,5737.576253687119,0.5598956036962174,steady_state_heating
2024-11-06 19:25:00,3.302822958531686,17.83791850075214,8.000000000000027,4.999999999999979,5664.798548231844,0.5496717568020367,steady_state_heating
2024-11-06 19:30:00,3.3493920324818416,18.26302447222524,8.000000000000007,5.000000000000007,5572.044274751553,0.5368771210328075,steady_state_heating
2024-11-06 19:35:00,3.329673026468309,18.08194426755397,7.9999999999999725,5.000000000000021,5611.2481740963085,0.5422536346157196,steady_state_heating
2024-11-06 19:40:00,3.2858705095775487,17.68533366257589,7.999999999999998,4.999999999999986,5698.705221823476,0.5544141935387094,steady_state_heating
2024-11-06 19:45:00,3.287319000894844,17.69832663202024,8.000000000000018,4.999999999999993,5695.805259134788,0.5540071784108983,steady_state_heating
2024-11-06 19:50:00,3.2901610331860747,17.723843786011305,8.000000000000009,4.999999999999993,5690.116869032493,0.5532095700222023,steady_state_heating
2024-11-06 19:55:00,,17.037311127623102,7.9999999999819735,4.99999999995908,0.0,0.6,defrost
2024-11-06 20:00:00,,17.496895072296503,7.9999999999661355,4.999999999974914,0.0,0.6,defrost
2024-11-06 20:05:00,,16.983528268042058,7.9999999999834195,4.999999999956666,0.0,0.6,defrost
2024-11-06 20:10:00,3.2340663123226756,17.226040033965948,7.9999999999999165,4.999999999999993,5802.749524545128,0.5691964015331857,steady_state_heating
2024-11-06 20:15:00,3.2169986177904386,17.07698028403734,7.999999999999999,5.000000000000028,5837.160490170225,0.574164743234212,steady_state_heating
2024-11-06 20:20:00,3.2328382158752595,17.215277528315028,8.000000000000009,5.000000000000007,5805.223470954411,0.5695522470592245,steady_state_heating
2024-11-06 20:25:00,3.2176392785316468,17.082555510037828,8.000000000000002,4.999999999999986,5835.867719241691,0.5739773533437964,steady_state_heating
2024-11-06 20:30:00,3.103536084451626,16.113455848980088,8.000000000000002,4.999999999999986,6067.270387081791,0.6084976489149976,steady_state_heating
2024-11-06 20:35:00,3.2062214201719463,16.983425648538493,7.999999999999985,5.000000000000014,5858.9200282806,0.5773275782464874,steady_state_heating
2024-11-06 20:40:00,3.2150251588095276,17.05981637773107,7.99999999999999,5.000000000000007,5841.143207307737,0.5747424112254164,steady_state_heating
2024-11-06 20:45:00,3.2069576986522628,16.989803234053483,7.999999999999974,5.000000000000021,5857.432711913394,0.5771108626112501,steady_state_heating
2024-11-06 20:50:00,3.1790344004332116,16.7493491666896,8.000000000000004,4.999999999999972,5913.9121331171455,0.5853958803067862,steady_state_heating
2024-11-06 20:55:00,3.222619402873566,17.125947004639034,8.000000000000002,4.999999999999986,5825.821373606704,0.5725230842617957,steady_state_heating
2024-11-06 21:00:00,,16.614911640792158,7.999999999991104,5.00000000003544,0.0,0.6,defrost
2024-11-06 21:05:00,,16.568133353928538,7.9999999999919424,5.000000000032044,0.0,0.6,defrost
2024-11-06 21:10:00,,16.62152593626505,7.999999999991012,5.000000000035932,0.0,0.6,defrost
2024-11-06 21:15:00,3.136893557493022,16.391887640826873,7.999999999999979,5.000000000000021,5999.407854350352,0.5981617379793976,steady_state_heating
2024-11-06 21:20:00,3.086952091265417,15.97648978110228,7.999999999999976,5.000000000000014,6101.059409059103,0.6137142848235545,steady_state_heating
2024-11-06 21:25:00,3.0443079445529513,15.62865788836425,8.000000000000021,5.000000000000014,6188.062328730416,0.6273731289044304,steady_state_heating
2024-11-06 21:30:00,3.089502733810402,15.997492939639907,8.000000000000014,4.999999999999979,6095.860681015959,0.6129085374186574,steady_state_heating
2024-11-06 21:35:00,3.122879588775248,16.274433135803275,7.999999999999981,4.999999999999929,6027.899943282948,0.602478741851186,steady_state_heating
2024-11-06 21:40:00,3.073998149706337,15.870169188928367,8.000000000000004,4.999999999999979,6127.472055554459,0.6178258015573228,steady_state_heating
2024-11-06 21:45:00,3.100438408538995,16.087799329468403,8.000000000000009,5.000000000000014,6073.579421058065,0.6094680695102869,steady_state_heating
2024-11-06 21:50:00,3.0729654003598736,15.861717757326804,7.999999999999998,4.999999999999986,6129.57846870537,0.6181549911560429,steady_state_heating
2024-11-06 21:55:00,3.0890001115858814,15.993352328403917,8.000000000000016,5.000000000000007,6096.885074206388,0.613067216845244,steady_state_heating
2024-11-06 22:00:00,3.0332660588446094,15.539602519176738,7.999999999999995,5.000000000000021,6210.610782567361,0.6309685198125295,steady_state_heating
2024-11-06 22:05:00,3.05888008543889,15.746817184567044,8.000000000000002,4.999999999999986,6158.316052706627,0.6226655129780492,steady_state_heating
2024-11-06 22:10:00,3.049887958950383,15.673818651753754,8.000000000000021,4.999999999999972,6176.6701236879135,0.62556548712543,steady_state_heating
2024-11-06 22:15:00,,15.872582829895784,7.999999999998469,5.000000000000052,0.0,0.6177318527853211,defrost
2024-11-06 22:20:00,,15.06858009446703,7.999999999999954,4.999999999999989,0.0,0.6506917001158092,defrost
2024-11-06 22:25:00,,15.294144537311317,7.999999999999755,5.000000000000018,0.0,0.6410950266672261,defrost
2024-11-06 22:30:00,3.03123832727728,15.523292980427629,8.000000000000009,5.0,6214.752249578429,0.6316314465212066,steady_state_heating
2024-11-06 22:35:00,3.0328329483612007,15.536117746926006,7.999999999999956,4.999999999999993,6211.495357384979,0.6311100469060247,steady_state_heating
2024-11-06 22:40:00,2.9885500249406727,15.183115045520456,7.999999999999976,4.999999999999979,6301.9679926560575,0.6457831591609277,steady_state_heating
2024-11-06 22:45:00,2.964264734487656,14.992255009246861,7.999999999999993,4.999999999999986,6351.587379505667,0.6540043505098142,steady_state_heating
2024-11-06 22:50:00,2.9822073633909434,15.133082873188648,7.999999999999991,5.000000000000014,6314.928178695923,0.6479182121821038,steady_state_heating
2024-11-06 22:55:00,2.9780126476702122,15.100066059648016,7.999999999999998,5.000000000000021,6323.499150307382,0.649334907626792,steady_state_heating
2024-11-06 23:00:00,2.931344632681395,14.736557780796183,7.9999999999999964,5.000000000000028,6418.813231385646,0.6653521226495174,steady_state_heating
2024-11-06 23:05:00,2.940680395419918,14.808720426497882,8.0,5.000000000000014,6399.755279506719,0.6621098729405067,steady_state_heating
2024-11-06 23:10:00,2.960208968569102,14.960566118860283,8.000000000000007,5.000000000000021,6359.8725842275235,0.6553896371367365,steady_state_heating
2024-11-06 23:15:00,2.966254887902389,15.007824012031026,7.999999999999956,5.000000000000021,6347.521639789998,0.653325891357722,steady_state_heating
2024-11-06 23:20:00,,14.724935427298156,8.000000000000025,4.999999999999973,0.0,0.6658772833613086,defrost
2024-11-06 23:25:00,,14.461235740221426,7.999999999999975,5.000000000000024,0.0,0.6780195120344453,defrost
2024-11-06 23:30:00,,14.356975012205208,8.0,5.0,0.0,0.6829433074630648,defrost
2024-11-06 23:35:00,2.8997458087740204,14.49433849882598,7.999999999999984,4.999999999999993,6483.261135742937,0.6764710235513125,steady_state_heating
2024-11-06 23:40:00,2.8782142306723095,14.331062088666227,7.999999999999999,5.0,6527.107738205963,0.6841781815846237,steady_state_heating
2024-11-06 23:45:00,2.8791987271594754,14.338496618386433,7.999999999999951,5.000000000000021,6525.104402233882,0.6838234342801967,steady_state_heating
2024-11-06 23:50:00,2.8329673856961888,13.992540641917586,7.99999999999992,4.999999999999986,6618.989188561498,0.7007304999799021,steady_state_heating
2024-11-06 23:55:00,2.88725233579762,14.399425635602277,7.999999999999947,5.0,6508.710685796347,0.6809299376328831,steady_state_heating
2024-11-07 00:00:00,2.813384476632039,13.847923682501929,7.999999999999949,5.000000000000007,6658.616151463533,0.7080483850723034,steady_state_heating
2024-11-07 00:05:00,2.8247937988110747,13.93204211684593,7.999999999999954,4.999999999999993,6635.540548741619,0.7037733533797087,steady_state_heating
2024-11-07 00:10:00,2.830910834902044,13.977299998755472,7.9999999999999245,4.999999999999972,6623.155178497114,0.7014945662519254,steady_state_heating
2024-11-07 00:15:00,2.8746176570835256,14.303927318822735,8.000000000000007,5.000000000000007,6534.425034254073,0.6854760781046099,steady_state_heating
2024-11-07 00:20:00,2.800725117918228,13.755036246046787,7.999999999999874,5.000000000000007,6684.178680294163,0.7128298191739024,steady_state_heating
2024-11-07 00:25:00,2.7805877339458944,13.608240122550468,7.999999999999902,4.999999999999993,6724.742452320667,0.7205193259157696,steady_state_heating
2024-11-07 00:30:00,2.7739578967348386,13.560166596266189,7.999999999999886,5.0,6738.0684179486625,0.7230737122875629,steady_state_heating
2024-11-07 00:35:00,,13.961461634359845,8.000000000000025,5.000000000000033,0.0,0.7022903659219605,defrost
2024-11-07 00:40:00,,13.036646233718491,8.000000000016325,4.999999999999988,0.0,0.7521106137435838,defrost
2024-11-07 00:45:00,,13.301290015133397,8.000000000002931,5.000000000000025,0.0,0.7371465466014558,defrost
2024-11-07 00:50:00,2.8242523170541687,13.928041212051303,7.999999999999971,4.999999999999979,6636.636462074628,0.7039755160629596,steady_state_heating
2024-11-07 00:55:00,2.7612973461355423,13.468713707408451,7.999999999999881,5.000000000000021,6763.473125280241,0.7279834001228174,steady_state_heating
2024-11-07 01:00:00,2.7098493753344384,13.101741603581814,7.999999999999856,5.000000000000014,6866.04445067644,0.7483737885136929,steady_state_heating
2024-11-07 01:05:00,2.735723520336249,13.28537083685154,7.9999999999998535,4.999999999999979,6814.602046921147,0.7380298314897205,steady_state_heating
2024-11-07 01:10:00,2.7336965016192174,13.270917632809718,7.999999999999822,5.000000000000021,6818.643045333427,0.7388336113065067,steady_state_heating
2024-11-07 01:15:00,2.740969504540741,13.322829693084774,7.999999999999821,4.999999999999993,6804.135656153171,0.73595476530705,steady_state_heating
2024-11-07 01:20:00,2.7622716060964554,13.475734976743219,7.999999999999889,5.000000000000014,6761.520248124259,0.7276040985461444,steady_state_heating
2024-11-07 01:25:00,2.7155373898339796,13.141949961327542,7.999999999999809,4.999999999999993,6854.762426819449,0.7460841069135794,steady_state_heating
2024-11-07 01:30:00,2.683775736259362,12.918567436349713,7.999999999999737,4.999999999999972,6917.550523144997,0.7589850847092457,steady_state_heating
2024-11-07 01:35:00,2.7112098897585315,13.111350884584096,7.999999999999788,4.999999999999972,6863.347336097741,0.7478253069657678,steady_state_heating
2024-11-07 01:40:00,2.666542862359172,12.79851907073367,7.999999999999654,5.000000000000014,6951.387651330861,0.7661042614235783,steady_state_heating
2024-11-07 01:45:00,2.6558922744177806,12.724725045600259,7.9999999999995755,4.999999999999972,6972.211843479279,0.7705471014000588,steady_state_heating
2024-11-07 01:50:00,2.629606622179607,12.543897333945361,7.999999999999474,5.0,7023.29269509718,0.781654994374551,steady_state_heating
2024-11-07 01:55:00,2.6258478585092893,12.518189122705447,7.99999999999946,5.000000000000021,7030.5584811079025,0.7832602546494314,steady_state_heating
2024-11-07 02:00:00,2.633121443452876,12.567970804395813,7.999999999999556,4.999999999999993,7016.489433836495,0.7801577639383572,steady_state_heating
2024-11-07 02:05:00,2.6185896812105294,12.468651689781593,7.999999999999435,4.999999999999986,7044.559929354246,0.7863721149605508,steady_state_heating
2024-11-07 02:10:00,2.6522925226043585,12.69985245300851,7.999999999999588,4.999999999999979,6979.234123840191,0.7720562137457956,steady_state_heating
2024-11-07 02:15:00,2.6135841968234765,12.4345694806707,7.999999999999364,5.000000000000021,7054.193205245687,0.7885275011122572,steady_state_heating
2024-11-07 02:20:00,2.5703242371834856,12.142722346728416,7.999999999998899,5.000000000000007,7136.62016516314,0.8074795519508643,steady_state_heating
2024-11-07 02:25:00,2.6217208283327187,12.49000496179654,7.999999999999426,5.000000000000021,7038.52446741208,0.7850277105566232,steady_state_heating
2024-11-07 02:30:00,2.62572754908529,12.517366876242589,7.999999999999433,5.000000000000014,7030.790875897538,0.7833117058036748,steady_state_heating
2024-11-07 02:35:00,2.6176448588134056,12.462213397290139,7.999999999999387,4.999999999999986,7046.3797099231315,0.7867783745487823,steady_state_heating
2024-11-07 02:40:00,2.6579256985068476,12.738790380794304,7.999999999999634,5.000000000000007,6968.241485000216,0.7696963139280919,steady_state_heating
2024-11-07 02:45:00,2.599832050859532,12.341268013050767,7.99999999999927,5.000000000000007,7080.5614443508875,0.794488863675216,steady_state_heating
2024-11-07 02:50:00,2.6271168721196765,12.526864429292758,7.999999999999432,4.999999999999972,7028.10656978076,0.782717818600482,steady_state_heating
2024-11-07 02:55:00,2.5973788173409575,12.324675700270399,7.99999999999922,5.000000000000021,7085.24965367063,0.7955584583685943,steady_state_heating
2024-11-07 03:00:00,2.5881940499657987,12.262693243880678,7.999999999999169,4.999999999999986,7102.758670456622,0.7995796522833902,steady_state_heating
2024-11-07 03:05:00,2.565251364304948,12.108813831754285,7.999999999998842,5.000000000000014,7146.18158628361,0.809740750517385,steady_state_heating
2024-11-07 03:10:00,2.573776236805263,12.16583399853657,7.9999999999989555,5.0,7130.100613572861,0.8059455686457215,steady_state_heating
2024-11-07 03:15:00,2.5568538503733333,12.052826209742221,7.9999999999987335,5.000000000000007,7161.957596357402,0.8135021470793868,steady_state_heating
2024-11-07 03:20:00,2.570213115687664,12.141978876928583,7.999999999998922,5.0,7136.8298564587485,0.8075289950166885,steady_state_heating
2024-11-07 03:25:00,2.567557754076279,12.124222268567033,7.999999999998872,4.999999999999993,7141.837350065158,0.8087116668440004,steady_state_heating
2024-11-07 03:30:00,2.5462150499061216,11.982151732784223,7.999999999998575,4.999999999999986,7181.848721312654,0.8183004370719706,steady_state_heating
2024-11-07 03:35:00,2.586060268912922,12.248324791263032,7.999999999999087,5.0,7106.8163407436,0.800517635439754,steady_state_heating
2024-11-07 03:40:00,2.564722016970221,12.105279298368792,7.999999999998886,4.999999999999979,7147.177964491124,0.8099771808917478,steady_state_heating
2024-11-07 03:45:00,2.548022782030364,11.994140526258574,7.9999999999985825,4.999999999999986,7178.476534687227,0.8174825014376039,steady_state_heating
2024-11-07 03:50:00,2.561922182221902,12.086596214795991,7.999999999998826,5.0,7152.443762212932,0.8112292183631528,steady_state_heating
2024-11-07 03:55:00,2.5545847937866153,12.037728694916199,7.999999999998691,5.0,7166.2090734010235,0.8145224276520594,steady_state_heating
2024-11-07 04:00:00,2.529217312018926,11.869824495405512,7.999999999998224,4.999999999999943,7213.397401638285,0.8260442270056524,steady_state_heating
2024-11-07 04:05:00,2.5475485391538313,11.9909945740924,7.999999999998568,4.999999999999993,7179.361506780166,0.8176969757941988,steady_state_heating
2024-11-07 04:10:00,2.525372524938506,11.844516836515604,7.9999999999981455,5.0,7220.492468615673,0.8278091994239931,steady_state_heating
2024-11-07 04:15:00,2.5211702629735355,11.814898813412817,7.99999999999805,5.000000000000043,7226.144435760712,0.8295807567544046,steady_state_heating
2024-11-07 04:20:00,2.5170416729695066,11.7210217240137,7.999999999997611,4.999999999999979,7163.500387737054,0.8259770772639116,steady_state_heating
2024-11-07 04:25:00,2.531737010620199,11.88642996068715,7.999999999998284,5.000000000000021,7208.739256537861,0.824890234698626,steady_state_heating
2024-11-07 04:30:00,2.5407175246135973,11.945742890203016,7.999999999998449,5.000000000000028,7192.084203159466,0.8207944947518765,steady_state_heating
2024-11-07 04:35:00,2.517315516015751,11.727210101763758,7.9999999999977405,5.0,7167.652306648991,0.8262164081003169,steady_state_heating
2024-11-07 04:40:00,2.5786839621704924,12.198744380477136,7.999999999999062,4.999999999999993,7120.813677930715,0.8037712484320868,steady_state_heating
2024-11-07 04:45:00,2.5446200434450894,11.971580553202973,7.999999999998536,4.999999999999993,7184.821430486748,0.8190230150835583,steady_state_heating
2024-11-07 04:50:00,2.5560754782578585,12.047645724433528,7.999999999998696,5.000000000000014,7163.416561130541,0.8138519528437598,steady_state_heating
2024-11-07 04:55:00,2.537194113119465,11.922448021744055,7.999999999998424,5.000000000000014,7198.628385510008,0.8223982173893921,steady_state_heating
2024-11-07 05:00:00,2.560065589417057,12.074218285766126,7.999999999998737,5.0,7155.93157200827,0.8120608529629431,steady_state_heating
2024-11-07 05:05:00,2.5164729903056564,11.708187756188451,7.999999999997614,4.999999999999993,7154.879650919174,0.8254799268373216,steady_state_heating
2024-11-07 05:10:00,2.503434205665843,11.42018694833004,7.999999999995847,4.999999999999957,6957.766267472017,0.8140297331338128,steady_state_heating
2024-11-07 05:15:00,2.5161367141911706,11.700609664386935,7.999999999997577,5.000000000000007,7149.782914656432,0.825185861583774,steady_state_heating
2024-11-07 05:20:00,2.5249905421699355,11.842004508429651,7.999999999998115,5.000000000000021,7221.196520731236,0.8279848224192433,steady_state_heating
2024-11-07 05:25:00,2.5192432337846355,11.770926867739085,7.999999999997886,5.000000000000021,7196.892486203795,0.827899952904582,steady_state_heating
2024-11-07 05:30:00,2.5178682753494117,11.739718013431109,7.999999999997801,5.0,7176.034438316385,0.8266993717599083,steady_state_heating
2024-11-07 05:35:00,2.5302058204509263,11.876337134401002,7.999999999998209,5.000000000000007,7211.570739142807,0.825591248298168,steady_state_heating
2024-11-07 05:40:00,2.517516501257412,11.731755465903827,7.999999999997705,5.000000000000021,7170.699866610489,0.8263920357917581,steady_state_heating
2024-11-07 05:45:00,2.5198417411009473,11.784554811719076,7.999999999997911,4.999999999999979,7205.975346417133,0.828422215012032,steady_state_heating
2024-11-07 05:50:00,2.5084271898442987,11.529074641835228,7.99999999999665,5.000000000000028,7033.123317803273,0.8184260921807273,steady_state_heating
2024-11-07 05:55:00,2.506980749536369,11.49735470607596,7.999999999996396,5.000000000000007,7011.2767584097455,0.8171539901744781,steady_state_heating
2024-11-07 06:00:00,2.5298326974190917,11.873878583291466,7.999999999998245,4.999999999999986,7212.260351637715,0.8257621914542121,steady_state_heating
2024-11-07 06:05:00,2.514841877073477,11.671505820153888,7.999999999997401,4.999999999999979,7130.164232134046,0.824052947451341,steady_state_heating
2024-11-07 06:10:00,2.510136717992649,11.566750826821464,7.9999999999968505,4.999999999999979,7058.960204350846,0.8199279994145157,steady_state_heating
2024-11-07 06:15:00,2.509852570190612,11.560474422212266,7.999999999996849,5.000000000000028,7054.664495490227,0.8196784790967171,steady_state_heating
2024-11-07 06:20:00,2.509941471202344,11.562437508804162,7.999999999996888,4.999999999999986,7056.008435644975,0.8197565512972491,steady_state_heating
2024-11-07 06:25:00,2.507802148863607,11.515349996809558,7.999999999996508,4.999999999999979,7023.681307414559,0.8178765366958372,steady_state_heating
2024-11-07 06:30:00,2.504998437659707,11.45411674639021,7.999999999996124,5.000000000000028,6981.357775819645,0.8154086194937653,steady_state_heating
2024-11-07 06:35:00,2.5039428992771713,11.43120282452186,7.999999999995973,4.999999999999972,6965.436616536432,0.8144783090178722,steady_state_heating
2024-11-07 06:40:00,2.5123544701730576,11.615931910784097,7.999999999997183,5.000000000000014,7092.504967049029,0.8218738732484925,steady_state_heating
2024-11-07 06:45:00,2.511244252185235,11.591268475266446,7.999999999997069,5.000000000000021,7075.708509923721,0.8209001163022918,steady_state_heating
2024-11-07 06:50:00,2.52016368464153,11.791896258992027,7.99999999999795,4.999999999999993,7210.861999556735,0.8287030601262109,steady_state_heating
2024-11-07 06:55:00,2.5135144684916715,11.641794095445025,7.999999999997282,5.000000000000014,7110.062611610909,0.8228905274417855,steady_state_heating
2024-11-07 07:00:00,2.5141023297050187,11.654936877834759,7.999999999997339,5.000000000000021,7118.963568803054,0.8234054471292959,steady_state_heating
2024-11-07 07:05:00,2.508377936740087,11.52799216199793,7.999999999996623,5.000000000000014,7032.37920121641,0.8183827955888666,steady_state_heating
2024-11-07 07:10:00,2.5129472394432772,11.629135821724596,7.999999999997192,4.999999999999993,7101.476049350977,0.8223934899542559,steady_state_heating
2024-11-07 07:15:00,2.516045933277462,11.698565279750893,7.999999999997559,5.000000000000007,7148.407119700186,0.8251064646860333,steady_state_heating
2024-11-07 07:20:00,2.51956631870518,11.778280226145213,7.999999999997911,4.999999999999993,7201.795310256502,0.8281819049239584,steady_state_heating
2024-11-07 07:25:00,2.516168676782595,11.701329602282367,7.999999999997554,4.999999999999993,7150.267323182289,0.8252138149007656,steady_state_heating
2024-11-07 07:30:00,2.5330898627106566,11.895352141285663,7.999999999998284,4.999999999999979,7206.23554451326,0.8242715208042819,steady_state_heating
2024-11-07 07:35:00,2.5184709205558766,11.75337996667761,7.999999999997794,5.0,7185.175139417857,0.8272257214510874,steady_state_heating
2024-11-07 07:40:00,2.5235601134688332,11.832599698222687,7.999999999998108,5.0,7223.831645558293,0.828642922947251,steady_state_heating
2024-11-07 07:45:00,2.515584370293438,11.688180035369994,7.999999999997524,4.999999999999972,7141.412851884391,0.824702708448519,steady_state_heating
2024-11-07 07:50:00,2.5095054706492146,11.552815141555692,7.99999999999681,4.999999999999993,7049.41776715852,0.819373614831332,steady_state_heating
2024-11-07 07:55:00,2.5306024828969886,11.878951170122162,7.999999999998222,5.000000000000021,7210.837462325909,0.8254095719040799,steady_state_heating
2024-11-07 08:00:00,2.540634968541064,11.945196718647995,7.999999999998524,5.000000000000014,7192.23768048372,0.820832024029636,steady_state_heating
2024-11-07 08:05:00,2.543170236386818,11.961977255702006,7.999999999998542,5.000000000000028,7187.521351305148,0.8196805419711167,steady_state_heating
2024-11-07 08:10:00,2.546445167003855,11.983677401593338,7.99999999999857,4.999999999999993,7181.419632510039,0.8181962574106292,steady_state_heating
2024-11-07 08:15:00,2.5387879758941576,11.932981917319086,7.999999999998412,4.999999999999986,7195.66958155932,0.8216722415182232,steady_state_heating
2024-11-07 08:20:00,2.529255377108921,11.870075236433626,7.999999999998311,4.999999999999986,7213.327080053121,0.8260267778172832,steady_state_heating
2024-11-07 08:25:00,2.5622553983293317,12.088818696774947,7.999999999998796,4.999999999999972,7151.817442616976,0.8110800770480394,steady_state_heating
2024-11-07 08:30:00,2.5662440741206396,12.115444228790903,7.999999999998888,5.000000000000007,7144.3123438287985,0.8092976051756798,steady_state_heating
2024-11-07 08:35:00,2.548569560958263,11.997768358788038,7.999999999998565,5.000000000000007,7177.455933773159,0.8172353146673406,steady_state_heating
2024-11-07 08:40:00,2.5860918014510057,12.248537039721066,7.999999999999076,5.000000000000007,7106.756405195723,0.8005037636905651,steady_state_heating
2024-11-07 08:45:00,2.5473276083811074,11.989529194256626,7.999999999998606,5.000000000000021,7179.773705126296,0.8177969160537932,steady_state_heating
2024-11-07 08:50:00,2.560528924072346,12.077306525368803,7.9999999999987335,5.000000000000014,7155.061446864658,0.8118532041398685,steady_state_heating
2024-11-07 08:55:00,2.616027144842507,12.451195256313934,7.999999999999371,5.000000000000057,7049.493979203169,0.7874745996797327,steady_state_heating
2024-11-07 09:00:00,2.6039240179304968,12.368978548103087,7.999999999999265,4.999999999999972,7072.730918066208,0.7927089502070239,steady_state_heating
2024-11-07 09:05:00,2.579788677005586,12.206160915699256,7.999999999998984,5.000000000000021,7118.720327573289,0.8032828722902591,steady_state_heating
2024-11-07 09:10:00,2.605097401355765,12.376932649095098,7.999999999999343,4.999999999999979,7070.483061732096,0.792199511622684,steady_state_heating
2024-11-07 09:15:00,2.603674709040108,12.367289000519404,7.999999999999295,4.999999999999972,7073.208381517508,0.7928172455247238,steady_state_heating
2024-11-07 09:20:00,2.5412586848210026,11.949323502141574,7.999999999998456,4.999999999999993,7191.07798134452,0.8205485438772109,steady_state_heating
2024-11-07 09:25:00,2.5875867413583165,12.258602556383062,7.999999999999117,5.000000000000007,7103.913937002471,0.799846471480105,steady_state_heating
2024-11-07 09:30:00,2.615982018625029,12.450888002904891,7.9999999999993925,5.0,7049.580823973066,0.7874940323704146,steady_state_heating
2024-11-07 09:35:00,2.6086120639541135,12.400779189138351,7.9999999999993285,5.000000000000021,7063.743599907157,0.7906761220769128,steady_state_heating
2024-11-07 09:40:00,2.623154891044174,12.499793334167753,7.99999999999941,5.0,7035.7578390759545,0.7844129689087241,steady_state_heating
2024-11-07 09:45:00,2.6416566781195687,12.626565779780135,7.999999999999552,4.999999999999979,6999.933194671318,0.77653735552556,steady_state_heating
2024-11-07 09:50:00,2.6136251420776957,12.43484800992785,7.99999999999935,4.999999999999979,7054.114480375084,0.7885098388152233,steady_state_heating
2024-11-07 09:55:00,2.598162412788963,12.3299738108923,7.999999999999188,4.999999999999979,7083.752701113487,0.7952166120043392,steady_state_heating
2024-11-07 10:00:00,2.6347130699662533,12.578882798353252,7.999999999999504,5.000000000000028,7013.405860697528,0.7794809886680558,steady_state_heating
2024-11-07 10:05:00,2.628069630660262,12.533380521504691,7.999999999999488,5.000000000000014,7026.264952481709,0.7823108843760584,steady_state_heating
2024-11-07 10:10:00,2.635701884050491,12.585665359421442,7.999999999999485,5.000000000000014,7011.4892778387475,0.7790609173205232,steady_state_heating
2024-11-07 10:15:00,2.639642153515087,12.612718521105792,7.999999999999549,4.999999999999972,7003.845343882658,0.7773899008046972,steady_state_heating
2024-11-07 10:20:00,,13.075394911111927,8.000000000012989,4.999999999999972,0.0,0.7498817486321088,defrost
2024-11-07 10:25:00,,12.397427529799192,7.999999999999975,5.000000000000024,0.0,0.7908898823108367,defrost
2024-11-07 10:30:00,,12.752777440174537,7.999999999973067,4.999999999999991,0.0,0.7688521222923342,defrost
2024-11-07 10:35:00,2.6730359062575064,12.843656819762035,7.999999999999632,4.999999999999979,6938.658659516476,0.7634118645177002,steady_state_heating
2024-11-07 10:40:00,2.6603169583102426,12.755345073135036,7.999999999999611,4.999999999999993,6963.569130274288,0.7686973534452646,steady_state_heating
2024-11-07 10:45:00,2.712371917815283,13.119562313055546,7.999999999999842,5.000000000000007,6861.042990110819,0.7473572491242971,steady_state_heating
2024-11-07 10:50:00,2.718845713950985,13.165377606767503,7.999999999999835,5.000000000000021,6848.193320653966,0.7447564584064686,steady_state_heating
2024-11-07 10:55:00,2.6987596283923807,13.023605339215619,7.999999999999849,4.999999999999972,6887.994564239334,0.7528637228030839,steady_state_heating
2024-11-07 11:00:00,2.702977536234398,13.053284025084679,7.999999999999816,5.000000000000021,6879.6533212321,0.7511519692023555,steady_state_heating
2024-11-07 11:05:00,2.709519404173149,13.099411795770715,7.999999999999849,5.0,6866.698456218717,0.7485068912151948,steady_state_heating
2024-11-07 11:10:00,2.7227296653901543,13.19292030597126,7.999999999999857,4.999999999999993,6840.474678406362,0.7432016394097474,steady_state_heating
2024-11-07 11:15:00,2.734944668638311,13.279816046343162,7.999999999999901,4.999999999999972,6816.154950585588,0.738338540668263,steady_state_heating
2024-11-07 11:20:00,2.74073477454091,13.321151954873763,7.999999999999899,4.999999999999993,6804.6042203871275,0.7360474554464244,steady_state_heating
2024-11-07 11:25:00,2.760058985009452,13.459793021595885,7.9999999999999085,5.000000000000021,6765.9548727865385,0.7284658823704141,steady_state_heating
2024-11-07 11:30:00,2.779645104061094,13.601397323726603,7.999999999999886,4.999999999999986,6726.638047084917,0.7208818157893176,steady_state_heating
2024-11-07 11:35:00,2.739201675381183,13.310197903340008,7.99999999999984,5.000000000000021,6807.663998679908,0.736653209156234,steady_state_heating
2024-11-07 11:40:00,2.7496545875435228,13.385015680888507,7.999999999999857,4.999999999999979,6786.78265665725,0.7325355631820315,steady_state_heating
2024-11-07 11:45:00,2.740407870285461,13.318815657217197,7.999999999999854,4.999999999999936,6805.256742885349,0.7361765679733585,steady_state_heating
2024-11-07 11:50:00,,13.895464146728393,8.000000000000007,4.999999999999995,0.0,0.705625943578756,defrost
2024-11-07 11:55:00,,13.81430383461215,7.999999999999986,5.000000000000016,0.0,0.7097715612301276,defrost
2024-11-07 12:00:00,,13.901969418656053,8.000000000000021,4.9999999999999805,0.0,0.7052957537686677,defrost
2024-11-07 12:05:00,2.772389517615251,13.54881260255692,7.999999999999901,4.999999999999993,6741.21864449731,0.7236796527947845,steady_state_heating
2024-11-07 12:10:00,2.86117140095135,14.202828830136813,7.99999999999998,5.0,6561.762313638942,0.6903554297010817,steady_state_heating
2024-11-07 12:15:00,2.796622444636156,13.725033457112122,7.9999999999999645,5.000000000000014,6692.453108808914,0.7143880581886068,steady_state_heating
2024-11-07 12:20:00,2.828334333425621,13.958223824699278,7.999999999999952,5.000000000000028,6628.3730182579375,0.7024532722171933,steady_state_heating
2024-11-07 12:25:00,2.863146642568204,14.217645757856735,8.000000000000021,4.999999999999979,6557.7485035243735,0.6896359753921778,steady_state_heating
2024-11-07 12:30:00,2.827560201274099,13.952496067025796,7.999999999999935,5.000000000000021,6629.940449904344,0.7027416422766353,steady_state_heating
2024-11-07 12:35:00,2.8400157052736956,14.044869604129477,7.99999999999995,5.000000000000021,6604.7038598942645,0.6981196889942735,steady_state_heating
2024-11-07 12:40:00,2.8711193129176995,14.277571458875085,7.9999999999999645,4.999999999999986,6541.540448543772,0.6867414411647087,steady_state_heating
2024-11-07 12:45:00,,14.976659416356426,7.999999999999993,5.000000000000005,0.0,0.6546853825955132,defrost
2024-11-07 12:50:00,,14.459106214348907,7.999999999999979,5.0000000000000195,0.0,0.6781193702187301,defrost
2024-11-07 12:55:00,,14.81070946638439,8.000000000000004,4.999999999999997,0.0,0.662020953301004,defrost
2024-11-07 13:00:00,2.9280220442372826,14.710941560710998,8.000000000000002,5.000000000000014,6425.594343192891,0.6665107029033777,steady_state_heating
2024-11-07 13:05:00,2.9135217232289747,14.599553883315037,7.999999999999958,4.999999999999993,6455.176785054442,0.6715958637068729,steady_state_heating
2024-11-07 13:10:00,2.8784020732411304,14.332480373277276,8.000000000000014,5.000000000000021,6526.725512179777,0.6841104780636077,steady_state_heating
2024-11-07 13:15:00,2.9454016831383276,14.845319701925812,8.000000000000012,5.000000000000014,6390.11503083369,0.6604775240191045,steady_state_heating
2024-11-07 13:20:00,2.8735374013170953,14.295784902137969,7.9999999999999805,5.000000000000014,6536.62242439573,0.6858665031070555,steady_state_heating
2024-11-07 13:25:00,2.972499862943735,15.056761466875633,8.000000000000023,4.999999999999972,6334.762835564741,0.6512024529026815,steady_state_heating
2024-11-07 13:30:00,2.9445890086370285,14.839014828838097,7.999999999999992,5.000000000000007,6391.774503371547,0.6607581509349929,steady_state_heating
2024-11-07 13:35:00,2.8680778173897754,14.254687645754556,7.999999999999925,4.999999999999972,6547.724978249284,0.687843903960969,steady_state_heating
2024-11-07 13:40:00,2.9353913013059203,14.767803478325424,7.999999999999968,4.999999999999986,6410.553168753791,0.6639443715777164,steady_state_heating
2024-11-07 13:45:00,2.9615800085015294,14.971272542897381,7.999999999999998,5.000000000000014,6357.071863328906,0.6549209475617792,steady_state_heating
2024-11-07 13:50:00,2.942065961549206,14.819453954117666,8.00000000000001,4.999999999999993,6396.926281012862,0.6616303158238581,steady_state_heating
2024-11-07 13:55:00,2.974677954310619,15.073859270480083,8.000000000000005,5.0,6330.312648625389,0.6504638144792578,steady_state_heating
2024-11-07 14:00:00,2.9291622666977304,14.719728435544873,8.000000000000004,5.000000000000014,6423.267350052038,0.666112832375569,steady_state_heating
2024-11-07 14:05:00,2.925581595973205,14.692148525934492,7.99999999999999,4.999999999999979,6430.574501717702,0.6673632506976279,steady_state_heating
2024-11-07 14:10:00,2.9664885821184113,15.0096530425416,7.999999999999996,5.000000000000028,6347.044210923127,0.6532462790585405,steady_state_heating
2024-11-07 14:15:00,2.971562291021329,15.049406343995786,8.000000000000021,5.0,6336.678409978595,0.65152071622492,steady_state_heating
2024-11-07 14:20:00,2.964890344096154,14.997147789326652,7.999999999999952,4.999999999999979,6350.309318438099,0.6537909833080483,steady_state_heating
2024-11-07 14:25:00,,15.469384350433634,7.99999999999967,4.999999999999989,0.0,0.6338325933265174,defrost
2024-11-07 14:30:00,,15.056247959409486,7.999999999999972,4.999999999999973,0.0,0.6512246627734565,defrost
2024-11-07 14:35:00,,15.381159556690555,7.999999999999709,5.000000000000005,0.0,0.6374681937250294,defrost
2024-11-07 14:40:00,3.016154057663455,15.402398253089258,7.999999999999983,5.000000000000014,6245.565773107366,0.6365891751976624,steady_state_heating
2024-11-07 14:45:00,2.968646838651251,15.026553167328034,7.9999999999999805,5.000000000000014,6342.63489136347,0.6525115833828643,steady_state_heating
2024-11-07 14:50:00,2.9823698940002057,15.13436331067832,8.000000000000002,4.999999999999972,6314.596078681487,0.6478633952894408,steady_state_heating
2024-11-07 14:55:00,3.0297024619542388,15.510948821790278,8.00000000000002,5.000000000000028,6217.889246067524,0.6321341210426543,steady_state_heating
2024-11-07 15:00:00,3.0952628859501776,16.04500801055564,7.999999999999983,5.0,6084.122835490254,0.6110934935993504,steady_state_heating
2024-11-07 15:05:00,3.0600121934600173,15.75602722076936,8.000000000000023,5.000000000000021,6156.005686369836,0.6223015397609355,steady_state_heating
2024-11-07 15:10:00,2.9920428567836357,15.210723267452128,7.999999999999986,5.000000000000021,6294.830876558167,0.6446110304945672,steady_state_heating
2024-11-07 15:15:00,2.9595446820447964,14.955380888450351,8.000000000000021,5.0,6361.229543041018,0.6556168694822164,steady_state_heating
2024-11-07 15:20:00,,15.960816529844578,7.999999999998025,4.999999999999988,0.0,0.6143169418473021,defrost
2024-11-07 15:25:00,,15.673632296137688,7.9999999999991545,4.999999999999993,0.0,0.625572924944536,defrost
2024-11-07 15:30:00,,16.090487468533745,7.999999999997204,5.000000000000011,0.0,0.6093662494175195,defrost
2024-11-07 15:35:00,3.027471375127427,15.493031062354367,7.999999999999991,4.999999999999979,6222.446410058118,0.6328651869694248,steady_state_heating
2024-11-07 15:40:00,3.067711048810103,15.818775965036483,7.999999999999942,4.999999999999972,6140.296768045363,0.6198330402852623,steady_state_heating
2024-11-07 15:45:00,3.094073168082163,16.03518463484811,7.999999999999986,5.000000000000014,6086.546911037523,0.6114678579186115,steady_state_heating
2024-11-07 15:50:00,3.056942835099487,15.731067220623801,7.999999999999984,5.000000000000007,6162.269744965088,0.6232889264591928,steady_state_heating
2024-11-07 15:55:00,3.054962471307682,15.71497996454803,8.000000000000004,4.999999999999993,6166.311706569701,0.6239269806337289,steady_state_heating
2024-11-07 16:00:00,3.0681334397077222,15.822224496804767,8.000000000000016,5.000000000000014,6139.435050405682,0.6196979446208761,steady_state_heating
2024-11-07 16:05:00,3.0945119398417673,16.038806952169054,7.999999999999993,4.999999999999993,6085.652886277333,0.6113297597034795,steady_state_heating
2024-11-07 16:10:00,3.071338902590528,15.848414872972285,7.999999999999986,5.000000000000021,6132.896091635944,0.6186738597259558,steady_state_heating
2024-11-07 16:15:00,3.113020463633087,16.192220026836495,7.999999999999931,5.000000000000021,6047.960657743183,0.6055377201983109,steady_state_heating
2024-11-07 16:20:00,3.0713365398919388,15.848395555431779,8.000000000000018,5.000000000000071,6132.9009110804855,0.6186746138248351,steady_state_heating
2024-11-07 16:25:00,3.0421655098349993,15.611346504613367,8.000000000000009,4.999999999999993,6192.436840600789,0.6280688214243713,steady_state_heating
2024-11-07 16:30:00,3.147931611629457,16.484895786900093,7.999999999999995,5.000000000000014,5976.986228415399,0.5947868962442368,steady_state_heating
2024-11-07 16:35:00,3.063580145992456,15.785082229554941,8.000000000000064,5.000000000000021,6148.72497246718,0.6211560926582799,steady_state_heating
2024-11-07 16:40:00,3.0726105349566906,15.858814589165219,8.000000000000005,5.000000000000007,6130.302280000945,0.6182681526965323,steady_state_heating
2024-11-07 16:45:00,3.0955631224636178,16.04748781292766,7.999999999999991,5.000000000000007,6083.511121609468,0.6109990619280119,steady_state_heating
2024-11-07 16:50:00,3.0937450192577836,16.03247601362523,8.000000000000005,5.000000000000021,6087.215548324326,0.6115711629112807,steady_state_heating
2024-11-07 16:55:00,3.080117908997703,15.920325298115586,7.999999999999979,5.000000000000014,6114.992079517513,0.615879375351745,steady_state_heating
2024-11-07 17:00:00,3.0899015233793694,16.000778800908524,8.000000000000023,5.0,6095.047927624147,0.6127826727686067,steady_state_heating
2024-11-07 17:05:00,,16.071933245700528,7.999999999997275,4.99999999999994,0.0,0.6100697315068164,defrost
2024-11-07 17:10:00,,16.08816426703603,7.999999999997154,5.000000000000003,0.0,0.6094542445771786,defrost
2024-11-07 17:15:00,,15.527823463826039,7.999999999999563,4.999999999999982,0.0,0.6314471582473833,defrost
2024-11-07 17:20:00,3.168607389930477,16.660299221005815,8.000000000000025,4.999999999999993,5935.039139406398,0.5885248439978522,steady_state_heating
2024-11-07 17:25:00,3.098072621994215,16.068227335011183,7.999999999999985,5.000000000000021,6078.398556200863,0.6102104355118139,steady_state_heating
2024-11-07 17:30:00,3.119292169585372,16.24447855592774,7.99999999999999,4.999999999999979,6035.19792809367,0.6035897038025936,steady_state_heating
2024-11-07 17:35:00,3.054410833860956,15.710501179909603,8.000000000000007,5.0,6167.437658843301,0.6241048511258515,steady_state_heating
2024-11-07 17:40:00,3.077182383360987,15.896250284682377,8.000000000000012,4.999999999999979,6120.978042221945,0.6168121301819265,steady_state_heating
2024-11-07 17:45:00,3.0722456671275227,15.85583004277122,8.000000000000005,4.999999999999979,6131.046504567477,0.618384529447587,steady_state_heating
2024-11-07 17:50:00,3.134845824263013,16.374681301015265,8.000000000000068,5.000000000000007,6003.56940918614,0.5987902799300321,steady_state_heating
2024-11-07 17:55:00,3.058397281583839,15.742890761967832,7.999999999999989,4.999999999999979,6159.301370881105,0.6228208115174902,steady_state_heating
2024-11-07 18:00:00,3.0990007524726644,16.075903360942025,8.00000000000001,4.999999999999986,6076.507868016834,0.6099190683008332,steady_state_heating
2024-11-07 18:05:00,3.045534628790573,15.638576776598724,7.999999999999979,5.000000000000014,6185.557755550301,0.626975212646718,steady_state_heating
2024-11-07 18:10:00,,15.65593548695256,7.999999999999208,4.9999999999999964,0.0,0.6262800461953455,defrost
2024-11-07 18:15:00,,15.667532785281974,7.99999999999919,5.000000000000012,0.0,0.6258164660878062,defrost
2024-11-07 18:20:00,,16.01786229527753,7.99999999999768,4.999999999999989,0.0,0.6121291230535023,defrost
2024-11-07 18:25:00,3.0036004149449558,15.302362285418225,7.999999999999985,4.999999999999986,6271.2149121729335,0.6407507427361911,steady_state_heating
2024-11-07 18:30:00,3.020373771638468,15.436141194101847,7.999999999999987,5.000000000000021,6236.9451004278035,0.6351976103811812,steady_state_heating
2024-11-07 18:35:00,3.0014975265040396,15.285655957111846,8.000000000000018,5.000000000000014,6275.511732843336,0.6414510458373943,steady_state_heating
2024-11-07 18:40:00,3.0172696554879614,15.411313370911442,7.9999999999999885,5.000000000000007,6243.286607850356,0.6362209218655402,steady_state_heating
2024-11-07 18:45:00,3.02090984036464,15.440432110961112,8.0,4.999999999999972,6235.849978241259,0.6350210881105757,steady_state_heating
2024-11-07 18:50:00,2.996189548503596,15.243551617463822,8.000000000000014,4.999999999999986,6286.357696388072,0.6432228030616476,steady_state_heating
2024-11-07 18:55:00,3.015758199615351,15.399235812345376,7.9999999999999964,4.999999999999936,6246.374519272448,0.6367199073696537,steady_state_heating
2024-11-07 19:00:00,2.9799873745730445,15.11560211012201,8.00000000000002,4.999999999999986,6319.46426521695,0.6486675111297201,steady_state_heating
2024-11-07 19:05:00,,15.286384752331566,7.999999999999819,5.000000000000066,0.0,0.6414204639527008,defrost
2024-11-07 19:10:00,,15.802024489592503,7.999999999998746,5.000000000000004,0.0,0.6204901154568992,defrost
2024-11-07 19:15:00,,15.556781642093522,7.999999999999492,4.9999999999999964,0.0,0.6302717506472958,defrost
2024-11-07 19:20:00,3.026889715083801,15.488362514674074,8.000000000000014,5.000000000000007,6223.634528807648,0.6330559470512446,steady_state_heating
2024-11-07 19:25:00,2.9849857526406556,15.15498321879835,8.000000000000014,5.000000000000007,6309.2510367725,0.6469819107313692,steady_state_heating
2024-11-07 19:30:00,2.964918253332121,14.997366091786379,8.0,5.000000000000028,6350.252302208875,0.6537814666916688,steady_state_heating
2024-11-07 19:35:00,2.9722736372405607,15.054986497169914,7.999999999999954,5.000000000000021,6335.225044377613,0.6512792291008146,steady_state_heating
2024-11-07 19:40:00,2.9978294824930125,15.256550139603966,7.999999999999999,4.999999999999986,6283.006742247753,0.6426747797031472,steady_state_heating
2024-11-07 19:45:00,3.0241923979629113,15.46672796528047,8.000000000000007,5.000000000000007,6229.144336176214,0.6339414530345491,steady_state_heating
2024-11-07 19:50:00,3.022650078357675,15.454368301567158,8.000000000000046,5.000000000000007,6232.294954629622,0.6344484490515037,steady_state_heating
2024-11-07 19:55:00,3.0100271742473486,15.353509910764556,7.999999999999972,5.000000000000007,6258.083576801897,0.6386161898476123,steady_state_heating
2024-11-07 20:00:00,2.9631839529983144,14.983805378625307,7.999999999999953,5.000000000000007,6353.795281671832,0.6543731550322336,steady_state_heating
2024-11-07 20:05:00,2.985413050849731,15.158353580655076,7.999999999999972,4.99999999999995,6308.377922875546,0.6468380584889522,steady_state_heating
2024-11-07 20:10:00,2.9696874481850566,15.034706979269226,8.000000000000004,4.999999999999943,6340.508876749733,0.6521577050699913,steady_state_heating
2024-11-07 20:15:00,2.9672459837610416,15.0155821296209,7.999999999999978,5.000000000000014,6345.49685490558,0.6529883367397329,steady_state_heating
2024-11-07 20:20:00,3.0300980700204767,15.514127673061658,7.999999999999978,5.0,6217.081208812176,0.6320045964959516,steady_state_heating
2024-11-07 20:25:00,2.921489894510326,14.660681747423935,7.9999999999999885,4.999999999999993,6438.923160082978,0.6687956378101494,steady_state_heating
2024-11-07 20:30:00,,14.91404804615917,7.999999999999968,4.999999999999976,0.0,0.6574338482518889,defrost
2024-11-07 20:35:00,,15.238996316778927,7.999999999999851,4.9999999999999805,0.0,0.643415077750506,defrost
2024-11-07 20:40:00,,14.523272756755642,7.999999999999972,4.999999999999973,0.0,0.6751233116818725,defrost
2024-11-07 20:45:00,2.9227184575721146,14.670124357534911,7.999999999999993,4.999999999999979,6436.416573100148,0.6683651590835991,steady_state_heating
2024-11-07 20:50:00,2.9281459618973686,14.711896306831662,7.999999999999993,4.999999999999993,6425.341454286689,0.6664674488935136,steady_state_heating
2024-11-07 20:55:00,2.933743130262786,14.755071151277027,8.000000000000007,5.000000000000021,6413.917565949606,0.6645172971023856,steady_state_heating
2024-11-07 21:00:00,2.8900524886049186,14.42065659566568,8.000000000000027,4.999999999999993,6503.0085410536585,0.6799274315253446,steady_state_heating
2024-11-07 21:05:00,2.9440007190552953,14.834452083859306,7.999999999999975,5.000000000000007,6392.975759504035,0.6609613853327544,steady_state_heating
2024-11-07 21:10:00,2.940258704722189,14.805454935266214,7.999999999999973,5.000000000000057,6400.616247370426,0.6622559078981595,steady_state_heating
2024-11-07 21:15:00,2.9284706238814118,14.714397953235196,7.999999999999974,5.000000000000007,6424.678883974207,0.6663541404250404,steady_state_heating
2024-11-07 21:20:00,2.879841763660974,14.343354175185109,7.999999999999963,5.000000000000014,6523.795815692947,0.6835918488970486,steady_state_heating
2024-11-07 21:25:00,2.899138324423346,14.489712305379397,7.99999999999999,5.000000000000007,6484.499071927439,0.6766870033961845,steady_state_heating
2024-11-07 21:30:00,,14.242413140787034,7.999999999974481,4.9999999999999964,0.0,0.6884367068331073,defrost
2024-11-07 21:35:00,,14.286633266506366,7.999999999999979,5.000000000000022,0.0,0.6863058508673899,defrost
2024-11-07 21:40:00,,14.742480744006581,8.000000000000021,4.9999999999999805,0.0,0.6650848096909416,defrost
2024-11-07 21:45:00,2.8614312293259943,14.204777213295776,7.999999999999928,5.000000000000028,6561.234367842563,0.6902607378327943,steady_state_heating
2024-11-07 21:50:00,2.822023170013717,13.911579596092158,7.999999999999934,5.000000000000021,6641.147291663823,0.7048085325087227,steady_state_heating
2024-11-07 21:55:00,2.854963982950503,14.156341651638874,7.999999999999948,4.999999999999986,6574.371382470554,0.6926224473301601,steady_state_heating
2024-11-07 22:00:00,2.8082250348688933,13.810009914423608,7.999999999999865,5.000000000000028,6669.039848602238,0.7099922491554013,steady_state_heating
2024-11-07 22:05:00,2.8099994508735766,13.823040272693696,7.999999999999942,5.000000000000014,6665.45579720809,0.7093229713993517,steady_state_heating
2024-11-07 22:10:00,2.8079514455354633,13.808001641647577,7.999999999999924,5.000000000000014,6669.592379416956,0.7100955123315058,steady_state_heating
2024-11-07 22:15:00,2.818836293325847,13.888070887052658,7.999999999999964,5.0,6647.593952647455,0.7060015807624394,steady_state_heating
2024-11-07 22:20:00,2.8505547575339096,14.123391573560403,7.999999999999926,4.999999999999972,6583.323230508744,0.6942383455794988,steady_state_heating
2024-11-07 22:25:00,2.8334283661284303,13.995958589362695,7.999999999999947,5.0,6618.055236064929,0.7005593748649743,steady_state_heating
2024-11-07 22:30:00,2.8225647271098393,13.91557749148645,7.999999999999957,4.999999999999993,6640.051529711357,0.7046060435507395,steady_state_heating
2024-11-07 22:35:00,2.7825404809495913,13.62242377039223,7.999999999999863,5.0,6720.814605439084,0.7197691222402556,steady_state_heating
2024-11-07 22:40:00,2.7882634164055036,13.664055301267322,7.999999999999937,4.999999999999986,6709.296026037385,0.7175761356213629,steady_state_heating
2024-11-07 22:45:00,2.799737185291065,13.747807029944141,7.999999999999935,5.000000000000007,6686.171638558762,0.713204657196868,steady_state_heating
2024-11-07 22:50:00,2.7711563517997986,13.539890274932052,7.999999999999861,4.999999999999993,6743.694959812086,0.7241565330963671,steady_state_heating
2024-11-07 22:55:00,2.774335908327756,13.562904197041872,7.999999999999859,5.000000000000021,6737.309020368561,0.7229277636672038,steady_state_heating
2024-11-07 23:00:00,,13.603307907865338,8.000000000000203,5.000000000000027,0.0,0.7207805679625048,defrost
2024-11-07 23:05:00,,13.44001395688839,8.000000000001052,4.999999999999972,0.0,0.7295379328809901,defrost
2024-11-07 23:10:00,,13.492710502631338,8.000000000000622,5.0000000000000036,0.0,0.7266886811280681,defrost
2024-11-07 23:15:00,2.7881259922889075,13.663054499669677,7.999999999999862,4.999999999999972,6709.572744061716,0.7176286971728804,steady_state_heating
2024-11-07 23:20:00,2.7406984496532996,13.320892335731271,7.999999999999896,5.000000000000007,6804.676729477613,0.7360618007323406,steady_state_heating
2024-11-07 23:25:00,2.7708170057310975,13.537435767709852,7.9999999999998685,5.000000000000014,6744.376305103601,0.7242878317758943,steady_state_heating
2024-11-07 23:30:00,2.7424164145722956,13.333174940099402,7.999999999999817,4.999999999999993,6801.246849375435,0.7353837359856096,steady_state_heating
2024-11-07 23:35:00,2.6923226440128203,12.978406534898282,7.999999999999789,4.999999999999986,6900.706366549934,0.7554856579376551,steady_state_heating
2024-11-07 23:40:00,2.697092201363133,13.01188620957157,7.999999999999752,5.0,6891.289498817787,0.7535417880297348,steady_state_heating
2024-11-07 23:45:00,2.6967448731694024,13.009446052466362,7.999999999999771,5.000000000000043,6891.975657476962,0.7536831284327548,steady_state_heating
2024-11-07 23:50:00,2.695819163842469,13.002944089159032,7.999999999999798,5.000000000000021,6893.804119082818,0.7540599984717868,steady_state_heating
2024-11-07 23:55:00,2.7083780696602022,13.091355561566125,7.999999999999844,5.000000000000007,6868.96017695968,0.7489675117209188,steady_state_heating
2024-11-08 00:00:00,,13.164882031218289,8.000000000007503,4.999999999999998,0.0,0.7447844938336023,defrost
2024-11-08 00:05:00,,13.20895203756097,8.000000000005642,4.999999999999986,0.0,0.742299614088877,defrost
2024-11-08 00:10:00,,13.010573296631849,8.000000000018982,5.000000000000002,0.0,0.7536178288575723,defrost
2024-11-08 00:15:00,2.673601673308946,12.84759526104741,7.999999999999632,4.999999999999943,6937.548350118757,0.7631778399594953,steady_state_heating
2024-11-08 00:20:00,2.6280229667219226,12.533061322483329,7.99999999999951,4.999999999999986,7026.355165725916,0.7823308087075733,steady_state_heating
2024-11-08 00:25:00,2.6693823602340196,12.81824443294418,7.9999999999996625,5.000000000000021,6945.824164577221,0.7649253414765723,steady_state_heating
2024-11-08 00:30:00,2.662095684158404,12.767669147044572,7.999999999999682,4.999999999999993,6960.091328400616,0.7679553634321442,steady_state_heating
2024-11-08 00:35:00,2.6588971726604878,12.745514046721892,7.999999999999625,4.999999999999986,6966.343721237179,0.7692902745277509,steady_state_heating
2024-11-08 00:40:00,2.6933672486585976,12.985733759944257,7.999999999999735,4.999999999999972,6898.644961472315,0.7550593737139796,steady_state_heating
2024-11-08 00:45:00,2.659743810820532,12.751375775045103,7.999999999999636,5.000000000000014,6964.689344101265,0.7689366365618949,steady_state_heating
2024-11-08 00:50:00,2.6445724901140273,12.646627319825338,7.999999999999561,4.999999999999972,6994.26595700578,0.7753055223371135,steady_state_heating
2024-11-08 00:55:00,2.5875727333535163,12.258508212975334,7.999999999999167,5.000000000000014,7103.940580411729,0.7998526272243824,steady_state_heating
2024-11-08 01:00:00,2.5923806395175215,12.290918991619428,7.999999999999165,5.0,7094.786305884281,0.797743440233032,steady_state_heating
2024-11-08 01:05:00,2.593929414548004,12.30137220717875,7.999999999999186,4.999999999999972,7091.833375774617,0.7970655496691721,steady_state_heating
2024-11-08 01:10:00,2.5773101770519653,12.189525795942593,7.999999999999012,5.000000000000021,7123.415422232645,0.8043791172962366,steady_state_heating
2024-11-08 01:15:00,2.5984021909259236,12.331595336564188,7.999999999999186,5.0,7083.294539136077,0.795112046121671,steady_state_heating
2024-11-08 01:20:00,2.5915707152187033,12.285455000652941,7.999999999999147,5.0,7096.329743341524,0.7980982388913465,steady_state_heating
2024-11-08 01:25:00,2.5516593148646733,12.018282777180238,7.999999999998623,4.999999999999993,7171.683262255309,0.8158403477256574,steady_state_heating
2024-11-08 01:30:00,2.5977316202524556,12.327060903791512,7.999999999999192,4.999999999999993,7084.575732710886,0.7954045231482728,steady_state_heating
2024-11-08 01:35:00,2.569824554164969,12.139379413623598,7.999999999998934,4.999999999999993,7137.5630028396545,0.8077019150580454,steady_state_heating
2024-11-08 01:40:00,2.5220440041343477,11.822637101897334,7.999999999998044,5.000000000000014,7226.622236994221,0.8293411965107573,steady_state_heating
2024-11-08 01:45:00,2.557009455449181,12.053862029147943,7.999999999998739,4.999999999999993,7161.6658650096715,0.8134322407449269,steady_state_heating
2024-11-08 01:50:00,2.5551592738379023,12.041549854752855,7.999999999998666,5.000000000000021,7165.133143803033,0.8142639542475449,steady_state_heating
2024-11-08 01:55:00,2.5661747263932932,12.114980967716912,7.999999999998849,4.999999999999979,7144.44295258949,0.8093285516607602,steady_state_heating
2024-11-08 02:00:00,2.535141090343193,11.90888889127133,7.99999999999838,5.000000000000021,7202.435773956588,0.8233345771818061,steady_state_heating
2024-11-08 02:05:00,2.557994680509083,12.060421819086024,7.999999999998753,5.000000000000014,7159.818218834207,0.8129898064164933,steady_state_heating
2024-11-08 02:10:00,2.545592510312927,11.978024983366039,7.999999999998506,4.999999999999972,7183.009282598464,0.8185823634210376,steady_state_heating
2024-11-08 02:15:00,2.5166141627158782,11.711371546212161,7.9999999999976215,4.999999999999972,7157.019520373775,0.8256033591878513,steady_state_heating
2024-11-08 02:20:00,2.5131411772633974,11.633461171261015,7.999999999997208,4.999999999999993,7104.411607408053,0.8225634500006412,steady_state_heating
2024-11-08 02:25:00,2.539436254859523,11.937268236472256,7.999999999998483,5.000000000000014,7194.465402436764,0.8213772033740946,steady_state_heating
2024-11-08 02:30:00,2.5385636808751793,11.931499158911306,7.999999999998391,5.000000000000014,7196.086111553982,0.82177435286302,steady_state_heating
2024-11-08 02:35:00,2.519936383547224,11.78671220599248,7.99999999999792,5.000000000000021,7207.411822349367,0.8285047818552905,steady_state_heating
2024-11-08 02:40:00,2.537795755229643,11.926423548334908,7.9999999999983835,4.999999999999979,7197.5118143198015,0.8221240810593987,steady_state_heating
2024-11-08 02:45:00,2.5207884071531597,11.806163800063773,7.999999999998014,5.000000000000043,7220.346176904868,0.8292478621305469,steady_state_heating
2024-11-08 02:50:00,2.517979093981302,11.742228293291273,7.999999999997792,5.0,7177.715130983173,0.8267961763557525,steady_state_heating
2024-11-08 02:55:00,2.505606085171955,11.467342121217794,7.999999999996184,5.000000000000007,6990.52636990183,0.8159438805341497,steady_state_heating
2024-11-08 03:00:00,2.5235185955073893,11.832326801054325,7.999999999998103,5.000000000000014,7223.908097216404,0.8286620345143213,steady_state_heating
2024-11-08 03:05:00,2.5162592531323047,11.703370178064684,7.999999999997602,4.999999999999986,7151.640085093558,0.825293026465582,steady_state_heating
2024-11-08 03:10:00,2.509758897572768,11.5584065663662,7.999999999996845,4.999999999999922,7053.24847450901,0.8195962115293353,steady_state_heating
2024-11-08 03:15:00,2.5074744096887107,11.508164283963822,7.999999999996524,4.999999999999972,7018.731375918001,0.8175882871166182,steady_state_heating
2024-11-08 03:20:00,2.511564043190802,11.598363728445827,7.999999999997119,4.999999999999986,7080.54584361098,0.8211806740246156,steady_state_heating
2024-11-08 03:25:00,2.49677446923046,11.277567229344525,7.999999999994557,5.000000000000014,6857.498958579198,0.8081430188477189,steady_state_heating
2024-11-08 03:30:00,2.509682047666342,11.556710534251781,7.999999999996842,4.999999999999972,7052.086797906239,0.8195287146197554,steady_state_heating
2024-11-08 03:35:00,2.4973840930027564,11.290500228331647,7.9999999999947295,4.999999999999979,6866.665494279801,0.8086829677397454,steady_state_heating
2024-11-08 03:40:00,2.503046264576527,11.411797756447266,7.999999999995822,5.000000000000028,6951.917785733944,0.8136875371818948,steady_state_heating
2024-11-08 03:45:00,2.4983822587184332,11.311728801367757,7.999999999994873,5.000000000000021,6881.679460909235,0.809566577803282,steady_state_heating
2024-11-08 03:50:00,2.4993200861031304,11.331734056159442,7.999999999995076,4.999999999999993,6895.791672968443,0.8103962389425512,steady_state_heating
2024-11-08 03:55:00,2.49580843005627,11.257122822577024,7.999999999994296,4.999999999999986,6842.978138804253,0.8072869401245404,steady_state_heating
2024-11-08 04:00:00,2.498289979085934,11.309763481586717,7.999999999994872,4.999999999999986,6880.291162910131,0.8094849134104106,steady_state_heating
2024-11-08 04:05:00,2.509904762442771,11.561626849743561,7.999999999996842,5.0,7055.453493683324,0.8197243144980904,steady_state_heating
2024-11-08 04:10:00,2.506997868871963,11.497729284083025,7.999999999996447,5.000000000000078,7011.535247065716,0.8171690532719079,steady_state_heating
2024-11-08 04:15:00,2.499878604011008,11.34367576935915,7.999999999995248,4.999999999999993,6904.198797842736,0.8108900928311366,steady_state_heating
2024-11-08 04:20:00,2.4973800357832254,11.290414074893107,7.9999999999946745,5.000000000000021,6866.6044804610765,0.8086793749518306,steady_state_heating
2024-11-08 04:25:00,2.5018325036396654,11.3856157972491,7.999999999995634,5.000000000000007,6933.625643744464,0.8126163297671507,steady_state_heating
2024-11-08 04:30:00,2.5025928902980485,11.402006446880687,7.999999999995703,5.000000000000028,6945.084058433867,0.8132875118884475,steady_state_heating
2024-11-08 04:35:00,2.488568799850454,11.105828667742482,7.999999999992298,4.999999999999986,6734.3508006536895,0.8008537587596121,steady_state_heating
2024-11-08 04:40:00,2.4905768681360576,11.14745725755706,7.999999999992964,4.999999999999993,6764.446459030222,0.8026412623944251,steady_state_heating
2024-11-08 04:45:00,2.47919180743089,10.914767210602147,7.999999999988791,5.000000000000007,6594.171367378873,0.7924748076139392,steady_state_heating
2024-11-08 04:50:00,2.4966737681559326,11.275433229583648,7.99999999999455,5.000000000000014,6855.985009487225,0.8080538059340464,steady_state_heating
2024-11-08 04:55:00,2.5006738000618918,11.360713715339713,7.999999999995316,4.999999999999993,6916.171971718022,0.8115929059112863,steady_state_heating
2024-11-08 05:00:00,2.4880901567724396,11.09594371004821,7.999999999992223,5.0,6727.181141739535,0.8004273347786844,steady_state_heating
2024-11-08 05:05:00,2.4744095473247265,10.819386682338587,7.999999999986345,5.0,6522.910470856021,0.7881811775556141,steady_state_heating
2024-11-08 05:10:00,2.4884529946379783,11.103435729307682,7.999999999992278,5.00000000000005,6732.61599937494,0.8007506002183166,steady_state_heating
2024-11-08 05:15:00,2.47804887597117,10.891847264650892,7.999999999988217,5.000000000000021,6577.126115461718,0.7914499121089764,steady_state_heating
2024-11-08 05:20:00,2.4796506454110094,10.923990771979394,7.999999999988983,4.999999999999986,6601.016821850258,0.7928860376798443,steady_state_heating
2024-11-08 05:25:00,2.487639448565906,11.086648847933137,7.9999999999920615,4.999999999999922,6720.431314457336,0.8000256730676618,steady_state_heating
2024-11-08 05:30:00,2.4840213272096547,11.012493211537864,7.999999999990802,5.0,6666.29531031424,0.7967968797936995,steady_state_heating
2024-11-08 05:35:00,2.479530208952102,10.92156852516139,7.999999999988889,5.000000000000014,6599.219877698519,0.7927781096936158,steady_state_heating
2024-11-08 05:40:00,2.4794699711013832,10.920357336534767,7.9999999999889155,5.0,6598.321150062903,0.7927241248386659,steady_state_heating
2024-11-08 05:45:00,2.484878341935269,11.029984660728003,7.999999999991118,5.000000000000028,6679.11043212195,0.7975623834159844,steady_state_heating
2024-11-08 05:50:00,2.481497616514365,10.961247817428125,7.999999999989804,4.999999999999979,6628.586515026358,0.7945400894933082,steady_state_heating
2024-11-08 05:55:00,2.476794208560146,10.866777020963108,7.999999999987679,5.000000000000007,6558.424808446182,0.7903239124047077,steady_state_heating
2024-11-08 06:00:00,2.480896119185612,10.949091639884053,7.999999999989534,5.000000000000007,6619.605428204686,0.794001644966791,steady_state_heating
2024-11-08 06:05:00,2.485523679782088,11.043185896579203,7.99999999999136,4.999999999999986,6688.7635610963125,0.7981385224738822,steady_state_heating
2024-11-08 06:10:00,2.4826964173304877,10.98554137934342,7.999999999990306,5.000000000000014,6646.493393023161,0.7956125757956007,steady_state_heating
2024-11-08 06:15:00,2.4760125348703257,10.851205555059105,7.9999999999872315,4.99999999999995,6546.779144090642,0.789621919419465,steady_state_heating
2024-11-08 06:20:00,2.490912447431092,11.154439013137123,7.999999999993085,4.999999999999979,6769.478505384259,0.8029397478067857,steady_state_heating
2024-11-08 06:25:00,2.469406798135466,10.721055728545885,7.999999999983368,5.000000000000007,6448.53424921349,0.7836747533082288,steady_state_heating
2024-11-08 06:30:00,2.483609740082395,11.004108964683828,7.9999999999906315,4.999999999999986,6660.142518583677,0.7964290850315298,steady_state_heating
2024-11-08 06:35:00,2.483654072433492,11.005011535718332,7.999999999990667,4.999999999999957,6660.805185419048,0.7964687053559216,steady_state_heating
2024-11-08 06:40:00,2.489550065228046,11.126139023868372,7.999999999992692,5.000000000000007,6749.054055226357,0.8017275427966165,steady_state_heating
2024-11-08 06:45:00,2.4916349725670424,11.16949560057113,7.999999999993303,5.000000000000021,6780.315359622494,0.8035821799691971,steady_state_heating
2024-11-08 06:50:00,2.493666347531,11.212006435033537,7.9999999999938005,4.999999999999986,6810.801447443114,0.8053867126414144,steady_state_heating
2024-11-08 06:55:00,2.4844917247211167,11.022088274009102,7.999999999990951,5.000000000000014,6673.328651951808,0.7972171032470993,steady_state_heating
2024-11-08 07:00:00,2.4931541339116636,11.201262246508708,7.999999999993676,4.999999999999993,6803.111799524029,0.8049319284749978,steady_state_heating
2024-11-08 07:05:00,2.4895628151994713,11.126403325374671,7.999999999992667,5.000000000000021,6749.245142405386,0.801738892444202,steady_state_heating
2024-11-08 07:10:00,2.4778380457295164,10.88762794113917,7.99999999998818,5.000000000000007,6573.982851426967,0.7912607692144267,steady_state_heating
2024-11-08 07:15:00,2.501228110703007,11.37261537950442,7.999999999995431,5.000000000000014,6924.520545335349,0.8120825987390662,steady_state_heating
2024-11-08 07:20:00,2.4812274043458777,10.955784137073284,7.99999999998969,5.000000000000021,6624.551614390212,0.7942982296096175,steady_state_heating
2024-11-08 07:25:00,2.492685877153014,11.191454889342124,7.999999999993545,5.000000000000021,6796.083557041445,0.8045160365409543,steady_state_heating
2024-11-08 07:30:00,2.4946484852421738,11.232655179259645,7.999999999994005,5.0,6825.550651554948,0.8062582979450401,steady_state_heating
2024-11-08 07:35:00,2.4936371387619296,11.211393296912124,7.999999999993786,4.999999999999979,6810.362902430956,0.8053607829461961,steady_state_heating
2024-11-08 07:40:00,2.488917789583809,11.113045127575441,7.999999999992436,4.999999999999993,6739.579322843375,0.8011645882174615,steady_state_heating
2024-11-08 07:45:00,2.4980283322752173,11.30419412969675,7.999999999994831,4.999999999999979,6876.355123150866,0.8092533374102366,steady_state_heating
2024-11-08 07:50:00,2.484722594031138,11.026802504324122,7.999999999991051,5.000000000000014,6676.7811337443645,0.7974232988190547,steady_state_heating
2024-11-08 07:55:00,2.4952222263476167,11.244746618424285,7.999999999994202,4.999999999999972,6834.16968256693,0.8067671926284635,steady_state_heating
2024-11-08 08:00:00,2.494033164515601,11.219711195811342,7.999999999993934,5.000000000000021,6816.3093683397265,0.8057123064681708,steady_state_heating
2024-11-08 08:05:00,2.494501402303735,11.22955888781053,7.9999999999940385,5.000000000000028,6823.341441176087,0.8061278074950462,steady_state_heating
2024-11-08 08:10:00,2.502773505797082,11.405905453838376,7.999999999995742,4.999999999999986,6947.80632675863,0.8134468886434314,steady_state_heating
2024-11-08 08:15:00,2.5075320729198407,11.50942801889796,7.999999999996451,5.0,7019.602230503355,0.8176390069965009,steady_state_heating
2024-11-08 08:20:00,2.4999245357312265,11.344658761143675,7.99999999999514,4.999999999999986,6904.89027657698,0.8109306984997153,steady_state_heating
2024-11-08 08:25:00,2.5080420122978535,11.520613723457434,7.999999999996607,4.999999999999972,7027.304451704396,0.8180874590399941,steady_state_heating
2024-11-08 08:30:00,2.5048901683913924,11.451762920578012,7.999999999996071,5.0,6979.724379492897,0.8153132252023144,steady_state_heating
2024-11-08 08:35:00,2.5010470669849734,11.36872591186784,7.9999999999953815,5.000000000000028,6921.793597882772,0.8119226797507243,steady_state_heating
2024-11-08 08:40:00,2.506707098530288,11.491369845258067,7.999999999996444,4.999999999999993,7007.145089168702,0.8169131847077756,steady_state_heating
2024-11-08 08:45:00,2.5077170099496224,11.513482605615694,7.999999999996536,4.999999999999993,7022.395367612826,0.8178016622753154,steady_state_heating
2024-11-08 08:50:00,2.5056893498888924,11.469156330902413,7.999999999996232,4.999999999999979,6991.782904228133,0.8160172094490196,steady_state_heating
2024-11-08 08:55:00,2.5139870859269835,11.65235844388607,7.9999999999973,4.999999999999993,7117.218467344731,0.8233045185247727,steady_state_heating
2024-11-08 09:00:00,2.514072713981408,11.65427417326582,7.99999999999736,4.999999999999979,7118.515099193962,0.8233795109005649,steady_state_heating
2024-11-08 09:05:00,2.5043458422244504,11.439941091445334,7.999999999996046,5.000000000000028,6971.513558913283,0.8148335242719554,steady_state_heating
2024-11-08 09:10:00,2.5075973375794516,11.510858621620562,7.999999999996522,5.000000000000014,7020.587910055787,0.8176964106594287,steady_state_heating
2024-11-08 09:15:00,2.5213496064780565,11.818076009324978,7.999999999998074,4.999999999999993,7227.899544766074,0.8296612741586213,steady_state_heating
2024-11-08 09:20:00,2.515472478051394,11.685664740716751,7.999999999997479,5.000000000000021,7139.717493531611,0.8246048111805183,steady_state_heating
2024-11-08 09:25:00,2.5341784011527047,11.902534468019864,7.999999999998344,4.999999999999979,7204.2196311133375,0.823774132000576,steady_state_heating
2024-11-08 09:30:00,2.5503114085041623,12.009330394117343,7.9999999999986375,4.999999999999986,7174.202724090361,0.8164485177960368,steady_state_heating
2024-11-08 09:35:00,2.520686644118444,11.803837762653686,7.999999999998021,4.999999999999986,7218.801110681394,0.8291591329075151,steady_state_heating
2024-11-08 09:40:00,2.5209424502260096,11.809686270123885,7.999999999998007,4.999999999999979,7222.685127169818,0.829382164033067,steady_state_heating
2024-11-08 09:45:00,2.595525776939236,12.312153094217816,7.999999999999227,5.000000000000021,7088.787667708153,0.7963676153933413,steady_state_heating
2024-11-08 09:50:00,2.5682353671923974,12.128751812655036,7.999999999998838,5.000000000000028,7140.560106546017,0.8084096493564619,steady_state_heating
2024-11-08 09:55:00,2.5554077827534405,12.043203072849069,7.999999999998696,5.000000000000021,7164.667620750296,0.814152177015514,steady_state_heating
2024-11-08 10:00:00,2.550640786149869,12.01151759690481,7.999999999998648,5.000000000000007,7173.587223605324,0.8162998489488621,steady_state_heating
2024-11-08 10:05:00,2.5690692427162154,12.134327507106617,7.999999999998929,4.999999999999979,7138.987754084851,0.8080381870571383,steady_state_heating
2024-11-08 10:10:00,2.560961067356609,12.080187357505746,7.999999999998774,4.999999999999993,7154.2497185124275,0.8116595968114583,steady_state_heating
2024-11-08 10:15:00,2.619124048675405,12.472294059667348,7.999999999999389,4.999999999999993,7043.530415839966,0.7861424652989224,steady_state_heating
2024-11-08 10:20:00,2.586793577355358,12.253261420992501,7.99999999999908,4.999999999999993,7105.422286787338,0.8001951205580178,steady_state_heating
2024-11-08 10:25:00,2.6351099431281564,12.58160475506803,7.999999999999554,4.999999999999993,7012.6366966527075,0.779312352508166,steady_state_heating
2024-11-08 10:30:00,2.617147611431851,12.458825949397387,7.999999999999446,5.000000000000085,7047.3371704577885,0.7869922928391374,steady_state_heating
2024-11-08 10:35:00,2.6102136154350286,12.411656185982178,7.999999999999298,4.999999999999979,7060.6694223407985,0.7899832103852388,steady_state_heating
2024-11-08 10:40:00,2.6283066205730057,12.535001710889171,7.999999999999474,5.000000000000007,7025.806766930399,0.7822097057619378,steady_state_heating
2024-11-08 10:45:00,2.5815129531582026,12.217743147724098,7.999999999999009,4.999999999999979,7115.4508558828775,0.8025213725193159,steady_state_heating
2024-11-08 10:50:00,2.642422070566418,12.631829690486507,7.999999999999517,4.999999999999979,6998.446109718502,0.7762137584379019,steady_state_heating
2024-11-08 10:55:00,2.651751472118512,12.696117043484971,7.999999999999593,5.000000000000028,6980.288873360077,0.7722833655689595,steady_state_heating
2024-11-08 11:00:00,2.6811601679355683,12.900294937625263,7.999999999999691,4.999999999999979,6922.697211868832,0.7600601418346296,steady_state_heating
2024-11-08 11:05:00,2.6239789542908754,12.505420524426539,7.999999999999442,5.000000000000021,7034.167361552443,0.784059998690018,steady_state_heating
2024-11-08 11:10:00,2.703918488238557,13.059911569017958,7.9999999999997815,5.000000000000014,6877.791275694972,0.7507707803520206,steady_state_heating
2024-11-08 11:15:00,2.7057273606765135,13.07265911109424,7.999999999999761,5.000000000000007,6874.210450787491,0.7500386812411329,steady_state_heating
2024-11-08 11:20:00,2.7202391295757278,13.17525406711734,7.999999999999832,4.999999999999972,6845.424969992835,0.7441981725780312,steady_state_heating
2024-11-08 11:25:00,2.6908439174064864,12.968039326774116,7.999999999999712,4.999999999999993,6903.623462772471,0.7560896256503764,steady_state_heating
2024-11-08 11:30:00,2.7255094389660792,13.212658599063758,7.999999999999834,5.0,6834.946114247447,0.7420913759699184,steady_state_heating
2024-11-08 11:35:00,2.674095395022972,12.85103288480412,7.999999999999648,4.999999999999972,6936.579276179534,0.7629736915228084,steady_state_heating
2024-11-08 11:40:00,2.736802782715538,13.293070976505211,7.999999999999827,5.000000000000021,6812.449741695014,0.7376023205871548,steady_state_heating
2024-11-08 11:45:00,2.7038160807782754,13.059190149494967,7.999999999999782,5.000000000000021,6877.993951086073,0.7508122546465241,steady_state_heating
2024-11-08 11:50:00,2.692284877844189,12.978141685585829,7.9999999999997415,4.999999999999993,6900.780882760266,0.755501075388159,steady_state_heating
2024-11-08 11:55:00,,13.099857901050132,8.000000000011187,5.000000000000009,0.0,0.7484814014061938,defrost
2024-11-08 12:00:00,,13.338936962940386,8.000000000002217,5.0,0.0,0.7350660721496222,defrost
2024-11-08 12:05:00,,13.215183252193714,8.000000000005386,5.000000000000016,0.0,0.7419496054564647,defrost
2024-11-08 12:10:00,2.769519978367234,13.528057341238464,7.999999999999874,5.000000000000021,6746.980123835724,0.7247899497077662,steady_state_heating
2024-11-08 12:15:00,2.7242503435735497,13.203715493960287,7.999999999999822,4.999999999999979,6837.450708979303,0.7425940073068871,steady_state_heating
2024-11-08 12:20:00,2.7262526465169614,13.21793952923065,7.999999999999852,5.000000000000028,6833.467386380511,0.7417948900671578,steady_state_heating
2024-11-08 12:25:00,2.8302258635364463,13.9722266142977,7.99999999999994,4.999999999999993,6624.542513833778,0.7017492823918703,steady_state_heating
2024-11-08 12:30:00,2.838219695359583,14.031521409028798,7.999999999999952,4.999999999999979,6608.3450318931655,0.6987838106914634,steady_state_heating
2024-11-08 12:35:00,2.7866163138975777,13.652063747210873,7.9999999999998614,5.000000000000007,6712.612243676944,0.7182064324892402,steady_state_heating
2024-11-08 12:40:00,2.8187706035416067,13.88758662657336,7.999999999999965,5.0,6647.726807447858,0.7060261990545211,steady_state_heating
2024-11-08 12:45:00,2.8515021744610483,14.130466677606236,7.99999999999994,4.999999999999979,6581.400062489733,0.6938907414529222,steady_state_heating
2024-11-08 12:50:00,2.839293344263673,14.039499760408741,7.999999999999978,4.999999999999972,6606.168437725082,0.6983867066011866,steady_state_heating
2024-11-08 12:55:00,2.834990712520272,14.007547332040556,7.999999999999948,5.0,6614.889533240911,0.6999797871517632,steady_state_heating
2024-11-08 13:00:00,,14.249124641244327,7.999999999999989,5.000000000000012,0.0,0.6881124452809733,defrost
2024-11-08 13:05:00,,13.897594829111974,8.000000000000014,4.999999999999988,0.0,0.7055177619267601,defrost
2024-11-08 13:10:00,,14.118507040695986,7.999999999990365,5.0000000000000275,0.0,0.6944785289080159,defrost
2024-11-08 13:15:00,2.8565572304111053,14.168262353960465,7.999999999999951,5.000000000000014,6571.135739335998,0.6920396979562703,steady_state_heating
2024-11-08 13:20:00,2.8595034983162693,14.190326532932719,7.999999999999937,5.000000000000021,6565.151028373141,0.6909636629745404,steady_state_heating
2024-11-08 13:25:00,2.866307998483928,14.24138468282633,7.999999999999942,5.000000000000014,6551.322960846855,0.6884864230810251,steady_state_heating
2024-11-08 13:30:00,2.889634915331071,14.417488996424122,7.999999999999935,4.999999999999986,6503.858944557418,0.6800768152090751,steady_state_heating
2024-11-08 13:35:00,2.894525851667215,14.45462399789806,7.9999999999999645,5.0,6493.8968685722775,0.6783296474142666,steady_state_heating
2024-11-08 13:40:00,2.8817786551144446,14.35799326854979,7.999999999999941,5.000000000000028,6519.853833058904,0.6828948737200753,steady_state_heating
2024-11-08 13:45:00,2.943018538775283,14.826836792705885,7.999999999999992,4.999999999999986,6394.9812722605,0.6613008652542535,steady_state_heating
2024-11-08 13:50:00,2.891212603044211,14.429459728158676,7.999999999999999,4.999999999999986,6500.645797616978,0.6795126210349944,steady_state_heating
2024-11-08 13:55:00,2.9153415187565237,14.613496969083013,7.99999999999996,5.0,6451.465287725796,0.6709550780859571,steady_state_heating
2024-11-08 14:00:00,2.9123511232029617,14.590590326613613,7.999999999999972,4.999999999999979,6457.564057869624,0.6720084506872515,steady_state_heating
2024-11-08 14:05:00,2.938520584650997,14.792001218956603,8.00000000000001,5.000000000000007,6404.1648497569895,0.6628582471609354,steady_state_heating
2024-11-08 14:10:00,2.8751645457727717,14.308050841942832,8.000000000000004,4.999999999999979,6533.312513758982,0.6852785266360303,steady_state_heating
2024-11-08 14:15:00,2.9659228672560385,15.005225722698114,8.000000000000021,4.999999999999986,6348.199943022306,0.6534390205918833,steady_state_heating
2024-11-08 14:20:00,2.9372918223206668,14.782495900659535,7.999999999999982,4.999999999999986,6406.673406169243,0.6632844727907247,steady_state_heating
2024-11-08 14:25:00,,15.297523025611063,7.999999999999854,4.999999999999976,0.0,0.640953439559103,defrost
2024-11-08 14:30:00,,14.985143418378536,7.9999999999999645,4.999999999999979,0.0,0.6543147253415434,defrost
2024-11-08 14:35:00,,15.103169651932113,7.99999999999994,5.0000000000000036,0.0,0.6492014739929555,defrost
2024-11-08 14:40:00,3.039585575694872,15.590520592493407,7.999999999999999,4.999999999999986,6197.705002183436,0.6289077995715521,steady_state_heating
2024-11-08 14:45:00,2.9805879969363454,15.120329984164304,8.00000000000002,4.999999999999943,6318.237024522255,0.6484646836589465,steady_state_heating
2024-11-08 14:50:00,3.0338910770233944,15.544632475981786,7.99999999999995,4.999999999999993,6209.334275582582,0.6307643500191997,steady_state_heating
2024-11-08 14:55:00,2.994917683701439,15.233476580059266,7.999999999999996,5.000000000000014,6288.956567340044,0.643648214409232,steady_state_heating
2024-11-08 15:00:00,3.0118263524382205,15.367853215000231,8.000000000000018,4.999999999999986,6254.407590236775,0.6380201491272405,steady_state_heating
2024-11-08 15:05:00,3.007870116039384,15.336327659203624,8.000000000000021,4.999999999999986,6262.490855628006,0.6393316716936353,steady_state_heating
2024-11-08 15:10:00,3.0367318727209236,15.567510885854432,7.999999999999998,5.000000000000014,6203.532611569472,0.6298373626903583,steady_state_heating
2024-11-08 15:15:00,2.9923767072518794,15.213364195134961,7.999999999999983,4.999999999999986,6294.148698890366,0.6444991307797339,steady_state_heating
2024-11-08 15:20:00,2.9867066672910263,15.168560752628501,8.000000000000004,4.999999999999972,6305.7346212745115,0.6464027906076011,steady_state_heating
2024-11-08 15:25:00,3.0019226702069033,15.289032322425486,7.999999999999975,5.0,6274.643034557513,0.641309390498072,steady_state_heating
2024-11-08 15:30:00,,15.516910775937113,7.999999999999549,4.999999999999998,0.0,0.6318912405686526,defrost
2024-11-08 15:35:00,,15.507985574636875,7.999999999999542,5.000000000000005,0.0,0.6322549084670264,defrost
2024-11-08 15:40:00,,15.830788831610702,7.999999999998618,5.000000000000018,0.0,0.6193626928066603,defrost
2024-11-08 15:45:00,3.091810372211834,16.016514594417124,7.999999999999979,4.999999999999986,6091.157827905745,0.6121806303237621,steady_state_heating
2024-11-08 15:50:00,3.0237963270878194,15.463553220238486,7.999999999999978,5.000000000000014,6229.953413216327,0.6340716043947364,steady_state_heating
2024-11-08 15:55:00,3.0383711126331767,15.580724895906599,8.000000000000014,4.999999999999986,6200.185031415136,0.629303197733501,steady_state_heating
2024-11-08 16:00:00,3.0247951778593003,15.471560612184179,8.00000000000002,5.0,6227.913013849695,0.6337434371215496,steady_state_heating
2024-11-08 16:05:00,3.1364713726589843,16.388338948993994,7.999999999999984,4.999999999999986,6000.2657997106535,0.598291262495635,steady_state_heating
2024-11-08 16:10:00,3.0899201677843644,16.00093243664425,8.00000000000001,5.000000000000021,6095.009929786109,0.6127767890291974,steady_state_heating
2024-11-08 16:15:00,3.105136978152941,16.126728459831856,8.000000000000009,4.999999999999979,6064.010286693385,0.6079968435273219,steady_state_heating
2024-11-08 16:20:00,3.0587537962722053,15.745790055801614,8.000000000000007,4.999999999999979,6158.573785129179,0.6227061306706102,steady_state_heating
2024-11-08 16:25:00,3.114513629913187,16.204649104231645,7.999999999999975,5.000000000000021,6044.921654078998,0.6050732685991675,steady_state_heating
2024-11-08 16:30:00,,16.336435140161313,7.999999999994962,5.000000000012257,0.0,0.6001921420356564,defrost
2024-11-08 16:35:00,,16.16317494220417,7.999999999996632,5.000000000000016,0.0,0.6066258662088638,defrost
2024-11-08 16:40:00,,16.556403952447525,7.999999999992088,5.000000000031218,0.0,0.6,defrost
2024-11-08 16:45:00,3.2006376712631077,16.935125759531594,7.999999999999995,4.999999999999986,5870.2029446410215,0.5789741475336523,steady_state_heating
2024-11-08 16:50:00,3.0934665504305308,16.030177758014922,8.000000000000039,4.999999999999972,6087.782966589241,0.6116588442132284,steady_state_heating
2024-11-08 16:55:00,3.0861796619684125,15.970133704736424,8.000000000000005,4.999999999999929,6102.6339082305085,0.6139585416928619,steady_state_heating
2024-11-08 17:00:00,3.0939854556538653,16.03446059806712,8.000000000000036,5.0,6086.725633072194,0.611495468776914,steady_state_heating
2024-11-08 17:05:00,3.1732420759549265,16.69983161083289,7.999999999999973,5.000000000000028,5925.646077712783,0.587131668659442,steady_state_heating
2024-11-08 17:10:00,3.157486258237158,16.56575972347345,7.9999999999999805,4.999999999999936,5957.593064910591,0.5918835093392344,steady_state_heating
2024-11-08 17:15:00,3.1169875612394415,16.2252593959026,7.999999999999993,5.000000000000064,6039.887147952727,0.6043046684650281,steady_state_heating
2024-11-08 17:20:00,3.118624522031324,16.238908807779172,8.000000000000005,4.9999999999999645,6036.556329072713,0.6037967277273555,steady_state_heating
2024-11-08 17:25:00,3.094352510484888,16.03749069193085,7.999999999999999,5.000000000000014,6085.97773109351,0.6113799339527172,steady_state_heating
2024-11-08 17:30:00,3.151942422156184,16.518800251472292,8.000000000000007,5.000000000000007,5968.843681232325,0.5935661095681627,steady_state_heating
2024-11-08 17:35:00,3.115183037904494,16.21022379740816,8.000000000000025,4.999999999999993,6043.55931652388,0.6048651840061392,steady_state_heating
2024-11-08 17:40:00,3.1320337393384357,16.351076866546613,8.000000000000028,5.000000000000021,6009.285320610487,0.5996546943070438,steady_state_heating
2024-11-08 17:45:00,3.1630566298979956,16.613056451337883,7.999999999999942,5.000000000000028,5946.293633434251,0.5901984399270721,steady_state_heating
2024-11-08 17:50:00,3.1403017327627385,16.420558619209643,8.000000000000016,5.000000000000014,5992.48286963767,0.5971173227036003,steady_state_heating
2024-11-08 17:55:00,3.1334945578220794,16.363335338075053,7.999999999999972,4.999999999999979,6006.315884563938,0.5992054674321338,steady_state_heating
2024-11-08 18:00:00,,16.374975858768792,7.999999999994515,5.000000000015945,0.0,0.6,defrost
2024-11-08 18:05:00,,16.668308884860288,7.99999999999029,5.000000000039156,0.0,0.6,defrost
2024-11-08 18:10:00,,16.867904276323685,7.999999999986219,4.99999999995091,0.0,0.6,defrost
2024-11-08 18:15:00,3.1514817708011593,16.51490328325816,7.999999999999998,4.999999999999972,5969.778744153799,0.5937061714396918,steady_state_heating
2024-11-08 18:20:00,3.1579834644211524,16.56997679645318,7.999999999999975,5.000000000000021,5956.584281005523,0.5917328744901311,steady_state_heating
2024-11-08 18:25:00,3.124046214244062,16.284184188843586,8.000000000000012,5.000000000000007,6025.527015296977,0.6021179744894724,steady_state_heating
2024-11-08 18:30:00,3.1020342659385047,16.101012825220977,8.000000000000016,5.0,6070.329001018144,0.6089679019844779,steady_state_heating
2024-11-08 18:35:00,3.143340957620155,16.446161043070024,7.999999999999925,5.0,5986.309003064182,0.5961877652980648,steady_state_heating
2024-11-08 18:40:00,3.1329914039592026,16.359112256136644,8.000000000000025,5.0,6007.3386215011615,0.5993601514851105,steady_state_heating
2024-11-08 18:45:00,3.0762838743142575,15.888887326340074,7.999999999999972,4.999999999999986,6122.81039271941,0.6170979627846948,steady_state_heating
2024-11-08 18:50:00,3.101952562714294,16.100336116076974,7.9999999999999964,5.0,6070.495405878898,0.6089934973599234,steady_state_heating
2024-11-08 18:55:00,3.1129710980507115,16.191809243521835,7.9999999999999805,4.999999999999979,6048.061135063514,0.6055530825823484,steady_state_heating
2024-11-08 19:00:00,3.099855849351944,16.082978037373316,8.000000000000014,4.999999999999986,6074.766042140792,0.6096507734584553,steady_state_heating
2024-11-08 19:05:00,3.1588598642280377,16.577412202516673,8.0,5.000000000000028,5954.806247638461,0.5914674667081916,steady_state_heating
2024-11-08 19:10:00,3.1151085728359664,16.209603589179807,8.0,5.000000000000014,6043.710860386851,0.6048883272225737,steady_state_heating
2024-11-08 19:15:00,3.1373578646944904,16.39579113196575,7.999999999999984,4.999999999999993,5998.464339828394,0.598019328319197,steady_state_heating
2024-11-08 19:20:00,3.0984595579804046,16.071427090500332,7.999999999999991,4.999999999999993,6077.610319802171,0.6100889451065392,steady_state_heating
2024-11-08 19:25:00,3.0958493298181082,16.04985203464375,8.00000000000001,5.000000000000014,6082.9280005079145,0.6109090587773528,steady_state_heating
2024-11-08 19:30:00,3.0553015864522495,15.717733779295445,8.000000000000007,5.000000000000028,6165.619546112979,0.6238176659357765,steady_state_heating
2024-11-08 19:35:00,3.081210458948559,15.92929319412523,8.000000000000005,5.0,6112.764419764928,0.6155326467100316,steady_state_heating
2024-11-08 19:40:00,3.0812731549027252,15.929807941956648,7.999999999999982,5.0,6112.636589033302,0.6155127566965297,steady_state_heating
2024-11-08 19:45:00,3.0226266309869816,15.454180462982883,8.000000000000012,5.000000000000057,6232.342853096022,0.6344561604858782,steady_state_heating
2024-11-08 19:50:00,3.049508403649741,15.670743449470647,8.000000000000028,5.000000000000007,6177.444964983669,0.625688247122136,steady_state_heating
2024-11-08 19:55:00,,15.643394221790132,7.99999999999924,5.000000000000022,0.0,0.6267821331474435,defrost
2024-11-08 20:00:00,,15.809357162613733,7.999999999998721,4.999999999999972,0.0,0.6202023206349613,defrost
2024-11-08 20:05:00,,15.796449891507672,7.999999999998835,4.999999999999972,0.0,0.6207090876331174,defrost
2024-11-08 20:10:00,3.033843133928379,15.544246598017956,7.999999999999975,4.999999999999979,6209.4321915873015,0.6307800084212667,steady_state_heating
2024-11-08 20:15:00,3.0644821082198357,15.79243410046527,8.000000000000002,4.999999999999979,6146.884598288126,0.6208669251126478,steady_state_heating
2024-11-08 20:20:00,3.027375735316914,15.492263355767111,7.999999999999982,5.000000000000014,6222.64176626789,0.632896548092182,steady_state_heating
2024-11-08 20:25:00,2.939007439229827,14.795768695091445,7.999999999999977,5.000000000000014,6403.170892230161,0.6626894622415163,steady_state_heating
2024-11-08 20:30:00,3.0050438671716164,15.313838181632546,8.000000000000025,5.000000000000021,6268.265548948866,0.6402705764359014,steady_state_heating
2024-11-08 20:35:00,3.046476409888658,15.646195412383126,7.9999999999999805,5.0,6183.634942745473,0.6266699182498947,steady_state_heating
2024-11-08 20:40:00,2.960638897026048,14.963922772216987,8.00000000000001,4.999999999999993,6358.994346610186,0.6552426224896462,steady_state_heating
2024-11-08 20:45:00,3.012517841251011,15.373368715100751,7.999999999999977,4.999999999999986,6252.994796352559,0.637791246779171,steady_state_heating
2024-11-08 20:50:00,,15.71543905460195,7.999999999999101,4.999999999999989,0.0,0.6239087540560183,defrost
2024-11-08 20:55:00,,15.093248030701828,7.99999999999994,5.0000000000000036,0.0,0.6496282297922373,defrost
2024-11-08 21:00:00,,15.153957448849752,7.999999999999957,5.0000000000000435,0.0,0.6470257048758067,defrost
2024-11-08 21:05:00,2.9385765167816804,14.792434006060708,7.999999999999995,5.0,6404.050660092324,0.6628388536993121,steady_state_heating
2024-11-08 21:10:00,3.021369953433768,15.444115810937559,7.9999999999999645,4.999999999999986,6234.910031795886,0.634869624135819,steady_state_heating
2024-11-08 21:15:00,2.9588004408005912,14.949573235965975,8.000000000000018,5.000000000000043,6362.749806621397,0.6558715653775942,steady_state_heating
2024-11-08 21:20:00,2.95947361083308,14.95482621076793,8.00000000000002,5.000000000000021,6361.374721372176,0.65564118645124,steady_state_heating
2024-11-08 21:25:00,2.9962230403026826,15.243816993426245,7.999999999999981,5.000000000000014,6286.2892608648035,0.6432116053497837,steady_state_heating
2024-11-08 21:30:00,2.9697747107182657,15.035390893411305,7.999999999999957,5.000000000000028,6340.3305938880385,0.6521280404021065,steady_state_heating
2024-11-08 21:35:00,2.90433873362863,14.52935210366239,8.000000000000025,4.999999999999979,6473.900175201777,0.674840827728888,steady_state_heating
2024-11-08 21:40:00,2.8983708713221024,14.483869528454177,7.9999999999999645,5.000000000000021,6486.062927387865,0.6769599781838443,steady_state_heating
2024-11-08 21:45:00,2.9332016725658256,14.750890195379862,7.999999999999961,5.000000000000014,6415.02279453777,0.6647056462443889,steady_state_heating
2024-11-08 21:50:00,2.892221078732718,14.437115566401028,7.999999999999998,5.000000000000014,6498.591738200913,0.6791522832177654,steady_state_heating
2024-11-08 21:55:00,,14.01178971625953,7.999999999999993,5.000000000000007,0.0,0.6997678525407861,defrost
2024-11-08 22:00:00,,14.430150909548857,8.000000000000014,4.999999999999987,0.0,0.6794800734559009,defrost
2024-11-08 22:05:00,,14.084168791309493,7.99999999996723,5.000000000000027,0.0,0.6961717191326263,defrost
2024-11-08 22:10:00,2.929944446859164,14.725758503145874,8.00000000000002,5.000000000000014,6421.6709966539165,0.6658400650740903,steady_state_heating
2024-11-08 22:15:00,2.8834965904622916,14.370987088700145,8.000000000000005,4.999999999999972,6516.356993576863,0.6822774204361809,steady_state_heating
2024-11-08 22:20:00,2.8488450741695015,14.110630847938541,7.9999999999999645,5.000000000000028,6586.79326459021,0.6948661690368314,steady_state_heating
2024-11-08 22:25:00,2.8491432356606636,14.112855632675307,7.999999999999922,5.000000000000021,6586.188148682108,0.6947566286513002,steady_state_heating
2024-11-08 22:30:00,2.8132775027665953,13.84713680042556,7.999999999999949,5.000000000000021,6658.832346284684,0.7080886208691649,steady_state_heating
2024-11-08 22:35:00,2.837617925274784,14.027051120875862,8.000000000000004,5.000000000000014,6609.564879046095,0.6990065064643297,steady_state_heating
2024-11-08 22:40:00,2.893019057168319,14.443175634879033,8.000000000000021,4.999999999999993,6496.966320639498,0.6788673244630324,steady_state_heating
2024-11-08 22:45:00,2.912363518113014,14.590685214944868,7.999999999999981,5.0,6457.538780962803,0.6720040803811597,steady_state_heating
2024-11-08 22:50:00,2.8649167989833804,14.230934303428855,7.999999999999947,4.999999999999986,6554.15083343343,0.6889920078991261,steady_state_heating
2024-11-08 22:55:00,,14.047835337235103,8.000000000011802,5.000000000000022,0.0,0.6979723042461167,defrost
2024-11-08 23:00:00,,13.965587675448088,8.000000000000028,4.9999999999999725,0.0,0.7020828788492347,defrost
2024-11-08 23:05:00,,13.794833142614394,8.000000000000018,4.999999999999982,0.0,0.7107733670015055,defrost
2024-11-08 23:10:00,2.8858866360902513,14.389079536968259,7.999999999999991,4.999999999999979,6511.491347677944,0.6814195428421331,steady_state_heating
2024-11-08 23:15:00,2.8211820301157964,13.90537182987094,7.999999999999915,4.999999999999979,6642.849067852203,0.7051231797295269,steady_state_heating
2024-11-08 23:20:00,2.888254680699372,14.407022718790039,8.000000000000018,5.0,6506.669669334252,0.6805708709830823,steady_state_heating
2024-11-08 23:25:00,2.857126337730736,14.172522277535114,7.9999999999999405,5.000000000000021,6569.979849534708,0.6918316872602078,steady_state_heating
2024-11-08 23:30:00,2.7642852794274333,13.490255633005829,7.999999999999885,4.999999999999986,6757.482777842956,0.7268209192426771,steady_state_heating
2024-11-08 23:35:00,2.7835261108043596,13.629587001331675,7.999999999999959,4.999999999999972,6718.831584115515,0.7193908369374653,steady_state_heating
2024-11-08 23:40:00,2.7740140706769614,13.560573388089225,7.999999999999958,4.999999999999986,6737.9555717581425,0.7230520214294259,steady_state_heating
2024-11-08 23:45:00,2.7781358238719296,13.590446385818636,7.999999999999862,5.000000000000021,6729.672532506784,0.7214626894250755,steady_state_heating
2024-11-08 23:50:00,,13.455611867752555,8.000000000000828,5.000000000000026,0.0,0.7286922435313754,defrost
2024-11-08 23:55:00,,13.973719620380272,7.999999999999972,5.000000000000027,0.0,0.7016743047928127,defrost
2024-11-09 00:00:00,,13.167821819641025,8.000000000007336,4.999999999999997,0.0,0.7446182166115685,defrost
2024-11-09 00:05:00,2.742873199855467,13.336442128445302,7.9999999999998055,5.000000000000014,6800.334680506678,0.735203580202768,steady_state_heating
2024-11-09 00:10:00,2.7537547118236456,13.414446993588626,7.99999999999985,5.000000000000007,6778.579952384646,0.7309283792828913,steady_state_heating
2024-11-09 00:15:00,2.7309892560930162,13.251632173109828,7.999999999999849,5.0,6824.037329609969,0.7399088558989939,steady_state_heating
2024-11-09 00:20:00,2.732123742856985,13.259711358527229,7.999999999999804,4.999999999999979,6821.777214991384,0.7394580270176456,steady_state_heating
2024-11-09 00:25:00,2.6974803497023503,13.014613540354928,7.9999999999997495,4.999999999999979,6890.522624001313,0.7533838764860177,steady_state_heating
2024-11-09 00:30:00,2.722488569671433,13.191209375620051,7.999999999999807,5.000000000000014,6840.954015643022,0.7432980343805001,steady_state_heating
2024-11-09 00:35:00,2.7267927013130833,13.221777905104636,7.999999999999847,5.0,6832.392705965625,0.7415795417509243,steady_state_heating
2024-11-09 00:40:00,2.720928191184379,13.180140095234734,7.999999999999824,5.000000000000028,6844.055650658627,0.7439222898355223,steady_state_heating
2024-11-09 00:45:00,2.7202900341148784,13.17561497809409,7.999999999999853,5.0,6845.323818868302,0.7441777872457477,steady_state_heating
2024-11-09 00:50:00,,13.291510367419214,8.000000000003208,4.999999999999974,0.0,0.7376889254086935,defrost
2024-11-09 00:55:00,,13.168432639688776,8.000000000007276,4.999999999999998,0.0,0.7445836773655495,defrost
2024-11-09 01:00:00,,12.961786162054937,8.000000000024958,4.999999999999998,0.0,0.7564543865646933,defrost
2024-11-09 01:05:00,2.654982954099412,12.718438797247961,7.999999999999581,5.000000000000028,6973.986492856473,0.7709279539971237,steady_state_heating
2024-11-09 01:10:00,2.671161790611444,12.830616828511562,7.999999999999689,5.00000000000005,6942.335245026354,0.7641877339998046,steady_state_heating
2024-11-09 01:15:00,2.672780318929159,12.841877898410127,7.999999999999667,4.999999999999993,6939.16018453566,0.7635176161590737,steady_state_heating
2024-11-09 01:20:00,2.6794575623036727,12.888410433933434,7.999999999999709,5.000000000000021,6926.045384987346,0.7607609992140513,steady_state_heating
2024-11-09 01:25:00,2.66051846189646,12.756740783465645,7.999999999999657,5.0,6963.1752442531915,0.7686132505497426,steady_state_heating
2024-11-09 01:30:00,2.647893511919248,12.669504360328364,7.999999999999616,4.999999999999993,6987.8042894281925,0.773905570505354,steady_state_heating
2024-11-09 01:35:00,2.635834656131719,12.58657627846641,7.999999999999504,4.999999999999986,7011.231879208225,0.779004534916676,steady_state_heating
2024-11-09 01:40:00,2.6097784297149293,12.408699944115728,7.999999999999325,4.999999999999993,7061.504955638873,0.7901714155518426,steady_state_heating
2024-11-09 01:45:00,2.6389437386601022,12.607920333418937,7.999999999999552,5.000000000000021,7005.201005983713,0.7776857515517897,steady_state_heating
2024-11-09 01:50:00,2.5958151320832155,12.314107933205747,7.999999999999218,4.999999999999979,7088.23538409527,0.7962411936929845,steady_state_heating
2024-11-09 01:55:00,2.6065232145373414,12.386602733975634,7.999999999999336,4.999999999999972,7067.750179719586,0.7915810501539315,steady_state_heating
2024-11-09 02:00:00,2.6155407242520687,12.447883618005886,7.999999999999375,4.999999999999986,7050.430008629796,0.787684099634178,steady_state_heating
2024-11-09 02:05:00,2.592115855590531,12.289132493924765,7.999999999999119,4.999999999999979,7095.290952371836,0.797859409917435,steady_state_heating
2024-11-09 02:10:00,2.622735744290028,12.49693183743338,7.999999999999382,4.999999999999993,7036.5666216323925,0.784592580606869,steady_state_heating
2024-11-09 02:15:00,2.619628366167691,12.475732288790299,7.999999999999449,5.000000000000014,7042.558603673828,0.7859258096464594,steady_state_heating
2024-11-09 02:20:00,2.585637411129959,12.245478743212143,7.999999999999121,5.000000000000071,7107.620007864378,0.8007036887336948,steady_state_heating
2024-11-09 02:25:00,2.58288504177731,12.226965132261368,7.999999999999117,4.999999999999979,7112.8473625881015,0.8019160841580449,steady_state_heating
2024-11-09 02:30:00,2.5981244390320497,12.32971702290307,7.999999999999202,5.0,7083.825256176729,0.7952331737854744,steady_state_heating
2024-11-09 02:35:00,2.565093615679399,12.107760445453007,7.999999999998851,5.000000000000014,7146.478539584397,0.8098111987078677,steady_state_heating
2024-11-09 02:40:00,2.569033248050151,12.134086792798977,7.999999999998849,5.000000000000007,7139.0556383947105,0.8080542168050768,steady_state_heating
2024-11-09 02:45:00,2.6124923247092355,12.427143658845145,7.999999999999364,5.000000000000028,7056.292065790143,0.7889986845867992,steady_state_heating
2024-11-09 02:50:00,2.6045010643537045,12.372889768011637,7.999999999999236,5.000000000000021,7071.625601942285,0.7924583653326852,steady_state_heating
2024-11-09 02:55:00,2.5965477070836007,12.319058066112747,7.999999999999195,4.999999999999972,7086.836837067411,0.7959212423043597,steady_state_heating
2024-11-09 03:00:00,2.6050574586655904,12.376661827766672,7.999999999999291,5.000000000000014,7070.559597821978,0.7922168462260789,steady_state_heating
2024-11-09 03:05:00,2.5347351204686692,11.906208923149638,7.999999999998291,5.0,7203.188148968642,0.8235199015310248,steady_state_heating
2024-11-09 03:10:00,2.5974147382487818,12.324918536916854,7.999999999999215,4.999999999999986,7085.181042449851,0.7955427835592631,steady_state_heating
2024-11-09 03:15:00,2.5706447541779305,12.144866975065574,7.999999999998938,5.000000000000014,7136.015273284051,0.8073369613788669,steady_state_heating
2024-11-09 03:20:00,2.5835779750205137,12.231624263238645,7.999999999999105,4.999999999999915,7111.53193474579,0.8016106274183296,steady_state_heating
2024-11-09 03:25:00,2.5619222065668223,12.08659637716116,7.999999999998815,5.000000000000007,7152.4437164575,0.8112292074655136,steady_state_heating
2024-11-09 03:30:00,2.549926215249804,12.006772899803366,7.999999999998632,5.0,7174.922393321319,0.8166224248449454,steady_state_heating
2024-11-09 03:35:00,2.5365689363413497,11.918317942855023,7.999999999998327,4.999999999999993,7199.78824623842,0.8226832047116232,steady_state_heating
2024-11-09 03:40:00,2.552697851163312,12.025183545579983,7.999999999998639,5.000000000000021,7169.740876238196,0.815372169816398,steady_state_heating
2024-11-09 03:45:00,2.5370228116108025,11.921316262543503,7.999999999998423,5.0,7198.946232397806,0.8224762923878696,steady_state_heating
2024-11-09 03:50:00,2.562197659295606,12.088433569267815,7.999999999998781,4.999999999999993,7151.925977379293,0.8111059173892528,steady_state_heating
2024-11-09 03:55:00,2.5173269539074536,11.727468696072963,7.999999999997641,4.999999999999979,7167.82573405632,0.8262264035421075,steady_state_heating
2024-11-09 04:00:00,2.5269404712042047,11.854833133799474,7.9999999999982006,5.0,7217.6008946621305,0.827088824392207,steady_state_heating
2024-11-09 04:05:00,2.582140745562568,12.221962021625021,7.999999999999018,5.0,7114.259839776751,0.8022443518194095,steady_state_heating
2024-11-09 04:10:00,2.519718257333484,11.781740958231937,7.999999999997925,4.999999999999993,7204.101199469663,0.8283144790114247,steady_state_heating
2024-11-09 04:15:00,2.5190950909071077,11.767557706367748,7.999999999997865,5.000000000000021,7194.644622002706,0.8277706504307479,steady_state_heating
2024-11-09 04:20:00,2.514527435006201,11.664456245084436,7.999999999997378,5.000000000000007,7125.401507862484,0.8237776808189663,steady_state_heating
2024-11-09 04:25:00,2.522823499195788,11.827758575431066,7.999999999998099,5.000000000000078,7225.187783390032,0.8289820879813371,steady_state_heating
2024-11-09 04:30:00,2.5156660311526764,11.690016306233641,7.999999999997524,4.999999999999986,7142.650201077555,0.8247741509665688,steady_state_heating
2024-11-09 04:35:00,2.520085261174248,11.790107228714026,7.999999999997957,4.999999999999979,7209.67158393463,0.8286346534789354,steady_state_heating
2024-11-09 04:40:00,2.5433142012460173,11.962930620494017,7.999999999998536,5.000000000000007,7187.253343804962,0.8196152189667293,steady_state_heating
2024-11-09 04:45:00,2.5163531906883616,11.705487100603719,7.99999999999757,5.000000000000007,7153.063841322433,0.825375172490693,steady_state_heating
2024-11-09 04:50:00,2.5332901999492243,11.896673771763782,7.999999999998378,5.000000000000021,7205.864622137207,0.8241799504725189,steady_state_heating
2024-11-09 04:55:00,2.5341016036258663,11.902027650288028,7.9999999999983675,5.000000000000014,7204.361895692108,0.8238092103375944,steady_state_heating
2024-11-09 05:00:00,2.5469464154153014,11.98700112334342,7.99999999999859,4.999999999999993,7180.484798481704,0.8179693902677453,steady_state_heating
2024-11-09 05:05:00,2.530857715836895,11.880633382099344,7.999999999998304,4.999999999999993,7210.365548266049,0.8252926998633991,steady_state_heating
2024-11-09 05:10:00,2.6032408330210974,12.36434904054715,7.999999999999233,4.999999999999979,7074.039202070945,0.7930057593688018,steady_state_heating
2024-11-09 05:15:00,2.551208614962691,12.015288855807128,7.999999999998655,5.0,7172.525889814907,0.8160436355436534,steady_state_heating
2024-11-09 05:20:00,2.5308999559288528,11.880911797527103,7.999999999998302,4.999999999999979,7210.287441759966,0.825273360083425,steady_state_heating
2024-11-09 05:25:00,2.5171446527154657,11.723348252568915,7.999999999997689,5.000000000000007,7165.061680048101,0.8260670836386399,steady_state_heating
2024-11-09 05:30:00,2.520634494996753,11.802646064495432,7.9999999999980105,5.000000000000057,7218.00935544069,0.829113660738335,steady_state_heating
2024-11-09 05:35:00,2.55090592693701,12.013278439355457,7.999999999998646,4.999999999999993,7173.091685220653,0.8161802000591987,steady_state_heating
2024-11-09 05:40:00,2.5563105685184477,12.049210215048756,7.999999999998755,4.999999999999979,7162.975972897211,0.8137462808769099,steady_state_heating
2024-11-09 05:45:00,2.5567523494281525,12.052150579403847,7.999999999998739,4.999999999999979,7162.147879987146,0.813547751117212,steady_state_heating
2024-11-09 05:50:00,2.5399346604002297,11.94056433214039,7.99999999999843,5.0,7193.539326762002,0.8211504688775801,steady_state_heating
2024-11-09 05:55:00,2.511403754967326,11.594806490932775,7.999999999997062,4.999999999999986,7078.121157731171,0.8210400580524547,steady_state_heating
2024-11-09 06:00:00,2.5264409626501183,11.851545955036093,7.999999999998202,4.999999999999986,7218.522358766901,0.8273182281197282,steady_state_heating
2024-11-09 06:05:00,2.511391845776584,11.59454226517536,7.9999999999970335,4.999999999999986,7077.941013260725,0.8210296098866017,steady_state_heating
2024-11-09 06:10:00,2.510025193844944,11.564286751994993,7.999999999996884,5.000000000000014,7057.274137633705,0.8198300716863862,steady_state_heating
2024-11-09 06:15:00,2.520783087051003,11.806042177570797,7.999999999998028,5.000000000000014,7220.26540036862,0.8292432235747426,steady_state_heating
2024-11-09 06:20:00,2.525351591692634,11.844379147658806,7.999999999998103,4.999999999999972,7220.531055750463,0.8278188225626069,steady_state_heating
2024-11-09 06:25:00,2.537338812054155,11.923404079603946,7.999999999998346,5.0,7198.35987610264,0.8223322747882322,steady_state_heating
2024-11-09 06:30:00,2.5238295785996168,11.83437099407092,7.999999999998133,5.000000000000007,7223.335404817346,0.828518896772152,steady_state_heating
2024-11-09 06:35:00,2.5237767200215377,11.83402352049594,7.999999999998128,4.999999999999986,7223.432754029226,0.82854322395238,steady_state_heating
2024-11-09 06:40:00,2.513645839919117,11.644729030399608,7.999999999997254,5.000000000000028,7112.05155730702,0.8230056157481853,steady_state_heating
2024-11-09 06:45:00,2.5188469485977314,11.76191787471338,7.999999999997822,4.999999999999979,7190.879698363555,0.8275540378479425,steady_state_heating
2024-11-09 06:50:00,2.5089288395061162,11.540109420854993,7.999999999996705,5.000000000000028,7040.7031049327,0.8188669933821568,steady_state_heating
2024-11-09 06:55:00,2.507013459108113,11.498070422305625,7.999999999996435,5.000000000000007,7011.770649099013,0.8171827707842186,steady_state_heating
2024-11-09 07:00:00,2.536670076908171,11.918986037180545,7.9999999999983515,5.000000000000021,7199.600631793486,0.8226370908912807,steady_state_heating
2024-11-09 07:05:00,2.516883082196748,11.717440321790459,7.9999999999976925,4.999999999999979,7161.096092802856,0.8258384537520097,steady_state_heating
2024-11-09 07:10:00,2.536147996190395,11.915537654709201,7.999999999998428,5.0,7200.568973365785,0.8228751638517047,steady_state_heating
2024-11-09 07:15:00,2.5460911377701287,11.98133025457109,7.999999999998568,5.000000000000007,7182.079753138038,0.8183565423596618,steady_state_heating
2024-11-09 07:20:00,2.5165306943601555,11.709488953260346,7.999999999997588,4.999999999999993,7155.754305471778,0.8255303810550714,steady_state_heating
2024-11-09 07:25:00,2.5344725991424744,11.904476135122259,7.999999999998355,4.999999999999979,7203.674584432824,0.823639771184211,steady_state_heating
2024-11-09 07:30:00,2.517080402279087,11.7218966106123,7.999999999997673,5.0,7164.087561464099,0.8260109281799917,steady_state_heating
2024-11-09 07:35:00,2.5093119281377674,11.548547972236781,7.9999999999967635,4.999999999999979,7046.492517773186,0.8192035922175929,steady_state_heating
2024-11-09 07:40:00,2.5232504126856443,11.830564141054682,7.999999999998144,5.000000000000014,7224.401888045882,0.828785498569292,steady_state_heating
2024-11-09 07:45:00,2.5188042241265167,11.760947276073589,7.999999999997836,5.000000000000007,7190.2315012071795,0.8275167384989393,steady_state_heating
2024-11-09 07:50:00,2.519197714708794,11.7698914731643,7.9999999999978435,5.0,7196.201782926286,0.8278602241652177,steady_state_heating
2024-11-09 07:55:00,2.572600222469189,12.157956990788032,7.999999999998913,4.999999999999972,7132.322857193871,0.8064677319905932,steady_state_heating
2024-11-09 08:00:00,2.5144500866081194,11.662723227489936,7.9999999999974065,5.000000000000007,7124.230035659399,0.8237099602616376,steady_state_heating
2024-11-09 08:05:00,2.545935409351197,11.98029790438985,7.999999999998604,5.0,7182.370084508513,0.8184270606832922,steady_state_heating
2024-11-09 08:10:00,2.521026346757597,11.811605447847773,7.999999999998003,4.999999999999986,7223.959049811638,0.8294553031852052,steady_state_heating
2024-11-09 08:15:00,2.5633856604054164,12.096359409095356,7.999999999998826,4.999999999999986,7149.692218404878,0.8105744603312239,steady_state_heating
2024-11-09 08:20:00,2.5504435893310506,12.010208096205941,7.999999999998611,5.000000000000028,7173.955733347265,0.8163888520047737,steady_state_heating
2024-11-09 08:25:00,2.55009709395072,12.007907404412714,7.999999999998643,4.999999999999922,7174.60315267736,0.8165452705270542,steady_state_heating
2024-11-09 08:30:00,2.5261063669674853,11.849344386360322,7.99999999999811,5.000000000000007,7219.139454561763,0.8274719410878509,steady_state_heating
2024-11-09 08:35:00,2.5328362600636325,11.893679261137295,7.999999999998286,5.000000000000021,7206.705028166098,0.8243874569611045,steady_state_heating
2024-11-09 08:40:00,2.565834324775165,12.112707172721155,7.99999999999887,4.999999999999993,7145.083997992033,0.8094804786564714,steady_state_heating
2024-11-09 08:45:00,2.5873338050458035,12.25689911723754,7.9999999999990905,4.999999999999972,7104.394999925804,0.7999576325312735,steady_state_heating
2024-11-09 08:50:00,2.5594501079829737,12.070116792145035,7.999999999998725,5.000000000000021,7157.087114638722,0.8123367958113618,steady_state_heating
2024-11-09 08:55:00,2.5393488737292786,11.936690424692001,7.999999999998382,5.000000000000021,7194.627737614223,0.8214169632578878,steady_state_heating
2024-11-09 09:00:00,2.565177688612148,12.108321845167758,7.999999999998874,4.999999999999979,7146.320279633652,0.8097736519873739,steady_state_heating
2024-11-09 09:05:00,2.612197010021164,12.425135758829542,7.999999999999378,5.000000000000021,7056.859582088823,0.7891261866521156,steady_state_heating
2024-11-09 09:10:00,2.568437406373957,12.130102581581621,7.999999999998925,5.0,7140.179199660198,0.8083196274768473,steady_state_heating
2024-11-09 09:15:00,2.609677284658727,12.40801293061395,7.999999999999336,5.0,7061.699127983933,0.7902151661857463,steady_state_heating
2024-11-09 09:20:00,2.562018448740745,12.087238263460339,7.999999999998829,4.999999999999986,7152.262828272658,0.8111861275739435,steady_state_heating
2024-11-09 09:25:00,2.580604707354167,12.211641368356068,7.999999999999032,4.999999999999986,7117.173336774513,0.8029223676194439,steady_state_heating
2024-11-09 09:30:00,2.6034730808895947,12.365922699864495,7.99999999999924,4.999999999999979,7073.594493631785,0.7929048432518061,steady_state_heating
2024-11-09 09:35:00,2.5950167884255624,12.308714971403525,7.999999999999268,4.999999999999993,7089.758994372788,0.7965900601955332,steady_state_heating
2024-11-09 09:40:00,2.567192744000275,12.121782822117105,7.999999999998938,5.0,7142.525191484233,0.8088744159077021,steady_state_heating
2024-11-09 09:45:00,2.570766396674502,12.145680972245431,7.999999999998934,4.999999999999986,7135.785680925136,0.8072828540783987,steady_state_heating
2024-11-09 09:50:00,2.623657933708749,12.503228194175762,7.999999999999416,4.999999999999993,7034.787003497615,0.7841974766618557,steady_state_heating
2024-11-09 09:55:00,2.632708218541009,12.565138880626105,7.999999999999513,5.000000000000021,7017.2897168201325,0.7803335954462143,steady_state_heating
2024-11-09 10:00:00,2.646791130860049,12.66190729144103,7.9999999999995275,5.0,6989.9499809905465,0.774369909233802,steady_state_heating
2024-11-09 10:05:00,2.6645276309293595,12.784532885428598,7.999999999999634,4.999999999999986,6955.333196598969,0.7669423738723716,steady_state_heating
2024-11-09 10:10:00,2.639442274676923,12.611345199125774,7.999999999999472,5.000000000000014,7004.233353573043,0.7774745552662927,steady_state_heating
2024-11-09 10:15:00,2.6329904800620323,12.56707323381966,7.999999999999474,5.000000000000014,7016.743080420516,0.7802134846810195,steady_state_heating
2024-11-09 10:20:00,2.679090892284086,12.885852039030983,7.999999999999652,5.000000000000007,6926.766226572992,0.7609120429367695,steady_state_heating
2024-11-09 10:25:00,2.6776128902765772,12.875543160571866,7.999999999999684,5.000000000000007,6929.671074713738,0.7615212715860681,steady_state_heating
2024-11-09 10:30:00,2.637602465318232,12.598709263178085,7.999999999999547,5.000000000000021,7007.803563389835,0.7782543271045085,steady_state_heating
2024-11-09 10:35:00,2.647027105215138,12.663533238453969,7.999999999999538,5.000000000000021,6989.490743784429,0.7742704832349813,steady_state_heating
2024-11-09 10:40:00,2.686407672015837,12.936973069132145,7.999999999999691,5.000000000000007,6912.367786977843,0.7579052648254265,steady_state_heating
2024-11-09 10:45:00,2.677422778341525,12.874217583720295,7.999999999999727,5.000000000000078,6930.044627965346,0.7615996806204839,steady_state_heating
2024-11-09 10:50:00,,12.941376519602668,8.000000000027857,4.999999999999997,0.0,0.7576473789436609,defrost
2024-11-09 10:55:00,,13.154243590230902,8.000000000007958,4.999999999999998,0.0,0.745386835262938,defrost
2024-11-09 11:00:00,,13.121013837005927,8.00000000000992,5.0000000000000275,0.0,0.7472745720568043,defrost
2024-11-09 11:05:00,2.7352828206802915,13.28222754654682,7.999999999999897,4.999999999999993,6815.480762539824,0.7382044890918277,steady_state_heating
2024-11-09 11:10:00,2.66620519716225,12.796174831287663,7.999999999999645,5.000000000000014,6952.048924214409,0.7662446105398625,steady_state_heating
2024-11-09 11:15:00,2.7265343312791983,13.219941468999515,7.999999999999823,5.000000000000021,6832.906865072064,0.7416825575962285,steady_state_heating
2024-11-09 11:20:00,2.745390672957998,13.354459077448672,7.999999999999826,4.999999999999993,6795.305913381185,0.7342116923745305,steady_state_heating
2024-11-09 11:25:00,2.699604234431261,13.029544370974829,7.999999999999774,4.999999999999979,6886.3250220945265,0.7525205579591897,steady_state_heating
2024-11-09 11:30:00,2.7245850904198314,13.206092703343767,7.999999999999801,5.000000000000007,6836.784900478896,0.7424603340484935,steady_state_heating
2024-11-09 11:35:00,2.7304784551633583,13.247995707650082,7.999999999999898,4.99999999999995,6825.054757493306,0.740111954772002,steady_state_heating
2024-11-09 11:40:00,2.7634461432741304,13.4842031933463,7.999999999999908,4.999999999999986,6759.1654512064315,0.7271471557798986,steady_state_heating
2024-11-09 11:45:00,2.82481163257833,13.932173901873407,7.999999999999957,4.999999999999972,6635.504453458902,0.7037666963575262,steady_state_heating
2024-11-09 11:50:00,2.8417982947004554,14.058127572530838,7.9999999999999325,4.9999999999999645,6601.08918812592,0.6974613048154921,steady_state_heating
2024-11-09 11:55:00,2.772580603285049,13.550195555060245,7.999999999999908,4.999999999999986,6740.8348782633975,0.7236057930055753,steady_state_heating
2024-11-09 12:00:00,2.819037153799221,13.889551695231335,7.99999999999994,4.999999999999986,6647.187713904618,0.7059263117445559,steady_state_heating
2024-11-09 12:05:00,,13.982181232421707,7.999999999999986,5.000000000000015,0.0,0.7012496717797001,defrost
2024-11-09 12:10:00,,13.989851562283087,8.000000000000025,4.999999999999974,0.0,0.7008651919105746,defrost
2024-11-09 12:15:00,,14.038474326805561,8.00000000000005,5.000000000000007,0.0,0.6984377199221704,defrost
2024-11-09 12:20:00,2.8471065346453064,14.09766373630142,7.999999999999932,4.999999999999979,6590.321246679678,0.6955053109085141,steady_state_heating
2024-11-09 12:25:00,2.889663587767943,14.417706480725014,7.999999999999991,4.999999999999979,6503.800552852915,0.6800665565711355,steady_state_heating
2024-11-09 12:30:00,2.879739868217986,14.342584363408939,8.000000000000021,5.000000000000014,6524.003178366203,0.6836285394293851,steady_state_heating
2024-11-09 12:35:00,2.829174769918232,13.964444174399897,7.999999999999932,4.999999999999993,6626.6711715690135,0.7021403700388499,steady_state_heating
2024-11-09 12:40:00,2.8927419669223435,14.441071112817015,7.999999999999942,5.000000000000014,6497.5307408393965,0.6789662569625932,steady_state_heating
2024-11-09 12:45:00,2.900893670433168,14.503082959941175,7.999999999999938,5.000000000000071,6480.921889391502,0.6760631534055414,steady_state_heating
2024-11-09 12:50:00,2.884341001885475,14.377377213548128,7.999999999999986,4.999999999999972,6514.638040532661,0.6819741775127478,steady_state_heating
2024-11-09 12:55:00,2.9064801223164403,14.545699073826812,7.999999999999982,4.999999999999986,6469.534897599925,0.6740824177809985,steady_state_heating
2024-11-09 13:00:00,2.8823006235328954,14.361940286948197,8.000000000000018,4.999999999999972,6518.79141897734,0.6827071972239398,steady_state_heating
2024-11-09 13:05:00,2.884602919006774,14.379359728120566,7.9999999999999485,5.000000000000028,6514.104839057191,0.6818801522035186,steady_state_heating
2024-11-09 13:10:00,2.889689344941047,14.417901854512321,8.000000000000012,4.999999999999986,6503.748098013989,0.680057341140199,steady_state_heating
2024-11-09 13:15:00,,13.995532436973726,8.0,5.0,0.0,0.7005807063186049,defrost
2024-11-09 13:20:00,,14.42885068108918,8.000000000000004,4.999999999999996,0.0,0.6795413035114903,defrost
2024-11-09 13:25:00,,14.336908006085112,7.999999999999993,5.000000000000006,0.0,0.6838992058704987,defrost
2024-11-09 13:30:00,2.8703296200363715,14.271627212544093,7.999999999999939,4.999999999999993,6543.146350281433,0.6870274744411671,steady_state_heating
2024-11-09 13:35:00,2.9588502223046307,14.949961648213108,8.000000000000007,5.000000000000021,6362.6481185204475,0.6558545252971894,steady_state_heating
2024-11-09 13:40:00,2.9429907813377247,14.82662162117086,8.00000000000001,4.999999999999979,6395.037949269928,0.6613104623914785,steady_state_heating
2024-11-09 13:45:00,2.935482533287296,14.768508507504164,7.999999999999991,5.000000000000064,6410.366931860006,0.6639126757463623,steady_state_heating
2024-11-09 13:50:00,2.9256284254108325,14.692508966788719,7.999999999999929,4.999999999999979,6430.478942910307,0.6673468787504878,steady_state_heating
2024-11-09 13:55:00,2.956077067995312,14.92833665679952,7.99999999999993,4.999999999999993,6368.312647740525,0.6568045875046669,steady_state_heating
2024-11-09 14:00:00,2.9858764526895354,15.162009386669476,8.000000000000018,5.000000000000028,6307.431035513901,0.6466820953574004,steady_state_heating
2024-11-09 14:05:00,2.9430182105066045,14.826834248001488,8.000000000000021,5.000000000000014,6394.981942541931,0.6613009787521977,steady_state_heating
2024-11-09 14:10:00,2.970056000569119,15.037595650759481,7.999999999999983,5.0,6339.755899561995,0.6520324277707787,steady_state_heating
2024-11-09 14:15:00,3.0037011605482955,15.303163021380847,7.999999999999991,4.999999999999986,6271.009060680539,0.6407172155390964,steady_state_heating
2024-11-09 14:20:00,2.919051206465894,14.641952252475486,7.999999999999977,5.000000000000014,6443.898299220773,0.669651138791434,steady_state_heating
2024-11-09 14:25:00,2.9817908667173842,15.129802049972234,8.000000000000007,5.000000000000007,6315.779208047902,0.6480587100621048,steady_state_heating
2024-11-09 14:30:00,2.9817023550162176,15.129104899230816,7.999999999999915,4.999999999999979,6315.960064096975,0.6480885726754735,steady_state_heating
2024-11-09 14:35:00,2.996198328839034,15.243621189063388,8.000000000000027,5.000000000000021,6286.339755074572,0.6432198674049072,steady_state_heating
2024-11-09 14:40:00,3.001259153233151,15.28376312762557,7.999999999999976,4.999999999999993,6275.998803069449,0.6415304868391586,steady_state_heating
2024-11-09 14:45:00,3.023084104411023,15.457845646951228,8.000000000000025,4.999999999999922,6231.408326474858,0.6343057256451413,steady_state_heating
2024-11-09 14:50:00,3.0866041852646915,15.973626716188873,7.999999999999989,4.999999999999979,6101.7685638406165,0.613824285130119,steady_state_heating
2024-11-09 14:55:00,,15.461816262714867,7.999999999999655,5.0000000000000036,0.0,0.6341428350590416,defrost
2024-11-09 15:00:00,,15.663418336123968,7.999999999999222,4.999999999999981,0.0,0.6259808548551039,defrost
2024-11-09 15:05:00,,16.152862615584496,7.9999999999967315,4.999999999999972,0.0,0.607013148897832,defrost
2024-11-09 15:10:00,3.035617044139785,15.558529354179583,7.99999999999999,5.000000000000007,6205.809341729282,0.6302009513107373,steady_state_heating
2024-11-09 15:15:00,3.120851201999075,16.257490702716126,8.000000000000007,4.999999999999993,6032.026136341741,0.6031066035524093,steady_state_heating
2024-11-09 15:20:00,3.0768454549826427,15.89348895131093,8.000000000000021,4.999999999999972,6121.665139439926,0.616919295067132,steady_state_heating
2024-11-09 15:25:00,3.139963866634182,16.41771448716543,8.000000000000014,4.999999999999979,5993.169294577016,0.5972207646603347,steady_state_heating
2024-11-09 15:30:00,3.117029744281445,16.225611010117955,7.999999999999998,5.000000000000028,6039.801311319031,0.6042915729882717,steady_state_heating
2024-11-09 15:35:00,3.104953279350704,16.125205001563497,7.9999999999999964,5.000000000000014,6064.384360222436,0.6080542851423787,steady_state_heating
2024-11-09 15:40:00,3.102828010546257,16.107588254958152,7.99999999999998,5.000000000000007,6068.712422574993,0.6087193094833355,steady_state_heating
2024-11-09 15:45:00,3.086558919501874,15.973254236082358,7.999999999999986,4.999999999999993,6101.860832287176,0.6138385988905919,steady_state_heating
2024-11-09 15:50:00,3.1200925587278436,16.251157763912058,8.00000000000002,4.999999999999986,6033.56952703846,0.6033416290975493,steady_state_heating
2024-11-09 15:55:00,3.1643259653037994,16.623849898474802,8.000000000000002,5.000000000000021,5943.719522197383,0.5898152389417078,steady_state_heating
2024-11-09 16:00:00,3.138879729810623,16.408591072916153,8.000000000000018,5.000000000000028,5995.371992999165,0.5975528280538369,steady_state_heating
2024-11-09 16:05:00,3.1220837963961774,16.267784407444566,8.000000000000009,5.000000000000007,6029.51869784696,0.6027249780561985,steady_state_heating
2024-11-09 16:10:00,3.1259827896596053,16.300381434861585,7.999999999999915,5.000000000000007,6021.588408096702,0.601519666222662,steady_state_heating
2024-11-09 16:15:00,3.178244809362398,16.742591825572703,8.000000000000014,4.999999999999993,5915.51131607507,0.5856321471699378,steady_state_heating
2024-11-09 16:20:00,3.193664842825429,16.874973741961202,7.999999999999925,4.999999999999972,5884.301248166735,0.5810379411506257,steady_state_heating
2024-11-09 16:25:00,3.136581029434416,16.389260612050958,8.000000000000005,4.999999999999993,6000.042957559646,0.5982576171124168,steady_state_heating
2024-11-09 16:30:00,3.1460460794229634,16.46897695910882,7.999999999999983,4.999999999999986,5980.815006833548,0.5953618141761359,steady_state_heating
2024-11-09 16:35:00,3.1873774396535905,16.820889714834017,7.999999999999973,4.999999999999979,5897.021618450544,0.582906146239885,steady_state_heating
2024-11-09 16:40:00,3.2372028727234166,17.253553641646032,8.000000000000064,5.000000000000021,5796.43255184859,0.568288724957682,steady_state_heating
2024-11-09 16:45:00,3.2329271367881818,17.21605659939202,8.000000000000014,4.999999999999979,5805.044332693815,0.5695264733473432,steady_state_heating
2024-11-09 16:50:00,,16.619129191932895,7.999999999991093,5.000000000035737,0.0,0.6,defrost
2024-11-09 16:55:00,,16.946617796205654,7.99999999998429,4.999999999954888,0.0,0.6,defrost
2024-11-09 17:00:00,,16.82179757334827,7.9999999999872315,5.000000000048466,0.0,0.6,defrost
2024-11-09 17:05:00,3.2108970038228652,17.02395975715246,7.999999999999989,4.999999999999979,5849.47697621205,0.5759529592332668,steady_state_heating
2024-11-09 17:10:00,3.274942146635634,17.58757288032273,7.999999999999994,5.000000000000007,5720.60111597481,0.5574959129789877,steady_state_heating
2024-11-09 17:15:00,3.182886611274928,16.78234945219674,8.000000000000016,5.000000000000014,5906.111741539208,0.5842447762113877,steady_state_heating
2024-11-09 17:20:00,3.1795796599872364,16.75401685308713,7.999999999999989,4.9999999999999645,5912.807867448646,0.5852327884099815,steady_state_heating
2024-11-09 17:25:00,3.212654758296372,17.03921953906926,7.999999999999985,4.999999999999986,5845.928061965695,0.5754371541207097,steady_state_heating
2024-11-09 17:30:00,3.253554847707053,17.397603083014854,8.000000000000014,5.000000000000014,5763.535383688342,0.5635833829070706,steady_state_heating
2024-11-09 17:35:00,3.263302043984827,17.48396031813453,7.99999999999998,4.999999999999972,5743.954844049593,0.5607997170887062,steady_state_heating
2024-11-09 17:40:00,3.2582160138061727,17.438853624786944,7.9999999999999725,5.0,5754.169099567833,0.5622502608808845,steady_state_heating
2024-11-09 17:45:00,3.293853092210936,17.757040697918473,7.999999999999984,4.999999999999993,5682.730159744196,0.552175340857859,steady_state_heating
2024-11-09 17:50:00,3.195812231300471,16.8934791603398,7.999999999999984,5.000000000000021,5879.958466291025,0.5804014618266937,steady_state_heating
2024-11-09 17:55:00,3.288897123881484,17.712491842936444,8.000000000000085,5.000000000000021,5692.646361842533,0.5535641222559046,steady_state_heating
2024-11-09 18:00:00,3.235381228646263,17.237569776169984,8.000000000000025,4.999999999999972,5800.101046740987,0.5688156815211197,steady_state_heating
2024-11-09 18:05:00,3.2824968446133456,17.655104007426747,8.000000000000071,5.000000000000021,5705.461510904007,0.5553634799248675,steady_state_heating
2024-11-09 18:10:00,3.209765269759654,17.014140864247704,8.000000000000012,4.999999999999993,5851.762282876656,0.5762853427764616,steady_state_heating
2024-11-09 18:15:00,3.2448568192477345,17.32085150214702,8.000000000000021,4.999999999999972,5781.026748123351,0.5660807148415655,steady_state_heating
2024-11-09 18:20:00,3.263460409414821,17.48536643514095,8.000000000000012,4.999999999999979,5743.636896716943,0.560754619376723,steady_state_heating
2024-11-09 18:25:00,3.2993887033933733,17.806915278701908,8.000000000000025,4.999999999999993,5671.661520222879,0.5506287780077961,steady_state_heating
2024-11-09 18:30:00,3.202502563302874,16.951244252025358,8.0,4.999999999999986,5866.433930741005,0.5784236162385828,steady_state_heating
2024-11-09 18:35:00,3.254848027910126,17.409039077978285,7.999999999999974,5.000000000000028,5760.936326790473,0.5632131650737079,steady_state_heating
2024-11-09 18:40:00,3.2211109689921584,17.112794209286434,8.000000000000016,5.0,5828.863773585434,0.5729631222164295,steady_state_heating
2024-11-09 18:45:00,3.2717001831599073,17.558661821487963,8.000000000000004,4.999999999999972,5727.102261271959,0.5584138529281781,steady_state_heating
2024-11-09 18:50:00,3.2862727819192266,17.688941214355946,7.9999999999999725,4.999999999999979,5697.899797161652,0.554301124142043,steady_state_heating
2024-11-09 18:55:00,3.3056715772642034,17.863670559609563,7.999999999999974,4.9999999999999645,5659.108210329765,0.5488793564167878,steady_state_heating
2024-11-09 19:00:00,3.2404971205970567,17.28249100245528,8.000000000000007,4.999999999999979,5789.800323565393,0.5673371968547256,steady_state_heating
2024-11-09 19:05:00,3.2902778949259215,17.724893712421117,8.000000000000028,4.999999999999936,5689.883010979058,0.5531768008926852,steady_state_heating
2024-11-09 19:10:00,3.302008920129237,17.83056539707041,7.999999999999989,4.999999999999993,5666.425038180295,0.5498984346066212,steady_state_heating
2024-11-09 19:15:00,3.2004661223781867,16.93364369421223,7.999999999999984,4.999999999999929,5870.549685212291,0.5790248204732966,steady_state_heating
2024-11-09 19:20:00,3.2703431628002964,17.546572456184155,7.999999999999978,4.999999999999972,5729.824260552914,0.5587985929721742,steady_state_heating
2024-11-09 19:25:00,3.269686362820944,17.540723771179245,7.999999999999985,5.0,5731.141871023871,0.558984915782687,steady_state_heating
2024-11-09 19:30:00,3.227370420476444,17.16742992090261,7.999999999999995,4.999999999999979,5816.242052525114,0.5711396548682978,steady_state_heating
2024-11-09 19:35:00,3.194891372948734,16.885541433513165,7.999999999999978,5.0,5881.820661115303,0.5806743028411147,steady_state_heating
2024-11-09 19:40:00,3.268003142762021,17.525742697763594,8.000000000000023,4.999999999999986,5734.519059859336,0.559462738275347,steady_state_heating
2024-11-09 19:45:00,3.1924697574327494,16.864682358229032,7.999999999999989,5.000000000000007,5886.718514834517,0.5813925096084426,steady_state_heating
2024-11-09 19:50:00,3.2211344001087108,17.112998451103312,8.000000000000018,4.999999999999972,5828.81651111027,0.5729562839624893,steady_state_heating
2024-11-09 19:55:00,3.2259263293997935,17.15481195405958,7.9999999999999964,4.999999999999972,5819.153220669245,0.5715597481486651,steady_state_heating
2024-11-09 20:00:00,3.247108289909129,17.340690548984576,8.000000000000025,4.999999999999929,5776.497493042883,0.5654330761685923,steady_state_heating
2024-11-09 20:05:00,3.193538778200392,16.873887895805765,8.000000000000027,5.000000000000007,5884.556222875419,0.5810753313370745,steady_state_heating
2024-11-09 20:10:00,3.18492343720895,16.79982023596545,7.99999999999999,4.999999999999993,5901.9884355243685,0.5836371974391268,steady_state_heating
2024-11-09 20:15:00,3.2177224052836726,17.08327901813545,8.0,4.999999999999986,5835.6999863634355,0.5739530443535519,steady_state_heating
2024-11-09 20:20:00,3.2335733027224114,17.221718819538815,7.999999999999989,5.000000000000007,5803.742631434804,0.5693392223356818,steady_state_heating
2024-11-09 20:25:00,3.275575456957698,17.593225401888414,8.000000000000007,5.000000000000021,5719.331428459805,0.5573167953016477,steady_state_heating
2024-11-09 20:30:00,3.1317719863561018,16.348881170183517,7.999999999999984,4.999999999999986,6009.81742340569,0.5997352294591266,steady_state_heating
2024-11-09 20:35:00,3.1856931567935773,16.806426465318598,7.999999999999988,5.000000000000021,5900.430429902278,0.583407782745095,steady_state_heating
2024-11-09 20:40:00,,16.34388548830409,7.99999999999487,5.0000000000129745,0.0,0.6,defrost
2024-11-09 20:45:00,,16.7849404980888,7.999999999987999,5.000000000046391,0.0,0.6,defrost
2024-11-09 20:50:00,,16.208156930225943,7.999999999996259,4.99999999999999,0.0,0.6049423165267509,defrost
2024-11-09 20:55:00,3.115244627753514,16.210736784709802,8.000000000000004,5.000000000000014,6043.433975554445,0.6048460431020145,steady_state_heating
2024-11-09 21:00:00,3.1005121111805343,16.088409381336685,7.999999999999972,4.999999999999922,6073.429298112374,0.6094449592620559,steady_state_heating
2024-11-09 21:05:00,3.1150214526341125,16.2088780031636,7.999999999999969,5.0,6043.888159608513,0.6049154048840565,steady_state_heating
2024-11-09 21:10:00,3.1290407416875112,16.325984919398195,8.000000000000005,5.000000000000007,6015.370192245164,0.6005763234749715,steady_state_heating
2024-11-09 21:15:00,3.1355333509954058,16.38045665653825,7.999999999999982,5.000000000000028,6002.172098709093,0.5985791608615715,steady_state_heating
2024-11-09 21:20:00,3.1147196930332335,16.20636498705439,8.000000000000027,5.000000000000021,6044.502281151197,0.605009205200068,steady_state_heating
2024-11-09 21:25:00,3.066102463955358,15.805648578403039,7.999999999999992,4.999999999999993,6143.578569288441,0.6203478428210552,steady_state_heating
2024-11-09 21:30:00,3.1316510983594483,16.347867192452235,8.000000000000007,4.999999999999993,6010.06317303797,0.5997724280832754,steady_state_heating
2024-11-09 21:35:00,3.1082271271422357,16.15237359415117,7.999999999999936,5.000000000000028,6057.718291270666,0.6070315265336871,steady_state_heating
2024-11-09 21:40:00,3.146285906728211,16.471001017217112,7.999999999999977,4.999999999999993,5980.327980969385,0.5952886524474658,steady_state_heating
2024-11-09 21:45:00,3.0738250675107874,15.868752526688258,8.000000000000021,4.999999999999972,6127.825070337572,0.6178809571521027,steady_state_heating
2024-11-09 21:50:00,3.0397489288732213,15.59183855674001,7.999999999999973,5.0,6197.371428171961,0.6288546385545742,steady_state_heating
2024-11-09 21:55:00,3.083399829776823,15.947276481029823,8.000000000000025,5.000000000000021,6108.300738992786,0.6148385281752393,steady_state_heating
2024-11-09 22:00:00,3.1083774003752156,16.15362156788328,8.000000000000002,5.000000000000071,6057.41234229581,0.6069846293474124,steady_state_heating
2024-11-09 22:05:00,,15.814151610024691,7.9999999999986855,5.000000000000005,0.0,0.6200142911102833,defrost
2024-11-09 22:10:00,,15.755368975018117,7.999999999998895,5.000000000000026,0.0,0.6223275389834999,defrost
2024-11-09 22:15:00,,15.551320283102228,7.999999999999453,4.999999999999978,0.0,0.6304930913585463,defrost
2024-11-09 22:20:00,3.1169681799341187,16.22509784630732,8.000000000000018,4.999999999999986,6039.926586295143,0.6043106853886564,steady_state_heating
2024-11-09 22:25:00,3.022609919240768,15.454046585093325,8.00000000000001,5.000000000000007,6232.376991989737,0.6344616567584123,steady_state_heating
2024-11-09 22:30:00,3.023560598580533,15.461663963838461,8.000000000000007,5.000000000000014,6230.434952318206,0.634149081426928,steady_state_heating
2024-11-09 22:35:00,3.0572419030724607,15.733497826157532,7.999999999999986,4.999999999999993,6161.659365742813,0.6231926370307069,steady_state_heating
2024-11-09 22:40:00,2.9717193278556553,15.050638078247745,7.999999999999987,5.000000000000007,6336.357565974647,0.6514673962010217,steady_state_heating
2024-11-09 22:45:00,3.053365933078633,15.702020392747215,8.000000000000016,5.0,6169.570473378306,0.6244419351619831,steady_state_heating
2024-11-09 22:50:00,3.031544097772355,15.525751483501908,7.9999999999999805,5.000000000000028,6214.1277275930015,0.6315314276683529,steady_state_heating
2024-11-09 22:55:00,3.0386580275983444,15.583038665168853,8.000000000000021,5.000000000000028,6199.5991213602,0.6292097588075736,steady_state_heating
2024-11-09 23:00:00,,15.39228027626496,7.999999999999744,5.0000000000000275,0.0,0.63700763135917,defrost
2024-11-09 23:05:00,,15.193546375360928,7.999999999999865,5.000000000000023,0.0,0.6453397882077475,defrost
2024-11-09 23:10:00,,14.917690737919475,8.000000000000025,4.999999999999975,0.0,0.657273312086872,defrost
2024-11-09 23:15:00,2.975281015733677,15.078595958335118,8.000000000000025,4.999999999999993,6329.080480003881,0.6502594821887244,steady_state_heating
2024-11-09 23:20:00,2.9449326231574,14.841680395057972,8.000000000000028,4.999999999999993,6391.072851060532,0.6606394787523442,steady_state_heating
2024-11-09 23:25:00,2.9844156037733005,15.150487033266266,8.000000000000028,4.999999999999993,6310.416040203456,0.6471739145065717,steady_state_heating
2024-11-09 23:30:00,2.9859833880404665,15.162853105754028,8.000000000000014,4.999999999999993,6307.2125300439875,0.6466461114946218,steady_state_heating
2024-11-09 23:35:00,3.0045884782001093,15.310216954914951,8.000000000000028,4.999999999999993,6269.196028415452,0.6404220154994192,steady_state_heating
2024-11-09 23:40:00,2.964892730392012,14.997166454528427,7.999999999999964,5.000000000000007,6350.304443436733,0.6537901696116301,steady_state_heating
2024-11-09 23:45:00,2.9758702021067642,15.083224803776181,7.999999999999962,5.000000000000085,6327.876653583868,0.6500599260143127,steady_state_heating
2024-11-09 23:50:00,2.9280283168766847,14.710989888239546,8.000000000000002,4.999999999999972,6425.581542135203,0.6665085133284226,steady_state_heating
2024-11-09 23:55:00,2.9249930665259756,14.687619269135283,8.00000000000002,4.999999999999993,6431.77542177161,0.6675690471228594,steady_state_heating
2024-11-10 00:00:00,,14.85350066750031,7.999999999999989,5.000000000000011,0.0,0.6601137482326639,defrost
2024-11-10 00:05:00,,14.626118731016813,7.999999999999975,5.000000000000025,0.0,0.6703760703929664,defrost
2024-11-10 00:10:00,,14.6485978400084,7.999999999999986,5.000000000000012,0.0,0.6693473400724055,defrost
2024-11-10 00:15:00,2.870773344013162,14.274967017754838,7.999999999999998,4.999999999999972,6542.244016205231,0.6868667358603905,steady_state_heating
2024-11-10 00:20:00,2.873583843911794,14.296134889615134,8.000000000000007,4.999999999999993,6536.527957672524,0.6858497122269358,steady_state_heating
2024-11-10 00:25:00,2.909436778531725,14.56829305818179,8.000000000000014,4.999999999999972,6463.506815933236,0.6730369824962674,steady_state_heating
2024-11-10 00:30:00,2.8995492566228167,14.492841564553789,7.9999999999999485,5.000000000000007,6483.661676243709,0.676540894780828,steady_state_heating
2024-11-10 00:35:00,2.8447982872214874,14.080461380399237,7.999999999999924,5.0,6595.004344489154,0.6963550224035341,steady_state_heating
2024-11-10 00:40:00,2.880071222065172,14.345087830927307,8.000000000000004,4.999999999999986,6523.328849668075,0.6835092343499563,steady_state_heating
2024-11-10 00:45:00,2.845784585500979,14.087809877094136,7.999999999999915,5.000000000000007,6593.003426973495,0.695991789038996,steady_state_heating
2024-11-10 00:50:00,2.852749289970881,14.139783976870534,7.999999999999929,5.000000000000021,6578.868257959811,0.693433507615021,steady_state_heating
2024-11-10 00:55:00,2.8846517334765114,14.379729239990585,7.99999999999998,4.999999999999986,6514.005463188968,0.6818626301204562,steady_state_heating
2024-11-10 01:00:00,2.8655732107408056,14.23586439102154,7.999999999999932,4.999999999999979,6552.816597091715,0.6887533999118417,steady_state_heating
2024-11-10 01:05:00,2.853635356985342,14.146406695176411,7.999999999999967,5.000000000000007,6577.069239017157,0.6931088728944333,steady_state_heating
2024-11-10 01:10:00,2.8721766036131156,14.285532959541879,8.000000000000002,5.000000000000021,6539.3902005757545,0.6863587118358679,steady_state_heating
2024-11-10 01:15:00,2.793655578941176,13.703367308037285,7.999999999999945,5.000000000000014,6698.433634410811,0.7155175643762524,steady_state_heating
2024-11-10 01:20:00,2.7828631526202026,13.624768532642511,7.999999999999936,5.000000000000014,6720.165446858977,0.7196452531658776,steady_state_heating
2024-11-10 01:25:00,2.777029253583202,13.582421566621136,7.999999999999949,4.999999999999972,6731.896858387021,0.7218889468204867,steady_state_heating
2024-11-10 01:30:00,2.775101317444078,13.568448628113925,7.999999999999943,4.999999999999986,6735.771217819148,0.7226323560442988,steady_state_heating
2024-11-10 01:35:00,2.7185481418040087,13.163269129106759,7.999999999999806,5.000000000000021,6848.784400364333,0.7448757526592761,steady_state_heating
2024-11-10 01:40:00,2.763823596769257,13.486925404768437,7.999999999999887,4.999999999999986,6758.4085967142055,0.7270003878373454,steady_state_heating
2024-11-10 01:45:00,,13.365796565351884,8.000000000001815,5.000000000000004,0.0,0.7335888999999801,defrost
2024-11-10 01:50:00,,13.506724249340605,8.000000000000579,4.999999999999989,0.0,0.7259347136281895,defrost
2024-11-10 01:55:00,,13.360396868040604,8.000000000001918,5.000000000000012,0.0,0.7338853850557793,defrost
2024-11-10 02:00:00,2.715986579181071,13.145129080337332,7.999999999999758,4.999999999999986,6853.870807886588,0.7459036682010572,steady_state_heating
2024-11-10 02:05:00,2.7436690806745334,13.342136125122934,7.9999999999998375,4.999999999999979,6798.7451546240245,0.7348898188452303,steady_state_heating
2024-11-10 02:10:00,2.737686545944568,13.299378735979234,7.999999999999824,5.0,6810.686936660494,0.7372524833415129,steady_state_heating
2024-11-10 02:15:00,2.701417112780502,13.042298637160577,7.999999999999749,5.000000000000021,6882.740243718714,0.7517846564303671,steady_state_heating
2024-11-10 02:20:00,2.6996270604339134,13.029704904178462,7.999999999999793,4.999999999999972,6886.279896563961,0.7525112864878198,steady_state_heating
2024-11-10 02:25:00,2.6493869484789982,12.679801558329288,7.999999999999622,5.000000000000014,6984.896176534965,0.7732770859934431,steady_state_heating
2024-11-10 02:30:00,2.6773365493476864,12.873616374662179,7.999999999999709,4.999999999999993,6930.214053540682,0.761635247986586,steady_state_heating
2024-11-10 02:35:00,2.6812323969630154,12.900799283750791,7.999999999999725,5.000000000000007,6922.555137345776,0.760030427909214,steady_state_heating
2024-11-10 02:40:00,2.6935788609797897,12.987218446951678,7.999999999999774,5.000000000000021,6898.227298531174,0.754973056012729,steady_state_heating
2024-11-10 02:45:00,2.663006998196627,12.773986567620318,7.99999999999965,4.999999999999993,6958.3087550871,0.7675755683706336,steady_state_heating
2024-11-10 02:50:00,2.6737675686337976,12.848750262685215,7.999999999999714,4.999999999999972,6937.222747628475,0.763109236271426,steady_state_heating
2024-11-10 02:55:00,2.657558972938454,12.73625289577161,7.999999999999591,5.000000000000007,6968.957726019676,0.7698496630241402,steady_state_heating
2024-11-10 03:00:00,2.683086581141777,12.913751157159847,7.999999999999688,4.999999999999986,6918.906953989049,0.7592681538209575,steady_state_heating
2024-11-10 03:05:00,,12.92220236692727,8.000000000030887,4.999999999999977,0.0,0.7587715871943499,defrost
2024-11-10 03:10:00,,12.887979656431318,8.000000000037087,4.999999999999975,0.0,0.7607864274605003,defrost
2024-11-10 03:15:00,,12.763402542686435,7.999999999969411,5.000000000000008,0.0,0.7682120788095311,defrost
2024-11-10 03:20:00,2.62021547503706,12.479735795698188,7.99999999999946,5.000000000000014,7041.427018217334,0.7856736841640356,steady_state_heating
2024-11-10 03:25:00,2.637633699114703,12.598923704155862,7.999999999999471,4.999999999999993,7007.742972412118,0.7782410807651564,steady_state_heating
2024-11-10 03:30:00,2.6430380890273186,12.636067426867813,7.999999999999563,5.000000000000014,6997.24895979533,0.7759534409536166,steady_state_heating
2024-11-10 03:35:00,2.643896145780843,12.641971882760389,7.9999999999995595,4.999999999999972,6995.581019189362,0.7755910304919188,steady_state_heating
2024-11-10 03:40:00,2.650056020486523,12.684416718253857,7.999999999999574,5.000000000000007,6983.592847897046,0.7729957330942824,steady_state_heating
2024-11-10 03:45:00,2.6778238596614474,12.877014283050427,7.999999999999722,5.000000000000007,6929.256514196129,0.7614342722991293,steady_state_heating
2024-11-10 03:50:00,2.661997184313904,12.766986459068738,7.999999999999659,5.000000000000014,6960.283968269396,0.7679964282436629,steady_state_heating
2024-11-10 03:55:00,2.6137678251297305,12.435818642719852,7.999999999999359,4.999999999999986,7053.840135785532,0.7884482945350787,steady_state_heating
2024-11-10 04:00:00,2.6518644724447893,12.69689713249364,7.9999999999995755,5.000000000000007,6980.068600670277,0.772235916986935,steady_state_heating
2024-11-10 04:05:00,2.647347021122019,12.665737809416374,7.999999999999611,5.000000000000007,6988.86808698566,0.7741357153872587,steady_state_heating
2024-11-10 04:10:00,2.6066428037376057,12.387414046849113,7.999999999999334,5.000000000000014,7067.52088914061,0.7915292056047819,steady_state_heating
2024-11-10 04:15:00,2.638599803197484,12.60555793390074,7.999999999999538,4.999999999999993,7005.86848231794,0.7778314971391261,steady_state_heating
2024-11-10 04:20:00,2.6177953954573203,12.46323904078624,7.999999999999368,4.999999999999993,7046.08981221388,0.7867136278067773,steady_state_heating
2024-11-10 04:25:00,2.5858411409019566,12.2468498908208,7.9999999999990745,4.999999999999936,7107.232825738774,0.800614042583228,steady_state_heating
2024-11-10 04:30:00,2.632751280349468,12.565433971877702,7.999999999999481,4.999999999999979,7017.206325574099,0.78031526980638,steady_state_heating
2024-11-10 04:35:00,2.622758478058432,12.497087028046648,7.999999999999439,5.000000000000021,7036.522757985878,0.7845828374240396,steady_state_heating
2024-11-10 04:40:00,2.611299272142346,12.419033268740941,7.9999999999993125,4.999999999999972,7058.584389332302,0.7895139490993606,steady_state_heating
2024-11-10 04:45:00,2.622866240064498,12.497822676948157,7.999999999999428,5.000000000000007,7036.314831588745,0.7845366551795472,steady_state_heating
2024-11-10 04:50:00,2.601033955033277,12.349402721787973,7.9999999999992415,4.999999999999979,7078.262813693356,0.7939655237496716,steady_state_heating
2024-11-10 04:55:00,2.6226608895814345,12.49642085615765,7.999999999999398,5.0,7036.711047322508,0.7846246627624217,steady_state_heating
2024-11-10 05:00:00,2.6107688086598677,12.415428362949111,7.999999999999341,4.999999999999986,7059.603271029957,0.7897431899539349,steady_state_heating
2024-11-10 05:05:00,2.610896091135779,12.416293277933507,7.9999999999992895,5.000000000000007,7059.358814206286,0.789688176698084,steady_state_heating
2024-11-10 05:10:00,2.6138344119868857,12.436271632647616,7.999999999999382,4.999999999999993,7053.712100307511,0.7884195753862416,steady_state_heating
2024-11-10 05:15:00,2.575785422119886,12.17929980791068,7.999999999998995,5.0,7126.301158123139,0.8050544903764882,steady_state_heating
2024-11-10 05:20:00,2.5815968534324427,12.218306913564629,7.999999999999048,4.999999999999993,7115.291704022666,0.8024843433188433,steady_state_heating
2024-11-10 05:25:00,2.547671044358828,11.991807174147626,7.9999999999986,5.000000000000021,7179.132924012709,0.817641566246826,steady_state_heating
2024-11-10 05:30:00,2.608910140303376,12.402803079362421,7.999999999999297,5.000000000000014,7063.171591461031,0.7905470994951928,steady_state_heating
2024-11-10 05:35:00,2.5694758056642075,12.137046625853097,7.999999999998899,5.000000000000021,7138.220914045438,0.8078571585211182,steady_state_heating
2024-11-10 05:40:00,2.595640264114796,12.312926526126523,7.999999999999201,5.0,7088.569157525682,0.7963175918572235,steady_state_heating
2024-11-10 05:45:00,2.5980534349082336,12.329236885379965,7.999999999999286,5.0,7083.9609180466,0.7952641425542549,steady_state_heating
2024-11-10 05:50:00,2.601803830301938,12.354615348740719,7.999999999999252,4.999999999999979,7076.78983229491,0.7936305358951873,steady_state_heating
2024-11-10 05:55:00,2.5554963254183756,12.04379214512727,7.999999999998664,5.000000000000007,7164.501742766465,0.8141123561292081,steady_state_heating
2024-11-10 06:00:00,2.579521148509243,12.204364568309472,7.999999999999053,4.999999999999986,7119.227370333622,0.8034011066385378,steady_state_heating
2024-11-10 06:05:00,2.6200149427079555,12.478368260139918,7.9999999999994245,4.999999999999979,7041.813549898101,0.7857597881063065,steady_state_heating
2024-11-10 06:10:00,2.6198420697112925,12.477189432798637,7.999999999999394,5.000000000000028,7042.1467437467145,0.7858340255879828,steady_state_heating
2024-11-10 06:15:00,2.602469877750769,12.359126225677578,7.9999999999992575,5.000000000000014,7075.515123865494,0.7933408738579696,steady_state_heating
2024-11-10 06:20:00,2.5881612120416517,12.262472031076083,7.9999999999991545,5.000000000000021,7102.821145013794,0.7995940765574627,steady_state_heating
2024-11-10 06:25:00,2.556250934972394,12.048813349459714,7.9999999999987175,5.000000000000007,7163.087738471026,0.8137730841717836,steady_state_heating
2024-11-10 06:30:00,2.5987027959924425,12.333628421394712,7.999999999999197,5.000000000000007,7082.720085546735,0.7949809792381627,steady_state_heating
2024-11-10 06:35:00,2.585216116882092,12.242643675953705,7.999999999999115,4.999999999999986,7108.420553611461,0.8008891101893626,steady_state_heating
2024-11-10 06:40:00,2.6010694646033308,12.34964311409306,7.999999999999332,5.000000000000014,7078.194884524417,0.7939500687927415,steady_state_heating
2024-11-10 06:45:00,2.5770673730373717,12.187896997611583,7.999999999998948,5.000000000000007,7123.875086371934,0.8044866150346907,steady_state_heating
2024-11-10 06:50:00,2.588067527614881,12.261840940835253,7.9999999999990905,5.000000000000014,7102.999375851799,0.7996352299226696,steady_state_heating
2024-11-10 06:55:00,2.5987929096372917,12.334237933403056,7.999999999999185,5.000000000000021,7082.547865088961,0.7949416942449704,steady_state_heating
2024-11-10 07:00:00,2.608476413610146,12.399858221899649,7.999999999999261,4.999999999999972,7064.003890268669,0.7907348474906901,steady_state_heating
2024-11-10 07:05:00,2.6181165855007467,12.465427586696224,7.999999999999396,5.000000000000007,7045.471220605426,0.7865755050764895,steady_state_heating
2024-11-10 07:10:00,2.5886930214394357,12.266054908982909,7.999999999999137,4.999999999999979,7101.8092604708945,0.7993605175221759,steady_state_heating
2024-11-10 07:15:00,2.5752656376067082,12.175815157882475,7.999999999998993,5.000000000000014,7127.284432708876,0.8052848924576811,steady_state_heating
2024-11-10 07:20:00,2.6511646783427443,12.692066706456352,7.999999999999581,5.0,6981.432584533992,0.77252981935655,steady_state_heating
2024-11-10 07:25:00,,12.84765128866936,8.00000000004566,4.999999999999986,0.0,0.763174511799464,defrost
2024-11-10 07:30:00,,12.557727223550806,8.000000000000014,4.999999999999984,0.0,0.7807941537073414,defrost
2024-11-10 07:35:00,,12.279882580836182,8.000000000000014,4.999999999999988,0.0,0.7984604034652206,defrost
2024-11-10 07:40:00,2.6005612430780136,12.346202873157285,7.999999999999279,5.000000000000014,7079.167007883219,0.7941713011469871,steady_state_heating
2024-11-10 07:45:00,2.633965273437143,12.573755163890754,7.999999999999522,5.0,7014.854839599338,0.7797988645554319,steady_state_heating
2024-11-10 07:50:00,2.6499667149701445,12.683800632911622,7.999999999999606,5.000000000000014,6983.766828652299,0.7730332795170416,steady_state_heating
2024-11-10 07:55:00,2.5928403321912183,12.294020969019767,7.999999999999179,4.999999999999986,7093.910050071404,0.7975421568507204,steady_state_heating
2024-11-10 08:00:00,2.6263937478519837,12.521920444379049,7.99999999999946,5.000000000000021,7029.503887843194,0.783026856267989,steady_state_heating
2024-11-10 08:05:00,2.6300498966945463,12.546931582168401,7.999999999999442,5.000000000000014,7022.435174010678,0.78146596526714,steady_state_heating
2024-11-10 08:10:00,2.6445494751300784,12.64646888228231,7.999999999999536,5.0000000000000355,6994.310711585085,0.7753152355229213,steady_state_heating
2024-11-10 08:15:00,2.616046772068013,12.451328894968839,7.999999999999384,5.000000000000007,7049.456206409869,0.7874661478070716,steady_state_heating
2024-11-10 08:20:00,2.591636828779271,12.285900958986288,7.999999999999147,5.000000000000014,7096.203773821345,0.7980692692161351,steady_state_heating
2024-11-10 08:25:00,2.6451218562965426,12.650409632050227,7.999999999999563,5.000000000000014,6993.197564034287,0.7750737158074869,steady_state_heating
2024-11-10 08:30:00,2.667030687574205,12.801906338037803,7.999999999999595,5.000000000000021,6950.432188695629,0.7659015572443917,steady_state_heating
2024-11-10 08:35:00,2.6464072920529453,12.659262822740935,7.99999999999959,4.999999999999986,6990.696903862598,0.7745316719695897,steady_state_heating
2024-11-10 08:40:00,2.6645631832366674,12.78477953216068,7.999999999999641,4.999999999999979,6955.263611380498,0.766927577854205,steady_state_heating
2024-11-10 08:45:00,2.6487758828727412,12.675587561364287,7.9999999999996,5.000000000000043,6986.086257046785,0.773534161831365,steady_state_heating
2024-11-10 08:50:00,2.6462523991110096,12.65819579439612,7.9999999999995755,5.000000000000021,6990.998287044867,0.7745969614675071,steady_state_heating
2024-11-10 08:55:00,2.6928518920331976,12.982118493950553,7.9999999999997415,4.999999999999986,6899.662030193699,0.7552696429761409,steady_state_heating
2024-11-10 09:00:00,2.6858296799932946,12.932929443169805,7.999999999999773,4.999999999999986,6913.506280903618,0.7581422324373894,steady_state_heating
2024-11-10 09:05:00,2.6890252328018796,12.955296898174863,7.999999999999701,4.999999999999979,6907.209582377973,0.7568332919781506,steady_state_heating
2024-11-10 09:10:00,2.7228648830534885,13.193879945895334,7.999999999999823,5.000000000000007,6840.205832129418,0.7431475835923742,steady_state_heating
2024-11-10 09:15:00,2.6703539892912036,12.824999119040852,7.999999999999668,4.999999999999979,6943.919328868061,0.7645224696696342,steady_state_heating
2024-11-10 09:20:00,2.6889048666268978,12.954453883430764,7.999999999999772,4.999999999999986,6907.446859695579,0.7568825431183143,steady_state_heating
2024-11-10 09:25:00,2.711331796851656,13.11221216124194,7.999999999999805,5.0,6863.105620544545,0.7477761860033324,steady_state_heating
2024-11-10 09:30:00,2.700905133655724,13.038695760586336,7.999999999999779,4.999999999999986,6883.752800243633,0.751992390959744,steady_state_heating
2024-11-10 09:35:00,2.7284817754228525,13.233788054080597,7.9999999999998375,4.999999999999993,6829.030690566931,0.7409065310651288,steady_state_heating
2024-11-10 09:40:00,2.711544529622629,13.113715222000728,7.999999999999767,5.000000000000014,6862.683799849137,0.7476904777945969,steady_state_heating
2024-11-10 09:45:00,2.6972537563939065,13.01302132849514,7.9999999999997575,5.0,6890.970319876704,0.7534760569806797,steady_state_heating
2024-11-10 09:50:00,2.729534601501761,13.241278196655482,7.999999999999842,5.000000000000014,6826.934448151226,0.740487425336065,steady_state_heating
2024-11-10 09:55:00,2.7415131675716764,13.326716132727428,7.9999999999998135,4.9999999999999645,6803.050316238101,0.7357401405077671,steady_state_heating
2024-11-10 10:00:00,2.767261960909885,13.511741756572947,7.999999999999876,5.000000000000007,6751.51172140441,0.7256651419666339,steady_state_heating
2024-11-10 10:05:00,,13.424297302658944,8.000000000001112,5.000000000000025,0.0,0.7303920480111789,defrost
2024-11-10 10:10:00,,13.480843998005716,8.000000000000746,4.999999999999993,0.0,0.7273283483920218,defrost
2024-11-10 10:15:00,,13.505942085678964,8.000000000000565,5.000000000000003,0.0,0.7259767543647874,defrost
2024-11-10 10:20:00,2.760751235386647,13.464779193862745,7.999999999999887,4.999999999999972,6764.567633890625,0.7281961225527652,steady_state_heating
2024-11-10 10:25:00,2.7548373399105133,13.422226209350066,7.999999999999889,5.000000000000028,6776.412945901739,0.7305047498878933,steady_state_heating
2024-11-10 10:30:00,2.7924005896156276,13.694210180393105,7.999999999999947,4.999999999999972,6700.9625937810615,0.7159960210073638,steady_state_heating
2024-11-10 10:35:00,2.7786220319113197,13.593973467296996,7.999999999999968,5.000000000000021,6728.695070278757,0.7212754992929671,steady_state_heating
2024-11-10 10:40:00,2.840393180635262,14.047676276993569,7.999999999999962,4.999999999999986,6603.938487243866,0.6979802073071704,steady_state_heating
2024-11-10 10:45:00,2.8443717660527224,14.077284450866186,7.999999999999987,5.0,6595.869569853525,0.6965121742209803,steady_state_heating
2024-11-10 10:50:00,2.8250382038641764,13.933848262798051,7.999999999999951,5.000000000000021,6635.04586961286,0.703682128230027,steady_state_heating
2024-11-10 10:55:00,2.826614142285152,13.945498642506777,7.999999999999939,5.0,6631.8557933389075,0.7030942565304714,steady_state_heating
2024-11-10 11:00:00,2.819148774206907,13.890374648251406,7.9999999999999405,5.000000000000014,6646.9619579688015,0.7058844882369177,steady_state_heating
2024-11-10 11:05:00,,13.706263440618779,8.000000000000036,5.0000000000000195,0.0,0.7153663755610227,defrost
2024-11-10 11:10:00,,13.936639588394812,8.000000000000021,4.999999999999978,0.0,0.7035411899554838,defrost
2024-11-10 11:15:00,,14.052313959688725,8.000000000021075,4.999999999999958,0.0,0.6977498530225835,defrost
2024-11-10 11:20:00,2.860795546487664,14.20001075948801,7.9999999999999405,4.999999999999972,6562.5259908731605,0.6904924345531641,steady_state_heating
2024-11-10 11:25:00,2.86963336847747,14.266387897837541,8.000000000000027,4.999999999999986,6544.562143544037,0.6872797844986537,steady_state_heating
2024-11-10 11:30:00,2.884879278314636,14.381451787082268,7.99999999999992,4.999999999999986,6513.542225695456,0.6817809596112594,steady_state_heating
2024-11-10 11:35:00,2.842652620776011,14.064484966933,7.999999999999919,4.999999999999979,6599.356568814274,0.6971460400471499,steady_state_heating
2024-11-10 11:40:00,2.8587719504676596,14.184845632124658,7.999999999999917,4.999999999999993,6566.637165277105,0.6912306453159042,steady_state_heating
2024-11-10 11:45:00,2.9245885321155307,14.684506648503596,8.00000000000002,4.999999999999986,6432.600874348185,0.6677105492678675,steady_state_heating
2024-11-10 11:50:00,2.913520516160888,14.599544638313219,7.999999999999937,4.9999999999999645,6455.179246772513,0.6715962889876023,steady_state_heating
2024-11-10 11:55:00,2.887262931450402,14.399505927212134,8.000000000000007,4.999999999999993,6508.689111239179,0.680926140769215,steady_state_heating
2024-11-10 12:00:00,,14.489374424336086,8.000000000000018,4.999999999999983,0.0,0.6767027832155191,defrost
2024-11-10 12:05:00,,14.545598852278895,8.000000000000014,4.999999999999929,0.0,0.6740870623187727,defrost
2024-11-10 12:10:00,,14.729095239923158,8.000000000000018,4.999999999999984,0.0,0.6656892253248234,defrost
2024-11-10 12:15:00,2.9584079445322846,14.94651112474061,7.99999999999992,5.0,6363.551550586008,0.6560059346404944,steady_state_heating
2024-11-10 12:20:00,3.024455775496042,15.468839383793664,8.000000000000005,5.000000000000007,6228.606322792228,0.6338549232253624,steady_state_heating
2024-11-10 12:25:00,2.9663790324810697,15.00879561974172,7.999999999999977,4.999999999999979,6347.2680171020465,0.6532835977260606,steady_state_heating
2024-11-10 12:30:00,2.9849209740525864,15.154472322471804,8.000000000000007,5.000000000000007,6309.38340107569,0.6470037221593427,steady_state_heating
2024-11-10 12:35:00,2.9165609664586656,14.622846037434273,8.000000000000007,4.9999999999999645,6448.9780193446095,0.6705261051712736,steady_state_heating
2024-11-10 12:40:00,2.9645923778881054,14.994817292180825,8.000000000000004,4.999999999999993,6350.918036785071,0.6538925956178804,steady_state_heating
2024-11-10 12:45:00,3.0303729715580188,15.5163369134233,7.999999999999999,4.999999999999972,6216.519721053134,0.6319146106912399,steady_state_heating
2024-11-10 12:50:00,3.01933269871051,15.42781074852544,7.999999999999997,5.0,6239.071910833712,0.6355405935308834,steady_state_heating
2024-11-10 12:55:00,2.8860657027779397,14.390435762225838,7.999999999999977,5.000000000000014,6511.1267705625,0.6813553225217568,steady_state_heating
2024-11-10 13:00:00,3.041963459044507,15.609714686248953,7.999999999999988,4.99999999999995,6192.849409890709,0.6281344788856078,steady_state_heating
2024-11-10 13:05:00,3.093673038651778,16.03188191821858,7.999999999999991,5.000000000000007,6087.36221783696,0.6115938259785729,steady_state_heating
2024-11-10 13:10:00,2.9841882569603975,15.148694475029206,7.999999999999948,5.000000000000028,6310.88058441738,0.6472504951606461,steady_state_heating
2024-11-10 13:15:00,3.0989307074938215,16.075323954593582,7.999999999999991,5.000000000000021,6076.650552775194,0.609941051744602,steady_state_heating
2024-11-10 13:20:00,2.9679159345217925,15.020828175466777,8.000000000000018,4.999999999999993,6344.128144629757,0.6527602796238828,steady_state_heating
2024-11-10 13:25:00,3.0901686643633366,16.00298024180057,8.000000000000028,5.000000000000021,6094.503490022419,0.6126983756681047,steady_state_heating
2024-11-10 13:30:00,,15.87555128830163,7.999999999998408,5.000000000000002,0.0,0.6176163474225367,defrost
2024-11-10 13:35:00,,15.313188531451054,7.999999999999844,4.999999999999984,0.0,0.6402977394199747,defrost
2024-11-10 13:40:00,,16.111511220707637,7.999999999997062,4.999999999999981,0.0,0.6085710934054356,defrost
2024-11-10 13:45:00,3.136452898741607,16.388183680322364,8.000000000000028,5.000000000000007,6000.303342182374,0.5982969309633186,steady_state_heating
2024-11-10 13:50:00,3.1235551607051812,16.28007920634976,8.000000000000025,5.0,6026.525800816157,0.6022697970766455,steady_state_heating
2024-11-10 13:55:00,3.1439871456316313,16.45160881507646,7.999999999999972,4.999999999999936,5984.996519296363,0.5959903441792629,steady_state_heating
2024-11-10 14:00:00,3.116278079302029,16.219346495786045,7.999999999999991,4.999999999999986,6041.330879542655,0.6045249728493959,steady_state_heating
2024-11-10 14:05:00,3.069819457741487,15.835995780010482,7.999999999999974,5.0,6135.995562214273,0.619159043498654,steady_state_heating
2024-11-10 14:10:00,3.157136279258162,16.562791902295604,8.000000000000018,5.0,5958.303162988014,0.5919895666044694,steady_state_heating
2024-11-10 14:15:00,3.205849931902645,16.98020861843047,8.0,5.000000000000014,5859.670492568435,0.5774369573620882,steady_state_heating
2024-11-10 14:20:00,3.190139071100533,16.844627103755162,7.999999999999979,5.000000000000028,5891.433506152026,0.5820847169608278,steady_state_heating
2024-11-10 14:25:00,3.0923961497845673,16.02134605794668,7.999999999999992,4.999999999999979,6089.964131731256,0.6119960185952458,steady_state_heating
2024-11-10 14:30:00,3.105390046439392,16.128827410104215,7.999999999999989,5.000000000000043,6063.494959741482,0.6079177209037202,steady_state_heating
2024-11-10 14:35:00,,16.452339820458064,7.9999999999935305,5.00000000002284,0.0,0.6,defrost
2024-11-10 14:40:00,,16.348322757694035,7.9999999999948095,5.000000000013433,0.0,0.6,defrost
2024-11-10 14:45:00,,16.90986939931511,7.999999999985246,4.999999999953021,0.0,0.6,defrost
2024-11-10 14:50:00,3.222654112758804,17.126249759100304,7.999999999999991,5.000000000000007,5825.751371937873,0.5725129633117702,steady_state_heating
2024-11-10 14:55:00,3.1716497171894673,16.68624042003063,8.000000000000018,5.000000000000014,5928.872872107798,0.5876098961291361,steady_state_heating
2024-11-10 15:00:00,3.2527700882606183,17.390666364949812,8.000000000000025,4.999999999999993,5765.112794652972,0.5638081827480497,steady_state_heating
2024-11-10 15:05:00,3.2529736265398266,17.39246527056289,7.9999999999999805,5.0,5764.703657612437,0.5637498679727238,steady_state_heating
2024-11-10 15:10:00,3.2178727545273644,17.084587675157017,8.000000000000021,4.999999999999972,5835.396615796024,0.5739090803026872,steady_state_heating
2024-11-10 15:15:00,3.2529233824712827,17.39202119012924,8.00000000000001,4.999999999999993,5764.804653503434,0.5637642625208378,steady_state_heating
2024-11-10 15:20:00,3.2016934180913292,16.944249112959415,8.00000000000008,4.999999999999986,5868.069158806579,0.5786624083861505,steady_state_heating
2024-11-10 15:25:00,3.2613364993491016,17.466516489064194,8.000000000000021,5.0,5747.901522247721,0.5613597883778891,steady_state_heating
2024-11-10 15:30:00,3.2825905534118167,17.655943076866436,7.999999999999981,5.000000000000014,5705.273806455816,0.5553370871956954,steady_state_heating
2024-11-10 15:35:00,3.288739241508976,17.71107424916902,7.999999999999976,5.000000000000014,5692.962363824434,0.5536084295090147,steady_state_heating
2024-11-10 15:40:00,3.311535315203828,17.91678219941021,7.999999999999924,4.999999999999972,5647.401573254052,0.5472522850851407,steady_state_heating
2024-11-10 15:45:00,3.308821725087894,17.89218632664322,8.000000000000052,5.000000000000007,5652.817994855742,0.5480045770258606,steady_state_heating
2024-11-10 15:50:00,3.299451966068777,17.80748596599879,7.999999999999938,5.000000000000021,5671.535069538048,0.5506111316735809,steady_state_heating
2024-11-10 15:55:00,3.331552404982863,18.099134134249198,7.999999999999978,5.000000000000028,5607.5071180729055,0.541738622813226,steady_state_heating
2024-11-10 16:00:00,3.3659699075460026,18.41649884177621,8.000000000000004,5.000000000000014,5539.169757034022,0.532403041655139,steady_state_heating
2024-11-10 16:05:00,3.3315481380054113,18.09909508975558,7.999999999999987,5.000000000000007,5607.515610750077,0.541739791485477,steady_state_heating
2024-11-10 16:10:00,3.352018996029449,18.287268474991695,7.999999999999996,5.0,5566.829707042773,0.5361653662715451,steady_state_heating
2024-11-10 16:15:00,3.338175579550873,18.159828264526393,8.000000000000021,5.000000000000014,5594.330844627201,0.539928013479796,steady_state_heating
2024-11-10 16:20:00,3.322649001940726,18.0178255871021,7.9999999999999964,5.000000000000007,5625.238532526802,0.5441833118319684,steady_state_heating
2024-11-10 16:25:00,3.367539514545479,18.431089085671648,7.999999999999993,5.000000000000007,5536.061249715213,0.5319815858099468,steady_state_heating
2024-11-10 16:30:00,3.341204940387641,18.187648798306853,7.999999999999993,4.999999999999972,5588.308197831489,0.5391021186263935,steady_state_heating
2024-11-10 16:35:00,3.3796795944623756,18.544284956477302,7.999999999999981,4.999999999999972,5512.042802175083,0.5287343255893637,steady_state_heating
2024-11-10 16:40:00,3.365437785272232,18.411554843320097,7.999999999999983,5.000000000000014,5540.223753038365,0.5325460062139926,steady_state_heating
2024-11-10 16:45:00,3.353700295355949,18.302799981900492,8.000000000000009,5.000000000000007,5563.493321009366,0.5357103836405407,steady_state_heating
2024-11-10 16:50:00,3.3631431461802093,18.39024864175253,7.999999999999993,5.000000000000021,5544.769771703229,0.5331629925730911,steady_state_heating
2024-11-10 16:55:00,3.363963106066396,18.39785962303659,7.999999999999982,5.0,5543.1451361104555,0.5329424292227359,steady_state_heating
2024-11-10 17:00:00,3.328586690714499,18.07201457568871,7.999999999999978,5.000000000000028,5613.411051607727,0.5425515765790794,steady_state_heating
2024-11-10 17:05:00,3.405424840872761,18.78639529058524,7.999999999999979,5.000000000000014,5461.251969331494,0.5219202432578306,steady_state_heating
2024-11-10 17:10:00,3.406012605657422,18.791955617750013,7.999999999999981,4.999999999999986,5460.094749915095,0.5217658129598103,steady_state_heating
2024-11-10 17:15:00,3.428071200622215,19.001707527749986,7.999999999999973,5.0,5416.741769280084,0.516006258157634,steady_state_heating
2024-11-10 17:20:00,3.376202914768299,18.511804757800565,7.999999999999981,5.000000000000028,5518.916808062072,0.5296620253013606,steady_state_heating
2024-11-10 17:25:00,3.4778869356051643,19.483230747423207,8.0,5.000000000000028,5319.404387157331,0.5032532913616895,steady_state_heating
2024-11-10 17:30:00,3.397200041240929,18.70874254617446,8.0,4.999999999999986,5477.456378422878,0.524086532047816,steady_state_heating
2024-11-10 17:35:00,3.3738991574702912,18.490310308654273,7.999999999999983,5.000000000000014,5523.473693928417,0.5302777420350183,steady_state_heating
2024-11-10 17:40:00,3.365416873522241,18.411360574365503,7.999999999999993,5.000000000000021,5540.265175451645,0.5325516254160867,steady_state_heating
2024-11-10 17:45:00,3.339754136557016,18.17432046110085,8.000000000000025,4.999999999999979,5591.192212113155,0.5394974750767698,steady_state_heating
2024-11-10 17:50:00,3.4759424655689104,19.46422841804475,7.999999999999974,5.000000000000007,5323.188625365678,0.5037446021189348,steady_state_heating
2024-11-10 17:55:00,3.4575989257945157,19.285799059879157,8.000000000000021,4.999999999999979,5358.949195755343,0.5084051726120921,steady_state_heating
2024-11-10 18:00:00,3.4297884871741737,19.018125293618223,8.000000000000014,5.000000000000028,5413.37305112127,0.5155608057377866,steady_state_heating
2024-11-10 18:05:00,3.364489145446357,18.40274386695487,8.000000000000002,5.000000000000014,5542.102964676082,0.5328009817930724,steady_state_heating
2024-11-10 18:10:00,3.463793271568765,19.345884179397324,8.000000000000009,4.999999999999993,5346.861052120194,0.5068261501555958,steady_state_heating
2024-11-10 18:15:00,3.3780516598159793,18.52906997293105,8.000000000000025,5.000000000000028,5515.261072282772,0.5291684911506093,steady_state_heating
2024-11-10 18:20:00,3.377895124948698,18.527607555696196,8.00000000000001,4.999999999999979,5515.570567741314,0.5292102593670011,steady_state_heating
2024-11-10 18:25:00,3.4386529122722176,19.10307627760736,8.000000000000021,5.000000000000014,5395.998940156693,0.5132681175279299,steady_state_heating
2024-11-10 18:30:00,3.4076561597715753,18.80751169634467,7.999999999999982,4.999999999999972,5456.859402626803,0.5213342497564768,steady_state_heating
2024-11-10 18:35:00,3.4624768119433895,19.33310024832288,7.99999999999999,4.999999999999986,5349.429050621963,0.5071612868117507,steady_state_heating
2024-11-10 18:40:00,3.3766552227656415,18.51602748350648,7.99999999999999,4.999999999999979,5518.0223148413625,0.5295412317104198,steady_state_heating
2024-11-10 18:45:00,3.35565990710575,18.32091723106955,7.999999999999984,4.999999999999972,5559.605659312166,0.5351806285862253,steady_state_heating
2024-11-10 18:50:00,3.350348428713789,18.27184766885019,7.999999999999982,5.0,5570.145586819142,0.5366178712575169,steady_state_heating
2024-11-10 18:55:00,3.3082169797321246,17.88670896589576,7.999999999999983,4.999999999999986,5654.025350111258,0.5481723898283922,steady_state_heating
2024-11-10 19:00:00,3.3536465149996646,18.302302988883387,8.000000000000027,5.000000000000021,5563.600030870777,0.5357249306797854,steady_state_heating
2024-11-10 19:05:00,3.406172370488832,18.793467268410808,7.999999999999983,5.000000000000057,5459.780215521155,0.5217238447788102,steady_state_heating
2024-11-10 19:10:00,3.38677627215148,18.610742235051198,8.00000000000001,4.999999999999993,5498.02250115321,0.5268462630970946,steady_state_heating
2024-11-10 19:15:00,3.3555768140335918,18.32014868598204,7.999999999999991,4.999999999999993,5559.770485029125,0.5352030798474063,steady_state_heating
2024-11-10 19:20:00,3.3151399919836497,17.949500621221766,8.00000000000002,4.999999999999986,5640.209500665112,0.546254751422304,steady_state_heating
2024-11-10 19:25:00,3.3555715522357596,18.320100019482783,8.000000000000002,4.999999999999986,5559.780922542916,0.5352045015896598,steady_state_heating
2024-11-10 19:30:00,3.3925731431066013,18.665185314860924,7.999999999999974,4.999999999999979,5486.581237031279,0.525309544727286,steady_state_heating
2024-11-10 19:35:00,3.378615666138414,18.534340020755785,7.999999999999951,5.000000000000014,5514.145997762833,0.5290180275650392,steady_state_heating
2024-11-10 19:40:00,3.3541730994862697,18.307169756393446,7.9999999999999805,4.999999999999979,5562.5552281643095,0.5355825138714189,steady_state_heating
2024-11-10 19:45:00,3.329593518065098,18.08121735530017,8.00000000000001,4.999999999999979,5611.40646322199,0.5422754346308348,steady_state_heating
2024-11-10 19:50:00,3.3808299155530754,18.55504279531812,8.000000000000018,5.000000000000007,5509.769198915321,0.5284277761123798,steady_state_heating
2024-11-10 19:55:00,3.2378268498754488,17.25903159655304,8.000000000000007,5.000000000000021,5795.176130535385,0.5681083521486943,steady_state_heating
2024-11-10 20:00:00,3.3647721536753448,18.405372057963767,7.9999999999999805,4.999999999999986,5541.542311311851,0.5327249005953952,steady_state_heating
2024-11-10 20:05:00,3.4360289376921163,19.07789402411168,8.000000000000025,4.999999999999979,5401.13928999586,0.5139456161989312,steady_state_heating
2024-11-10 20:10:00,3.282361001290554,17.65388772653595,8.000000000000002,4.999999999999957,5705.7336172231535,0.5554017422044599,steady_state_heating
2024-11-10 20:15:00,3.3216572612161475,18.008788614480753,8.000000000000028,4.999999999999993,5627.214938018306,0.5444563879280498,steady_state_heating
2024-11-10 20:20:00,3.3276927817099073,18.063847365458766,8.000000000000025,5.000000000000064,5615.191050393897,0.5427968805111174,steady_state_heating
2024-11-10 20:25:00,3.3066442198648027,17.87247087141424,8.000000000000021,4.999999999999993,5657.165762155515,0.5486090910732658,steady_state_heating
2024-11-10 20:30:00,3.3625366171360023,18.384620554887725,8.000000000000014,4.999999999999979,5545.971648350305,0.533326209846264,steady_state_heating
2024-11-10 20:35:00,3.3357473131697106,18.137555072466476,7.999999999999968,5.000000000000021,5599.160288438974,0.5405910532497492,steady_state_heating
2024-11-10 20:40:00,3.31652726953704,17.962106408954654,8.000000000000004,5.000000000000014,5637.442509831796,0.5458713904017353,steady_state_heating
2024-11-10 20:45:00,3.3399523837807767,18.176141222693172,7.999999999999998,5.000000000000014,5590.79808737458,0.5394434319072255,steady_state_heating
2024-11-10 20:50:00,3.308201829984122,17.886571768899433,8.000000000000025,4.999999999999986,5654.055597335246,0.5481765945248708,steady_state_heating
2024-11-10 20:55:00,3.4232138253725446,18.955338956307823,7.999999999999992,5.000000000000021,5426.27525758462,0.5172685132458243,steady_state_heating
2024-11-10 21:00:00,3.299315290064751,17.80625304321211,7.999999999999977,5.000000000000007,5671.808261517904,0.5506492565395592,steady_state_heating
2024-11-10 21:05:00,3.2874028428350073,17.69907894832921,8.000000000000025,4.999999999999979,5695.637418760224,0.5539836298049609,steady_state_heating
2024-11-10 21:10:00,,17.020804835427874,7.999999999982464,4.999999999958305,0.0,0.6,defrost
2024-11-10 21:15:00,,17.276368046155028,7.999999999974577,4.999999999968354,0.0,0.6,defrost
2024-11-10 21:20:00,,17.779534058963343,7.999999999952848,4.9999999999813305,0.0,0.6,defrost
2024-11-10 21:25:00,3.2077546827505654,16.99670893916834,7.999999999999995,5.000000000000014,5855.822889159796,0.576876384427853,steady_state_heating
2024-11-10 21:30:00,3.1717034839325002,16.686699181251726,8.000000000000023,5.000000000000043,5928.76391067705,0.5875937411885723,steady_state_heating
2024-11-10 21:35:00,3.2465687971667396,17.335934980094994,8.000000000000004,5.0,5777.582679856433,0.5655881849613554,steady_state_heating
2024-11-10 21:40:00,3.2936254158471696,17.75499199537859,8.00000000000002,5.000000000000028,5683.185572804483,0.5522390549402731,steady_state_heating
2024-11-10 21:45:00,3.2400385582927083,17.27846040422916,8.000000000000004,5.000000000000014,5790.723392310303,0.5674695413024228,steady_state_heating
2024-11-10 21:50:00,3.2141074232860602,17.051839495559587,7.999999999999984,4.999999999999993,5842.995598361717,0.5750112767923539,steady_state_heating
2024-11-10 21:55:00,3.163609367560445,16.617755782657277,7.999999999999967,5.000000000000021,5945.172692245652,0.5900315378465688,steady_state_heating
2024-11-10 22:00:00,3.2330852139301474,17.21744164987656,8.00000000000001,4.999999999999993,5804.72587793156,0.56948065800881,steady_state_heating
2024-11-10 22:05:00,3.2324440959475873,17.211824851862822,7.999999999999987,4.999999999999993,5806.017477543999,0.5696664987233366,steady_state_heating
2024-11-10 22:10:00,3.1400945118785866,16.418814200513676,8.000000000000016,5.0,5992.903867455499,0.5971807634983307,steady_state_heating
2024-11-10 22:15:00,3.2242519268786407,17.140191522296373,8.000000000000004,4.999999999999979,5822.529231143585,0.5720472835583791,steady_state_heating
2024-11-10 22:20:00,,16.883130244036646,7.999999999985818,4.9999999999517115,0.0,0.6,defrost
2024-11-10 22:25:00,,16.944945005291984,7.999999999984372,4.999999999954806,0.0,0.6,defrost
2024-11-10 22:30:00,,16.67348086324602,7.999999999990095,5.000000000039465,0.0,0.6,defrost
2024-11-10 22:35:00,3.180649675402561,16.763179889948884,8.000000000000005,4.999999999999993,5910.641015739963,0.5849128902970865,steady_state_heating
2024-11-10 22:40:00,3.1612993699514647,16.598123767827012,8.000000000000004,5.000000000000007,5949.857660699915,0.5907294184060446,steady_state_heating
2024-11-10 22:45:00,3.156955715603714,16.561260896814765,8.000000000000016,5.000000000000021,5958.669529641018,0.5920442930698465,steady_state_heating
2024-11-10 22:50:00,3.0647375617074095,15.794516801521654,8.000000000000028,5.000000000000021,6146.3633798014125,0.6207850561819886,steady_state_heating
2024-11-10 22:55:00,3.0740834961634413,15.8708677800188,7.999999999999979,5.000000000000021,6127.297985710506,0.6177986065982081,steady_state_heating
2024-11-10 23:00:00,3.0898525421527423,16.00037518602648,7.999999999999988,5.000000000000071,6095.147752957449,0.6127981304190262,steady_state_heating
2024-11-10 23:05:00,3.1033460014161243,16.111880515632556,8.000000000000021,4.999999999999986,6067.6574969741105,0.6085571445547082,steady_state_heating
2024-11-10 23:10:00,3.1011719805148874,16.093872103198223,7.999999999999988,4.999999999999972,6072.085255562658,0.6092380961603098,steady_state_heating
2024-11-10 23:15:00,,15.974160113814722,7.999999999997964,4.999999999999991,0.0,0.6138037887525908,defrost
2024-11-10 23:20:00,,16.061086373225486,7.999999999997378,5.000000000000009,0.0,0.6104817427758408,defrost
2024-11-10 23:25:00,,15.913372007659367,7.999999999998231,5.000000000000006,0.0,0.6161484816216636,defrost
2024-11-10 23:30:00,3.0088821399772465,15.344387115197382,8.000000000000046,5.000000000000007,6260.423087232051,0.6389958703719707,steady_state_heating
2024-11-10 23:35:00,3.0225970107815443,15.453943175994493,8.00000000000001,4.999999999999979,6232.403361504005,0.6344659022190964,steady_state_heating
2024-11-10 23:40:00,2.974922184599877,15.07577741183431,8.000000000000025,4.999999999999986,6329.813640831477,0.6503810538024511,steady_state_heating
2024-11-10 23:45:00,2.98334922343852,15.142080416244132,8.000000000000025,5.000000000000021,6312.595001217029,0.6475332140939742,steady_state_heating
2024-11-10 23:50:00,2.9858989264858846,15.16218670165226,7.999999999999935,5.000000000000021,6307.385113873818,0.6466745326999257,steady_state_heating
2024-11-10 23:55:00,2.8726754256262317,14.289290317740223,7.999999999999963,4.9999999999999645,6538.375664100244,0.6861782343260977,steady_state_heating
