timestamp,liquid_line_temp_c,data_quality_flag
2024-11-01 00:00:00,3.4972960773905855,OK
2024-11-01 00:05:00,2.6380848196851177,OK
2024-11-01 00:10:00,1.9610679040686296,OK
2024-11-01 00:15:00,47.47243689612536,OK
2024-11-01 00:20:00,46.72209474540244,OK
2024-11-01 00:25:00,46.993532926376055,OK
2024-11-01 00:30:00,46.687923214076186,OK
2024-11-01 00:35:00,47.90898901529304,OK
2024-11-01 00:40:00,47.210377111420094,OK
2024-11-01 00:45:00,47.41090340985701,OK
2024-11-01 00:50:00,48.07435455718315,OK
2024-11-01 00:55:00,47.5199548538282,OK
2024-11-01 01:00:00,47.37663505570074,OK
2024-11-01 01:05:00,1.4815891223983302,OK
2024-11-01 01:10:00,2.1312464365702235,OK
2024-11-01 01:15:00,0.729081034720874,OK
2024-11-01 01:20:00,47.43759588102473,OK
2024-11-01 01:25:00,47.763771887080175,OK
2024-11-01 01:30:00,48.57455524958727,OK
2024-11-01 01:35:00,47.30679875676683,OK
2024-11-01 01:40:00,47.84242854661807,OK
2024-11-01 01:45:00,47.48717518063633,OK
2024-11-01 01:50:00,47.131706378172616,OK
2024-11-01 01:55:00,47.8799622876493,OK
2024-11-01 02:00:00,48.155500793068875,OK
2024-11-01 02:05:00,1.0158128889818117,OK
2024-11-01 02:10:00,0.6814365325681133,OK
2024-11-01 02:15:00,-0.4355369286063749,OK
2024-11-01 02:20:00,48.184968601146046,OK
2024-11-01 02:25:00,48.88312760810101,OK
2024-11-01 02:30:00,48.96698782248113,OK
2024-11-01 02:35:00,47.95421883198181,OK
2024-11-01 02:40:00,48.216554400408185,OK
2024-11-01 02:45:00,49.58487915462872,OK
2024-11-01 02:50:00,47.9704246432491,OK
2024-11-01 02:55:00,48.31478620904163,OK
2024-11-01 03:00:00,1.128519267313824,OK
2024-11-01 03:05:00,0.0655561871310286,OK
2024-11-01 03:10:00,-1.3826035224948126,OK
2024-11-01 03:15:00,48.78763269500472,OK
2024-11-01 03:20:00,48.732203281686765,OK
2024-11-01 03:25:00,48.08109582845569,OK
2024-11-01 03:30:00,49.53291617397915,OK
2024-11-01 03:35:00,49.63258004027324,OK
2024-11-01 03:40:00,48.96122127127528,OK
2024-11-01 03:45:00,48.6046768560061,OK
2024-11-01 03:50:00,48.34041243291183,OK
2024-11-01 03:55:00,48.893139513009444,OK
2024-11-01 04:00:00,49.0641950087912,OK
2024-11-01 04:05:00,48.63888827204615,OK
2024-11-01 04:10:00,-0.40783765087393176,OK
2024-11-01 04:15:00,-0.6486196814494074,OK
2024-11-01 04:20:00,-0.6169565037229188,OK
2024-11-01 04:25:00,49.43758888290459,OK
2024-11-01 04:30:00,49.83408364243787,OK
2024-11-01 04:35:00,49.73805691888556,OK
2024-11-01 04:40:00,49.89644034624058,OK
2024-11-01 04:45:00,48.87580887680985,OK
2024-11-01 04:50:00,49.693857756606874,OK
2024-11-01 04:55:00,49.70867563270408,OK
2024-11-01 05:00:00,48.88951291738882,OK
2024-11-01 05:05:00,48.53049911410984,OK
2024-11-01 05:10:00,49.55682560111397,OK
2024-11-01 05:15:00,49.445536958506004,OK
2024-11-01 05:20:00,48.55293324366479,OK
2024-11-01 05:25:00,49.6537808002737,OK
2024-11-01 05:30:00,-0.6705086822314718,OK
2024-11-01 05:35:00,-0.2774487774461478,OK
2024-11-01 05:40:00,-1.6139968121610269,OK
2024-11-01 05:45:00,48.95836930125025,OK
2024-11-01 05:50:00,49.25145736811202,OK
2024-11-01 05:55:00,49.52226938104504,OK
2024-11-01 06:00:00,49.790107920115496,OK
2024-11-01 06:05:00,49.76373224162343,OK
2024-11-01 06:10:00,49.98716805506768,OK
2024-11-01 06:15:00,48.80643584320462,OK
2024-11-01 06:20:00,49.921525732823916,OK
2024-11-01 06:25:00,49.15477141152739,OK
2024-11-01 06:30:00,49.47611641261303,OK
2024-11-01 06:35:00,48.3853161330951,OK
2024-11-01 06:40:00,49.50475362219183,OK
2024-11-01 06:45:00,49.389751330226844,OK
2024-11-01 06:50:00,49.449442347259804,OK
2024-11-01 06:55:00,49.92845953487684,OK
2024-11-01 07:00:00,-1.0064907464106034,OK
2024-11-01 07:05:00,-1.7997627290710694,OK
2024-11-01 07:10:00,-0.7794200176617645,OK
2024-11-01 07:15:00,50.36761256286826,OK
2024-11-01 07:20:00,49.27888180417548,OK
2024-11-01 07:25:00,49.400077183961535,OK
2024-11-01 07:30:00,49.63513926603917,OK
2024-11-01 07:35:00,49.888447960284076,OK
2024-11-01 07:40:00,49.659906725613595,OK
2024-11-01 07:45:00,48.707347664394355,OK
2024-11-01 07:50:00,48.88861214818104,OK
2024-11-01 07:55:00,49.149235134558,OK
2024-11-01 08:00:00,-1.343970783507426,OK
2024-11-01 08:05:00,-1.5491978265971196,OK
2024-11-01 08:10:00,-1.0468960721114746,OK
2024-11-01 08:15:00,49.46032934277948,OK
2024-11-01 08:20:00,49.91476316958373,OK
2024-11-01 08:25:00,49.46138708753917,OK
2024-11-01 08:30:00,48.70395336293139,OK
2024-11-01 08:35:00,49.291708392374574,OK
2024-11-01 08:40:00,49.093819609515904,OK
2024-11-01 08:45:00,48.33944568670435,OK
2024-11-01 08:50:00,48.86194442316277,OK
2024-11-01 08:55:00,0.11327272036063929,OK
2024-11-01 09:00:00,-0.6221949645119464,OK
2024-11-01 09:05:00,0.4842970508287132,OK
2024-11-01 09:10:00,48.8328063563802,OK
2024-11-01 09:15:00,49.6861871675244,OK
2024-11-01 09:20:00,48.9006889872281,OK
2024-11-01 09:25:00,48.27287210748953,OK
2024-11-01 09:30:00,48.21198664758055,OK
2024-11-01 09:35:00,49.43480657342019,OK
2024-11-01 09:40:00,48.66357282856022,OK
2024-11-01 09:45:00,47.73681221188777,OK
2024-11-01 09:50:00,0.5960900819073311,OK
2024-11-01 09:55:00,0.253596002160666,OK
2024-11-01 10:00:00,0.7426885711346005,OK
2024-11-01 10:05:00,47.996558216812666,OK
2024-11-01 10:10:00,47.79626164758903,OK
2024-11-01 10:15:00,48.47127613954264,OK
2024-11-01 10:20:00,48.512020042905135,OK
2024-11-01 10:25:00,48.86748007062516,OK
2024-11-01 10:30:00,48.4987461030379,OK
2024-11-01 10:35:00,48.60200293229383,OK
2024-11-01 10:40:00,48.32383306579078,OK
2024-11-01 10:45:00,47.50186845573953,OK
2024-11-01 10:50:00,1.8072197705209843,OK
2024-11-01 10:55:00,1.44948931273814,OK
2024-11-01 11:00:00,1.6936930686466534,OK
2024-11-01 11:05:00,48.14402266591482,OK
2024-11-01 11:10:00,47.35703367182486,OK
2024-11-01 11:15:00,47.55691626879604,OK
2024-11-01 11:20:00,47.8891833321143,OK
2024-11-01 11:25:00,47.960074516128785,OK
2024-11-01 11:30:00,47.351324006781056,OK
2024-11-01 11:35:00,47.73186683067975,OK
2024-11-01 11:40:00,47.264549154375494,OK
2024-11-01 11:45:00,46.43228600410413,OK
2024-11-01 11:50:00,46.775586256771774,OK
2024-11-01 11:55:00,47.1094098888412,OK
2024-11-01 12:00:00,2.6964323288152316,OK
2024-11-01 12:05:00,1.8413867890437605,OK
2024-11-01 12:10:00,2.2633648966650566,OK
2024-11-01 12:15:00,46.54874416289577,OK
2024-11-01 12:20:00,47.1165632774842,OK
2024-11-01 12:25:00,47.118438601002794,OK
2024-11-01 12:30:00,47.27067963762448,OK
2024-11-01 12:35:00,46.38127479091043,OK
2024-11-01 12:40:00,46.968163310790516,OK
2024-11-01 12:45:00,46.19889730319524,OK
2024-11-01 12:50:00,46.31018348131423,OK
2024-11-01 12:55:00,46.207431101237525,OK
2024-11-01 13:00:00,46.08782200324818,OK
2024-11-01 13:05:00,46.07910484050863,OK
2024-11-01 13:10:00,46.35699745451535,OK
2024-11-01 13:15:00,45.7927417407076,OK
2024-11-01 13:20:00,45.49137268560725,OK
2024-11-01 13:25:00,4.004851190240958,OK
2024-11-01 13:30:00,4.46480279534462,OK
2024-11-01 13:35:00,2.668207266596927,OK
2024-11-01 13:40:00,44.91887092664711,OK
2024-11-01 13:45:00,45.17233036974573,OK
2024-11-01 13:50:00,45.31116524112284,OK
2024-11-01 13:55:00,45.72865165372197,OK
2024-11-01 14:00:00,45.44138376043363,OK
2024-11-01 14:05:00,45.05524726473418,OK
2024-11-01 14:10:00,45.297326299272456,OK
2024-11-01 14:15:00,45.04808218311166,OK
2024-11-01 14:20:00,45.22665124265444,OK
2024-11-01 14:25:00,45.143385548335566,OK
2024-11-01 14:30:00,44.439310781396244,OK
2024-11-01 14:35:00,44.745427703311,OK
2024-11-01 14:40:00,44.49711855914045,OK
2024-11-01 14:45:00,45.39008815579952,OK
2024-11-01 14:50:00,45.12924238575274,OK
2024-11-01 14:55:00,45.17198731685923,OK
2024-11-01 15:00:00,43.51344808598895,OK
2024-11-01 15:05:00,43.856654532814,OK
2024-11-01 15:10:00,44.38815305461854,OK
2024-11-01 15:15:00,43.09883514614888,OK
2024-11-01 15:20:00,45.144524349275585,OK
2024-11-01 15:25:00,43.45466754237564,OK
2024-11-01 15:30:00,44.68340493707696,OK
2024-11-01 15:35:00,43.78308901541164,OK
2024-11-01 15:40:00,44.39465213764086,OK
2024-11-01 15:45:00,46.032175353379685,OK
2024-11-01 15:50:00,42.80726635977284,OK
2024-11-01 15:55:00,44.40987026265294,OK
2024-11-01 16:00:00,43.53891401600834,OK
2024-11-01 16:05:00,44.04239847938792,OK
2024-11-01 16:10:00,43.624101761319956,OK
2024-11-01 16:15:00,44.273878147224345,OK
2024-11-01 16:20:00,43.509440016577166,OK
2024-11-01 16:25:00,44.7290450448947,OK
2024-11-01 16:30:00,43.48362431446723,OK
2024-11-01 16:35:00,44.290816157457805,OK
2024-11-01 16:40:00,43.76996581584135,OK
2024-11-01 16:45:00,43.34311154672122,OK
2024-11-01 16:50:00,44.516899191455614,OK
2024-11-01 16:55:00,43.811744894690484,OK
2024-11-01 17:00:00,44.84646565231811,OK
2024-11-01 17:05:00,44.21620169687994,OK
2024-11-01 17:10:00,43.650380738338775,OK
2024-11-01 17:15:00,43.9807315220031,OK
2024-11-01 17:20:00,43.86530143195984,OK
2024-11-01 17:25:00,44.38537034100831,OK
2024-11-01 17:30:00,43.73610155685798,OK
2024-11-01 17:35:00,44.07458151163609,OK
2024-11-01 17:40:00,43.51736032895035,OK
2024-11-01 17:45:00,43.99142921745966,OK
2024-11-01 17:50:00,44.089249666870494,OK
2024-11-01 17:55:00,44.06409690023555,OK
2024-11-01 18:00:00,43.28898782195687,OK
2024-11-01 18:05:00,43.600791095942164,OK
2024-11-01 18:10:00,43.01276648895712,OK
2024-11-01 18:15:00,42.93744613538146,OK
2024-11-01 18:20:00,43.637559617753325,OK
2024-11-01 18:25:00,44.647441708289065,OK
2024-11-01 18:30:00,43.50217465404628,OK
2024-11-01 18:35:00,43.94563943342389,OK
2024-11-01 18:40:00,42.61322604892943,OK
2024-11-01 18:45:00,44.11350191770959,OK
2024-11-01 18:50:00,43.506766355879485,OK
2024-11-01 18:55:00,43.43210490921284,OK
2024-11-01 19:00:00,44.132031694134454,OK
2024-11-01 19:05:00,43.713667627360905,OK
2024-11-01 19:10:00,42.73720727418816,OK
2024-11-01 19:15:00,44.08161572376305,OK
2024-11-01 19:20:00,43.66123777191691,OK
2024-11-01 19:25:00,43.548464589818245,OK
2024-11-01 19:30:00,43.38437910430019,OK
2024-11-01 19:35:00,43.07839141601494,OK
2024-11-01 19:40:00,44.35042426939823,OK
2024-11-01 19:45:00,44.96316454478463,OK
2024-11-01 19:50:00,44.47734983963214,OK
2024-11-01 19:55:00,43.82949958564885,OK
2024-11-01 20:00:00,44.34115231094425,OK
2024-11-01 20:05:00,44.270844566825055,OK
2024-11-01 20:10:00,44.71551038430895,OK
2024-11-01 20:15:00,44.707746262822035,OK
2024-11-01 20:20:00,42.935459374257725,OK
2024-11-01 20:25:00,44.71516854002539,OK
2024-11-01 20:30:00,44.15431962712845,OK
2024-11-01 20:35:00,43.81277095277103,OK
2024-11-01 20:40:00,44.61726880476526,OK
2024-11-01 20:45:00,44.755811635705626,OK
2024-11-01 20:50:00,43.719038849435975,OK
2024-11-01 20:55:00,45.22355232847031,OK
2024-11-01 21:00:00,45.070657545012274,OK
2024-11-01 21:05:00,44.94721772524397,OK
2024-11-01 21:10:00,44.52399004658034,OK
2024-11-01 21:15:00,44.62141535779303,OK
2024-11-01 21:20:00,45.11867787451874,OK
2024-11-01 21:25:00,43.958915901840626,OK
2024-11-01 21:30:00,45.42120808787149,OK
2024-11-01 21:35:00,44.586359054680905,OK
2024-11-01 21:40:00,45.168364480784554,OK
2024-11-01 21:45:00,43.70035728414195,OK
2024-11-01 21:50:00,45.25936901718442,OK
2024-11-01 21:55:00,45.60612092221439,OK
2024-11-01 22:00:00,44.81556407929675,OK
2024-11-01 22:05:00,45.57790712057509,OK
2024-11-01 22:10:00,45.31981261582167,OK
2024-11-01 22:15:00,45.21138386874874,OK
2024-11-01 22:20:00,45.591358700489046,OK
2024-11-01 22:25:00,44.46760079005754,OK
2024-11-01 22:30:00,45.821315699513676,OK
2024-11-01 22:35:00,3.8612830850424986,OK
2024-11-01 22:40:00,4.084460275895117,OK
2024-11-01 22:45:00,3.4167891630191103,OK
2024-11-01 22:50:00,45.792247818807276,OK
2024-11-01 22:55:00,45.71086068833266,OK
2024-11-01 23:00:00,45.19264911984085,OK
2024-11-01 23:05:00,46.38097178848872,OK
2024-11-01 23:10:00,45.992633006152026,OK
2024-11-01 23:15:00,46.65805435315432,OK
2024-11-01 23:20:00,47.24642815945931,OK
2024-11-01 23:25:00,46.14375151737423,OK
2024-11-01 23:30:00,45.53025773733545,OK
2024-11-01 23:35:00,45.55025236970978,OK
2024-11-01 23:40:00,2.5533107613070767,OK
2024-11-01 23:45:00,2.320905675290172,OK
2024-11-01 23:50:00,2.35099123092541,OK
2024-11-01 23:55:00,46.55399171594446,OK
2024-11-02 00:00:00,47.37904054994661,OK
2024-11-02 00:05:00,47.014252023950846,OK
2024-11-02 00:10:00,46.29459335800232,OK
2024-11-02 00:15:00,46.60392511806224,OK
2024-11-02 00:20:00,46.1507934918554,OK
2024-11-02 00:25:00,48.11559442808473,OK
2024-11-02 00:30:00,46.97992850241492,OK
2024-11-02 00:35:00,47.97892910256446,OK
2024-11-02 00:40:00,46.85057774861713,OK
2024-11-02 00:45:00,46.82497238630135,OK
2024-11-02 00:50:00,47.261765612714456,OK
2024-11-02 00:55:00,1.5707580432316397,OK
2024-11-02 01:00:00,0.3523601816895344,OK
2024-11-02 01:05:00,-0.13546700190029637,OK
2024-11-02 01:10:00,47.95555935928915,OK
2024-11-02 01:15:00,47.91379125588167,OK
2024-11-02 01:20:00,48.52082953190376,OK
2024-11-02 01:25:00,48.43919950507617,OK
2024-11-02 01:30:00,48.56964795168919,OK
2024-11-02 01:35:00,48.55996091737777,OK
2024-11-02 01:40:00,47.578574821995396,OK
2024-11-02 01:45:00,47.893076223424735,OK
2024-11-02 01:50:00,47.86020840858425,OK
2024-11-02 01:55:00,47.64203172709898,OK
2024-11-02 02:00:00,0.6038988368852006,OK
2024-11-02 02:05:00,-0.0820110236388795,OK
2024-11-02 02:10:00,0.09930469632972566,OK
2024-11-02 02:15:00,46.71074539530934,OK
2024-11-02 02:20:00,49.6175155318309,OK
2024-11-02 02:25:00,47.97553674953044,OK
2024-11-02 02:30:00,49.18691365393907,OK
2024-11-02 02:35:00,47.85671008008785,OK
2024-11-02 02:40:00,48.23141176517906,OK
2024-11-02 02:45:00,47.20218881422748,OK
2024-11-02 02:50:00,48.82034453670308,OK
2024-11-02 02:55:00,47.79111867826226,OK
2024-11-02 03:00:00,47.9362175243687,OK
2024-11-02 03:05:00,47.97903582597485,OK
2024-11-02 03:10:00,-0.05703058373495912,OK
2024-11-02 03:15:00,-0.19982219180708488,OK
2024-11-02 03:20:00,0.4448789723174498,OK
2024-11-02 03:25:00,48.66719321177387,OK
2024-11-02 03:30:00,48.97087388835669,OK
2024-11-02 03:35:00,48.25567657220654,OK
2024-11-02 03:40:00,48.62520269341482,OK
2024-11-02 03:45:00,48.99756975372851,OK
2024-11-02 03:50:00,49.064475305289186,OK
2024-11-02 03:55:00,49.54490926243296,OK
2024-11-02 04:00:00,49.99166697350612,OK
2024-11-02 04:05:00,48.5269933563322,OK
2024-11-02 04:10:00,-0.10779642559289954,OK
2024-11-02 04:15:00,-1.008057954651734,OK
2024-11-02 04:20:00,-1.1730332548685602,OK
2024-11-02 04:25:00,48.971259248437086,OK
2024-11-02 04:30:00,49.461608569313434,OK
2024-11-02 04:35:00,,MISSING
2024-11-02 04:40:00,,MISSING
2024-11-02 04:45:00,49.658928605795495,OK
2024-11-02 04:50:00,49.55555345543182,OK
2024-11-02 04:55:00,50.714851188305204,OK
2024-11-02 05:00:00,50.06851709002367,OK
2024-11-02 05:05:00,49.481754587355624,OK
2024-11-02 05:10:00,49.48068896999826,OK
2024-11-02 05:15:00,49.05150216382629,OK
2024-11-02 05:20:00,49.846763042026716,OK
2024-11-02 05:25:00,48.965872902957415,OK
2024-11-02 05:30:00,49.810099106243364,OK
2024-11-02 05:35:00,-0.751568305861388,OK
2024-11-02 05:40:00,-1.9662103269855349,OK
2024-11-02 05:45:00,-1.9738691950971987,OK
2024-11-02 05:50:00,49.064180945625246,OK
2024-11-02 05:55:00,49.55893144964214,OK
2024-11-02 06:00:00,50.273522415894504,OK
2024-11-02 06:05:00,50.20272956189538,OK
2024-11-02 06:10:00,49.884497656597524,OK
2024-11-02 06:15:00,49.316810578279735,OK
2024-11-02 06:20:00,49.25470878367218,OK
2024-11-02 06:25:00,48.64375508765721,OK
2024-11-02 06:30:00,-1.4832992792431403,OK
2024-11-02 06:35:00,-1.809520050149818,OK
2024-11-02 06:40:00,-0.7213610213424733,OK
2024-11-02 06:45:00,49.27890370321109,OK
2024-11-02 06:50:00,49.08305010909518,OK
2024-11-02 06:55:00,49.44338601766103,OK
2024-11-02 07:00:00,50.06256105661408,OK
2024-11-02 07:05:00,48.299379150118604,OK
2024-11-02 07:10:00,49.664113681170285,OK
2024-11-02 07:15:00,49.01879899399349,OK
2024-11-02 07:20:00,48.70920596496223,OK
2024-11-02 07:25:00,47.733317582365565,OK
2024-11-02 07:30:00,49.19085353547912,OK
2024-11-02 07:35:00,-0.44949630778297156,OK
2024-11-02 07:40:00,-0.16217361369747096,OK
2024-11-02 07:45:00,-1.0797008954684628,OK
2024-11-02 07:50:00,49.88517518385854,OK
2024-11-02 07:55:00,48.611086813419405,OK
2024-11-02 08:00:00,49.610641114248715,OK
2024-11-02 08:05:00,48.705927053855106,OK
2024-11-02 08:10:00,49.331140959935745,OK
2024-11-02 08:15:00,48.58486333826642,OK
2024-11-02 08:20:00,47.90820408286829,OK
2024-11-02 08:25:00,49.71094838798947,OK
2024-11-02 08:30:00,48.366579317204845,OK
2024-11-02 08:35:00,48.56109356209483,OK
2024-11-02 08:40:00,48.31461157717013,OK
2024-11-02 08:45:00,48.78764145688606,OK
2024-11-02 08:50:00,-0.3401476240154908,OK
2024-11-02 08:55:00,0.1267343583453293,OK
2024-11-02 09:00:00,-1.0239991830174888,OK
2024-11-02 09:05:00,48.85385636523529,OK
2024-11-02 09:10:00,48.14428361827994,OK
2024-11-02 09:15:00,49.05111776230962,OK
2024-11-02 09:20:00,48.17531461948083,OK
2024-11-02 09:25:00,47.875417876146415,OK
2024-11-02 09:30:00,48.446384462366325,OK
2024-11-02 09:35:00,47.715233435822284,OK
2024-11-02 09:40:00,49.148814556404844,OK
2024-11-02 09:45:00,48.1777922952478,OK
2024-11-02 09:50:00,48.72193676859094,OK
2024-11-02 09:55:00,46.420046304425924,OK
2024-11-02 10:00:00,48.071605492115786,OK
2024-11-02 10:05:00,1.059326361802988,OK
2024-11-02 10:10:00,0.9271030656689778,OK
2024-11-02 10:15:00,-0.5496600074802035,OK
2024-11-02 10:20:00,47.95270184259234,OK
2024-11-02 10:25:00,47.1847318936965,OK
2024-11-02 10:30:00,48.84707768626986,OK
2024-11-02 10:35:00,47.77450319498626,OK
2024-11-02 10:40:00,47.20629778866173,OK
2024-11-02 10:45:00,47.60891880104846,OK
2024-11-02 10:50:00,46.3141129167421,OK
2024-11-02 10:55:00,46.828599389150256,OK
2024-11-02 11:00:00,47.23319653743818,OK
2024-11-02 11:05:00,2.2989779546495224,OK
2024-11-02 11:10:00,0.6240852208850922,OK
2024-11-02 11:15:00,1.4267307150975692,OK
2024-11-02 11:20:00,47.03527643737327,OK
2024-11-02 11:25:00,46.33210614784921,OK
2024-11-02 11:30:00,47.08433934648529,OK
2024-11-02 11:35:00,46.82381675521979,OK
2024-11-02 11:40:00,48.019965235099924,OK
2024-11-02 11:45:00,46.840440120591175,OK
2024-11-02 11:50:00,46.85715890466998,OK
2024-11-02 11:55:00,47.02743706428717,OK
2024-11-02 12:00:00,46.06095973788058,OK
2024-11-02 12:05:00,46.546263309040725,OK
2024-11-02 12:10:00,46.114768471042275,OK
2024-11-02 12:15:00,46.28065668504145,OK
2024-11-02 12:20:00,2.7107302172290972,OK
2024-11-02 12:25:00,2.4450921576796696,OK
2024-11-02 12:30:00,2.3898557996252614,OK
2024-11-02 12:35:00,46.24520338949086,OK
2024-11-02 12:40:00,47.399643910660735,OK
2024-11-02 12:45:00,45.87068466037174,OK
2024-11-02 12:50:00,46.17320684789227,OK
2024-11-02 12:55:00,45.75247372298852,OK
2024-11-02 13:00:00,45.73713289123962,OK
2024-11-02 13:05:00,45.086092639200885,OK
2024-11-02 13:10:00,46.43598123099911,OK
2024-11-02 13:15:00,45.4105088695494,OK
2024-11-02 13:20:00,3.699845157833658,OK
2024-11-02 13:25:00,3.1010929312293642,OK
2024-11-02 13:30:00,3.2578986825959433,OK
2024-11-02 13:35:00,46.11713420705731,OK
2024-11-02 13:40:00,46.29110472203016,OK
2024-11-02 13:45:00,45.426865539040556,OK
2024-11-02 13:50:00,45.54013998797649,OK
2024-11-02 13:55:00,45.02762169877206,OK
2024-11-02 14:00:00,45.06274299868218,OK
2024-11-02 14:05:00,44.5462979457618,OK
2024-11-02 14:10:00,45.613787750589665,OK
2024-11-02 14:15:00,44.88489885768736,OK
2024-11-02 14:20:00,45.620595258284915,OK
2024-11-02 14:25:00,44.447992384734356,OK
2024-11-02 14:30:00,44.415618933742365,OK
2024-11-02 14:35:00,45.0145079973967,OK
2024-11-02 14:40:00,45.14444260924326,OK
2024-11-02 14:45:00,44.67268824806737,OK
2024-11-02 14:50:00,44.658527654691305,OK
2024-11-02 14:55:00,45.01763608405099,OK
2024-11-02 15:00:00,44.069566063373244,OK
2024-11-02 15:05:00,44.655690434628276,OK
2024-11-02 15:10:00,44.445083659444094,OK
2024-11-02 15:15:00,44.763677486245115,OK
2024-11-02 15:20:00,44.15811381035343,OK
2024-11-02 15:25:00,45.430599448119445,OK
2024-11-02 15:30:00,44.280799151499856,OK
2024-11-02 15:35:00,44.74421784315926,OK
2024-11-02 15:40:00,44.230925241236854,OK
2024-11-02 15:45:00,43.64199411516969,OK
2024-11-02 15:50:00,43.85720166189201,OK
2024-11-02 15:55:00,43.7116322693017,OK
2024-11-02 16:00:00,44.553086130560764,OK
2024-11-02 16:05:00,44.37866635421203,OK
2024-11-02 16:10:00,43.561989403549525,OK
2024-11-02 16:15:00,44.623799256158726,OK
2024-11-02 16:20:00,44.44200945629108,OK
2024-11-02 16:25:00,44.67139154866415,OK
2024-11-02 16:30:00,43.32565656296151,OK
2024-11-02 16:35:00,43.53469445683206,OK
2024-11-02 16:40:00,44.56626479662379,OK
2024-11-02 16:45:00,43.773595440799824,OK
2024-11-02 16:50:00,43.54386416968524,OK
2024-11-02 16:55:00,44.29262633537964,OK
2024-11-02 17:00:00,44.41716491669693,OK
2024-11-02 17:05:00,43.393800487272316,OK
2024-11-02 17:10:00,43.65670213843828,OK
2024-11-02 17:15:00,44.0970289205358,OK
2024-11-02 17:20:00,42.83287240899323,OK
2024-11-02 17:25:00,43.624769348393905,OK
2024-11-02 17:30:00,43.281119340707484,OK
2024-11-02 17:35:00,43.24009490086549,OK
2024-11-02 17:40:00,43.279384394288,OK
2024-11-02 17:45:00,43.73871769123139,OK
2024-11-02 17:50:00,43.01303527641697,OK
2024-11-02 17:55:00,43.47708035303506,OK
2024-11-02 18:00:00,43.80323141862993,OK
2024-11-02 18:05:00,43.11229888087495,OK
2024-11-02 18:10:00,43.912527894152184,OK
2024-11-02 18:15:00,44.358303253871085,OK
2024-11-02 18:20:00,44.014742550315816,OK
2024-11-02 18:25:00,43.70819876232993,OK
2024-11-02 18:30:00,44.188994315210195,OK
2024-11-02 18:35:00,43.15505706975283,OK
2024-11-02 18:40:00,44.23489549687493,OK
2024-11-02 18:45:00,45.589011443272646,OK
2024-11-02 18:50:00,43.5933717733711,OK
2024-11-02 18:55:00,43.59299356808924,OK
2024-11-02 19:00:00,44.35401611042383,OK
2024-11-02 19:05:00,44.70330167883903,OK
2024-11-02 19:10:00,44.71287094657887,OK
2024-11-02 19:15:00,42.79996667206679,OK
2024-11-02 19:20:00,44.016481341638354,OK
2024-11-02 19:25:00,44.98110238454063,OK
2024-11-02 19:30:00,44.32664653809965,OK
2024-11-02 19:35:00,43.07383716851258,OK
2024-11-02 19:40:00,44.3441547438316,OK
2024-11-02 19:45:00,43.547486424089186,OK
2024-11-02 19:50:00,44.33897107673843,OK
2024-11-02 19:55:00,43.05433786667347,OK
2024-11-02 20:00:00,43.85693616694093,OK
2024-11-02 20:05:00,43.48593209448426,OK
2024-11-02 20:10:00,44.174783407300055,OK
2024-11-02 20:15:00,45.22342579046437,OK
2024-11-02 20:20:00,44.10180425932197,OK
2024-11-02 20:25:00,43.901465883322096,OK
2024-11-02 20:30:00,43.874731795436716,OK
2024-11-02 20:35:00,43.26452324157793,OK
2024-11-02 20:40:00,43.6253445846215,OK
2024-11-02 20:45:00,44.12007287308836,OK
2024-11-02 20:50:00,44.86939975279899,OK
2024-11-02 20:55:00,43.927595157533524,OK
2024-11-02 21:00:00,45.376435244465654,OK
2024-11-02 21:05:00,44.3376590261325,OK
2024-11-02 21:10:00,44.35021390591214,OK
2024-11-02 21:15:00,44.44424365980806,OK
2024-11-02 21:20:00,44.684911448946025,OK
2024-11-02 21:25:00,45.84337772456561,OK
2024-11-02 21:30:00,43.95604660012775,OK
2024-11-02 21:35:00,44.72124870006594,OK
2024-11-02 21:40:00,45.2489120656682,OK
2024-11-02 21:45:00,44.16601454379625,OK
2024-11-02 21:50:00,45.75243605347168,OK
2024-11-02 21:55:00,45.43744149345497,OK
2024-11-02 22:00:00,45.30334789490447,OK
2024-11-02 22:05:00,45.419251599416334,OK
2024-11-02 22:10:00,4.524421140589693,OK
2024-11-02 22:15:00,5.066688403352039,OK
2024-11-02 22:20:00,3.591990187212646,OK
2024-11-02 22:25:00,45.19564164845687,OK
2024-11-02 22:30:00,45.194909273882786,OK
2024-11-02 22:35:00,45.7400895487248,OK
2024-11-02 22:40:00,44.616431798489366,OK
2024-11-02 22:45:00,45.66049363558682,OK
2024-11-02 22:50:00,45.89419562422635,OK
2024-11-02 22:55:00,45.78077360552035,OK
2024-11-02 23:00:00,45.868309365475525,OK
2024-11-02 23:05:00,4.166647961373544,OK
2024-11-02 23:10:00,2.703209060578169,OK
2024-11-02 23:15:00,2.848607796505659,OK
2024-11-02 23:20:00,46.842756499932946,OK
2024-11-02 23:25:00,46.39956102976579,OK
2024-11-02 23:30:00,47.46551484034025,OK
2024-11-02 23:35:00,46.38115823008416,OK
2024-11-02 23:40:00,45.95135391593906,OK
2024-11-02 23:45:00,45.55675738370061,OK
2024-11-02 23:50:00,45.5300076740006,OK
2024-11-02 23:55:00,46.06083151047237,OK
2024-11-03 00:00:00,46.93978923252107,OK
2024-11-03 00:05:00,46.352754634838604,OK
2024-11-03 00:10:00,2.364438849155527,OK
2024-11-03 00:15:00,1.9831532185638936,OK
2024-11-03 00:20:00,1.4378677718150497,OK
2024-11-03 00:25:00,47.10686243408214,OK
2024-11-03 00:30:00,47.89344470203084,OK
2024-11-03 00:35:00,47.299369590973654,OK
2024-11-03 00:40:00,46.82484931064442,OK
2024-11-03 00:45:00,47.54694527975233,OK
2024-11-03 00:50:00,47.39560480806657,OK
2024-11-03 00:55:00,47.92860100555571,OK
2024-11-03 01:00:00,47.67450836799263,OK
2024-11-03 01:05:00,47.46952173704061,OK
2024-11-03 01:10:00,48.32293702743033,OK
2024-11-03 01:15:00,47.495936584519555,OK
2024-11-03 01:20:00,1.9248689747218766,OK
2024-11-03 01:25:00,0.27266858749933465,OK
2024-11-03 01:30:00,0.6382938901379293,OK
2024-11-03 01:35:00,47.90391246854969,OK
2024-11-03 01:40:00,49.09880553495751,OK
2024-11-03 01:45:00,48.659576404482884,OK
2024-11-03 01:50:00,48.60852127797805,OK
2024-11-03 01:55:00,47.990345914203644,OK
2024-11-03 02:00:00,49.10199439256454,OK
2024-11-03 02:05:00,49.25238969039194,OK
2024-11-03 02:10:00,48.187855064926744,OK
2024-11-03 02:15:00,48.33688480433811,OK
2024-11-03 02:20:00,48.23311804510628,OK
2024-11-03 02:25:00,48.30736969880217,OK
2024-11-03 02:30:00,0.4127661913470203,OK
2024-11-03 02:35:00,-1.1308529259958495,OK
2024-11-03 02:40:00,-1.303534461331242,OK
2024-11-03 02:45:00,49.78226090038029,OK
2024-11-03 02:50:00,49.59537503761895,OK
2024-11-03 02:55:00,50.32378156815257,OK
2024-11-03 03:00:00,48.98635911768905,OK
2024-11-03 03:05:00,49.1853056101699,OK
2024-11-03 03:10:00,48.59624318044728,OK
2024-11-03 03:15:00,49.422815023683256,OK
2024-11-03 03:20:00,48.24403051297874,OK
2024-11-03 03:25:00,49.488223118125205,OK
2024-11-03 03:30:00,49.66507267568619,OK
2024-11-03 03:35:00,49.27285983353868,OK
2024-11-03 03:40:00,49.34900422360828,OK
2024-11-03 03:45:00,48.77959117710567,OK
2024-11-03 03:50:00,49.77024761198218,OK
2024-11-03 03:55:00,49.28885934100715,OK
2024-11-03 04:00:00,49.841144759050295,OK
2024-11-03 04:05:00,-0.3655939247823563,OK
2024-11-03 04:10:00,-1.2696056956820339,OK
2024-11-03 04:15:00,-2.546699320022867,OK
2024-11-03 04:20:00,49.37176567746027,OK
2024-11-03 04:25:00,50.323564873486376,OK
2024-11-03 04:30:00,49.694093116609736,OK
2024-11-03 04:35:00,49.38624225972419,OK
2024-11-03 04:40:00,50.14338896809257,OK
2024-11-03 04:45:00,49.656532303089236,OK
2024-11-03 04:50:00,50.81172743446791,OK
2024-11-03 04:55:00,49.90569845986709,OK
2024-11-03 05:00:00,50.47133287512445,OK
2024-11-03 05:05:00,49.42492876974937,OK
2024-11-03 05:10:00,49.52044881435418,OK
2024-11-03 05:15:00,50.243365595722224,OK
2024-11-03 05:20:00,50.803100865984476,OK
2024-11-03 05:25:00,49.593441880596394,OK
2024-11-03 05:30:00,50.09510437157583,OK
2024-11-03 05:35:00,49.679491573178154,OK
2024-11-03 05:40:00,50.148389432080066,OK
2024-11-03 05:45:00,-1.4997701534131553,OK
2024-11-03 05:50:00,-2.4638745187700506,OK
2024-11-03 05:55:00,-2.9717885003523627,OK
2024-11-03 06:00:00,49.86313431362571,OK
2024-11-03 06:05:00,49.7956752056859,OK
2024-11-03 06:10:00,50.550316732359825,OK
2024-11-03 06:15:00,50.10331240648841,OK
2024-11-03 06:20:00,49.16149750133951,OK
2024-11-03 06:25:00,49.75450488591476,OK
2024-11-03 06:30:00,49.05588280873562,OK
2024-11-03 06:35:00,49.73228707477427,OK
2024-11-03 06:40:00,-1.3187590353512184,OK
2024-11-03 06:45:00,-2.426138268844661,OK
2024-11-03 06:50:00,-0.9708273976170592,OK
2024-11-03 06:55:00,50.01358245434541,OK
2024-11-03 07:00:00,49.86679581212549,OK
2024-11-03 07:05:00,50.14825259432571,OK
2024-11-03 07:10:00,48.61951717195423,OK
2024-11-03 07:15:00,49.92436567262147,OK
2024-11-03 07:20:00,49.928997224193914,OK
2024-11-03 07:25:00,50.822708259794815,OK
2024-11-03 07:30:00,50.09006160947963,OK
2024-11-03 07:35:00,49.12144664420973,OK
2024-11-03 07:40:00,50.70826780054469,OK
2024-11-03 07:45:00,49.72378475420992,OK
2024-11-03 07:50:00,49.63771297080794,OK
2024-11-03 07:55:00,50.245906784987945,OK
2024-11-03 08:00:00,49.54046903796862,OK
2024-11-03 08:05:00,51.04207964267973,OK
2024-11-03 08:10:00,49.7842617533948,OK
2024-11-03 08:15:00,49.93231439074983,OK
2024-11-03 08:20:00,-1.473743510851223,OK
2024-11-03 08:25:00,-1.1182773591067354,OK
2024-11-03 08:30:00,-1.1486326473207806,OK
2024-11-03 08:35:00,50.39678139978604,OK
2024-11-03 08:40:00,49.57104667754478,OK
2024-11-03 08:45:00,49.419713648249925,OK
2024-11-03 08:50:00,50.17229560339616,OK
2024-11-03 08:55:00,49.236981858207045,OK
2024-11-03 09:00:00,48.91987953043294,OK
2024-11-03 09:05:00,49.66803942632583,OK
2024-11-03 09:10:00,49.755920736349765,OK
2024-11-03 09:15:00,49.26456382717136,OK
2024-11-03 09:20:00,48.63055540907232,OK
2024-11-03 09:25:00,0.07698565956805692,OK
2024-11-03 09:30:00,-0.20673125078978333,OK
2024-11-03 09:35:00,-0.37298707273013876,OK
2024-11-03 09:40:00,48.49252685154318,OK
2024-11-03 09:45:00,48.94704261335334,OK
2024-11-03 09:50:00,48.86635814188231,OK
2024-11-03 09:55:00,48.80815625329459,OK
2024-11-03 10:00:00,48.73116125813349,OK
2024-11-03 10:05:00,48.81203931269448,OK
2024-11-03 10:10:00,48.38361559660679,OK
2024-11-03 10:15:00,49.39776229223801,OK
2024-11-03 10:20:00,0.4470014080201915,OK
2024-11-03 10:25:00,0.7789259773899331,OK
2024-11-03 10:30:00,-0.4068934485959108,OK
2024-11-03 10:35:00,48.801385849122894,OK
2024-11-03 10:40:00,48.277489160693655,OK
2024-11-03 10:45:00,47.20672378638637,OK
2024-11-03 10:50:00,48.819440376630055,OK
2024-11-03 10:55:00,48.195492620714276,OK
2024-11-03 11:00:00,49.58908353044582,OK
2024-11-03 11:05:00,48.875415646741985,OK
2024-11-03 11:10:00,48.3262097476348,OK
2024-11-03 11:15:00,47.6895936512726,OK
2024-11-03 11:20:00,47.51827116579899,OK
2024-11-03 11:25:00,47.17382503684928,OK
2024-11-03 11:30:00,46.933832986729925,OK
2024-11-03 11:35:00,46.70098588125049,OK
2024-11-03 11:40:00,47.76281213040009,OK
2024-11-03 11:45:00,46.67411460783265,OK
2024-11-03 11:50:00,47.67225546610186,OK
2024-11-03 11:55:00,47.078864989571755,OK
2024-11-03 12:00:00,47.12819983980922,OK
2024-11-03 12:05:00,46.470031051423696,OK
2024-11-03 12:10:00,47.50566000247862,OK
2024-11-03 12:15:00,2.495086581063706,OK
2024-11-03 12:20:00,1.5904776025253864,OK
2024-11-03 12:25:00,1.3616515864620904,OK
2024-11-03 12:30:00,47.459762059762625,OK
2024-11-03 12:35:00,46.683928021230656,OK
2024-11-03 12:40:00,46.444368442282276,OK
2024-11-03 12:45:00,46.605831883875155,OK
2024-11-03 12:50:00,47.259613246199535,OK
2024-11-03 12:55:00,46.794628504750314,OK
2024-11-03 13:00:00,46.33007129689562,OK
2024-11-03 13:05:00,46.77249032652702,OK
2024-11-03 13:10:00,47.09134323445541,OK
2024-11-03 13:15:00,45.365857680732574,OK
2024-11-03 13:20:00,46.165519664576266,OK
2024-11-03 13:25:00,2.7418088262000517,OK
2024-11-03 13:30:00,2.849926440823803,OK
2024-11-03 13:35:00,3.5247640313902266,OK
2024-11-03 13:40:00,46.83607965686903,OK
2024-11-03 13:45:00,47.04528415480737,OK
2024-11-03 13:50:00,47.75704794881562,OK
2024-11-03 13:55:00,46.31125710276392,OK
2024-11-03 14:00:00,46.20270108859728,OK
2024-11-03 14:05:00,46.046161727956786,OK
2024-11-03 14:10:00,45.60003022020581,OK
2024-11-03 14:15:00,46.07692591049787,OK
2024-11-03 14:20:00,45.17351502482045,OK
2024-11-03 14:25:00,45.80955866467688,OK
2024-11-03 14:30:00,45.208977701877295,OK
2024-11-03 14:35:00,45.04562087303792,OK
2024-11-03 14:40:00,45.996766815647966,OK
2024-11-03 14:45:00,45.475237738426046,OK
2024-11-03 14:50:00,44.47350534093691,OK
2024-11-03 14:55:00,44.869923309618976,OK
2024-11-03 15:00:00,44.779630643227925,OK
2024-11-03 15:05:00,44.47291674398441,OK
2024-11-03 15:10:00,45.29917361380406,OK
2024-11-03 15:15:00,45.496438898684104,OK
2024-11-03 15:20:00,4.407595875750208,OK
2024-11-03 15:25:00,5.305839358749268,OK
2024-11-03 15:30:00,5.030854886811925,OK
2024-11-03 15:35:00,45.24440372995309,OK
2024-11-03 15:40:00,44.90933839992893,OK
2024-11-03 15:45:00,45.65398241944343,OK
2024-11-03 15:50:00,44.87165635143865,OK
2024-11-03 15:55:00,44.994037328261804,OK
2024-11-03 16:00:00,45.05912710980241,OK
2024-11-03 16:05:00,43.45070330340874,OK
2024-11-03 16:10:00,44.07187428232447,OK
2024-11-03 16:15:00,44.24683167423795,OK
2024-11-03 16:20:00,44.80327494285629,OK
2024-11-03 16:25:00,44.9645234591001,OK
2024-11-03 16:30:00,43.448508335129404,OK
2024-11-03 16:35:00,44.90853111694822,OK
2024-11-03 16:40:00,43.76518552392605,OK
2024-11-03 16:45:00,43.25969042391953,OK
2024-11-03 16:50:00,44.32492229907542,OK
2024-11-03 16:55:00,44.107080046422055,OK
2024-11-03 17:00:00,43.468183287081004,OK
2024-11-03 17:05:00,44.47116694023042,OK
2024-11-03 17:10:00,44.59022196256916,OK
2024-11-03 17:15:00,44.56251844868461,OK
2024-11-03 17:20:00,43.9145098551689,OK
2024-11-03 17:25:00,44.408847414233016,OK
2024-11-03 17:30:00,44.04387442886799,OK
2024-11-03 17:35:00,45.152074627670466,OK
2024-11-03 17:40:00,43.06712761940009,OK
2024-11-03 17:45:00,43.58479825963274,OK
2024-11-03 17:50:00,44.010822528895574,OK
2024-11-03 17:55:00,43.500569682883565,OK
2024-11-03 18:00:00,43.88452008368875,OK
2024-11-03 18:05:00,44.49846667600282,OK
2024-11-03 18:10:00,44.1724547559888,OK
2024-11-03 18:15:00,43.79067994355083,OK
2024-11-03 18:20:00,44.71913725104835,OK
2024-11-03 18:25:00,43.87991287246508,OK
2024-11-03 18:30:00,44.032214742324705,OK
2024-11-03 18:35:00,44.01063671912734,OK
2024-11-03 18:40:00,44.291925557151245,OK
2024-11-03 18:45:00,43.2086775459098,OK
2024-11-03 18:50:00,44.40506623197139,OK
2024-11-03 18:55:00,44.08042041592028,OK
2024-11-03 19:00:00,45.0395010562242,OK
2024-11-03 19:05:00,44.38356878948975,OK
2024-11-03 19:10:00,45.02960641348978,OK
2024-11-03 19:15:00,43.63645106906365,OK
2024-11-03 19:20:00,43.4945560088161,OK
2024-11-03 19:25:00,43.36050377866032,OK
2024-11-03 19:30:00,43.80265742593305,OK
2024-11-03 19:35:00,45.00894253446829,OK
2024-11-03 19:40:00,45.56050560208773,OK
2024-11-03 19:45:00,44.15055550626747,OK
2024-11-03 19:50:00,43.96181454571619,OK
2024-11-03 19:55:00,44.63770360123938,OK
2024-11-03 20:00:00,44.994754570818564,OK
2024-11-03 20:05:00,43.72552068560465,OK
2024-11-03 20:10:00,44.02929280145617,OK
2024-11-03 20:15:00,45.19047385760492,OK
2024-11-03 20:20:00,43.76076544338203,OK
2024-11-03 20:25:00,44.68468748248653,OK
2024-11-03 20:30:00,45.03742583784023,OK
2024-11-03 20:35:00,45.29224510749381,OK
2024-11-03 20:40:00,44.83072291434094,OK
2024-11-03 20:45:00,44.929118199591294,OK
2024-11-03 20:50:00,45.56389689877753,OK
2024-11-03 20:55:00,45.15800668628085,OK
2024-11-03 21:00:00,44.85759683266319,OK
2024-11-03 21:05:00,45.3766986938382,OK
2024-11-03 21:10:00,45.41297590331464,OK
2024-11-03 21:15:00,46.02536018417752,OK
2024-11-03 21:20:00,4.138816023022866,OK
2024-11-03 21:25:00,4.335989601641817,OK
2024-11-03 21:30:00,3.059636993542043,OK
2024-11-03 21:35:00,45.56687807435438,OK
2024-11-03 21:40:00,45.4090206625225,OK
2024-11-03 21:45:00,45.52744323570625,OK
2024-11-03 21:50:00,45.077965839297676,OK
2024-11-03 21:55:00,46.32152787433113,OK
2024-11-03 22:00:00,46.16715639218357,OK
2024-11-03 22:05:00,45.481290666576385,OK
2024-11-03 22:10:00,45.89256136553363,OK
2024-11-03 22:15:00,45.7497308983809,OK
2024-11-03 22:20:00,46.27932431097252,OK
2024-11-03 22:25:00,44.95776662230365,OK
2024-11-03 22:30:00,45.7582332316198,OK
2024-11-03 22:35:00,45.739506446820236,OK
2024-11-03 22:40:00,46.24643756020177,OK
2024-11-03 22:45:00,45.65323934376076,OK
2024-11-03 22:50:00,45.013912088425066,OK
2024-11-03 22:55:00,45.48018387506222,OK
2024-11-03 23:00:00,45.53662932514138,OK
2024-11-03 23:05:00,46.38540125871622,OK
2024-11-03 23:10:00,3.433855532846025,OK
2024-11-03 23:15:00,2.644074333553288,OK
2024-11-03 23:20:00,2.312538997714318,OK
2024-11-03 23:25:00,46.12090863974172,OK
2024-11-03 23:30:00,47.325061918792976,OK
2024-11-03 23:35:00,46.47269478774898,OK
2024-11-03 23:40:00,47.04959198239355,OK
2024-11-03 23:45:00,46.50717098497519,OK
2024-11-03 23:50:00,48.042166159719024,OK
2024-11-03 23:55:00,47.0641298270008,OK
2024-11-04 00:00:00,46.11721427478695,OK
2024-11-04 00:05:00,47.159921551875485,OK
2024-11-04 00:10:00,47.879638089760704,OK
2024-11-04 00:15:00,47.00192897721194,OK
2024-11-04 00:20:00,47.312662529557166,OK
2024-11-04 00:25:00,46.86309044868747,OK
2024-11-04 00:30:00,47.769412060617725,OK
2024-11-04 00:35:00,47.601525308450675,OK
2024-11-04 00:40:00,47.488333692616564,OK
2024-11-04 00:45:00,46.897973880980295,OK
2024-11-04 00:50:00,47.96077925554089,OK
2024-11-04 00:55:00,48.028333393266095,OK
2024-11-04 01:00:00,47.95416442001584,OK
2024-11-04 01:05:00,48.526320783881424,OK
2024-11-04 01:10:00,0.5511447315756397,OK
2024-11-04 01:15:00,-0.21046611117979586,OK
2024-11-04 01:20:00,0.047905794854131045,OK
2024-11-04 01:25:00,48.05518843330617,OK
2024-11-04 01:30:00,48.09630924173436,OK
2024-11-04 01:35:00,47.896511523178525,OK
2024-11-04 01:40:00,48.369076922383634,OK
2024-11-04 01:45:00,48.444957261830034,OK
2024-11-04 01:50:00,48.108001860685405,OK
2024-11-04 01:55:00,48.72991129880956,OK
2024-11-04 02:00:00,48.240748620015445,OK
2024-11-04 02:05:00,48.05204619618103,OK
2024-11-04 02:10:00,-0.9050236500241089,OK
2024-11-04 02:15:00,-1.9228192482115067,OK
2024-11-04 02:20:00,-1.6658606895427566,OK
2024-11-04 02:25:00,48.6609770804944,OK
2024-11-04 02:30:00,49.35989618781913,OK
2024-11-04 02:35:00,50.30296060945542,OK
2024-11-04 02:40:00,49.48212580832692,OK
2024-11-04 02:45:00,49.349372619973146,OK
2024-11-04 02:50:00,50.14216269384587,OK
2024-11-04 02:55:00,49.21362822244614,OK
2024-11-04 03:00:00,50.62464156053026,OK
2024-11-04 03:05:00,51.40526854538823,OK
2024-11-04 03:10:00,48.675093613171754,OK
2024-11-04 03:15:00,49.445782333380855,OK
2024-11-04 03:20:00,49.093469719055236,OK
2024-11-04 03:25:00,49.96795645582381,OK
2024-11-04 03:30:00,49.739613017401766,OK
2024-11-04 03:35:00,50.357105828224775,OK
2024-11-04 03:40:00,49.538222820375644,OK
2024-11-04 03:45:00,49.72696270712509,OK
2024-11-04 03:50:00,50.15557995461734,OK
2024-11-04 03:55:00,50.061890253405856,OK
2024-11-04 04:00:00,49.6568749776481,OK
2024-11-04 04:05:00,49.233148415245125,OK
2024-11-04 04:10:00,51.54027380299971,OK
2024-11-04 04:15:00,49.91404815653005,OK
2024-11-04 04:20:00,50.47498135045114,OK
2024-11-04 04:25:00,50.21507578344299,OK
2024-11-04 04:30:00,50.23545187927905,OK
2024-11-04 04:35:00,51.14184400188164,OK
2024-11-04 04:40:00,50.64002789391458,OK
2024-11-04 04:45:00,49.74080636286775,OK
2024-11-04 04:50:00,49.70403547434562,OK
2024-11-04 04:55:00,50.11866347031298,OK
2024-11-04 05:00:00,50.05349648732368,OK
2024-11-04 05:05:00,50.083211204850855,OK
2024-11-04 05:10:00,50.970659386270874,OK
2024-11-04 05:15:00,49.791942546163845,OK
2024-11-04 05:20:00,51.15967073753642,OK
2024-11-04 05:25:00,51.21725817268031,OK
2024-11-04 05:30:00,50.22150854204715,OK
2024-11-04 05:35:00,50.6840616145133,OK
2024-11-04 05:40:00,49.860439015443674,OK
2024-11-04 05:45:00,50.667404551757926,OK
2024-11-04 05:50:00,49.783978988515926,OK
2024-11-04 05:55:00,49.891941503248034,OK
2024-11-04 06:00:00,50.18342995145773,OK
2024-11-04 06:05:00,50.04165671869789,OK
2024-11-04 06:10:00,49.763996298180565,OK
2024-11-04 06:15:00,50.783333148944905,OK
2024-11-04 06:20:00,49.61893100274987,OK
2024-11-04 06:25:00,50.777334804451336,OK
2024-11-04 06:30:00,49.51197348752274,OK
2024-11-04 06:35:00,50.96045106916674,OK
2024-11-04 06:40:00,49.649033487147264,OK
2024-11-04 06:45:00,50.1410034644528,OK
2024-11-04 06:50:00,49.6200273770518,OK
2024-11-04 06:55:00,49.927849945916044,OK
2024-11-04 07:00:00,50.46816621038329,OK
2024-11-04 07:05:00,51.24190459279279,OK
2024-11-04 07:10:00,51.0965289747762,OK
2024-11-04 07:15:00,49.56072976476861,OK
2024-11-04 07:20:00,50.33712645371556,OK
2024-11-04 07:25:00,50.00794014305234,OK
2024-11-04 07:30:00,49.40830608922106,OK
2024-11-04 07:35:00,49.51158172931107,OK
2024-11-04 07:40:00,49.78955043343813,OK
2024-11-04 07:45:00,50.181103072933716,OK
2024-11-04 07:50:00,49.11075369673611,OK
2024-11-04 07:55:00,49.96303775598438,OK
2024-11-04 08:00:00,50.923765560947125,OK
2024-11-04 08:05:00,50.396444607896754,OK
2024-11-04 08:10:00,49.45881753715682,OK
2024-11-04 08:15:00,48.67085781621124,OK
2024-11-04 08:20:00,49.95987886627317,OK
2024-11-04 08:25:00,49.12807551639478,OK
2024-11-04 08:30:00,50.307365980281894,OK
2024-11-04 08:35:00,48.99458100938447,OK
2024-11-04 08:40:00,-0.6788565052321291,OK
2024-11-04 08:45:00,-2.90159774509043,OK
2024-11-04 08:50:00,-1.113301613366173,OK
2024-11-04 08:55:00,49.637444148196266,OK
2024-11-04 09:00:00,49.60492238614295,OK
2024-11-04 09:05:00,48.78864997849792,OK
2024-11-04 09:10:00,49.66141219488066,OK
2024-11-04 09:15:00,50.13294572474907,OK
2024-11-04 09:20:00,50.43289476524782,OK
2024-11-04 09:25:00,49.747553708340355,OK
2024-11-04 09:30:00,49.04155199700717,OK
2024-11-04 09:35:00,48.586078414377226,OK
2024-11-04 09:40:00,48.69452014411104,OK
2024-11-04 09:45:00,-0.19314186933718813,OK
2024-11-04 09:50:00,-1.8025170199969214,OK
2024-11-04 09:55:00,0.28660739242609,OK
2024-11-04 10:00:00,49.537166834752334,OK
2024-11-04 10:05:00,49.21785260674302,OK
2024-11-04 10:10:00,48.55384596416791,OK
2024-11-04 10:15:00,48.68546546302035,OK
2024-11-04 10:20:00,48.60247526115095,OK
2024-11-04 10:25:00,48.32749582062893,OK
2024-11-04 10:30:00,48.88916137547449,OK
2024-11-04 10:35:00,48.58710184400642,OK
2024-11-04 10:40:00,48.010041130196214,OK
2024-11-04 10:45:00,48.75984581106911,OK
2024-11-04 10:50:00,48.38425348531886,OK
2024-11-04 10:55:00,48.20612505209708,OK
2024-11-04 11:00:00,47.985477327995056,OK
2024-11-04 11:05:00,47.21470842531734,OK
2024-11-04 11:10:00,1.0477202145463198,OK
2024-11-04 11:15:00,1.560257818482732,OK
2024-11-04 11:20:00,1.0768532038988816,OK
2024-11-04 11:25:00,47.11563683603305,OK
2024-11-04 11:30:00,47.35320264086851,OK
2024-11-04 11:35:00,47.900002746001306,OK
2024-11-04 11:40:00,47.41419263130655,OK
2024-11-04 11:45:00,47.013617554046974,OK
2024-11-04 11:50:00,48.40839300750089,OK
2024-11-04 11:55:00,47.26886596021606,OK
2024-11-04 12:00:00,48.0485244468294,OK
2024-11-04 12:05:00,46.48932295498678,OK
2024-11-04 12:10:00,47.53814227031639,OK
2024-11-04 12:15:00,2.430622880685263,OK
2024-11-04 12:20:00,1.1947198793414138,OK
2024-11-04 12:25:00,1.4376917769653046,OK
2024-11-04 12:30:00,46.08360866797808,OK
2024-11-04 12:35:00,47.68237357926598,OK
2024-11-04 12:40:00,46.6371472845017,OK
2024-11-04 12:45:00,46.209336005772606,OK
2024-11-04 12:50:00,46.13359092503896,OK
2024-11-04 12:55:00,47.226243458059926,OK
2024-11-04 13:00:00,46.876200438515035,OK
2024-11-04 13:05:00,46.20294188646752,OK
2024-11-04 13:10:00,46.05467133778269,OK
2024-11-04 13:15:00,3.4274834381771577,OK
2024-11-04 13:20:00,2.0381800939631454,OK
2024-11-04 13:25:00,2.9522141388757492,OK
2024-11-04 13:30:00,45.66989731892833,OK
2024-11-04 13:35:00,46.04263017004332,OK
2024-11-04 13:40:00,45.576506382370184,OK
2024-11-04 13:45:00,45.99613169691073,OK
2024-11-04 13:50:00,45.935114701041776,OK
2024-11-04 13:55:00,45.06854368351196,OK
2024-11-04 14:00:00,46.04727278975296,OK
2024-11-04 14:05:00,45.62267410214782,OK
2024-11-04 14:10:00,46.18671592476258,OK
2024-11-04 14:15:00,4.426652780369176,OK
2024-11-04 14:20:00,3.39241774667848,OK
2024-11-04 14:25:00,3.70226969173026,OK
2024-11-04 14:30:00,44.555184242881026,OK
2024-11-04 14:35:00,45.98144171292089,OK
2024-11-04 14:40:00,44.98361853580669,OK
2024-11-04 14:45:00,45.80455175151951,OK
2024-11-04 14:50:00,45.31896526777961,OK
2024-11-04 14:55:00,45.23654475305804,OK
2024-11-04 15:00:00,45.39450553007877,OK
2024-11-04 15:05:00,44.621574688616455,OK
2024-11-04 15:10:00,45.39067731564866,OK
2024-11-04 15:15:00,44.89827457077324,OK
2024-11-04 15:20:00,4.358068882071013,OK
2024-11-04 15:25:00,4.0556421379402305,OK
2024-11-04 15:30:00,4.3279543461257575,OK
2024-11-04 15:35:00,44.46425807993141,OK
2024-11-04 15:40:00,44.76824926841465,OK
2024-11-04 15:45:00,43.908439683328794,OK
2024-11-04 15:50:00,44.742949887842684,OK
2024-11-04 15:55:00,44.59321445090746,OK
2024-11-04 16:00:00,44.03854496396652,OK
2024-11-04 16:05:00,44.3973048522593,OK
2024-11-04 16:10:00,44.5463714696386,OK
2024-11-04 16:15:00,43.80663997322848,OK
2024-11-04 16:20:00,44.334570492483145,OK
2024-11-04 16:25:00,43.90856748802085,OK
2024-11-04 16:30:00,45.69518114777887,OK
2024-11-04 16:35:00,44.63790405459832,OK
2024-11-04 16:40:00,44.125388638829435,OK
2024-11-04 16:45:00,44.84470523562261,OK
2024-11-04 16:50:00,42.98270239991861,OK
2024-11-04 16:55:00,43.39448288564088,OK
2024-11-04 17:00:00,43.97065411985404,OK
2024-11-04 17:05:00,43.46378554540438,OK
2024-11-04 17:10:00,44.18140403618502,OK
2024-11-04 17:15:00,43.730450188509124,OK
2024-11-04 17:20:00,44.63514233857788,OK
2024-11-04 17:25:00,43.73118305887763,OK
2024-11-04 17:30:00,44.426966884807584,OK
2024-11-04 17:35:00,44.673925520652396,OK
2024-11-04 17:40:00,44.50443487960584,OK
2024-11-04 17:45:00,43.567845991655865,OK
2024-11-04 17:50:00,44.90003975728153,OK
2024-11-04 17:55:00,44.145357008286176,OK
2024-11-04 18:00:00,44.592836897026714,OK
2024-11-04 18:05:00,43.30964790466552,OK
2024-11-04 18:10:00,44.24704979481727,OK
2024-11-04 18:15:00,44.06541535808794,OK
2024-11-04 18:20:00,43.88335847873371,OK
2024-11-04 18:25:00,44.51180189466281,OK
2024-11-04 18:30:00,44.14879789066202,OK
2024-11-04 18:35:00,43.04524192602764,OK
2024-11-04 18:40:00,42.734581212475575,OK
2024-11-04 18:45:00,45.0179688576635,OK
2024-11-04 18:50:00,45.151258777881935,OK
2024-11-04 18:55:00,45.09267396406651,OK
2024-11-04 19:00:00,44.12281820923649,OK
2024-11-04 19:05:00,43.16580030130291,OK
2024-11-04 19:10:00,44.17852484759791,OK
2024-11-04 19:15:00,44.150991321552304,OK
2024-11-04 19:20:00,43.600156643213744,OK
2024-11-04 19:25:00,45.05960414168909,OK
2024-11-04 19:30:00,45.11804504735241,OK
2024-11-04 19:35:00,44.20934871428821,OK
2024-11-04 19:40:00,44.049942490151004,OK
2024-11-04 19:45:00,43.544149605080364,OK
2024-11-04 19:50:00,44.994739690201186,OK
2024-11-04 19:55:00,44.49817604124966,OK
2024-11-04 20:00:00,44.262079167566355,OK
2024-11-04 20:05:00,44.612753848801106,OK
2024-11-04 20:10:00,44.277433449545065,OK
2024-11-04 20:15:00,44.357162910072965,OK
2024-11-04 20:20:00,43.38009673302115,OK
2024-11-04 20:25:00,45.124866090410244,OK
2024-11-04 20:30:00,44.244398439970105,OK
2024-11-04 20:35:00,45.22291262615466,OK
2024-11-04 20:40:00,44.46343200633831,OK
2024-11-04 20:45:00,44.634065394153,OK
2024-11-04 20:50:00,43.84493903880175,OK
2024-11-04 20:55:00,45.16073306248081,OK
2024-11-04 21:00:00,43.9657054805013,OK
2024-11-04 21:05:00,44.50350527111158,OK
2024-11-04 21:10:00,44.872544442002166,OK
2024-11-04 21:15:00,45.15410310711492,OK
2024-11-04 21:20:00,43.934111552250634,OK
2024-11-04 21:25:00,44.57762617185325,OK
2024-11-04 21:30:00,45.30999680278058,OK
2024-11-04 21:35:00,44.341985827823784,OK
2024-11-04 21:40:00,44.66073838486563,OK
2024-11-04 21:45:00,45.30915222424902,OK
2024-11-04 21:50:00,45.15557686676231,OK
2024-11-04 21:55:00,44.58518803163093,OK
2024-11-04 22:00:00,45.44182268999562,OK
2024-11-04 22:05:00,45.64152993266011,OK
2024-11-04 22:10:00,44.89096278716461,OK
2024-11-04 22:15:00,45.32095284766053,OK
2024-11-04 22:20:00,44.804966474193684,OK
2024-11-04 22:25:00,4.443656629955214,OK
2024-11-04 22:30:00,3.373044200027925,OK
2024-11-04 22:35:00,2.8926280597567695,OK
2024-11-04 22:40:00,45.501686046260126,OK
2024-11-04 22:45:00,45.03566916056789,OK
2024-11-04 22:50:00,45.475976049595225,OK
2024-11-04 22:55:00,45.25156247586623,OK
2024-11-04 23:00:00,45.40388263640039,OK
2024-11-04 23:05:00,46.72866444956104,OK
2024-11-04 23:10:00,46.20859662713003,OK
2024-11-04 23:15:00,46.93421234567979,OK
2024-11-04 23:20:00,46.19903856374223,OK
2024-11-04 23:25:00,2.4824130609579624,OK
2024-11-04 23:30:00,1.623487534052962,OK
2024-11-04 23:35:00,2.434211902685337,OK
2024-11-04 23:40:00,46.67298021056981,OK
2024-11-04 23:45:00,47.754683690138165,OK
2024-11-04 23:50:00,47.28390492216,OK
2024-11-04 23:55:00,46.5297921681614,OK
2024-11-05 00:00:00,46.98783261658632,OK
2024-11-05 00:05:00,47.79899230185632,OK
2024-11-05 00:10:00,46.25107675801472,OK
2024-11-05 00:15:00,46.50630865997998,OK
2024-11-05 00:20:00,46.415796855129,OK
2024-11-05 00:25:00,46.834202496361556,OK
2024-11-05 00:30:00,47.18508535144754,OK
2024-11-05 00:35:00,46.70021015909168,OK
2024-11-05 00:40:00,1.8335515754703748,OK
2024-11-05 00:45:00,0.24369513771340512,OK
2024-11-05 00:50:00,0.7930810295895158,OK
2024-11-05 00:55:00,48.54068230442728,OK
2024-11-05 01:00:00,47.99447595756737,OK
2024-11-05 01:05:00,47.43180643738468,OK
2024-11-05 01:10:00,47.220922229770025,OK
2024-11-05 01:15:00,47.86485651689187,OK
2024-11-05 01:20:00,47.59069974228426,OK
2024-11-05 01:25:00,48.09289082365136,OK
2024-11-05 01:30:00,47.2066841051774,OK
2024-11-05 01:35:00,0.3915482215636448,OK
2024-11-05 01:40:00,0.10746381269326405,OK
2024-11-05 01:45:00,-0.2656419486113013,OK
2024-11-05 01:50:00,49.05153440714078,OK
2024-11-05 01:55:00,48.273554186758034,OK
2024-11-05 02:00:00,48.10440382121038,OK
2024-11-05 02:05:00,48.27798438330675,OK
2024-11-05 02:10:00,48.52505219042421,OK
2024-11-05 02:15:00,48.7691531803953,OK
2024-11-05 02:20:00,48.42508133435755,OK
2024-11-05 02:25:00,47.66539912539248,OK
2024-11-05 02:30:00,48.86436304030054,OK
2024-11-05 02:35:00,49.34670638621659,OK
2024-11-05 02:40:00,49.10323778147693,OK
2024-11-05 02:45:00,-0.5112583613847993,OK
2024-11-05 02:50:00,-0.5852098351786278,OK
2024-11-05 02:55:00,-1.003236976761368,OK
2024-11-05 03:00:00,50.006079564550255,OK
2024-11-05 03:05:00,50.22606787147111,OK
2024-11-05 03:10:00,50.23546302708125,OK
2024-11-05 03:15:00,50.29742990368962,OK
2024-11-05 03:20:00,49.90008218216129,OK
2024-11-05 03:25:00,49.43604652032431,OK
2024-11-05 03:30:00,49.539939260001674,OK
2024-11-05 03:35:00,49.499364055027435,OK
2024-11-05 03:40:00,49.837188559793006,OK
2024-11-05 03:45:00,49.908562661433244,OK
2024-11-05 03:50:00,49.19837416597218,OK
2024-11-05 03:55:00,49.562651092422904,OK
2024-11-05 04:00:00,48.19922624518273,OK
2024-11-05 04:05:00,-0.7816080820838435,OK
2024-11-05 04:10:00,-2.0078668762991274,OK
2024-11-05 04:15:00,-1.8484676495703574,OK
2024-11-05 04:20:00,50.274127671200354,OK
2024-11-05 04:25:00,49.98261320810333,OK
2024-11-05 04:30:00,50.786298840488044,OK
2024-11-05 04:35:00,49.70222175336254,OK
2024-11-05 04:40:00,51.1720351510702,OK
2024-11-05 04:45:00,50.25800045093175,OK
2024-11-05 04:50:00,49.4633884805878,OK
2024-11-05 04:55:00,50.60667159520582,OK
2024-11-05 05:00:00,49.5201246307772,OK
2024-11-05 05:05:00,50.097173904342995,OK
2024-11-05 05:10:00,50.68663925952182,OK
2024-11-05 05:15:00,49.61685273097493,OK
2024-11-05 05:20:00,50.38915323149651,OK
2024-11-05 05:25:00,50.40925693750267,OK
2024-11-05 05:30:00,51.26701808243843,OK
2024-11-05 05:35:00,49.596042688891224,OK
2024-11-05 05:40:00,51.02326136993591,OK
2024-11-05 05:45:00,49.9833776672907,OK
2024-11-05 05:50:00,50.24073705469131,OK
2024-11-05 05:55:00,49.234073014989654,OK
2024-11-05 06:00:00,49.83054928445104,OK
2024-11-05 06:05:00,50.30165112801606,OK
2024-11-05 06:10:00,50.232460306068255,OK
2024-11-05 06:15:00,50.34488592526181,OK
2024-11-05 06:20:00,49.5734926399543,OK
2024-11-05 06:25:00,49.59406223701294,OK
2024-11-05 06:30:00,49.82991292074889,OK
2024-11-05 06:35:00,50.29452453859028,OK
2024-11-05 06:40:00,50.290937080476134,OK
2024-11-05 06:45:00,50.16308917258677,OK
2024-11-05 06:50:00,50.772823012319,OK
2024-11-05 06:55:00,50.93521474052645,OK
2024-11-05 07:00:00,49.830578317663075,OK
2024-11-05 07:05:00,49.458174540651775,OK
2024-11-05 07:10:00,50.35382244699063,OK
2024-11-05 07:15:00,50.47815011327204,OK
2024-11-05 07:20:00,49.422593225599186,OK
2024-11-05 07:25:00,49.411538605898656,OK
2024-11-05 07:30:00,49.79911773421275,OK
2024-11-05 07:35:00,49.743282791400176,OK
2024-11-05 07:40:00,49.31226732652415,OK
2024-11-05 07:45:00,50.202912897871386,OK
2024-11-05 07:50:00,48.78513168640293,OK
2024-11-05 07:55:00,49.13001128621753,OK
2024-11-05 08:00:00,49.70640103909205,OK
2024-11-05 08:05:00,49.9818697036727,OK
2024-11-05 08:10:00,48.822275237977934,OK
2024-11-05 08:15:00,49.5544371610748,OK
2024-11-05 08:20:00,49.3985599054654,OK
2024-11-05 08:25:00,49.447245745562235,OK
2024-11-05 08:30:00,49.92808737757226,OK
2024-11-05 08:35:00,49.404166312403675,OK
2024-11-05 08:40:00,-0.5486779258393856,OK
2024-11-05 08:45:00,-1.3422986444226939,OK
2024-11-05 08:50:00,-2.207370063501586,OK
2024-11-05 08:55:00,49.32723967959596,OK
2024-11-05 09:00:00,49.35988796341087,OK
2024-11-05 09:05:00,49.04434284750768,OK
2024-11-05 09:10:00,48.77178464033462,OK
2024-11-05 09:15:00,49.57305765382187,OK
2024-11-05 09:20:00,48.756935460552505,OK
2024-11-05 09:25:00,50.168849882791065,OK
2024-11-05 09:30:00,49.61247929514536,OK
2024-11-05 09:35:00,48.56039183096431,OK
2024-11-05 09:40:00,48.72766441317084,OK
2024-11-05 09:45:00,49.39929409402262,OK
2024-11-05 09:50:00,48.64206723087413,OK
2024-11-05 09:55:00,0.8991958072756134,OK
2024-11-05 10:00:00,-0.1685021980649729,OK
2024-11-05 10:05:00,-0.6799447645545574,OK
2024-11-05 10:10:00,48.30882326097089,OK
2024-11-05 10:15:00,47.844298176938445,OK
2024-11-05 10:20:00,48.4850434739589,OK
2024-11-05 10:25:00,47.456285109343995,OK
2024-11-05 10:30:00,48.40556519799204,OK
2024-11-05 10:35:00,47.291379788702244,OK
2024-11-05 10:40:00,48.297435740768364,OK
2024-11-05 10:45:00,48.82744383638929,OK
2024-11-05 10:50:00,46.770407511455176,OK
2024-11-05 10:55:00,1.1072247666770663,OK
2024-11-05 11:00:00,0.30893210973240653,OK
2024-11-05 11:05:00,0.8485303236311306,OK
2024-11-05 11:10:00,48.26226470026382,OK
2024-11-05 11:15:00,48.25056181667193,OK
2024-11-05 11:20:00,47.67539172803941,OK
2024-11-05 11:25:00,47.80687836466277,OK
2024-11-05 11:30:00,47.37076753991117,OK
2024-11-05 11:35:00,48.045123806907284,OK
2024-11-05 11:40:00,47.49522317167328,OK
2024-11-05 11:45:00,48.41506834426931,OK
2024-11-05 11:50:00,1.5432811958162242,OK
2024-11-05 11:55:00,0.48780707390508504,OK
2024-11-05 12:00:00,2.9814551394681272,OK
2024-11-05 12:05:00,46.681360749016164,OK
2024-11-05 12:10:00,48.24208870179552,OK
2024-11-05 12:15:00,47.18240924639938,OK
2024-11-05 12:20:00,47.18405196141105,OK
2024-11-05 12:25:00,46.57497977261919,OK
2024-11-05 12:30:00,47.48023715635508,OK
2024-11-05 12:35:00,46.098352486034806,OK
2024-11-05 12:40:00,47.49538723853999,OK
2024-11-05 12:45:00,46.860386666021924,OK
2024-11-05 12:50:00,2.654133298281025,OK
2024-11-05 12:55:00,1.0213346647007104,OK
2024-11-05 13:00:00,1.8990481879808034,OK
2024-11-05 13:05:00,46.307195689471,OK
2024-11-05 13:10:00,46.44634424699195,OK
2024-11-05 13:15:00,46.76289416541367,OK
2024-11-05 13:20:00,46.117556359873504,OK
2024-11-05 13:25:00,46.6032714596101,OK
2024-11-05 13:30:00,46.57373663852525,OK
2024-11-05 13:35:00,45.19130992834768,OK
2024-11-05 13:40:00,46.31930627118248,OK
2024-11-05 13:45:00,46.216614848348314,OK
2024-11-05 13:50:00,46.01443408783616,OK
2024-11-05 13:55:00,46.005125823642494,OK
2024-11-05 14:00:00,3.531843610588298,OK
2024-11-05 14:05:00,3.1315319652675906,OK
2024-11-05 14:10:00,3.3771365419525248,OK
2024-11-05 14:15:00,45.752117434630215,OK
2024-11-05 14:20:00,45.84940947689812,OK
2024-11-05 14:25:00,45.65214512659123,OK
2024-11-05 14:30:00,45.22545988196679,OK
2024-11-05 14:35:00,45.06408947410298,OK
2024-11-05 14:40:00,45.7012887006858,OK
2024-11-05 14:45:00,45.51293415705117,OK
2024-11-05 14:50:00,44.9469422617833,OK
2024-11-05 14:55:00,44.55947948184126,OK
2024-11-05 15:00:00,4.396459841670695,OK
2024-11-05 15:05:00,3.576502526878248,OK
2024-11-05 15:10:00,4.100118231005337,OK
2024-11-05 15:15:00,45.46715106903729,OK
2024-11-05 15:20:00,44.170375712318055,OK
2024-11-05 15:25:00,44.900227302581804,OK
2024-11-05 15:30:00,44.4155081896509,OK
2024-11-05 15:35:00,45.13271613884848,OK
2024-11-05 15:40:00,45.10157782332637,OK
2024-11-05 15:45:00,44.006866798644666,OK
2024-11-05 15:50:00,44.289849035046046,OK
2024-11-05 15:55:00,45.50967778124969,OK
2024-11-05 16:00:00,44.79235384836789,OK
2024-11-05 16:05:00,44.448286577124804,OK
2024-11-05 16:10:00,44.687510660139736,OK
2024-11-05 16:15:00,44.298679118578626,OK
2024-11-05 16:20:00,44.943499355452055,OK
2024-11-05 16:25:00,44.55559128178734,OK
2024-11-05 16:30:00,43.70932698685354,OK
2024-11-05 16:35:00,44.75253158543016,OK
2024-11-05 16:40:00,45.24046307706353,OK
2024-11-05 16:45:00,44.18172936533583,OK
2024-11-05 16:50:00,43.28923764124715,OK
2024-11-05 16:55:00,44.08374320172946,OK
2024-11-05 17:00:00,44.323307068095,OK
2024-11-05 17:05:00,43.65124202056912,OK
2024-11-05 17:10:00,44.112144580621376,OK
2024-11-05 17:15:00,43.42124182186375,OK
2024-11-05 17:20:00,44.56838385215506,OK
2024-11-05 17:25:00,44.50018139557392,OK
2024-11-05 17:30:00,43.69459088557837,OK
2024-11-05 17:35:00,44.5858733486852,OK
2024-11-05 17:40:00,44.17005478187254,OK
2024-11-05 17:45:00,44.49297711329878,OK
2024-11-05 17:50:00,44.02269435702159,OK
2024-11-05 17:55:00,43.70107618906017,OK
2024-11-05 18:00:00,43.92238428511493,OK
2024-11-05 18:05:00,43.53214266407659,OK
2024-11-05 18:10:00,44.25916529440661,OK
2024-11-05 18:15:00,44.333089034464315,OK
2024-11-05 18:20:00,43.947109210247426,OK
2024-11-05 18:25:00,44.41873729816652,OK
2024-11-05 18:30:00,44.22765992224774,OK
2024-11-05 18:35:00,45.25376634213695,OK
2024-11-05 18:40:00,44.21560091400146,OK
2024-11-05 18:45:00,43.68461866998409,OK
2024-11-05 18:50:00,45.524130540061265,OK
2024-11-05 18:55:00,44.47008902141315,OK
2024-11-05 19:00:00,43.39075730077224,OK
2024-11-05 19:05:00,44.440697788492,OK
2024-11-05 19:10:00,43.95165232771009,OK
2024-11-05 19:15:00,44.587049238968355,OK
2024-11-05 19:20:00,44.46025358806071,OK
2024-11-05 19:25:00,44.32135648804192,OK
2024-11-05 19:30:00,45.395363355738894,OK
2024-11-05 19:35:00,44.68303660402284,OK
2024-11-05 19:40:00,44.71683992492081,OK
2024-11-05 19:45:00,44.81195858856811,OK
2024-11-05 19:50:00,44.67118369548673,OK
2024-11-05 19:55:00,45.131670735425494,OK
2024-11-05 20:00:00,45.15020294003103,OK
2024-11-05 20:05:00,44.302389308277185,OK
2024-11-05 20:10:00,45.56642067690615,OK
2024-11-05 20:15:00,45.23197121295135,OK
2024-11-05 20:20:00,44.667205610354046,OK
2024-11-05 20:25:00,44.95777456427668,OK
2024-11-05 20:30:00,44.94915599440383,OK
2024-11-05 20:35:00,44.47828313967371,OK
2024-11-05 20:40:00,44.523070833471245,OK
2024-11-05 20:45:00,45.62126168038373,OK
2024-11-05 20:50:00,44.60269634416225,OK
2024-11-05 20:55:00,45.32617358471346,OK
2024-11-05 21:00:00,45.22306200534542,OK
2024-11-05 21:05:00,45.14644999798847,OK
2024-11-05 21:10:00,45.67035246782684,OK
2024-11-05 21:15:00,45.43858935805934,OK
2024-11-05 21:20:00,44.59732193172842,OK
2024-11-05 21:25:00,46.084785135846865,OK
2024-11-05 21:30:00,45.37779620453151,OK
2024-11-05 21:35:00,45.6313911458868,OK
2024-11-05 21:40:00,45.45284525049288,OK
2024-11-05 21:45:00,44.903195534592534,OK
2024-11-05 21:50:00,4.542598040341608,OK
2024-11-05 21:55:00,4.460225553348737,OK
2024-11-05 22:00:00,3.8123934617239055,OK
2024-11-05 22:05:00,45.612617644274806,OK
2024-11-05 22:10:00,45.47116065759055,OK
2024-11-05 22:15:00,45.67539774635794,OK
2024-11-05 22:20:00,45.6677270648592,OK
2024-11-05 22:25:00,45.65273052862966,OK
2024-11-05 22:30:00,45.71757906163494,OK
2024-11-05 22:35:00,46.04357393349057,OK
2024-11-05 22:40:00,45.93770214625571,OK
2024-11-05 22:45:00,46.235016522436034,OK
2024-11-05 22:50:00,45.59672612177632,OK
2024-11-05 22:55:00,45.87707432650234,OK
2024-11-05 23:00:00,45.502155013015084,OK
2024-11-05 23:05:00,46.3150631782852,OK
2024-11-05 23:10:00,45.802170784510494,OK
2024-11-05 23:15:00,45.69423009214854,OK
2024-11-05 23:20:00,3.0735546905033875,OK
2024-11-05 23:25:00,1.974369619314849,OK
2024-11-05 23:30:00,1.9527954478715248,OK
2024-11-05 23:35:00,47.22428906317295,OK
2024-11-05 23:40:00,46.24292597681335,OK
2024-11-05 23:45:00,46.86983775193879,OK
2024-11-05 23:50:00,46.66094448361921,OK
2024-11-05 23:55:00,46.71292898740286,OK
2024-11-06 00:00:00,47.65128418738639,OK
2024-11-06 00:05:00,47.46539703132983,OK
2024-11-06 00:10:00,47.840958837919686,OK
2024-11-06 00:15:00,47.2573470690688,OK
2024-11-06 00:20:00,47.26488866416108,OK
2024-11-06 00:25:00,47.06312231117329,OK
2024-11-06 00:30:00,2.160385651410272,OK
2024-11-06 00:35:00,1.7156280772349037,OK
2024-11-06 00:40:00,0.9143529181517649,OK
2024-11-06 00:45:00,47.93691757360522,OK
2024-11-06 00:50:00,47.03113940000943,OK
2024-11-06 00:55:00,47.342959394587865,OK
2024-11-06 01:00:00,47.45090935625646,OK
2024-11-06 01:05:00,47.34603086522195,OK
2024-11-06 01:10:00,47.184868719970204,OK
2024-11-06 01:15:00,47.310124711721905,OK
2024-11-06 01:20:00,47.01667547853903,OK
2024-11-06 01:25:00,47.810640652147605,OK
2024-11-06 01:30:00,47.835008446677534,OK
2024-11-06 01:35:00,47.54936698277996,OK
2024-11-06 01:40:00,48.738297733119126,OK
2024-11-06 01:45:00,47.755172476728305,OK
2024-11-06 01:50:00,48.437335235825664,OK
2024-11-06 01:55:00,48.18866211877043,OK
2024-11-06 02:00:00,47.92345306411487,OK
2024-11-06 02:05:00,48.222092789077294,OK
2024-11-06 02:10:00,47.91917032702455,OK
2024-11-06 02:15:00,49.23223930880017,OK
2024-11-06 02:20:00,48.00229828559505,OK
2024-11-06 02:25:00,0.0391764784276149,OK
2024-11-06 02:30:00,-0.8688456651214846,OK
2024-11-06 02:35:00,-0.46499162022632345,OK
2024-11-06 02:40:00,48.20851142085114,OK
2024-11-06 02:45:00,48.91467371830968,OK
2024-11-06 02:50:00,49.401280411269646,OK
2024-11-06 02:55:00,49.78747190414228,OK
2024-11-06 03:00:00,49.644726014568235,OK
2024-11-06 03:05:00,49.20376620397558,OK
2024-11-06 03:10:00,50.18029294379397,OK
2024-11-06 03:15:00,48.555537566019076,OK
2024-11-06 03:20:00,-0.5658568588266343,OK
2024-11-06 03:25:00,-1.6173443190395382,OK
2024-11-06 03:30:00,-1.1966907614165028,OK
2024-11-06 03:35:00,48.211993972921356,OK
2024-11-06 03:40:00,49.18862998429209,OK
2024-11-06 03:45:00,49.34000922537111,OK
2024-11-06 03:50:00,48.57025395573533,OK
2024-11-06 03:55:00,49.66701199945552,OK
2024-11-06 04:00:00,49.918198100805476,OK
2024-11-06 04:05:00,49.04304784472731,OK
2024-11-06 04:10:00,49.37846771599567,OK
2024-11-06 04:15:00,49.4390313026568,OK
2024-11-06 04:20:00,49.367628739125,OK
2024-11-06 04:25:00,49.21265866180423,OK
2024-11-06 04:30:00,49.55462237207804,OK
2024-11-06 04:35:00,50.10873735394942,OK
2024-11-06 04:40:00,50.95462275659594,OK
2024-11-06 04:45:00,49.51149574775724,OK
2024-11-06 04:50:00,50.63684739063147,OK
2024-11-06 04:55:00,49.67522365033181,OK
2024-11-06 05:00:00,49.53524609399127,OK
2024-11-06 05:05:00,50.497023755378336,OK
2024-11-06 05:10:00,50.39953207760782,OK
2024-11-06 05:15:00,49.88707796840146,OK
2024-11-06 05:20:00,50.07626367583121,OK
2024-11-06 05:25:00,50.24912899263361,OK
2024-11-06 05:30:00,49.83468466436405,OK
2024-11-06 05:35:00,50.22054303986319,OK
2024-11-06 05:40:00,51.2790619323738,OK
2024-11-06 05:45:00,49.85758335541579,OK
2024-11-06 05:50:00,50.22397129980644,OK
2024-11-06 05:55:00,50.01104150045004,OK
2024-11-06 06:00:00,49.441568010601614,OK
2024-11-06 06:05:00,50.44183494283988,OK
2024-11-06 06:10:00,49.81769525579945,OK
2024-11-06 06:15:00,49.70163005083667,OK
2024-11-06 06:20:00,51.140509891521276,OK
2024-11-06 06:25:00,49.996343455998215,OK
2024-11-06 06:30:00,49.88024970929891,OK
2024-11-06 06:35:00,50.94639913680048,OK
2024-11-06 06:40:00,49.65871014360453,OK
2024-11-06 06:45:00,50.09329222699307,OK
2024-11-06 06:50:00,50.98589870572539,OK
2024-11-06 06:55:00,49.87215262590925,OK
2024-11-06 07:00:00,49.43579784215525,OK
2024-11-06 07:05:00,50.125789957596325,OK
2024-11-06 07:10:00,49.99695800851638,OK
2024-11-06 07:15:00,50.77568333765793,OK
2024-11-06 07:20:00,49.82810149817809,OK
2024-11-06 07:25:00,50.97964641273305,OK
2024-11-06 07:30:00,-1.0522220512545246,OK
2024-11-06 07:35:00,-2.784288680022679,OK
2024-11-06 07:40:00,-2.1053362355073078,OK
2024-11-06 07:45:00,50.30296317069533,OK
2024-11-06 07:50:00,49.44257351458305,OK
2024-11-06 07:55:00,50.16907541660031,OK
2024-11-06 08:00:00,49.387748688959014,OK
2024-11-06 08:05:00,49.615224135963,OK
2024-11-06 08:10:00,49.74959029984443,OK
2024-11-06 08:15:00,49.444716714443025,OK
2024-11-06 08:20:00,49.5088615634737,OK
2024-11-06 08:25:00,49.14547540771517,OK
2024-11-06 08:30:00,49.610852182658725,OK
2024-11-06 08:35:00,49.62892906334035,OK
2024-11-06 08:40:00,49.64217646345185,OK
2024-11-06 08:45:00,49.02146611861878,OK
2024-11-06 08:50:00,49.550851181547685,OK
2024-11-06 08:55:00,48.81772681652997,OK
2024-11-06 09:00:00,49.022632328380546,OK
2024-11-06 09:05:00,49.47960354265758,OK
2024-11-06 09:10:00,48.87786049301708,OK
2024-11-06 09:15:00,-1.0445996146189598,OK
2024-11-06 09:20:00,-1.1567464638143745,OK
2024-11-06 09:25:00,-1.0732434883662996,OK
2024-11-06 09:30:00,48.534968036460675,OK
2024-11-06 09:35:00,48.97790326158341,OK
2024-11-06 09:40:00,48.63768339491826,OK
2024-11-06 09:45:00,48.797715228237806,OK
2024-11-06 09:50:00,48.8270120796459,OK
2024-11-06 09:55:00,49.008288760295656,OK
2024-11-06 10:00:00,47.5333952545285,OK
2024-11-06 10:05:00,48.747133001321885,OK
2024-11-06 10:10:00,-0.009730712991357082,OK
2024-11-06 10:15:00,-0.6001982337748297,OK
2024-11-06 10:20:00,0.013022895181763472,OK
2024-11-06 10:25:00,49.6576253521048,OK
2024-11-06 10:30:00,48.94514190602437,OK
2024-11-06 10:35:00,48.405901743789734,OK
2024-11-06 10:40:00,47.713771290277805,OK
2024-11-06 10:45:00,49.116485480205164,OK
2024-11-06 10:50:00,48.68609033786979,OK
2024-11-06 10:55:00,49.728411823763246,OK
2024-11-06 11:00:00,48.46929989918085,OK
2024-11-06 11:05:00,1.0604717653531777,OK
2024-11-06 11:10:00,0.06391667456363902,OK
2024-11-06 11:15:00,1.397326940069966,OK
2024-11-06 11:20:00,49.180741366731375,OK
2024-11-06 11:25:00,47.63745295643191,OK
2024-11-06 11:30:00,47.99325485887567,OK
2024-11-06 11:35:00,47.46335307930188,OK
2024-11-06 11:40:00,47.216303281622785,OK
2024-11-06 11:45:00,48.202508351037146,OK
2024-11-06 11:50:00,47.427587191662546,OK
2024-11-06 11:55:00,47.89560696805682,OK
2024-11-06 12:00:00,47.725190553619754,OK
2024-11-06 12:05:00,46.61373199173535,OK
2024-11-06 12:10:00,1.392680730384981,OK
2024-11-06 12:15:00,0.6191433442684349,OK
2024-11-06 12:20:00,1.92115430913343,OK
2024-11-06 12:25:00,48.000141585517724,OK
2024-11-06 12:30:00,48.110527781882254,OK
2024-11-06 12:35:00,47.595777761703054,OK
2024-11-06 12:40:00,45.95692568453356,OK
2024-11-06 12:45:00,47.21171094876832,OK
2024-11-06 12:50:00,47.5565946646854,OK
2024-11-06 12:55:00,46.58960211549884,OK
2024-11-06 13:00:00,47.16157040239645,OK
2024-11-06 13:05:00,47.008738680154394,OK
2024-11-06 13:10:00,46.10846291852558,OK
2024-11-06 13:15:00,47.17560148361253,OK
2024-11-06 13:20:00,46.5365678470338,OK
2024-11-06 13:25:00,46.568694791397974,OK
2024-11-06 13:30:00,46.32526929406703,OK
2024-11-06 13:35:00,2.8253689590891042,OK
2024-11-06 13:40:00,2.2010033796584025,OK
2024-11-06 13:45:00,2.1985743558117963,OK
2024-11-06 13:50:00,45.8069116717558,OK
2024-11-06 13:55:00,46.810324502714934,OK
2024-11-06 14:00:00,46.871375087563095,OK
2024-11-06 14:05:00,46.64624165618962,OK
2024-11-06 14:10:00,46.13066290763042,OK
2024-11-06 14:15:00,46.64343118958307,OK
2024-11-06 14:20:00,45.559176250390685,OK
2024-11-06 14:25:00,45.80712138526562,OK
2024-11-06 14:30:00,45.82401140755244,OK
2024-11-06 14:35:00,45.87310208854921,OK
2024-11-06 14:40:00,45.3419439824155,OK
2024-11-06 14:45:00,45.33098251752624,OK
2024-11-06 14:50:00,44.993835522733654,OK
2024-11-06 14:55:00,45.68549286464491,OK
2024-11-06 15:00:00,45.93216114706156,OK
2024-11-06 15:05:00,44.94304510161724,OK
2024-11-06 15:10:00,45.84352055355129,OK
2024-11-06 15:15:00,45.02517129915506,OK
2024-11-06 15:20:00,4.17375791769697,OK
2024-11-06 15:25:00,4.351246492245986,OK
2024-11-06 15:30:00,4.462191921506553,OK
2024-11-06 15:35:00,45.56198376771241,OK
2024-11-06 15:40:00,44.68604930610217,OK
2024-11-06 15:45:00,44.92118502865079,OK
2024-11-06 15:50:00,44.55332072664491,OK
2024-11-06 15:55:00,45.0920742013895,OK
2024-11-06 16:00:00,44.409746538941874,OK
2024-11-06 16:05:00,45.395883899148814,OK
2024-11-06 16:10:00,44.302615934708655,OK
2024-11-06 16:15:00,44.716018586976595,OK
2024-11-06 16:20:00,45.0648459994662,OK
2024-11-06 16:25:00,45.38623417647473,OK
2024-11-06 16:30:00,44.552792910633265,OK
2024-11-06 16:35:00,45.25259901335897,OK
2024-11-06 16:40:00,45.21365865897402,OK
2024-11-06 16:45:00,45.544625253799076,OK
2024-11-06 16:50:00,44.202505428706395,OK
2024-11-06 16:55:00,44.39572472022673,OK
2024-11-06 17:00:00,46.074127763114994,OK
2024-11-06 17:05:00,45.0173442819405,OK
2024-11-06 17:10:00,43.983264127756826,OK
2024-11-06 17:15:00,44.483855647489676,OK
2024-11-06 17:20:00,43.58551472514446,OK
2024-11-06 17:25:00,44.62453987385673,OK
2024-11-06 17:30:00,45.03563672947147,OK
2024-11-06 17:35:00,44.257794403278965,OK
2024-11-06 17:40:00,44.11262502449822,OK
2024-11-06 17:45:00,45.55953795390985,OK
2024-11-06 17:50:00,43.89168630446576,OK
2024-11-06 17:55:00,44.07773462355287,OK
2024-11-06 18:00:00,44.896654022244576,OK
2024-11-06 18:05:00,44.42704900081187,OK
2024-11-06 18:10:00,44.946125226621305,OK
2024-11-06 18:15:00,44.054826824596006,OK
2024-11-06 18:20:00,44.62601325181497,OK
2024-11-06 18:25:00,44.66793391233851,OK
2024-11-06 18:30:00,45.506269004002675,OK
2024-11-06 18:35:00,45.07366271055528,OK
2024-11-06 18:40:00,44.69755741287924,OK
2024-11-06 18:45:00,44.03086277851841,OK
2024-11-06 18:50:00,45.61564604183793,OK
2024-11-06 18:55:00,44.332261791930144,OK
2024-11-06 19:00:00,44.66831278278984,OK
2024-11-06 19:05:00,45.53394959254384,OK
2024-11-06 19:10:00,44.26362735403391,OK
2024-11-06 19:15:00,45.754837499893625,OK
2024-11-06 19:20:00,45.81988873285144,OK
2024-11-06 19:25:00,45.24400674672801,OK
2024-11-06 19:30:00,44.08942481785446,OK
2024-11-06 19:35:00,43.60756015604023,OK
2024-11-06 19:40:00,45.51373681175093,OK
2024-11-06 19:45:00,45.020854044910756,OK
2024-11-06 19:50:00,44.574616590088816,OK
2024-11-06 19:55:00,4.321732843736049,OK
2024-11-06 20:00:00,3.7576663503952363,OK
2024-11-06 20:05:00,3.4681996750120625,OK
2024-11-06 20:10:00,45.569364216655174,OK
2024-11-06 20:15:00,44.86190530696233,OK
2024-11-06 20:20:00,45.26018510402901,OK
2024-11-06 20:25:00,45.9590590421921,OK
2024-11-06 20:30:00,46.29675247239801,OK
2024-11-06 20:35:00,46.11358367895781,OK
2024-11-06 20:40:00,45.99850543157487,OK
2024-11-06 20:45:00,45.48886357596394,OK
2024-11-06 20:50:00,44.503036618723996,OK
2024-11-06 20:55:00,44.82888324828275,OK
2024-11-06 21:00:00,3.6776908714608725,OK
2024-11-06 21:05:00,2.470912892012099,OK
2024-11-06 21:10:00,3.1397225618444584,OK
2024-11-06 21:15:00,46.12787941138097,OK
2024-11-06 21:20:00,47.043356756410724,OK
2024-11-06 21:25:00,46.32838555212248,OK
2024-11-06 21:30:00,45.96869823737823,OK
2024-11-06 21:35:00,46.02954880840394,OK
2024-11-06 21:40:00,46.57653701994481,OK
2024-11-06 21:45:00,46.13590815028341,OK
2024-11-06 21:50:00,46.93312147545387,OK
2024-11-06 21:55:00,45.89444046250376,OK
2024-11-06 22:00:00,46.75687216247144,OK
2024-11-06 22:05:00,46.73258039712962,OK
2024-11-06 22:10:00,46.37510705536925,OK
2024-11-06 22:15:00,2.8878993847203516,OK
2024-11-06 22:20:00,1.5537282671468973,OK
2024-11-06 22:25:00,2.161572056559356,OK
2024-11-06 22:30:00,46.80875960075157,OK
2024-11-06 22:35:00,46.88817834112917,OK
2024-11-06 22:40:00,46.713925202696196,OK
2024-11-06 22:45:00,46.899712033875204,OK
2024-11-06 22:50:00,47.690358014061715,OK
2024-11-06 22:55:00,47.42779064386299,OK
2024-11-06 23:00:00,46.958940176502935,OK
2024-11-06 23:05:00,47.48790385348882,OK
2024-11-06 23:10:00,46.05937880880886,OK
2024-11-06 23:15:00,46.912862473699036,OK
2024-11-06 23:20:00,1.5041953374706958,OK
2024-11-06 23:25:00,0.5968418446110625,OK
2024-11-06 23:30:00,0.5706571109410729,OK
2024-11-06 23:35:00,46.212407406644424,OK
2024-11-06 23:40:00,47.69788227658596,OK
2024-11-06 23:45:00,48.05516338321803,OK
2024-11-06 23:50:00,48.499081187246965,OK
2024-11-06 23:55:00,48.30210145240706,OK
2024-11-07 00:00:00,48.32595978824011,OK
2024-11-07 00:05:00,48.25207254473137,OK
2024-11-07 00:10:00,47.61756902596339,OK
2024-11-07 00:15:00,47.82095098776712,OK
2024-11-07 00:20:00,47.907883400213905,OK
2024-11-07 00:25:00,47.78774977320211,OK
2024-11-07 00:30:00,48.226568841414874,OK
2024-11-07 00:35:00,0.6856314762431711,OK
2024-11-07 00:40:00,-1.6985990130641502,OK
2024-11-07 00:45:00,-1.0044577165319943,OK
2024-11-07 00:50:00,48.08270098581757,OK
2024-11-07 00:55:00,47.984350993037445,OK
2024-11-07 01:00:00,49.806466804022946,OK
2024-11-07 01:05:00,48.01957213859091,OK
2024-11-07 01:10:00,48.84635991600057,OK
2024-11-07 01:15:00,49.03167477898359,OK
2024-11-07 01:20:00,48.986337039003175,OK
2024-11-07 01:25:00,48.923657603291105,OK
2024-11-07 01:30:00,48.658183664430545,OK
2024-11-07 01:35:00,48.92552276056205,OK
2024-11-07 01:40:00,49.362966888220676,OK
2024-11-07 01:45:00,49.45076303392378,OK
2024-11-07 01:50:00,50.5722666685312,OK
2024-11-07 01:55:00,49.51655434054263,OK
2024-11-07 02:00:00,50.20403932583212,OK
2024-11-07 02:05:00,50.27252110522136,OK
2024-11-07 02:10:00,50.35149234801623,OK
2024-11-07 02:15:00,50.17530283915732,OK
2024-11-07 02:20:00,51.06385540249323,OK
2024-11-07 02:25:00,50.07701341847697,OK
2024-11-07 02:30:00,50.341709643875085,OK
2024-11-07 02:35:00,49.45104288372398,OK
2024-11-07 02:40:00,48.49902802523651,OK
2024-11-07 02:45:00,50.56477285947529,OK
2024-11-07 02:50:00,50.32674248153046,OK
2024-11-07 02:55:00,50.637816479869315,OK
2024-11-07 03:00:00,50.22807591899894,OK
2024-11-07 03:05:00,51.46402801274635,OK
2024-11-07 03:10:00,50.403836386660224,OK
2024-11-07 03:15:00,51.014237819122386,OK
2024-11-07 03:20:00,50.966720500377534,OK
2024-11-07 03:25:00,51.55538258386457,OK
2024-11-07 03:30:00,50.75324502422442,OK
2024-11-07 03:35:00,50.18505034427989,OK
2024-11-07 03:40:00,49.97541387785666,OK
2024-11-07 03:45:00,51.66953978567733,OK
2024-11-07 03:50:00,50.963362866695206,OK
2024-11-07 03:55:00,51.05328517511849,OK
2024-11-07 04:00:00,52.64434722828914,OK
2024-11-07 04:05:00,51.060704325962625,OK
2024-11-07 04:10:00,50.47454628448983,OK
2024-11-07 04:15:00,51.06761523947761,OK
2024-11-07 04:20:00,50.59709303401369,OK
2024-11-07 04:25:00,50.862096083427694,OK
2024-11-07 04:30:00,50.76658133053992,OK
2024-11-07 04:35:00,50.79635698672361,OK
2024-11-07 04:40:00,49.88821183704425,OK
2024-11-07 04:45:00,51.72426865621622,OK
2024-11-07 04:50:00,50.96109296120379,OK
2024-11-07 04:55:00,50.8912238739112,OK
2024-11-07 05:00:00,51.150188106424096,OK
2024-11-07 05:05:00,51.308831991264434,OK
2024-11-07 05:10:00,50.953514361881815,OK
2024-11-07 05:15:00,51.40918092201833,OK
2024-11-07 05:20:00,51.196625876312304,OK
2024-11-07 05:25:00,51.46285966884889,OK
2024-11-07 05:30:00,51.477292015036824,OK
2024-11-07 05:35:00,51.15716245422518,OK
2024-11-07 05:40:00,50.9836235585665,OK
2024-11-07 05:45:00,51.90469873849768,OK
2024-11-07 05:50:00,50.67563630417965,OK
2024-11-07 05:55:00,51.08162157913944,OK
2024-11-07 06:00:00,51.28660351308931,OK
2024-11-07 06:05:00,50.73641239152335,OK
2024-11-07 06:10:00,50.544468794170854,OK
2024-11-07 06:15:00,50.76583976924121,OK
2024-11-07 06:20:00,50.6984139776003,OK
2024-11-07 06:25:00,50.1731567948369,OK
2024-11-07 06:30:00,50.52094639735008,OK
2024-11-07 06:35:00,50.95887344521941,OK
2024-11-07 06:40:00,51.625133940165384,OK
2024-11-07 06:45:00,51.24744828438838,OK
2024-11-07 06:50:00,49.84605160365463,OK
2024-11-07 06:55:00,51.33568872481884,OK
2024-11-07 07:00:00,50.7475466674613,OK
2024-11-07 07:05:00,51.14015293809338,OK
2024-11-07 07:10:00,50.99678589436544,OK
2024-11-07 07:15:00,50.96855164239234,OK
2024-11-07 07:20:00,51.08297499680799,OK
2024-11-07 07:25:00,51.05609868113234,OK
2024-11-07 07:30:00,51.71831170414146,OK
2024-11-07 07:35:00,51.10274863910692,OK
2024-11-07 07:40:00,51.68723383290374,OK
2024-11-07 07:45:00,51.525763873014505,OK
2024-11-07 07:50:00,51.2694291074968,OK
2024-11-07 07:55:00,50.17840595777696,OK
2024-11-07 08:00:00,51.527036868747615,OK
2024-11-07 08:05:00,50.713861547282335,OK
2024-11-07 08:10:00,51.267279432276545,OK
2024-11-07 08:15:00,50.50135901753982,OK
2024-11-07 08:20:00,50.49306547923724,OK
2024-11-07 08:25:00,51.73749610199649,OK
2024-11-07 08:30:00,50.230704583033734,OK
2024-11-07 08:35:00,51.46084789954104,OK
2024-11-07 08:40:00,50.57054484375597,OK
2024-11-07 08:45:00,50.69037058203026,OK
2024-11-07 08:50:00,50.744282650981944,OK
2024-11-07 08:55:00,49.56763124452833,OK
2024-11-07 09:00:00,50.32907418985343,OK
2024-11-07 09:05:00,50.03249446958285,OK
2024-11-07 09:10:00,50.12676711435339,OK
2024-11-07 09:15:00,50.80103780629107,OK
2024-11-07 09:20:00,51.08943757551607,OK
2024-11-07 09:25:00,49.7554603588621,OK
2024-11-07 09:30:00,50.64435979179126,OK
2024-11-07 09:35:00,50.286662865775966,OK
2024-11-07 09:40:00,49.87819916624162,OK
2024-11-07 09:45:00,50.34542865127956,OK
2024-11-07 09:50:00,50.15786795485403,OK
2024-11-07 09:55:00,49.80954310014477,OK
2024-11-07 10:00:00,50.96222710075605,OK
2024-11-07 10:05:00,50.09335117701582,OK
2024-11-07 10:10:00,49.98817803747066,OK
2024-11-07 10:15:00,49.78872018224039,OK
2024-11-07 10:20:00,-0.9064695892344675,OK
2024-11-07 10:25:00,-2.989135723396121,OK
2024-11-07 10:30:00,-2.8380535981758324,OK
2024-11-07 10:35:00,49.33742812070027,OK
2024-11-07 10:40:00,50.45907775274585,OK
2024-11-07 10:45:00,49.731604186025244,OK
2024-11-07 10:50:00,49.12951248781561,OK
2024-11-07 10:55:00,50.12606133388962,OK
2024-11-07 11:00:00,49.77489042146394,OK
2024-11-07 11:05:00,49.20811037052458,OK
2024-11-07 11:10:00,49.13908195916878,OK
2024-11-07 11:15:00,49.27727603100863,OK
2024-11-07 11:20:00,48.64512427271264,OK
2024-11-07 11:25:00,48.89273488608899,OK
2024-11-07 11:30:00,48.87409753756629,OK
2024-11-07 11:35:00,48.231214086711,OK
2024-11-07 11:40:00,48.88739001031176,OK
2024-11-07 11:45:00,48.91244468671772,OK
2024-11-07 11:50:00,0.3452557026174805,OK
2024-11-07 11:55:00,-1.2153953338093486,OK
2024-11-07 12:00:00,-0.3496256229118907,OK
2024-11-07 12:05:00,48.541914864200365,OK
2024-11-07 12:10:00,48.51303265023513,OK
2024-11-07 12:15:00,48.55195802456121,OK
2024-11-07 12:20:00,49.20324594771304,OK
2024-11-07 12:25:00,48.34791613727719,OK
2024-11-07 12:30:00,48.10657545412953,OK
2024-11-07 12:35:00,48.32752235065063,OK
2024-11-07 12:40:00,47.77464802152122,OK
2024-11-07 12:45:00,1.7891365673798147,OK
2024-11-07 12:50:00,-0.009679963207410602,OK
2024-11-07 12:55:00,0.7275234126842143,OK
2024-11-07 13:00:00,47.72433577460346,OK
2024-11-07 13:05:00,48.22378515776645,OK
2024-11-07 13:10:00,46.79150145836158,OK
2024-11-07 13:15:00,48.047979898425055,OK
2024-11-07 13:20:00,47.86192875569475,OK
2024-11-07 13:25:00,46.21011770934175,OK
2024-11-07 13:30:00,45.866194475092676,OK
2024-11-07 13:35:00,47.21179480621766,OK
2024-11-07 13:40:00,47.42889593257592,OK
2024-11-07 13:45:00,47.20277230123559,OK
2024-11-07 13:50:00,47.70328232339146,OK
2024-11-07 13:55:00,46.86069223700282,OK
2024-11-07 14:00:00,46.933518455227215,OK
2024-11-07 14:05:00,47.30912994686618,OK
2024-11-07 14:10:00,47.21484642227295,OK
2024-11-07 14:15:00,47.27460251253834,OK
2024-11-07 14:20:00,46.815714774794884,OK
2024-11-07 14:25:00,2.4357455503721592,OK
2024-11-07 14:30:00,1.1525617309342875,OK
2024-11-07 14:35:00,1.4410955070866676,OK
2024-11-07 14:40:00,46.55206068721326,OK
2024-11-07 14:45:00,47.71893071396575,OK
2024-11-07 14:50:00,47.01052816754209,OK
2024-11-07 14:55:00,46.375760971924834,OK
2024-11-07 15:00:00,46.712657481209654,OK
2024-11-07 15:05:00,47.57315891459542,OK
2024-11-07 15:10:00,47.10858950328223,OK
2024-11-07 15:15:00,47.86830079378259,OK
2024-11-07 15:20:00,3.088530719868327,OK
2024-11-07 15:25:00,1.9299923758347561,OK
2024-11-07 15:30:00,2.732329607712531,OK
2024-11-07 15:35:00,46.098194391960064,OK
2024-11-07 15:40:00,46.34377227323758,OK
2024-11-07 15:45:00,45.9449316186059,OK
2024-11-07 15:50:00,46.32255786674401,OK
2024-11-07 15:55:00,46.16340954856873,OK
2024-11-07 16:00:00,46.29965534987193,OK
2024-11-07 16:05:00,46.52103593646075,OK
2024-11-07 16:10:00,46.36041588861401,OK
2024-11-07 16:15:00,45.1924121055843,OK
2024-11-07 16:20:00,46.047118528609545,OK
2024-11-07 16:25:00,45.871848805769226,OK
2024-11-07 16:30:00,46.00473527848621,OK
2024-11-07 16:35:00,46.727670766838386,OK
2024-11-07 16:40:00,46.539307546599055,OK
2024-11-07 16:45:00,45.85377669673058,OK
2024-11-07 16:50:00,46.38377813006942,OK
2024-11-07 16:55:00,46.12222881752982,OK
2024-11-07 17:00:00,45.71849741241853,OK
2024-11-07 17:05:00,3.0688730146499736,OK
2024-11-07 17:10:00,3.1253865395465317,OK
2024-11-07 17:15:00,2.531032993120257,OK
2024-11-07 17:20:00,45.43763468993544,OK
2024-11-07 17:25:00,46.819415955362345,OK
2024-11-07 17:30:00,45.83397720989432,OK
2024-11-07 17:35:00,46.86910981110092,OK
2024-11-07 17:40:00,46.12281659821001,OK
2024-11-07 17:45:00,46.30166083069782,OK
2024-11-07 17:50:00,44.762192369731125,OK
2024-11-07 17:55:00,46.36251165193507,OK
2024-11-07 18:00:00,46.26872402016126,OK
2024-11-07 18:05:00,46.40191747586923,OK
2024-11-07 18:10:00,3.089692648182205,OK
2024-11-07 18:15:00,1.6442729747031801,OK
2024-11-07 18:20:00,2.354335689842969,OK
2024-11-07 18:25:00,46.464455406571375,OK
2024-11-07 18:30:00,46.510057744078836,OK
2024-11-07 18:35:00,47.44835506281172,OK
2024-11-07 18:40:00,47.55398663913814,OK
2024-11-07 18:45:00,46.437578177028485,OK
2024-11-07 18:50:00,46.61100929752546,OK
2024-11-07 18:55:00,46.247633591520255,OK
2024-11-07 19:00:00,47.748161693678355,OK
2024-11-07 19:05:00,2.317888284877128,OK
2024-11-07 19:10:00,2.3323056362986283,OK
2024-11-07 19:15:00,1.3937978824276864,OK
2024-11-07 19:20:00,46.09042752592488,OK
2024-11-07 19:25:00,47.14240771664811,OK
2024-11-07 19:30:00,47.4847519597858,OK
2024-11-07 19:35:00,46.12071025225775,OK
2024-11-07 19:40:00,46.79952758805187,OK
2024-11-07 19:45:00,47.57283063805605,OK
2024-11-07 19:50:00,46.66633550034369,OK
2024-11-07 19:55:00,47.613683316966586,OK
2024-11-07 20:00:00,47.5479190527031,OK
2024-11-07 20:05:00,46.51171651558374,OK
2024-11-07 20:10:00,47.027212717398875,OK
2024-11-07 20:15:00,47.12789045737164,OK
2024-11-07 20:20:00,46.243847637112154,OK
2024-11-07 20:25:00,47.06296783932289,OK
2024-11-07 20:30:00,2.0303688485026137,OK
2024-11-07 20:35:00,1.208867357638342,OK
2024-11-07 20:40:00,1.2855186877481648,OK
2024-11-07 20:45:00,47.31997384019847,OK
2024-11-07 20:50:00,47.48269793516247,OK
2024-11-07 20:55:00,47.732561393922964,OK
2024-11-07 21:00:00,47.49908787286792,OK
2024-11-07 21:05:00,47.655583326734245,OK
2024-11-07 21:10:00,46.37754307793439,OK
2024-11-07 21:15:00,47.71282185377073,OK
2024-11-07 21:20:00,46.64655153789778,OK
2024-11-07 21:25:00,47.61203421306492,OK
2024-11-07 21:30:00,0.7740202876660291,OK
2024-11-07 21:35:00,0.7219721270074888,OK
2024-11-07 21:40:00,0.3982504697907795,OK
2024-11-07 21:45:00,47.44603440319111,OK
2024-11-07 21:50:00,48.013855961284946,OK
2024-11-07 21:55:00,48.177112996107674,OK
2024-11-07 22:00:00,47.45885901097468,OK
2024-11-07 22:05:00,48.45315506856114,OK
2024-11-07 22:10:00,48.63286371435891,OK
2024-11-07 22:15:00,48.2435169767194,OK
2024-11-07 22:20:00,48.38302325956525,OK
2024-11-07 22:25:00,48.37444801362503,OK
2024-11-07 22:30:00,48.082808850192194,OK
2024-11-07 22:35:00,47.726710570276005,OK
2024-11-07 22:40:00,48.71216959226607,OK
2024-11-07 22:45:00,48.07056710431454,OK
2024-11-07 22:50:00,48.50435068223749,OK
2024-11-07 22:55:00,49.00543679149363,OK
2024-11-07 23:00:00,0.08524965284203079,OK
2024-11-07 23:05:00,-0.9051680481507066,OK
2024-11-07 23:10:00,-0.5236280156191084,OK
2024-11-07 23:15:00,47.92440601581336,OK
2024-11-07 23:20:00,49.184152306975186,OK
2024-11-07 23:25:00,48.76652324611904,OK
2024-11-07 23:30:00,49.660747849989306,OK
2024-11-07 23:35:00,49.22819806558286,OK
2024-11-07 23:40:00,49.333871422087846,OK
2024-11-07 23:45:00,49.98727762330338,OK
2024-11-07 23:50:00,49.42033306941788,OK
2024-11-07 23:55:00,48.797348323077046,OK
2024-11-08 00:00:00,-0.06771817836300675,OK
2024-11-08 00:05:00,-1.8082848043346778,OK
2024-11-08 00:10:00,-1.6408849065019289,OK
2024-11-08 00:15:00,49.844845477101444,OK
2024-11-08 00:20:00,50.23625195043596,OK
2024-11-08 00:25:00,49.61594833121967,OK
2024-11-08 00:30:00,49.68661549196009,OK
2024-11-08 00:35:00,49.69156524373042,OK
2024-11-08 00:40:00,48.93086897926885,OK
2024-11-08 00:45:00,50.876183929854,OK
2024-11-08 00:50:00,49.83437879372836,OK
2024-11-08 00:55:00,50.79514960896015,OK
2024-11-08 01:00:00,50.28190097640242,OK
2024-11-08 01:05:00,50.25659303137863,OK
2024-11-08 01:10:00,50.3708083078305,OK
2024-11-08 01:15:00,49.61509814374297,OK
2024-11-08 01:20:00,50.37689980499491,OK
2024-11-08 01:25:00,50.652903996667575,OK
2024-11-08 01:30:00,50.982364025428524,OK
2024-11-08 01:35:00,50.07494303001377,OK
2024-11-08 01:40:00,50.87160333271461,OK
2024-11-08 01:45:00,50.353005183383814,OK
2024-11-08 01:50:00,51.54220416757567,OK
2024-11-08 01:55:00,50.27518818993977,OK
2024-11-08 02:00:00,51.30617790895371,OK
2024-11-08 02:05:00,51.27735138107409,OK
2024-11-08 02:10:00,50.845041721265645,OK
2024-11-08 02:15:00,50.387670081256424,OK
2024-11-08 02:20:00,50.32560069563259,OK
2024-11-08 02:25:00,51.41086910831517,OK
2024-11-08 02:30:00,50.35962593001802,OK
2024-11-08 02:35:00,51.33737089727399,OK
2024-11-08 02:40:00,51.05496637874677,OK
2024-11-08 02:45:00,51.34664314009282,OK
2024-11-08 02:50:00,51.33870637192737,OK
2024-11-08 02:55:00,50.39190191980942,OK
2024-11-08 03:00:00,50.657131687064854,OK
2024-11-08 03:05:00,51.4265566625258,OK
2024-11-08 03:10:00,50.62624245412784,OK
2024-11-08 03:15:00,49.52066221412134,OK
2024-11-08 03:20:00,51.300942814495784,OK
2024-11-08 03:25:00,50.16508728003929,OK
2024-11-08 03:30:00,51.17296401789712,OK
2024-11-08 03:35:00,51.391777698802755,OK
2024-11-08 03:40:00,50.81635081522361,OK
2024-11-08 03:45:00,51.21313091640561,OK
2024-11-08 03:50:00,50.8108142164755,OK
2024-11-08 03:55:00,51.45767081687273,OK
2024-11-08 04:00:00,50.18235699735569,OK
2024-11-08 04:05:00,50.93968958599879,OK
2024-11-08 04:10:00,51.222884501138665,OK
2024-11-08 04:15:00,50.649821210195554,OK
2024-11-08 04:20:00,51.27139543474252,OK
2024-11-08 04:25:00,50.5678476500055,OK
2024-11-08 04:30:00,51.83365459330451,OK
2024-11-08 04:35:00,51.580308324227396,OK
2024-11-08 04:40:00,50.70046440198822,OK
2024-11-08 04:45:00,50.60698376149094,OK
2024-11-08 04:50:00,51.277046351328366,OK
2024-11-08 04:55:00,50.16724168352026,OK
2024-11-08 05:00:00,49.853615025231505,OK
2024-11-08 05:05:00,50.86228595193013,OK
2024-11-08 05:10:00,50.653882741348625,OK
2024-11-08 05:15:00,50.19437039946207,OK
2024-11-08 05:20:00,50.34549749923708,OK
2024-11-08 05:25:00,49.30755690784036,OK
2024-11-08 05:30:00,50.33264863812974,OK
2024-11-08 05:35:00,49.96098409850974,OK
2024-11-08 05:40:00,50.79532862567753,OK
2024-11-08 05:45:00,50.94266901605165,OK
2024-11-08 05:50:00,50.66549213066439,OK
2024-11-08 05:55:00,50.48001735350549,OK
2024-11-08 06:00:00,49.616363637392666,OK
2024-11-08 06:05:00,50.753438295660786,OK
2024-11-08 06:10:00,50.715981928162705,OK
2024-11-08 06:15:00,50.88908951382232,OK
2024-11-08 06:20:00,51.62524923186778,OK
2024-11-08 06:25:00,49.28640161264934,OK
2024-11-08 06:30:00,50.22541600040031,OK
2024-11-08 06:35:00,50.049412551929414,OK
2024-11-08 06:40:00,50.62512330711641,OK
2024-11-08 06:45:00,50.58729997841595,OK
2024-11-08 06:50:00,50.50415999789175,OK
2024-11-08 06:55:00,50.95118700376032,OK
2024-11-08 07:00:00,50.06026128509706,OK
2024-11-08 07:05:00,50.01856434629824,OK
2024-11-08 07:10:00,49.791254671775576,OK
2024-11-08 07:15:00,50.591694677915996,OK
2024-11-08 07:20:00,49.75741505826047,OK
2024-11-08 07:25:00,50.57732507777184,OK
2024-11-08 07:30:00,50.55806660644797,OK
2024-11-08 07:35:00,50.22736005928988,OK
2024-11-08 07:40:00,50.96308636192098,OK
2024-11-08 07:45:00,50.67844982758696,OK
2024-11-08 07:50:00,50.97334790544463,OK
2024-11-08 07:55:00,50.55473690853822,OK
2024-11-08 08:00:00,50.61642945141817,OK
2024-11-08 08:05:00,50.35648446629769,OK
2024-11-08 08:10:00,50.79903172420946,OK
2024-11-08 08:15:00,51.25299331048729,OK
2024-11-08 08:20:00,50.54027360010845,OK
2024-11-08 08:25:00,51.16617380966721,OK
2024-11-08 08:30:00,50.4381740865292,OK
2024-11-08 08:35:00,51.147785577152405,OK
2024-11-08 08:40:00,50.590593742268986,OK
2024-11-08 08:45:00,51.32637733780911,OK
2024-11-08 08:50:00,50.89087548381977,OK
2024-11-08 08:55:00,51.78482853350292,OK
2024-11-08 09:00:00,50.44900513213561,OK
2024-11-08 09:05:00,50.095665909463065,OK
2024-11-08 09:10:00,50.590060616849364,OK
2024-11-08 09:15:00,50.475073194551825,OK
2024-11-08 09:20:00,50.36224080434752,OK
2024-11-08 09:25:00,51.345693350242904,OK
2024-11-08 09:30:00,50.868002253704496,OK
2024-11-08 09:35:00,50.91624000206696,OK
2024-11-08 09:40:00,50.96761739209129,OK
2024-11-08 09:45:00,50.119652514187,OK
2024-11-08 09:50:00,51.514401694429914,OK
2024-11-08 09:55:00,50.45067112902754,OK
2024-11-08 10:00:00,50.20567965230775,OK
2024-11-08 10:05:00,51.07888451752878,OK
2024-11-08 10:10:00,50.6544631165839,OK
2024-11-08 10:15:00,51.2075923136347,OK
2024-11-08 10:20:00,50.24128739315833,OK
2024-11-08 10:25:00,50.457520021312135,OK
2024-11-08 10:30:00,50.74842525418024,OK
2024-11-08 10:35:00,50.01395431756688,OK
2024-11-08 10:40:00,49.72825799568908,OK
2024-11-08 10:45:00,50.92741414715006,OK
2024-11-08 10:50:00,50.25225552380976,OK
2024-11-08 10:55:00,49.17107067494612,OK
2024-11-08 11:00:00,,MISSING
2024-11-08 11:05:00,48.8731349680514,OK
2024-11-08 11:10:00,49.69003598490986,OK
2024-11-08 11:15:00,49.24495673135762,OK
2024-11-08 11:20:00,49.163383672518066,OK
2024-11-08 11:25:00,48.66629452828255,OK
2024-11-08 11:30:00,48.6480047827785,OK
2024-11-08 11:35:00,49.42792860297941,OK
2024-11-08 11:40:00,48.75988941313708,OK
2024-11-08 11:45:00,49.45219376730561,OK
2024-11-08 11:50:00,49.79050825954948,OK
2024-11-08 11:55:00,-0.3196357575432138,OK
2024-11-08 12:00:00,-1.061990679504126,OK
2024-11-08 12:05:00,-0.700786832145469,OK
2024-11-08 12:10:00,48.39278747993485,OK
2024-11-08 12:15:00,48.37089200691728,OK
2024-11-08 12:20:00,49.014234203155986,OK
2024-11-08 12:25:00,47.490497994879966,OK
2024-11-08 12:30:00,48.22997232414248,OK
2024-11-08 12:35:00,48.269417668753576,OK
2024-11-08 12:40:00,47.40845378534944,OK
2024-11-08 12:45:00,48.980554255620845,OK
2024-11-08 12:50:00,47.94492004197401,OK
2024-11-08 12:55:00,47.430735559442574,OK
2024-11-08 13:00:00,0.8057125368244452,OK
2024-11-08 13:05:00,-0.5298400390724463,OK
2024-11-08 13:10:00,0.7107271496048565,OK
2024-11-08 13:15:00,47.70419603667706,OK
2024-11-08 13:20:00,47.776233571795764,OK
2024-11-08 13:25:00,48.16336037406159,OK
2024-11-08 13:30:00,48.09833803255624,OK
2024-11-08 13:35:00,48.1466589354913,OK
2024-11-08 13:40:00,47.82026408933703,OK
2024-11-08 13:45:00,47.64357782899799,OK
2024-11-08 13:50:00,48.16184827674908,OK
2024-11-08 13:55:00,47.69677382621746,OK
2024-11-08 14:00:00,47.548861083831014,OK
2024-11-08 14:05:00,46.69166308700548,OK
2024-11-08 14:10:00,48.218353927700676,OK
2024-11-08 14:15:00,47.22346481288795,OK
2024-11-08 14:20:00,47.217092711615955,OK
2024-11-08 14:25:00,2.41027999502274,OK
2024-11-08 14:30:00,0.6566414232970408,OK
2024-11-08 14:35:00,2.3459739378937776,OK
2024-11-08 14:40:00,46.639288851042686,OK
2024-11-08 14:45:00,47.249214471577744,OK
2024-11-08 14:50:00,46.49467581816686,OK
2024-11-08 14:55:00,46.148548367946056,OK
2024-11-08 15:00:00,46.78564840613002,OK
2024-11-08 15:05:00,47.05233506655319,OK
2024-11-08 15:10:00,47.00945338373436,OK
2024-11-08 15:15:00,46.90221384332456,OK
2024-11-08 15:20:00,45.94779286806882,OK
2024-11-08 15:25:00,46.15863061391531,OK
2024-11-08 15:30:00,3.0692725948220656,OK
2024-11-08 15:35:00,1.4860847541031517,OK
2024-11-08 15:40:00,3.1326439449197947,OK
2024-11-08 15:45:00,45.807020813575846,OK
2024-11-08 15:50:00,46.67538314401764,OK
2024-11-08 15:55:00,46.97192607880372,OK
2024-11-08 16:00:00,46.34913011194443,OK
2024-11-08 16:05:00,46.75766097403132,OK
2024-11-08 16:10:00,46.32534193219115,OK
2024-11-08 16:15:00,46.41035440251457,OK
2024-11-08 16:20:00,46.377084436079166,OK
2024-11-08 16:25:00,46.443508686989816,OK
2024-11-08 16:30:00,3.783632108855238,OK
2024-11-08 16:35:00,2.7355810449224762,OK
2024-11-08 16:40:00,4.098317185239187,OK
2024-11-08 16:45:00,45.221120415317614,OK
2024-11-08 16:50:00,46.6443720144735,OK
2024-11-08 16:55:00,46.55862435621092,OK
2024-11-08 17:00:00,45.724357011139375,OK
2024-11-08 17:05:00,45.817367397156104,OK
2024-11-08 17:10:00,45.82106192905796,OK
2024-11-08 17:15:00,45.67025895232471,OK
2024-11-08 17:20:00,46.264427590962555,OK
2024-11-08 17:25:00,46.329193286990396,OK
2024-11-08 17:30:00,45.81894399163005,OK
2024-11-08 17:35:00,46.07517790560879,OK
2024-11-08 17:40:00,45.94722549244668,OK
2024-11-08 17:45:00,45.59561508773596,OK
2024-11-08 17:50:00,46.005056808338495,OK
2024-11-08 17:55:00,45.66016591104112,OK
2024-11-08 18:00:00,4.3650194841632555,OK
2024-11-08 18:05:00,2.6480722164681048,OK
2024-11-08 18:10:00,3.2691882056354467,OK
2024-11-08 18:15:00,45.6055178051046,OK
2024-11-08 18:20:00,46.83423638319022,OK
2024-11-08 18:25:00,45.38758710102438,OK
2024-11-08 18:30:00,46.414738943643805,OK
2024-11-08 18:35:00,46.03842175172973,OK
2024-11-08 18:40:00,46.15240456075226,OK
2024-11-08 18:45:00,47.002875743961106,OK
2024-11-08 18:50:00,46.81026837047182,OK
2024-11-08 18:55:00,45.89946594484279,OK
2024-11-08 19:00:00,46.31415112756223,OK
2024-11-08 19:05:00,44.87596698485824,OK
2024-11-08 19:10:00,46.159533866768875,OK
2024-11-08 19:15:00,45.55844017326597,OK
2024-11-08 19:20:00,46.133810051916875,OK
2024-11-08 19:25:00,45.40276789008208,OK
2024-11-08 19:30:00,46.73833362691451,OK
2024-11-08 19:35:00,45.50120020318791,OK
2024-11-08 19:40:00,46.423179329067715,OK
2024-11-08 19:45:00,46.16201081442098,OK
2024-11-08 19:50:00,46.153165042680115,OK
2024-11-08 19:55:00,2.773902056849277,OK
2024-11-08 20:00:00,2.6878893539079725,OK
2024-11-08 20:05:00,2.9533289398417484,OK
2024-11-08 20:10:00,47.47241375572915,OK
2024-11-08 20:15:00,46.08308646146469,OK
2024-11-08 20:20:00,47.48965816329453,OK
2024-11-08 20:25:00,46.67776007234466,OK
2024-11-08 20:30:00,47.27913813708023,OK
2024-11-08 20:35:00,46.35340430332264,OK
2024-11-08 20:40:00,46.77780893469738,OK
2024-11-08 20:45:00,47.15753798618356,OK
2024-11-08 20:50:00,2.755213140904056,OK
2024-11-08 20:55:00,1.968787299556151,OK
2024-11-08 21:00:00,1.6966587981731949,OK
2024-11-08 21:05:00,47.479852858899136,OK
2024-11-08 21:10:00,47.047999835905884,OK
2024-11-08 21:15:00,47.408992258754466,OK
2024-11-08 21:20:00,47.522604614945884,OK
2024-11-08 21:25:00,47.07426085092549,OK
2024-11-08 21:30:00,47.59427282130058,OK
2024-11-08 21:35:00,46.87031472062476,OK
2024-11-08 21:40:00,47.6659627715933,OK
2024-11-08 21:45:00,46.76395379357596,OK
2024-11-08 21:50:00,47.919277381202164,OK
2024-11-08 21:55:00,0.8279295117032655,OK
2024-11-08 22:00:00,0.37855540534948795,OK
2024-11-08 22:05:00,0.17847444116982086,OK
2024-11-08 22:10:00,47.85964482162785,OK
2024-11-08 22:15:00,46.81738049393081,OK
2024-11-08 22:20:00,47.873433562256615,OK
2024-11-08 22:25:00,48.31428197429069,OK
2024-11-08 22:30:00,46.98349660672757,OK
2024-11-08 22:35:00,47.73924214890994,OK
2024-11-08 22:40:00,48.32494378710887,OK
2024-11-08 22:45:00,48.121590258801454,OK
2024-11-08 22:50:00,48.18947929141539,OK
2024-11-08 22:55:00,0.5019296925880871,OK
2024-11-08 23:00:00,0.045065751733688736,OK
2024-11-08 23:05:00,-0.0455035563240066,OK
2024-11-08 23:10:00,47.67411285952769,OK
2024-11-08 23:15:00,48.4231778853754,OK
2024-11-08 23:20:00,47.49665940391144,OK
2024-11-08 23:25:00,48.69795463544584,OK
2024-11-08 23:30:00,49.61425038771134,OK
2024-11-08 23:35:00,49.3762502314415,OK
2024-11-08 23:40:00,48.564616101323146,OK
2024-11-08 23:45:00,48.25602349238166,OK
2024-11-08 23:50:00,-0.2222804755661819,OK
2024-11-08 23:55:00,0.22172445751133008,OK
2024-11-09 00:00:00,-1.174254327585233,OK
2024-11-09 00:05:00,48.7252645120897,OK
2024-11-09 00:10:00,49.15872044018344,OK
2024-11-09 00:15:00,48.605310227896396,OK
2024-11-09 00:20:00,49.45483678593654,OK
2024-11-09 00:25:00,50.14058057073851,OK
2024-11-09 00:30:00,50.03972854551523,OK
2024-11-09 00:35:00,49.539801716450704,OK
2024-11-09 00:40:00,48.54724074648869,OK
2024-11-09 00:45:00,49.34266527850234,OK
2024-11-09 00:50:00,-0.06082689023194532,OK
2024-11-09 00:55:00,-1.7718161161876274,OK
2024-11-09 01:00:00,-1.7232223833959106,OK
2024-11-09 01:05:00,50.55264114083577,OK
2024-11-09 01:10:00,50.0027909760324,OK
2024-11-09 01:15:00,50.91922452582171,OK
2024-11-09 01:20:00,49.25068779070186,OK
2024-11-09 01:25:00,49.298920244498795,OK
2024-11-09 01:30:00,50.52493805428806,OK
2024-11-09 01:35:00,49.42966272148944,OK
2024-11-09 01:40:00,50.18047285550769,OK
2024-11-09 01:45:00,49.96510613748548,OK
2024-11-09 01:50:00,50.933421594785116,OK
2024-11-09 01:55:00,50.61770761247608,OK
2024-11-09 02:00:00,50.45142469885744,OK
2024-11-09 02:05:00,50.25062128419145,OK
2024-11-09 02:10:00,50.76083507319552,OK
2024-11-09 02:15:00,52.19624273840897,OK
2024-11-09 02:20:00,50.861474045969594,OK
2024-11-09 02:25:00,50.592947997329425,OK
2024-11-09 02:30:00,49.743814924677096,OK
2024-11-09 02:35:00,50.40201124626845,OK
2024-11-09 02:40:00,50.57436476114057,OK
2024-11-09 02:45:00,49.98517028306941,OK
2024-11-09 02:50:00,50.32227430272199,OK
2024-11-09 02:55:00,51.297235990251735,OK
2024-11-09 03:00:00,50.948462498771384,OK
2024-11-09 03:05:00,50.94978142621393,OK
2024-11-09 03:10:00,49.79557265775048,OK
2024-11-09 03:15:00,51.33376545247571,OK
2024-11-09 03:20:00,50.51171198018173,OK
2024-11-09 03:25:00,49.88940695517288,OK
2024-11-09 03:30:00,51.230219618257784,OK
2024-11-09 03:35:00,51.523215448128255,OK
2024-11-09 03:40:00,49.632919618401615,OK
2024-11-09 03:45:00,50.593439257660606,OK
2024-11-09 03:50:00,50.69465613560433,OK
2024-11-09 03:55:00,51.457349535351725,OK
2024-11-09 04:00:00,50.85162525651258,OK
2024-11-09 04:05:00,50.134426964949746,OK
2024-11-09 04:10:00,51.5006604025972,OK
2024-11-09 04:15:00,50.89067844803475,OK
2024-11-09 04:20:00,51.306025143701085,OK
2024-11-09 04:25:00,50.59633915209279,OK
2024-11-09 04:30:00,50.381251887129594,OK
2024-11-09 04:35:00,51.521914282061246,OK
2024-11-09 04:40:00,51.06760238191002,OK
2024-11-09 04:45:00,51.53216924765869,OK
2024-11-09 04:50:00,50.777752385170956,OK
2024-11-09 04:55:00,50.638154581356,OK
2024-11-09 05:00:00,51.58467072479473,OK
2024-11-09 05:05:00,50.30760636492925,OK
2024-11-09 05:10:00,50.96835994038835,OK
2024-11-09 05:15:00,51.521234153473394,OK
2024-11-09 05:20:00,51.4986953590101,OK
2024-11-09 05:25:00,50.74260562336417,OK
2024-11-09 05:30:00,50.746795448249856,OK
2024-11-09 05:35:00,50.75902661483287,OK
2024-11-09 05:40:00,50.16177148131477,OK
2024-11-09 05:45:00,50.32397740076047,OK
2024-11-09 05:50:00,51.29825269550008,OK
2024-11-09 05:55:00,51.29807586329231,OK
2024-11-09 06:00:00,50.58987271942641,OK
2024-11-09 06:05:00,51.31122719009858,OK
2024-11-09 06:10:00,51.17332826581359,OK
2024-11-09 06:15:00,51.912915657720255,OK
2024-11-09 06:20:00,51.41049172859242,OK
2024-11-09 06:25:00,51.53176670960241,OK
2024-11-09 06:30:00,51.380213972838526,OK
2024-11-09 06:35:00,51.63218709377714,OK
2024-11-09 06:40:00,50.37406777605028,OK
2024-11-09 06:45:00,51.05909362302325,OK
2024-11-09 06:50:00,50.90501596698476,OK
2024-11-09 06:55:00,50.764737369177276,OK
2024-11-09 07:00:00,51.231277860212174,OK
2024-11-09 07:05:00,51.39855503666809,OK
2024-11-09 07:10:00,51.21081972519893,OK
2024-11-09 07:15:00,50.82455026248172,OK
2024-11-09 07:20:00,50.706568533816544,OK
2024-11-09 07:25:00,51.580487888722864,OK
2024-11-09 07:30:00,51.26011229235673,OK
2024-11-09 07:35:00,50.42277389569614,OK
2024-11-09 07:40:00,51.05082994698426,OK
2024-11-09 07:45:00,50.247476777372455,OK
2024-11-09 07:50:00,51.14454035089112,OK
2024-11-09 07:55:00,50.54633399848905,OK
2024-11-09 08:00:00,50.746240630709174,OK
2024-11-09 08:05:00,51.70690896027584,OK
2024-11-09 08:10:00,50.584667261896065,OK
2024-11-09 08:15:00,51.091121833293705,OK
2024-11-09 08:20:00,51.96210325057334,OK
2024-11-09 08:25:00,51.41090253871706,OK
2024-11-09 08:30:00,51.102349283427756,OK
2024-11-09 08:35:00,50.481683461913185,OK
2024-11-09 08:40:00,50.03227968147838,OK
2024-11-09 08:45:00,50.29327088447489,OK
2024-11-09 08:50:00,50.43407753879869,OK
2024-11-09 08:55:00,50.622108218823406,OK
2024-11-09 09:00:00,50.55675044198029,OK
2024-11-09 09:05:00,50.20421565322975,OK
2024-11-09 09:10:00,50.92979759205171,OK
2024-11-09 09:15:00,49.66094312944808,OK
2024-11-09 09:20:00,50.41056597234721,OK
2024-11-09 09:25:00,50.485917230026246,OK
2024-11-09 09:30:00,50.24261637645401,OK
2024-11-09 09:35:00,51.341488208106206,OK
2024-11-09 09:40:00,50.81579765428523,OK
2024-11-09 09:45:00,49.857069310784254,OK
2024-11-09 09:50:00,50.35353390568513,OK
2024-11-09 09:55:00,50.33033775891181,OK
2024-11-09 10:00:00,49.86075894363818,OK
2024-11-09 10:05:00,49.14950507492376,OK
2024-11-09 10:10:00,50.87220484114832,OK
2024-11-09 10:15:00,49.51986144853232,OK
2024-11-09 10:20:00,49.95090706928528,OK
2024-11-09 10:25:00,49.73425387521849,OK
2024-11-09 10:30:00,50.31112763436632,OK
2024-11-09 10:35:00,50.77451483487074,OK
2024-11-09 10:40:00,49.833687894642615,OK
2024-11-09 10:45:00,49.35666070043912,OK
2024-11-09 10:50:00,-1.176425230745846,OK
2024-11-09 10:55:00,-1.6771547829101994,OK
2024-11-09 11:00:00,-1.336458156006492,OK
2024-11-09 11:05:00,48.46305920055823,OK
2024-11-09 11:10:00,49.22386312347853,OK
2024-11-09 11:15:00,49.21355088113324,OK
2024-11-09 11:20:00,49.20380643271738,OK
2024-11-09 11:25:00,48.58051724273625,OK
2024-11-09 11:30:00,49.45400120009144,OK
2024-11-09 11:35:00,48.742804494070896,OK
2024-11-09 11:40:00,49.50065501288331,OK
2024-11-09 11:45:00,48.158768453632085,OK
2024-11-09 11:50:00,47.63106822357358,OK
2024-11-09 11:55:00,48.819032621605075,OK
2024-11-09 12:00:00,47.92522451371314,OK
2024-11-09 12:05:00,0.5969824173255571,OK
2024-11-09 12:10:00,-0.025690653550687236,OK
2024-11-09 12:15:00,-0.02896990921175646,OK
2024-11-09 12:20:00,48.44477000490707,OK
2024-11-09 12:25:00,47.2990238032504,OK
2024-11-09 12:30:00,47.237065309496906,OK
2024-11-09 12:35:00,48.50233411559494,OK
2024-11-09 12:40:00,47.22690542765394,OK
2024-11-09 12:45:00,47.16141587474995,OK
2024-11-09 12:50:00,48.26279700964727,OK
2024-11-09 12:55:00,47.92938645506444,OK
2024-11-09 13:00:00,47.23399716631219,OK
2024-11-09 13:05:00,47.532735403108504,OK
2024-11-09 13:10:00,47.34942439768131,OK
2024-11-09 13:15:00,0.8707384594621408,OK
2024-11-09 13:20:00,1.0667661084405946,OK
2024-11-09 13:25:00,0.27260140088240514,OK
2024-11-09 13:30:00,48.24621551959801,OK
2024-11-09 13:35:00,46.57863372622135,OK
2024-11-09 13:40:00,47.04316232821352,OK
2024-11-09 13:45:00,47.490466837264094,OK
2024-11-09 13:50:00,47.74142014645893,OK
2024-11-09 13:55:00,47.22937365609828,OK
2024-11-09 14:00:00,47.17435390089862,OK
2024-11-09 14:05:00,47.41844025190101,OK
2024-11-09 14:10:00,47.088940923831366,OK
2024-11-09 14:15:00,46.76806455353422,OK
2024-11-09 14:20:00,47.354018186468366,OK
2024-11-09 14:25:00,47.19728973071165,OK
2024-11-09 14:30:00,47.287400679797884,OK
2024-11-09 14:35:00,47.07162660026982,OK
2024-11-09 14:40:00,46.34513742888054,OK
2024-11-09 14:45:00,46.27241490144408,OK
2024-11-09 14:50:00,46.51048731840171,OK
2024-11-09 14:55:00,2.711551598564191,OK
2024-11-09 15:00:00,2.296782085126262,OK
2024-11-09 15:05:00,2.5837713268265454,OK
2024-11-09 15:10:00,46.791691632212974,OK
2024-11-09 15:15:00,45.50148786867249,OK
2024-11-09 15:20:00,47.0351557172787,OK
2024-11-09 15:25:00,46.03076427711155,OK
2024-11-09 15:30:00,45.76183178563084,OK
2024-11-09 15:35:00,46.09782368265708,OK
2024-11-09 15:40:00,45.93266634734324,OK
2024-11-09 15:45:00,46.96720346344673,OK
2024-11-09 15:50:00,45.97406660997133,OK
2024-11-09 15:55:00,45.84852574924623,OK
2024-11-09 16:00:00,46.23180185953697,OK
2024-11-09 16:05:00,45.690928704382195,OK
2024-11-09 16:10:00,46.13104722307747,OK
2024-11-09 16:15:00,45.81394109602071,OK
2024-11-09 16:20:00,44.79631426537877,OK
2024-11-09 16:25:00,46.087144629418184,OK
2024-11-09 16:30:00,45.87275978649149,OK
2024-11-09 16:35:00,45.68037143645541,OK
2024-11-09 16:40:00,45.304311168293125,OK
2024-11-09 16:45:00,45.443930586790266,OK
2024-11-09 16:50:00,3.969188288357799,OK
2024-11-09 16:55:00,3.0528004875228123,OK
2024-11-09 17:00:00,3.34268321394404,OK
2024-11-09 17:05:00,45.79225089722992,OK
2024-11-09 17:10:00,45.28412097589118,OK
2024-11-09 17:15:00,45.87521024142726,OK
2024-11-09 17:20:00,47.04452634706125,OK
2024-11-09 17:25:00,45.754403729774324,OK
2024-11-09 17:30:00,45.746095013536596,OK
2024-11-09 17:35:00,44.96445760506963,OK
2024-11-09 17:40:00,44.654174682871265,OK
2024-11-09 17:45:00,44.766786454685004,OK
2024-11-09 17:50:00,45.91501297677231,OK
2024-11-09 17:55:00,45.15860667817244,OK
2024-11-09 18:00:00,45.49997851952464,OK
2024-11-09 18:05:00,44.88850610491096,OK
2024-11-09 18:10:00,45.2795189030639,OK
2024-11-09 18:15:00,45.14688746178859,OK
2024-11-09 18:20:00,45.47921666105888,OK
2024-11-09 18:25:00,45.30951121926062,OK
2024-11-09 18:30:00,45.0114105405325,OK
2024-11-09 18:35:00,45.553467493874145,OK
2024-11-09 18:40:00,45.066309634491546,OK
2024-11-09 18:45:00,45.29877251680454,OK
2024-11-09 18:50:00,44.875792421964725,OK
2024-11-09 18:55:00,45.63267979399722,OK
2024-11-09 19:00:00,45.05604961474075,OK
2024-11-09 19:05:00,45.03578394053281,OK
2024-11-09 19:10:00,45.17601135742869,OK
2024-11-09 19:15:00,45.09107903558774,OK
2024-11-09 19:20:00,45.03653981416044,OK
2024-11-09 19:25:00,44.94386816279889,OK
2024-11-09 19:30:00,45.093735492833716,OK
2024-11-09 19:35:00,45.345310313183454,OK
2024-11-09 19:40:00,45.64391891026371,OK
2024-11-09 19:45:00,45.28205609880979,OK
2024-11-09 19:50:00,45.674720330491816,OK
2024-11-09 19:55:00,45.51739183436053,OK
2024-11-09 20:00:00,44.52375415590574,OK
2024-11-09 20:05:00,45.833779674297396,OK
2024-11-09 20:10:00,44.925080337501505,OK
2024-11-09 20:15:00,45.727989412037495,OK
2024-11-09 20:20:00,45.05653668098741,OK
2024-11-09 20:25:00,45.0438115209153,OK
2024-11-09 20:30:00,45.34690268801718,OK
2024-11-09 20:35:00,45.68786627356704,OK
2024-11-09 20:40:00,3.465918862270934,OK
2024-11-09 20:45:00,3.0718796482506723,OK
2024-11-09 20:50:00,2.5481469611254663,OK
2024-11-09 20:55:00,46.33634648157907,OK
2024-11-09 21:00:00,46.45232074521973,OK
2024-11-09 21:05:00,44.89350696068702,OK
2024-11-09 21:10:00,47.02067046007824,OK
2024-11-09 21:15:00,46.232307861159526,OK
2024-11-09 21:20:00,46.461166448228006,OK
2024-11-09 21:25:00,46.386056240142736,OK
2024-11-09 21:30:00,45.06720287759757,OK
2024-11-09 21:35:00,46.49557037763307,OK
2024-11-09 21:40:00,45.61140066595254,OK
2024-11-09 21:45:00,46.67428738301398,OK
2024-11-09 21:50:00,46.53982883234655,OK
2024-11-09 21:55:00,46.45288657350107,OK
2024-11-09 22:00:00,45.76965596961216,OK
2024-11-09 22:05:00,2.83176573803097,OK
2024-11-09 22:10:00,1.7359843107661659,OK
2024-11-09 22:15:00,3.2079919719132057,OK
2024-11-09 22:20:00,47.21596473873827,OK
2024-11-09 22:25:00,47.59173706979753,OK
2024-11-09 22:30:00,47.40609382499314,OK
2024-11-09 22:35:00,46.47956015407408,OK
2024-11-09 22:40:00,47.74128976739659,OK
2024-11-09 22:45:00,46.50185529200655,OK
2024-11-09 22:50:00,45.93269835141529,OK
2024-11-09 22:55:00,47.40882028018575,OK
2024-11-09 23:00:00,2.454183290686152,OK
2024-11-09 23:05:00,1.624136799939856,OK
2024-11-09 23:10:00,0.6692085087282644,OK
2024-11-09 23:15:00,46.83773801095681,OK
2024-11-09 23:20:00,46.45381547948399,OK
2024-11-09 23:25:00,47.53395350270685,OK
2024-11-09 23:30:00,46.247883025196906,OK
2024-11-09 23:35:00,47.05291078381027,OK
2024-11-09 23:40:00,46.788432142371825,OK
2024-11-09 23:45:00,46.4129966128223,OK
2024-11-09 23:50:00,47.615619096528796,OK
2024-11-09 23:55:00,47.353403867608314,OK
2024-11-10 00:00:00,1.615682105732768,OK
2024-11-10 00:05:00,0.25491525384665503,OK
2024-11-10 00:10:00,0.5409224750909271,OK
2024-11-10 00:15:00,46.76068045261334,OK
2024-11-10 00:20:00,46.83944518394209,OK
2024-11-10 00:25:00,48.54242831115527,OK
2024-11-10 00:30:00,48.763969254618466,OK
2024-11-10 00:35:00,48.214351106691495,OK
2024-11-10 00:40:00,47.46704338992076,OK
2024-11-10 00:45:00,48.01059079063236,OK
2024-11-10 00:50:00,48.53904102258115,OK
2024-11-10 00:55:00,47.58471466779924,OK
2024-11-10 01:00:00,48.11576843153728,OK
2024-11-10 01:05:00,48.088571614884124,OK
2024-11-10 01:10:00,47.65866468126559,OK
2024-11-10 01:15:00,48.33604882546974,OK
2024-11-10 01:20:00,48.838678632074995,OK
2024-11-10 01:25:00,48.25405723526723,OK
2024-11-10 01:30:00,48.98509268380848,OK
2024-11-10 01:35:00,49.023914955009126,OK
2024-11-10 01:40:00,48.92119237866439,OK
2024-11-10 01:45:00,-0.31568571691512604,OK
2024-11-10 01:50:00,-0.8621374314591607,OK
2024-11-10 01:55:00,-0.5566593815773786,OK
2024-11-10 02:00:00,48.386816106581875,OK
2024-11-10 02:05:00,48.79983941719738,OK
2024-11-10 02:10:00,49.10202518572207,OK
2024-11-10 02:15:00,50.37682010928649,OK
2024-11-10 02:20:00,48.451527904346,OK
2024-11-10 02:25:00,49.850629503906084,OK
2024-11-10 02:30:00,50.36513750515632,OK
2024-11-10 02:35:00,49.208174425323875,OK
2024-11-10 02:40:00,49.38047435507357,OK
2024-11-10 02:45:00,49.936319780867024,OK
2024-11-10 02:50:00,49.762212092968475,OK
2024-11-10 02:55:00,50.60450265577036,OK
2024-11-10 03:00:00,49.80777036600816,OK
2024-11-10 03:05:00,-1.0992611680733868,OK
2024-11-10 03:10:00,-2.003597002469964,OK
2024-11-10 03:15:00,-2.4166250699110825,OK
2024-11-10 03:20:00,50.06479629718099,OK
2024-11-10 03:25:00,49.43087277053221,OK
2024-11-10 03:30:00,50.200708269561424,OK
2024-11-10 03:35:00,49.757859129690544,OK
2024-11-10 03:40:00,49.55650954463262,OK
2024-11-10 03:45:00,49.88160033154091,OK
2024-11-10 03:50:00,49.20806174649527,OK
2024-11-10 03:55:00,50.62533773396717,OK
2024-11-10 04:00:00,49.63613943796036,OK
2024-11-10 04:05:00,50.497601818260414,OK
2024-11-10 04:10:00,50.1130383369928,OK
2024-11-10 04:15:00,50.317163518909304,OK
2024-11-10 04:20:00,50.290837812538946,OK
2024-11-10 04:25:00,50.885766894979874,OK
2024-11-10 04:30:00,50.11206701671737,OK
2024-11-10 04:35:00,49.321415135869266,OK
2024-11-10 04:40:00,50.76846062435668,OK
2024-11-10 04:45:00,50.10823328031086,OK
2024-11-10 04:50:00,50.758982323045025,OK
2024-11-10 04:55:00,50.49917815058892,OK
2024-11-10 05:00:00,49.882573533457865,OK
2024-11-10 05:05:00,49.81058627311924,OK
2024-11-10 05:10:00,50.56711799691494,OK
2024-11-10 05:15:00,50.46210151876573,OK
2024-11-10 05:20:00,51.02411236440722,OK
2024-11-10 05:25:00,50.80783476912207,OK
2024-11-10 05:30:00,50.799014627365985,OK
2024-11-10 05:35:00,50.88843830882971,OK
2024-11-10 05:40:00,50.561133313644596,OK
2024-11-10 05:45:00,50.2064376081006,OK
2024-11-10 05:50:00,50.472900864672475,OK
2024-11-10 05:55:00,51.413954370383536,OK
2024-11-10 06:00:00,50.54941717003544,OK
2024-11-10 06:05:00,50.44518245423382,OK
2024-11-10 06:10:00,50.20444561385447,OK
2024-11-10 06:15:00,50.412471683177024,OK
2024-11-10 06:20:00,51.35257210101206,OK
2024-11-10 06:25:00,51.4107594093849,OK
2024-11-10 06:30:00,50.42677394045652,OK
2024-11-10 06:35:00,50.62723202322868,OK
2024-11-10 06:40:00,50.0129412960612,OK
2024-11-10 06:45:00,50.514463065148064,OK
2024-11-10 06:50:00,50.646491567034374,OK
2024-11-10 06:55:00,50.8114949152964,OK
2024-11-10 07:00:00,50.666144516995985,OK
2024-11-10 07:05:00,49.64331933626875,OK
2024-11-10 07:10:00,50.97410300958827,OK
2024-11-10 07:15:00,50.57452324060905,OK
2024-11-10 07:20:00,49.38842525768361,OK
2024-11-10 07:25:00,-1.2270429852679596,OK
2024-11-10 07:30:00,-1.6921851128512622,OK
2024-11-10 07:35:00,-2.8219386127862935,OK
2024-11-10 07:40:00,50.72325107675982,OK
2024-11-10 07:45:00,50.429199056869436,OK
2024-11-10 07:50:00,50.591134865539566,OK
2024-11-10 07:55:00,50.80873279185707,OK
2024-11-10 08:00:00,49.45426012731047,OK
2024-11-10 08:05:00,51.08788809299621,OK
2024-11-10 08:10:00,50.47742124400575,OK
2024-11-10 08:15:00,49.96322622302273,OK
2024-11-10 08:20:00,49.941746021184336,OK
2024-11-10 08:25:00,50.191565320870495,OK
2024-11-10 08:30:00,49.59365501881503,OK
2024-11-10 08:35:00,50.09196029631525,OK
2024-11-10 08:40:00,50.127573922358735,OK
2024-11-10 08:45:00,49.62129769720731,OK
2024-11-10 08:50:00,49.37037763667674,OK
2024-11-10 08:55:00,49.686476200899165,OK
2024-11-10 09:00:00,49.29150630220278,OK
2024-11-10 09:05:00,49.601796962374586,OK
2024-11-10 09:10:00,48.54915741234729,OK
2024-11-10 09:15:00,49.57566420532945,OK
2024-11-10 09:20:00,49.88733316568207,OK
2024-11-10 09:25:00,49.627930438898375,OK
2024-11-10 09:30:00,49.025649811157614,OK
2024-11-10 09:35:00,48.58626476430637,OK
2024-11-10 09:40:00,49.33091759525432,OK
2024-11-10 09:45:00,49.733727680575,OK
2024-11-10 09:50:00,49.36355464015774,OK
2024-11-10 09:55:00,48.798073239244104,OK
2024-11-10 10:00:00,48.97637791549256,OK
2024-11-10 10:05:00,-0.1605837046973675,OK
2024-11-10 10:10:00,-0.717278108106137,OK
2024-11-10 10:15:00,-1.5958765988529313,OK
2024-11-10 10:20:00,48.98601292648754,OK
2024-11-10 10:25:00,49.95833535808391,OK
2024-11-10 10:30:00,47.96621506610789,OK
2024-11-10 10:35:00,48.74356106500627,OK
2024-11-10 10:40:00,48.091386947895266,OK
2024-11-10 10:45:00,48.21946539960959,OK
2024-11-10 10:50:00,48.42997396175249,OK
2024-11-10 10:55:00,48.88960676496706,OK
2024-11-10 11:00:00,48.42479262853105,OK
2024-11-10 11:05:00,0.1776385117753434,OK
2024-11-10 11:10:00,-0.16506352805775312,OK
2024-11-10 11:15:00,-0.10756397766482198,OK
2024-11-10 11:20:00,47.701488285926885,OK
2024-11-10 11:25:00,47.055251636659634,OK
2024-11-10 11:30:00,47.97796229721625,OK
2024-11-10 11:35:00,49.212786045296795,OK
2024-11-10 11:40:00,48.28180725825078,OK
2024-11-10 11:45:00,47.86686103560786,OK
2024-11-10 11:50:00,47.40440083971382,OK
2024-11-10 11:55:00,47.6986714716705,OK
2024-11-10 12:00:00,1.1912372477010538,OK
2024-11-10 12:05:00,1.781734950581729,OK
2024-11-10 12:10:00,1.7732972081537062,OK
2024-11-10 12:15:00,47.66275584427513,OK
2024-11-10 12:20:00,46.779311062265904,OK
2024-11-10 12:25:00,47.30374040597003,OK
2024-11-10 12:30:00,46.68083008887108,OK
2024-11-10 12:35:00,46.86275360570233,OK
2024-11-10 12:40:00,46.64918422252234,OK
2024-11-10 12:45:00,46.742978757813866,OK
2024-11-10 12:50:00,46.65366722373154,OK
2024-11-10 12:55:00,47.09577390437968,OK
2024-11-10 13:00:00,46.614364085401306,OK
2024-11-10 13:05:00,46.101645922284916,OK
2024-11-10 13:10:00,46.4767117134725,OK
2024-11-10 13:15:00,46.03858415894351,OK
2024-11-10 13:20:00,47.0266297911792,OK
2024-11-10 13:25:00,45.977394882570124,OK
2024-11-10 13:30:00,2.9348446597118683,OK
2024-11-10 13:35:00,0.8396170363541043,OK
2024-11-10 13:40:00,1.7499677024814484,OK
2024-11-10 13:45:00,45.963323838899214,OK
2024-11-10 13:50:00,46.09913402892068,OK
2024-11-10 13:55:00,46.1118903120429,OK
2024-11-10 14:00:00,45.83232513497185,OK
2024-11-10 14:05:00,45.97211657617355,OK
2024-11-10 14:10:00,45.816107182253084,OK
2024-11-10 14:15:00,45.27154247297299,OK
2024-11-10 14:20:00,46.372441833946475,OK
2024-11-10 14:25:00,46.10779679343044,OK
2024-11-10 14:30:00,46.15155614447517,OK
2024-11-10 14:35:00,4.358793170296835,OK
2024-11-10 14:40:00,2.909948445060379,OK
2024-11-10 14:45:00,3.8829115597014416,OK
2024-11-10 14:50:00,45.704696391208,OK
2024-11-10 14:55:00,46.08692348476467,OK
2024-11-10 15:00:00,45.33042774453674,OK
2024-11-10 15:05:00,45.281292426591534,OK
2024-11-10 15:10:00,45.46312145172902,OK
2024-11-10 15:15:00,44.89669895560196,OK
2024-11-10 15:20:00,45.68266359010802,OK
2024-11-10 15:25:00,46.1449181572148,OK
2024-11-10 15:30:00,45.60042541638492,OK
2024-11-10 15:35:00,45.108148675065145,OK
2024-11-10 15:40:00,45.24109131346866,OK
2024-11-10 15:45:00,44.39551502871654,OK
2024-11-10 15:50:00,44.758494385555714,OK
2024-11-10 15:55:00,45.16304393538961,OK
2024-11-10 16:00:00,45.22265203396972,OK
2024-11-10 16:05:00,44.30371222237554,OK
2024-11-10 16:10:00,44.321926586398185,OK
2024-11-10 16:15:00,45.73906820023468,OK
2024-11-10 16:20:00,44.79225514110378,OK
2024-11-10 16:25:00,45.381266667073994,OK
2024-11-10 16:30:00,44.73322632773174,OK
2024-11-10 16:35:00,44.519612466923405,OK
2024-11-10 16:40:00,44.329539695984884,OK
2024-11-10 16:45:00,45.02476120266728,OK
2024-11-10 16:50:00,45.17505610804655,OK
2024-11-10 16:55:00,43.97370354244113,OK
2024-11-10 17:00:00,44.53118519691907,OK
2024-11-10 17:05:00,44.7007447354883,OK
2024-11-10 17:10:00,44.17495647270357,OK
2024-11-10 17:15:00,43.86344807428016,OK
2024-11-10 17:20:00,44.92216664621532,OK
2024-11-10 17:25:00,44.37492565799427,OK
2024-11-10 17:30:00,44.06712592573979,OK
2024-11-10 17:35:00,44.53743245978188,OK
2024-11-10 17:40:00,43.878174173909834,OK
2024-11-10 17:45:00,44.19095273398797,OK
2024-11-10 17:50:00,43.896336163742724,OK
2024-11-10 17:55:00,43.95481977756199,OK
2024-11-10 18:00:00,43.616680083234876,OK
2024-11-10 18:05:00,44.130035127981344,OK
2024-11-10 18:10:00,43.37106619352313,OK
2024-11-10 18:15:00,44.633820979345316,OK
2024-11-10 18:20:00,43.42341123741157,OK
2024-11-10 18:25:00,43.542744029598325,OK
2024-11-10 18:30:00,43.29854984560457,OK
2024-11-10 18:35:00,44.12063925519339,OK
2024-11-10 18:40:00,43.513310938457096,OK
2024-11-10 18:45:00,44.557428742457844,OK
2024-11-10 18:50:00,45.393664111167844,OK
2024-11-10 18:55:00,45.67059576177428,OK
2024-11-10 19:00:00,43.65085715570576,OK
2024-11-10 19:05:00,44.387991308338705,OK
2024-11-10 19:10:00,43.8595552714944,OK
2024-11-10 19:15:00,43.94550127871152,OK
2024-11-10 19:20:00,44.73399692980681,OK
2024-11-10 19:25:00,45.15624686423391,OK
2024-11-10 19:30:00,44.61929419347411,OK
2024-11-10 19:35:00,44.04533515597195,OK
2024-11-10 19:40:00,44.90312356081193,OK
2024-11-10 19:45:00,43.579343113252946,OK
2024-11-10 19:50:00,44.01315206331193,OK
2024-11-10 19:55:00,44.87049215099499,OK
2024-11-10 20:00:00,44.52547060926586,OK
2024-11-10 20:05:00,43.96236238264595,OK
2024-11-10 20:10:00,44.92580365279041,OK
2024-11-10 20:15:00,44.66290896332805,OK
2024-11-10 20:20:00,44.72413343199468,OK
2024-11-10 20:25:00,45.11377003262759,OK
2024-11-10 20:30:00,44.57450523459214,OK
2024-11-10 20:35:00,44.52112278981708,OK
2024-11-10 20:40:00,44.982980423941434,OK
2024-11-10 20:45:00,45.05053898973896,OK
2024-11-10 20:50:00,44.555960431448284,OK
2024-11-10 20:55:00,44.10884018269471,OK
2024-11-10 21:00:00,45.47056155366338,OK
2024-11-10 21:05:00,44.41325133197794,OK
2024-11-10 21:10:00,4.620559617401844,OK
2024-11-10 21:15:00,3.304274469583323,OK
2024-11-10 21:20:00,4.283014619609951,OK
2024-11-10 21:25:00,45.00462365118869,OK
2024-11-10 21:30:00,46.81482267517757,OK
2024-11-10 21:35:00,44.97405914720692,OK
2024-11-10 21:40:00,44.67495815789188,OK
2024-11-10 21:45:00,45.08269030933456,OK
2024-11-10 21:50:00,45.48555513177494,OK
2024-11-10 21:55:00,45.61148871209554,OK
2024-11-10 22:00:00,45.246871402887024,OK
2024-11-10 22:05:00,43.5528912447632,OK
2024-11-10 22:10:00,45.96514709671335,OK
2024-11-10 22:15:00,45.379967190806845,OK
2024-11-10 22:20:00,4.096567417422626,OK
2024-11-10 22:25:00,4.295371155054539,OK
2024-11-10 22:30:00,3.264358845632395,OK
2024-11-10 22:35:00,46.06865457252142,OK
2024-11-10 22:40:00,45.240627523913595,OK
2024-11-10 22:45:00,46.20466776541961,OK
2024-11-10 22:50:00,46.181425864527455,OK
2024-11-10 22:55:00,45.80811991439466,OK
2024-11-10 23:00:00,46.195163595326065,OK
2024-11-10 23:05:00,46.89277197607983,OK
2024-11-10 23:10:00,46.2983599319724,OK
2024-11-10 23:15:00,3.3341304112614654,OK
2024-11-10 23:20:00,2.311181359816873,OK
2024-11-10 23:25:00,3.0394711036240896,OK
2024-11-10 23:30:00,46.55132706475087,OK
2024-11-10 23:35:00,46.888147135674274,OK
2024-11-10 23:40:00,47.24191512488486,OK
2024-11-10 23:45:00,47.4002431840765,OK
2024-11-10 23:50:00,47.17554729570399,OK
2024-11-10 23:55:00,47.569418003426286,OK
