timestamp,outdoor_temp_c,data_quality_flag
2024-11-01 00:00:00,2.2886663019747093,OK
2024-11-01 00:05:00,2.23132862851194,OK
2024-11-01 00:10:00,2.4957078551585443,OK
2024-11-01 00:15:00,2.083402660839763,OK
2024-11-01 00:20:00,2.1310815863311463,OK
2024-11-01 00:25:00,2.0884882879414124,OK
2024-11-01 00:30:00,2.135208844640322,OK
2024-11-01 00:35:00,1.6689960999753497,OK
2024-11-01 00:40:00,1.1702251324566233,OK
2024-11-01 00:45:00,1.2512078385752707,OK
2024-11-01 00:50:00,1.1507360276298588,OK
2024-11-01 00:55:00,1.1954440063134273,OK
2024-11-01 01:00:00,1.5281894356538681,OK
2024-11-01 01:05:00,1.1004188864901618,OK
2024-11-01 01:10:00,0.5943379352596465,OK
2024-11-01 01:15:00,1.1352379132608967,OK
2024-11-01 01:20:00,1.1902623330997937,OK
2024-11-01 01:25:00,0.4338246267841616,OK
2024-11-01 01:30:00,0.1918030976138064,OK
2024-11-01 01:35:00,1.3044715801052247,OK
2024-11-01 01:40:00,0.9053790395665107,OK
2024-11-01 01:45:00,0.2949833091114149,OK
2024-11-01 01:50:00,1.0976055152526722,OK
2024-11-01 01:55:00,0.5131682523085417,OK
2024-11-01 02:00:00,0.25578245903044233,OK
2024-11-01 02:05:00,0.22998376244002966,OK
2024-11-01 02:10:00,0.5753990884484836,OK
2024-11-01 02:15:00,0.24130695943151084,OK
2024-11-01 02:20:00,-0.6210911937287266,OK
2024-11-01 02:25:00,0.2919165968127199,OK
2024-11-01 02:30:00,0.23267485663372392,OK
2024-11-01 02:35:00,0.3512297690083448,OK
2024-11-01 02:40:00,-0.34439784650000416,OK
2024-11-01 02:45:00,-0.8869197562636005,OK
2024-11-01 02:50:00,-0.4843482072710281,OK
2024-11-01 02:55:00,-0.22007359833873658,OK
2024-11-01 03:00:00,0.3365054838987121,OK
2024-11-01 03:05:00,-0.1724070320017298,OK
2024-11-01 03:10:00,-0.9892642092479476,OK
2024-11-01 03:15:00,-0.62630197052769,OK
2024-11-01 03:20:00,-0.5732504104520231,OK
2024-11-01 03:25:00,-0.4482521529579895,OK
2024-11-01 03:30:00,-1.3154194097369125,OK
2024-11-01 03:35:00,-1.4521863294266633,OK
2024-11-01 03:40:00,-1.2596450845395442,OK
2024-11-01 03:45:00,-0.5533471140873987,OK
2024-11-01 03:50:00,-0.7050027934064046,OK
2024-11-01 03:55:00,-0.9247470043220446,OK
2024-11-01 04:00:00,-1.3969959724961265,OK
2024-11-01 04:05:00,-0.9649006177475886,OK
2024-11-01 04:10:00,-1.3664798272932481,OK
2024-11-01 04:15:00,-0.7468620546863101,OK
2024-11-01 04:20:00,-1.1992298200611247,OK
2024-11-01 04:25:00,-0.22836356482523812,OK
2024-11-01 04:30:00,-1.6832451745388275,OK
2024-11-01 04:35:00,-2.198404624680033,OK
2024-11-01 04:40:00,-1.8436123889039324,OK
2024-11-01 04:45:00,-1.1370026456403926,OK
2024-11-01 04:50:00,-1.6304871540165526,OK
2024-11-01 04:55:00,-1.7184043372362958,OK
2024-11-01 05:00:00,-1.3820021581999113,OK
2024-11-01 05:05:00,-1.1286211397657664,OK
2024-11-01 05:10:00,-2.1397093149859137,OK
2024-11-01 05:15:00,-1.204416403821217,OK
2024-11-01 05:20:00,-1.4262678911987046,OK
2024-11-01 05:25:00,-1.3415298471431039,OK
2024-11-01 05:30:00,-1.674172372082832,OK
2024-11-01 05:35:00,-1.779385617038529,OK
2024-11-01 05:40:00,-1.0015945242591802,OK
2024-11-01 05:45:00,-0.058261246921169185,OK
2024-11-01 05:50:00,-1.7164827715917437,OK
2024-11-01 05:55:00,-1.2461815473267657,OK
2024-11-01 06:00:00,-1.7611061713475005,OK
2024-11-01 06:05:00,-2.813423037402122,OK
2024-11-01 06:10:00,-2.1342917697993644,OK
2024-11-01 06:15:00,-2.3913871033281446,OK
2024-11-01 06:20:00,-1.9742920280850123,OK
2024-11-01 06:25:00,-2.1022068527828517,OK
2024-11-01 06:30:00,-1.365209323808879,OK
2024-11-01 06:35:00,-1.1487746748035774,OK
2024-11-01 06:40:00,-2.0309831325921737,OK
2024-11-01 06:45:00,-1.7106837237626782,OK
2024-11-01 06:50:00,-1.9444986566797597,OK
2024-11-01 06:55:00,-2.119343641292666,OK
2024-11-01 07:00:00,-1.9121561500297493,OK
2024-11-01 07:05:00,-2.587699634623356,OK
2024-11-01 07:10:00,-1.4117653178249923,OK
2024-11-01 07:15:00,-2.1838059474477993,OK
2024-11-01 07:20:00,-0.8187344625587375,OK
2024-11-01 07:25:00,-1.3596163898380023,OK
2024-11-01 07:30:00,-1.5622028206741523,OK
2024-11-01 07:35:00,-1.5582472856787317,OK
2024-11-01 07:40:00,-0.8906804444457601,OK
2024-11-01 07:45:00,-1.873777486520034,OK
2024-11-01 07:50:00,-1.2844649542992908,OK
2024-11-01 07:55:00,-1.3505596685634549,OK
2024-11-01 08:00:00,-1.4059150265231035,OK
2024-11-01 08:05:00,-1.4498845646546175,OK
2024-11-01 08:10:00,-1.7447190322138812,OK
2024-11-01 08:15:00,-0.716918801434585,OK
2024-11-01 08:20:00,-1.3958262638073815,OK
2024-11-01 08:25:00,-0.8389976284168829,OK
2024-11-01 08:30:00,-1.692333856944867,OK
2024-11-01 08:35:00,-0.6942609412495444,OK
2024-11-01 08:40:00,-1.2101820969655155,OK
2024-11-01 08:45:00,-1.5318951779062224,OK
2024-11-01 08:50:00,-1.0977910085760414,OK
2024-11-01 08:55:00,-0.6166214632592508,OK
2024-11-01 09:00:00,-1.199521609721053,OK
2024-11-01 09:05:00,-1.0846465153029126,OK
2024-11-01 09:10:00,-0.8600995072352307,OK
2024-11-01 09:15:00,-0.38996842304595725,OK
2024-11-01 09:20:00,-1.1816078326353017,OK
2024-11-01 09:25:00,0.03758405000874993,OK
2024-11-01 09:30:00,-0.4533853643935,OK
2024-11-01 09:35:00,-0.5867320938488281,OK
2024-11-01 09:40:00,-0.9241862199882289,OK
2024-11-01 09:45:00,-0.29923821774586323,OK
2024-11-01 09:50:00,0.17018550222375936,OK
2024-11-01 09:55:00,-0.2815976815179448,OK
2024-11-01 10:00:00,0.30396822029466736,OK
2024-11-01 10:05:00,0.6772924616372147,OK
2024-11-01 10:10:00,0.32355707081859897,OK
2024-11-01 10:15:00,-1.1973825644573737,OK
2024-11-01 10:20:00,-0.14371764343483848,OK
2024-11-01 10:25:00,0.35821653864294395,OK
2024-11-01 10:30:00,-0.07815266339385808,OK
2024-11-01 10:35:00,0.48256597496686415,OK
2024-11-01 10:40:00,0.07377030934807433,OK
2024-11-01 10:45:00,0.734593091525787,OK
2024-11-01 10:50:00,1.019035666491955,OK
2024-11-01 10:55:00,0.7527091988601107,OK
2024-11-01 11:00:00,0.5711205103881052,OK
2024-11-01 11:05:00,0.7444286432134468,OK
2024-11-01 11:10:00,0.9802551524619529,OK
2024-11-01 11:15:00,0.8585862902088415,OK
2024-11-01 11:20:00,0.8779179933498729,OK
2024-11-01 11:25:00,1.5631374896344186,OK
2024-11-01 11:30:00,1.54145290557664,OK
2024-11-01 11:35:00,0.9722068126938569,OK
2024-11-01 11:40:00,1.038260522006641,OK
2024-11-01 11:45:00,1.9859105814209697,OK
2024-11-01 11:50:00,1.7393928483333407,OK
2024-11-01 11:55:00,2.230629376468588,OK
2024-11-01 12:00:00,1.4327314345702775,OK
2024-11-01 12:05:00,1.8355507273140943,OK
2024-11-01 12:10:00,2.2665389767425124,OK
2024-11-01 12:15:00,1.600422849886212,OK
2024-11-01 12:20:00,2.311193870101167,OK
2024-11-01 12:25:00,2.3273186053242805,OK
2024-11-01 12:30:00,2.31839662739334,OK
2024-11-01 12:35:00,2.8715985160014625,OK
2024-11-01 12:40:00,2.635231940007653,OK
2024-11-01 12:45:00,3.0546862264774908,OK
2024-11-01 12:50:00,2.897438312811296,OK
2024-11-01 12:55:00,2.9178810364963836,OK
2024-11-01 13:00:00,2.935762693938678,OK
2024-11-01 13:05:00,3.030462496712025,OK
2024-11-01 13:10:00,2.571080481937612,OK
2024-11-01 13:15:00,3.3612208621494575,OK
2024-11-01 13:20:00,3.5784879627884756,OK
2024-11-01 13:25:00,3.137713326760587,OK
2024-11-01 13:30:00,2.728185797953708,OK
2024-11-01 13:35:00,3.2890766034111327,OK
2024-11-01 13:40:00,3.0338942705869165,OK
2024-11-01 13:45:00,3.290962818590593,OK
2024-11-01 13:50:00,3.6806580898667502,OK
2024-11-01 13:55:00,4.045083360321837,OK
2024-11-01 14:00:00,4.702945288270931,OK
2024-11-01 14:05:00,4.545929977907703,OK
2024-11-01 14:10:00,4.7240425873993415,OK
2024-11-01 14:15:00,4.001396636696621,OK
2024-11-01 14:20:00,4.205899208865289,OK
2024-11-01 14:25:00,4.68589444251831,OK
2024-11-01 14:30:00,3.8052236825330947,OK
2024-11-01 14:35:00,3.659424928864146,OK
2024-11-01 14:40:00,4.456774483770818,OK
2024-11-01 14:45:00,4.321517738504486,OK
2024-11-01 14:50:00,4.390686267886714,OK
2024-11-01 14:55:00,4.436790976604781,OK
2024-11-01 15:00:00,4.910088277039004,OK
2024-11-01 15:05:00,5.354978899512782,OK
2024-11-01 15:10:00,5.2613145532003,OK
2024-11-01 15:15:00,5.221691055129919,OK
2024-11-01 15:20:00,5.114322258418233,OK
2024-11-01 15:25:00,4.704527858546213,OK
2024-11-01 15:30:00,5.068455912849303,OK
2024-11-01 15:35:00,5.164684394661538,OK
2024-11-01 15:40:00,6.009108193921549,OK
2024-11-01 15:45:00,4.98576293965892,OK
2024-11-01 15:50:00,5.715849491572221,OK
2024-11-01 15:55:00,5.146463541274435,OK
2024-11-01 16:00:00,5.77377968460764,OK
2024-11-01 16:05:00,5.916006661249624,OK
2024-11-01 16:10:00,6.179716478394553,OK
2024-11-01 16:15:00,5.225829705439213,OK
2024-11-01 16:20:00,5.517167595557936,OK
2024-11-01 16:25:00,5.788772742957456,OK
2024-11-01 16:30:00,4.8145792066281246,OK
2024-11-01 16:35:00,6.190264085851323,OK
2024-11-01 16:40:00,5.337094207139053,OK
2024-11-01 16:45:00,5.485890473117218,OK
2024-11-01 16:50:00,5.849330619984112,OK
2024-11-01 16:55:00,5.576985066847477,OK
2024-11-01 17:00:00,5.820435629449109,OK
2024-11-01 17:05:00,5.422226412843813,OK
2024-11-01 17:10:00,5.506082001115064,OK
2024-11-01 17:15:00,5.6086111107663745,OK
2024-11-01 17:20:00,5.519173753240798,OK
2024-11-01 17:25:00,6.624340628414703,OK
2024-11-01 17:30:00,6.131872220661573,OK
2024-11-01 17:35:00,5.613507792476747,OK
2024-11-01 17:40:00,5.999267420826245,OK
2024-11-01 17:45:00,5.619919850021519,OK
2024-11-01 17:50:00,6.8098383960100355,OK
2024-11-01 17:55:00,6.325579108061297,OK
2024-11-01 18:00:00,6.575043150968907,OK
2024-11-01 18:05:00,6.149005225092854,OK
2024-11-01 18:10:00,7.128729489942854,OK
2024-11-01 18:15:00,6.223335811826159,OK
2024-11-01 18:20:00,6.120745566194811,OK
2024-11-01 18:25:00,6.040078245765248,OK
2024-11-01 18:30:00,6.235897162020103,OK
2024-11-01 18:35:00,6.31385751147432,OK
2024-11-01 18:40:00,5.3167691671498645,OK
2024-11-01 18:45:00,5.981840760498304,OK
2024-11-01 18:50:00,5.753618799780728,OK
2024-11-01 18:55:00,5.615319360305874,OK
2024-11-01 19:00:00,5.6691279861423896,OK
2024-11-01 19:05:00,5.383669415750758,OK
2024-11-01 19:10:00,5.932339562432549,OK
2024-11-01 19:15:00,6.214208018235519,OK
2024-11-01 19:20:00,6.33527622525473,OK
2024-11-01 19:25:00,5.788182488297811,OK
2024-11-01 19:30:00,6.112975660962492,OK
2024-11-01 19:35:00,5.888802530302163,OK
2024-11-01 19:40:00,5.48101881623241,OK
2024-11-01 19:45:00,5.0991426962533,OK
2024-11-01 19:50:00,5.112146264612371,OK
2024-11-01 19:55:00,5.301347826720689,OK
2024-11-01 20:00:00,5.652928026309208,OK
2024-11-01 20:05:00,5.030790797858117,OK
2024-11-01 20:10:00,5.1250144477984385,OK
2024-11-01 20:15:00,4.830887748825961,OK
2024-11-01 20:20:00,4.89858193610482,OK
2024-11-01 20:25:00,4.656883154039826,OK
2024-11-01 20:30:00,4.750468129103472,OK
2024-11-01 20:35:00,5.1584277547943485,OK
2024-11-01 20:40:00,4.48247679425695,OK
2024-11-01 20:45:00,4.905716673614155,OK
2024-11-01 20:50:00,4.881308938271412,OK
2024-11-01 20:55:00,4.821516792890747,OK
2024-11-01 21:00:00,4.564538287296703,OK
2024-11-01 21:05:00,4.262462331579113,OK
2024-11-01 21:10:00,4.1357911792538085,OK
2024-11-01 21:15:00,3.8439413307928936,OK
2024-11-01 21:20:00,5.017806419129266,OK
2024-11-01 21:25:00,4.673430434316088,OK
2024-11-01 21:30:00,4.497812481331127,OK
2024-11-01 21:35:00,5.15711416786379,OK
2024-11-01 21:40:00,4.444581910303716,OK
2024-11-01 21:45:00,4.43359485851808,OK
2024-11-01 21:50:00,4.084047292263722,OK
2024-11-01 21:55:00,4.001923192101746,OK
2024-11-01 22:00:00,3.5498305359592277,OK
2024-11-01 22:05:00,3.993519523509499,OK
2024-11-01 22:10:00,3.4483430441242167,OK
2024-11-01 22:15:00,4.06111046861306,OK
2024-11-01 22:20:00,4.269120352797054,OK
2024-11-01 22:25:00,3.3154684438211115,OK
2024-11-01 22:30:00,3.2937431665983774,OK
2024-11-01 22:35:00,2.5406215633416207,OK
2024-11-01 22:40:00,3.270301531393911,OK
2024-11-01 22:45:00,3.0770662095776737,OK
2024-11-01 22:50:00,2.6783492746992685,OK
2024-11-01 22:55:00,3.1946613813042983,OK
2024-11-01 23:00:00,4.257556467850116,OK
2024-11-01 23:05:00,2.846367633613638,OK
2024-11-01 23:10:00,2.379966056637106,OK
2024-11-01 23:15:00,2.7580387884673714,OK
2024-11-01 23:20:00,2.754311110641283,OK
2024-11-01 23:25:00,2.442422055213412,OK
2024-11-01 23:30:00,2.534256418721024,OK
2024-11-01 23:35:00,2.6142362074849443,OK
2024-11-01 23:40:00,2.2394839637942976,OK
2024-11-01 23:45:00,2.3535797801333342,OK
2024-11-01 23:50:00,1.9756865968895183,OK
2024-11-01 23:55:00,1.4481398176493046,OK
2024-11-02 00:00:00,1.9145936216565627,OK
2024-11-02 00:05:00,1.5431559509682857,OK
2024-11-02 00:10:00,2.8846855353593277,OK
2024-11-02 00:15:00,1.8111438789958343,OK
2024-11-02 00:20:00,2.0979433224434474,OK
2024-11-02 00:25:00,2.3542128836039886,OK
2024-11-02 00:30:00,1.687401609925403,OK
2024-11-02 00:35:00,0.7708147605860536,OK
2024-11-02 00:40:00,1.2119070115047659,OK
2024-11-02 00:45:00,1.6572315137743545,OK
2024-11-02 00:50:00,0.8139950332491285,OK
2024-11-02 00:55:00,1.148298051596477,OK
2024-11-02 01:00:00,0.47065948099616195,OK
2024-11-02 01:05:00,0.24299810569100505,OK
2024-11-02 01:10:00,0.0690506699442156,OK
2024-11-02 01:15:00,1.1838982258231137,OK
2024-11-02 01:20:00,0.6507868782549583,OK
2024-11-02 01:25:00,-0.3809592521878094,OK
2024-11-02 01:30:00,0.3789383625472681,OK
2024-11-02 01:35:00,-0.08500544246800054,OK
2024-11-02 01:40:00,0.22693883690359545,OK
2024-11-02 01:45:00,0.08610190309429977,OK
2024-11-02 01:50:00,-0.06066510534380498,OK
2024-11-02 01:55:00,-0.7364634717427826,OK
2024-11-02 02:00:00,0.4147759097433352,OK
2024-11-02 02:05:00,-0.25722019827029535,OK
2024-11-02 02:10:00,-0.03915194425699876,OK
2024-11-02 02:15:00,0.2911393112934624,OK
2024-11-02 02:20:00,-0.9360459748777741,OK
2024-11-02 02:25:00,-0.17257906107774207,OK
2024-11-02 02:30:00,-0.2906604467389249,OK
2024-11-02 02:35:00,-0.527526340084992,OK
2024-11-02 02:40:00,-0.4699371298149829,OK
2024-11-02 02:45:00,0.2507264524198923,OK
2024-11-02 02:50:00,-0.7649266796002269,OK
2024-11-02 02:55:00,0.3131467599966334,OK
2024-11-02 03:00:00,-0.012900825835956864,OK
2024-11-02 03:05:00,-0.6825468354965573,OK
2024-11-02 03:10:00,-0.7783328950246713,OK
2024-11-02 03:15:00,-0.9886988722599845,OK
2024-11-02 03:20:00,-0.379611817762001,OK
2024-11-02 03:25:00,-1.234580607942712,OK
2024-11-02 03:30:00,-0.4554785621932138,OK
2024-11-02 03:35:00,-1.07098271015851,OK
2024-11-02 03:40:00,-0.9938309003922299,OK
2024-11-02 03:45:00,-1.2725686417855004,OK
2024-11-02 03:50:00,-0.9821478258697951,OK
2024-11-02 03:55:00,-1.0459661476211837,OK
2024-11-02 04:00:00,-1.3657147051029415,OK
2024-11-02 04:05:00,-0.8960305237540652,OK
2024-11-02 04:10:00,-0.5707410396935817,OK
2024-11-02 04:15:00,-0.9244713734253099,OK
2024-11-02 04:20:00,-1.5186645040056708,OK
2024-11-02 04:25:00,-1.3164686641495886,OK
2024-11-02 04:30:00,-1.9407891489745064,OK
2024-11-02 04:35:00,,MISSING
2024-11-02 04:40:00,,MISSING
2024-11-02 04:45:00,-1.8227481655415092,OK
2024-11-02 04:50:00,-1.6058513121471791,OK
2024-11-02 04:55:00,-1.7436050527320792,OK
2024-11-02 05:00:00,-1.480535329577302,OK
2024-11-02 05:05:00,-2.216392355483834,OK
2024-11-02 05:10:00,-1.6848013216571316,OK
2024-11-02 05:15:00,-1.3244461821403282,OK
2024-11-02 05:20:00,-1.5375039211647523,OK
2024-11-02 05:25:00,-0.8167723778631432,OK
2024-11-02 05:30:00,-1.525406316494219,OK
2024-11-02 05:35:00,-1.0152233770568366,OK
2024-11-02 05:40:00,-1.7711606167411673,OK
2024-11-02 05:45:00,-1.8362091495336634,OK
2024-11-02 05:50:00,-1.5041484676879058,OK
2024-11-02 05:55:00,-2.024069683350409,OK
2024-11-02 06:00:00,-1.4251815301252941,OK
2024-11-02 06:05:00,-2.4284738440738343,OK
2024-11-02 06:10:00,-1.2043044621540908,OK
2024-11-02 06:15:00,-0.9523984300414925,OK
2024-11-02 06:20:00,-1.146191012335657,OK
2024-11-02 06:25:00,-1.1671534120839449,OK
2024-11-02 06:30:00,-1.806333511723368,OK
2024-11-02 06:35:00,-2.3079465637723517,OK
2024-11-02 06:40:00,-1.342601287890825,OK
2024-11-02 06:45:00,-0.880748335466446,OK
2024-11-02 06:50:00,-1.3108493433459558,OK
2024-11-02 06:55:00,-1.61430484552146,OK
2024-11-02 07:00:00,-1.4899585940828648,OK
2024-11-02 07:05:00,-0.6938767996661177,OK
2024-11-02 07:10:00,-1.649151360800573,OK
2024-11-02 07:15:00,-1.1171744174111022,OK
2024-11-02 07:20:00,-1.4686044473558695,OK
2024-11-02 07:25:00,-0.6799204645384761,OK
2024-11-02 07:30:00,-1.0143478539389508,OK
2024-11-02 07:35:00,-1.4145610557584338,OK
2024-11-02 07:40:00,-0.6726165033970879,OK
2024-11-02 07:45:00,-1.2268936261271184,OK
2024-11-02 07:50:00,-0.17437216168894,OK
2024-11-02 07:55:00,-0.41442720788577725,OK
2024-11-02 08:00:00,-1.207728022125214,OK
2024-11-02 08:05:00,-0.7363089129429565,OK
2024-11-02 08:10:00,-1.8857310441365844,OK
2024-11-02 08:15:00,-1.4367391326145378,OK
2024-11-02 08:20:00,-0.9901144275219148,OK
2024-11-02 08:25:00,-1.1667577600754417,OK
2024-11-02 08:30:00,-1.0608892871967506,OK
2024-11-02 08:35:00,-0.9709944929015886,OK
2024-11-02 08:40:00,-1.4929296246847747,OK
2024-11-02 08:45:00,-0.9574009507522431,OK
2024-11-02 08:50:00,-1.1488149816819602,OK
2024-11-02 08:55:00,-0.8910562139245597,OK
2024-11-02 09:00:00,-0.3168865869824925,OK
2024-11-02 09:05:00,-1.0670996048823282,OK
2024-11-02 09:10:00,-0.7838360023457309,OK
2024-11-02 09:15:00,-0.4060202331117209,OK
2024-11-02 09:20:00,0.3080687941990445,OK
2024-11-02 09:25:00,-0.19501171315222654,OK
2024-11-02 09:30:00,-0.1331541359417001,OK
2024-11-02 09:35:00,0.4731788011559509,OK
2024-11-02 09:40:00,-0.17211831969751853,OK
2024-11-02 09:45:00,1.1872307272330092,OK
2024-11-02 09:50:00,-0.22491079351558907,OK
2024-11-02 09:55:00,0.5782230017982661,OK
2024-11-02 10:00:00,0.0666156251974197,OK
2024-11-02 10:05:00,-0.27356088464944933,OK
2024-11-02 10:10:00,0.4698077386036569,OK
2024-11-02 10:15:00,0.16801069507411326,OK
2024-11-02 10:20:00,0.017062543988486167,OK
2024-11-02 10:25:00,0.4578720299306075,OK
2024-11-02 10:30:00,0.0491477371275445,OK
2024-11-02 10:35:00,0.2715229284388516,OK
2024-11-02 10:40:00,0.74085728181564,OK
2024-11-02 10:45:00,1.139547488109606,OK
2024-11-02 10:50:00,0.9020330332711185,OK
2024-11-02 10:55:00,1.6400658598850435,OK
2024-11-02 11:00:00,1.6053206587967206,OK
2024-11-02 11:05:00,2.0333297135050747,OK
2024-11-02 11:10:00,2.159536987979577,OK
2024-11-02 11:15:00,1.5881646904478202,OK
2024-11-02 11:20:00,2.3116779445663425,OK
2024-11-02 11:25:00,1.5861169267874984,OK
2024-11-02 11:30:00,2.1701387805641343,OK
2024-11-02 11:35:00,1.9463152567153506,OK
2024-11-02 11:40:00,1.2551500212146942,OK
2024-11-02 11:45:00,1.9022917051928712,OK
2024-11-02 11:50:00,1.497843118206203,OK
2024-11-02 11:55:00,2.3600985368444096,OK
2024-11-02 12:00:00,2.1586401843688754,OK
2024-11-02 12:05:00,2.0675726499031803,OK
2024-11-02 12:10:00,2.7129021696759983,OK
2024-11-02 12:15:00,2.0868462323821517,OK
2024-11-02 12:20:00,2.335415629145174,OK
2024-11-02 12:25:00,2.0291817997385637,OK
2024-11-02 12:30:00,3.622876027074956,OK
2024-11-02 12:35:00,2.8109424704557173,OK
2024-11-02 12:40:00,1.9485182469176605,OK
2024-11-02 12:45:00,2.2046861328235705,OK
2024-11-02 12:50:00,3.2574572487799367,OK
2024-11-02 12:55:00,3.0962514355324187,OK
2024-11-02 13:00:00,3.07108051433336,OK
2024-11-02 13:05:00,3.232327830435269,OK
2024-11-02 13:10:00,3.554115910964353,OK
2024-11-02 13:15:00,3.459939453304868,OK
2024-11-02 13:20:00,3.1927342996746995,OK
2024-11-02 13:25:00,3.4595382763191367,OK
2024-11-02 13:30:00,3.640262131248034,OK
2024-11-02 13:35:00,3.7534887705892284,OK
2024-11-02 13:40:00,3.4019156650488407,OK
2024-11-02 13:45:00,4.231625705980252,OK
2024-11-02 13:50:00,4.137504841176647,OK
2024-11-02 13:55:00,3.8590949017172114,OK
2024-11-02 14:00:00,4.200810072346632,OK
2024-11-02 14:05:00,4.723320722962213,OK
2024-11-02 14:10:00,3.581701244565174,OK
2024-11-02 14:15:00,3.49030031036036,OK
2024-11-02 14:20:00,4.771460055329708,OK
2024-11-02 14:25:00,5.314824219863047,OK
2024-11-02 14:30:00,4.746620453848571,OK
2024-11-02 14:35:00,4.849945798490497,OK
2024-11-02 14:40:00,4.036789267926939,OK
2024-11-02 14:45:00,4.492894426047486,OK
2024-11-02 14:50:00,4.86027346449954,OK
2024-11-02 14:55:00,4.51783638826717,OK
2024-11-02 15:00:00,4.79984518393015,OK
2024-11-02 15:05:00,4.6178793971037555,OK
2024-11-02 15:10:00,5.036466926264608,OK
2024-11-02 15:15:00,4.88703361698636,OK
2024-11-02 15:20:00,5.626178972717899,OK
2024-11-02 15:25:00,4.839465173569905,OK
2024-11-02 15:30:00,5.061363464370073,OK
2024-11-02 15:35:00,4.600718087253098,OK
2024-11-02 15:40:00,5.206072447785464,OK
2024-11-02 15:45:00,5.517489937873483,OK
2024-11-02 15:50:00,4.885886458298001,OK
2024-11-02 15:55:00,5.278163068652624,OK
2024-11-02 16:00:00,5.593502122679492,OK
2024-11-02 16:05:00,5.157765006689793,OK
2024-11-02 16:10:00,5.555357885627575,OK
2024-11-02 16:15:00,5.2362980870160225,OK
2024-11-02 16:20:00,6.166128148241462,OK
2024-11-02 16:25:00,5.381065405525153,OK
2024-11-02 16:30:00,5.5613110694591334,OK
2024-11-02 16:35:00,6.246510698455707,OK
2024-11-02 16:40:00,5.931265916166629,OK
2024-11-02 16:45:00,6.474242688093186,OK
2024-11-02 16:50:00,6.104970967821791,OK
2024-11-02 16:55:00,5.843824518997637,OK
2024-11-02 17:00:00,5.718529565480444,OK
2024-11-02 17:05:00,5.2974176296543565,OK
2024-11-02 17:10:00,5.929654507179475,OK
2024-11-02 17:15:00,6.117288647514692,OK
2024-11-02 17:20:00,6.558730765223597,OK
2024-11-02 17:25:00,5.638302300375779,OK
2024-11-02 17:30:00,5.866167264664736,OK
2024-11-02 17:35:00,5.6874739080639225,OK
2024-11-02 17:40:00,6.322473472156032,OK
2024-11-02 17:45:00,6.327302534567842,OK
2024-11-02 17:50:00,6.990988359747489,OK
2024-11-02 17:55:00,6.251660991697238,OK
2024-11-02 18:00:00,6.101091453825614,OK
2024-11-02 18:05:00,6.343744416680286,OK
2024-11-02 18:10:00,5.964062210242551,OK
2024-11-02 18:15:00,6.790122059524239,OK
2024-11-02 18:20:00,5.2285615099717715,OK
2024-11-02 18:25:00,5.76230892132049,OK
2024-11-02 18:30:00,5.934042056687524,OK
2024-11-02 18:35:00,5.666760685900161,OK
2024-11-02 18:40:00,5.857567680974717,OK
2024-11-02 18:45:00,5.818504208864313,OK
2024-11-02 18:50:00,5.501986341713573,OK
2024-11-02 18:55:00,6.60671482843147,OK
2024-11-02 19:00:00,5.629215898508032,OK
2024-11-02 19:05:00,6.199587795027849,OK
2024-11-02 19:10:00,4.756092660493873,OK
2024-11-02 19:15:00,5.90661040256627,OK
2024-11-02 19:20:00,5.851240085847234,OK
2024-11-02 19:25:00,6.244786296248004,OK
2024-11-02 19:30:00,5.741219782780763,OK
2024-11-02 19:35:00,6.241630172385143,OK
2024-11-02 19:40:00,5.077997584700825,OK
2024-11-02 19:45:00,5.399135864074791,OK
2024-11-02 19:50:00,5.982524242815865,OK
2024-11-02 19:55:00,6.438887464928987,OK
2024-11-02 20:00:00,6.203703299170148,OK
2024-11-02 20:05:00,5.825379982629002,OK
2024-11-02 20:10:00,4.686471732051354,OK
2024-11-02 20:15:00,5.058473019491198,OK
2024-11-02 20:20:00,6.38322196602261,OK
2024-11-02 20:25:00,5.919045437849724,OK
2024-11-02 20:30:00,4.177885756665921,OK
2024-11-02 20:35:00,5.418504299738263,OK
2024-11-02 20:40:00,5.611655989066146,OK
2024-11-02 20:45:00,5.526510893074713,OK
2024-11-02 20:50:00,5.0229288993732855,OK
2024-11-02 20:55:00,5.309549530482121,OK
2024-11-02 21:00:00,5.044105586822204,OK
2024-11-02 21:05:00,4.3935800246920165,OK
2024-11-02 21:10:00,5.397646905680038,OK
2024-11-02 21:15:00,4.337826075854994,OK
2024-11-02 21:20:00,5.133451942217069,OK
2024-11-02 21:25:00,4.944475158361838,OK
2024-11-02 21:30:00,4.0871872876720445,OK
2024-11-02 21:35:00,4.307663991721806,OK
2024-11-02 21:40:00,4.673134624223548,OK
2024-11-02 21:45:00,5.12386617545877,OK
2024-11-02 21:50:00,3.5023683027599852,OK
2024-11-02 21:55:00,3.9179032427150533,OK
2024-11-02 22:00:00,3.806477481781517,OK
2024-11-02 22:05:00,4.277838352293074,OK
2024-11-02 22:10:00,3.8791953115009705,OK
2024-11-02 22:15:00,4.775437034334298,OK
2024-11-02 22:20:00,4.045043065025652,OK
2024-11-02 22:25:00,3.7739360140325604,OK
2024-11-02 22:30:00,3.192709587168052,OK
2024-11-02 22:35:00,4.485064931390286,OK
2024-11-02 22:40:00,3.8196714983890008,OK
2024-11-02 22:45:00,3.086845289692389,OK
2024-11-02 22:50:00,3.0844102076882938,OK
2024-11-02 22:55:00,2.581280379157982,OK
2024-11-02 23:00:00,3.222628328694093,OK
2024-11-02 23:05:00,2.8144588032336397,OK
2024-11-02 23:10:00,2.9832053374950758,OK
2024-11-02 23:15:00,2.949884109689047,OK
2024-11-02 23:20:00,2.172974777125749,OK
2024-11-02 23:25:00,2.145842743165612,OK
2024-11-02 23:30:00,2.0684083179441854,OK
2024-11-02 23:35:00,2.6233685291416977,OK
2024-11-02 23:40:00,2.732952160069948,OK
2024-11-02 23:45:00,2.261603291521866,OK
2024-11-02 23:50:00,2.663379385297792,OK
2024-11-02 23:55:00,2.112256068525576,OK
2024-11-03 00:00:00,1.7657970922515327,OK
2024-11-03 00:05:00,1.648165017834845,OK
2024-11-03 00:10:00,2.0241312873974326,OK
2024-11-03 00:15:00,1.7351956490767415,OK
2024-11-03 00:20:00,1.5552715969968924,OK
2024-11-03 00:25:00,0.950214690161288,OK
2024-11-03 00:30:00,0.4968576589592986,OK
2024-11-03 00:35:00,0.7817249707698821,OK
2024-11-03 00:40:00,1.252745653342183,OK
2024-11-03 00:45:00,1.8961648489459415,OK
2024-11-03 00:50:00,1.019541754029709,OK
2024-11-03 00:55:00,0.2749034893385606,OK
2024-11-03 01:00:00,1.6094643849290384,OK
2024-11-03 01:05:00,1.6698422155933392,OK
2024-11-03 01:10:00,0.5421315110855034,OK
2024-11-03 01:15:00,0.10773116736187982,OK
2024-11-03 01:20:00,1.0249854748796534,OK
2024-11-03 01:25:00,0.4175345988491127,OK
2024-11-03 01:30:00,-0.05454409539808347,OK
2024-11-03 01:35:00,0.10387246399769154,OK
2024-11-03 01:40:00,-1.1077180020624005,OK
2024-11-03 01:45:00,-0.15997471156970056,OK
2024-11-03 01:50:00,0.5033202751123098,OK
2024-11-03 01:55:00,-0.12781043040546924,OK
2024-11-03 02:00:00,-0.2980178979258432,OK
2024-11-03 02:05:00,-0.040654589687810536,OK
2024-11-03 02:10:00,0.0317561697234765,OK
2024-11-03 02:15:00,0.06614450003661068,OK
2024-11-03 02:20:00,-0.4088595838148643,OK
2024-11-03 02:25:00,-0.28258326476707035,OK
2024-11-03 02:30:00,0.08003230434168185,OK
2024-11-03 02:35:00,-0.5861263542304059,OK
2024-11-03 02:40:00,-0.8197060014696811,OK
2024-11-03 02:45:00,-0.9382152240628719,OK
2024-11-03 02:50:00,-1.4428403217278951,OK
2024-11-03 02:55:00,-1.4820687139579896,OK
2024-11-03 03:00:00,-1.2195010248263394,OK
2024-11-03 03:05:00,-1.3146012826558993,OK
2024-11-03 03:10:00,-0.9457633486207403,OK
2024-11-03 03:15:00,-1.7053736644371014,OK
2024-11-03 03:20:00,-1.142368274134236,OK
2024-11-03 03:25:00,-1.019069303144125,OK
2024-11-03 03:30:00,-1.734688636559968,OK
2024-11-03 03:35:00,-2.004696417428984,OK
2024-11-03 03:40:00,-1.5484703846608365,OK
2024-11-03 03:45:00,-1.2665690748916987,OK
2024-11-03 03:50:00,-1.8398243096251026,OK
2024-11-03 03:55:00,-1.9338913724481395,OK
2024-11-03 04:00:00,-2.1997899642489838,OK
2024-11-03 04:05:00,-1.0891973375897448,OK
2024-11-03 04:10:00,-2.029576425898347,OK
2024-11-03 04:15:00,-2.4747948713007397,OK
2024-11-03 04:20:00,-1.8000140673302474,OK
2024-11-03 04:25:00,-2.6056437147055553,OK
2024-11-03 04:30:00,-2.1393668910361505,OK
2024-11-03 04:35:00,-2.669244553590742,OK
2024-11-03 04:40:00,-2.3058060603990596,OK
2024-11-03 04:45:00,-2.0276109385466583,OK
2024-11-03 04:50:00,-2.696426713177876,OK
2024-11-03 04:55:00,-1.9947967155645916,OK
2024-11-03 05:00:00,-2.2564155400700945,OK
2024-11-03 05:05:00,-2.6308777998492863,OK
2024-11-03 05:10:00,-2.717798389166844,OK
2024-11-03 05:15:00,-1.9454932008540968,OK
2024-11-03 05:20:00,-3.0711768916366795,OK
2024-11-03 05:25:00,-2.3893214676207286,OK
2024-11-03 05:30:00,-2.6191822583405764,OK
2024-11-03 05:35:00,-2.9846674447589585,OK
2024-11-03 05:40:00,-2.9830669862698405,OK
2024-11-03 05:45:00,-2.104327375981716,OK
2024-11-03 05:50:00,-2.243751551749921,OK
2024-11-03 05:55:00,-2.7766774794757634,OK
2024-11-03 06:00:00,-3.1397204280832067,OK
2024-11-03 06:05:00,-2.5204195373957092,OK
2024-11-03 06:10:00,-1.6284787030457506,OK
2024-11-03 06:15:00,-2.921255181257846,OK
2024-11-03 06:20:00,-1.8854158716306422,OK
2024-11-03 06:25:00,-2.5010896647856695,OK
2024-11-03 06:30:00,-2.455267410726819,OK
2024-11-03 06:35:00,-2.574185773893075,OK
2024-11-03 06:40:00,-2.1625043454747126,OK
2024-11-03 06:45:00,-2.7199379945218887,OK
2024-11-03 06:50:00,-1.518907528046666,OK
2024-11-03 06:55:00,-2.1389816438250353,OK
2024-11-03 07:00:00,-2.759405333869397,OK
2024-11-03 07:05:00,-2.5460691251401557,OK
2024-11-03 07:10:00,-2.096377496022973,OK
2024-11-03 07:15:00,-2.1813234976374836,OK
2024-11-03 07:20:00,-1.8211482309926925,OK
2024-11-03 07:25:00,-2.2546841644873536,OK
2024-11-03 07:30:00,-1.720456226040904,OK
2024-11-03 07:35:00,-2.2242821235251475,OK
2024-11-03 07:40:00,-2.3021658998485246,OK
2024-11-03 07:45:00,-2.522651875759026,OK
2024-11-03 07:50:00,-2.0616794185849274,OK
2024-11-03 07:55:00,-2.40316530269765,OK
2024-11-03 08:00:00,-2.103254127427983,OK
2024-11-03 08:05:00,-2.4557260857809258,OK
2024-11-03 08:10:00,-1.1461435187913622,OK
2024-11-03 08:15:00,-2.1712650370186037,OK
2024-11-03 08:20:00,-1.758943095371555,OK
2024-11-03 08:25:00,-1.794261964060392,OK
2024-11-03 08:30:00,-1.5148295291839269,OK
2024-11-03 08:35:00,-2.368236585847521,OK
2024-11-03 08:40:00,-1.3557661488356,OK
2024-11-03 08:45:00,-1.4347773555662515,OK
2024-11-03 08:50:00,-1.1972467634160977,OK
2024-11-03 08:55:00,-1.9150741714751591,OK
2024-11-03 09:00:00,-0.9552734007464826,OK
2024-11-03 09:05:00,-0.3565661248871745,OK
2024-11-03 09:10:00,-0.999143011902499,OK
2024-11-03 09:15:00,-1.4096047674061905,OK
2024-11-03 09:20:00,-1.059752637764826,OK
2024-11-03 09:25:00,-0.9343827046150196,OK
2024-11-03 09:30:00,-1.154696559497336,OK
2024-11-03 09:35:00,-0.7195422741220663,OK
2024-11-03 09:40:00,-0.8347574587178472,OK
2024-11-03 09:45:00,-0.6728474485642679,OK
2024-11-03 09:50:00,-1.0725836231620018,OK
2024-11-03 09:55:00,-1.3309777529560038,OK
2024-11-03 10:00:00,-0.6911817430371294,OK
2024-11-03 10:05:00,-0.5868859411866797,OK
2024-11-03 10:10:00,-0.586974183677319,OK
2024-11-03 10:15:00,-1.2463350908921453,OK
2024-11-03 10:20:00,-0.1716848549509515,OK
2024-11-03 10:25:00,0.6142220954416102,OK
2024-11-03 10:30:00,-0.230229397251681,OK
2024-11-03 10:35:00,-0.41424626084319943,OK
2024-11-03 10:40:00,-0.02162187081293193,OK
2024-11-03 10:45:00,-0.04798553199943245,OK
2024-11-03 10:50:00,-0.35258840803657254,OK
2024-11-03 10:55:00,0.04999128895846114,OK
2024-11-03 11:00:00,-0.33645081328350024,OK
2024-11-03 11:05:00,-0.088003125836525,OK
2024-11-03 11:10:00,0.24941675731472474,OK
2024-11-03 11:15:00,1.2110596152972644,OK
2024-11-03 11:20:00,1.4124047406740448,OK
2024-11-03 11:25:00,0.48733613331155395,OK
2024-11-03 11:30:00,0.4401413209204706,OK
2024-11-03 11:35:00,1.3358690984250667,OK
2024-11-03 11:40:00,0.860636135351291,OK
2024-11-03 11:45:00,0.7411396365399675,OK
2024-11-03 11:50:00,0.43528180914132686,OK
2024-11-03 11:55:00,1.5573167758477253,OK
2024-11-03 12:00:00,1.1731918220741244,OK
2024-11-03 12:05:00,2.3413088382825262,OK
2024-11-03 12:10:00,0.7642540565481769,OK
2024-11-03 12:15:00,1.3763659331442017,OK
2024-11-03 12:20:00,1.1905128886407328,OK
2024-11-03 12:25:00,2.011380472173527,OK
2024-11-03 12:30:00,0.8805427539467205,OK
2024-11-03 12:35:00,2.3540877543043925,OK
2024-11-03 12:40:00,1.7079347166320722,OK
2024-11-03 12:45:00,1.4497715673040343,OK
2024-11-03 12:50:00,2.1920775751300505,OK
2024-11-03 12:55:00,1.3984473071279833,OK
2024-11-03 13:00:00,2.0768694211671095,OK
2024-11-03 13:05:00,2.0467404682913535,OK
2024-11-03 13:10:00,1.361470675805263,OK
2024-11-03 13:15:00,2.5089541196957077,OK
2024-11-03 13:20:00,2.587510588185654,OK
2024-11-03 13:25:00,2.412511826026639,OK
2024-11-03 13:30:00,3.190651221549512,OK
2024-11-03 13:35:00,2.298655092926515,OK
2024-11-03 13:40:00,2.87943299454029,OK
2024-11-03 13:45:00,2.5795760025910064,OK
2024-11-03 13:50:00,2.531210669774349,OK
2024-11-03 13:55:00,3.040866501278391,OK
2024-11-03 14:00:00,2.5812201199199643,OK
2024-11-03 14:05:00,3.6881532097965755,OK
2024-11-03 14:10:00,3.07384622581977,OK
2024-11-03 14:15:00,2.6977829738778683,OK
2024-11-03 14:20:00,3.9744135168616754,OK
2024-11-03 14:25:00,3.548947705616782,OK
2024-11-03 14:30:00,3.551660651614085,OK
2024-11-03 14:35:00,4.216570153798848,OK
2024-11-03 14:40:00,2.729135313879816,OK
2024-11-03 14:45:00,3.989721629363623,OK
2024-11-03 14:50:00,3.486255736865419,OK
2024-11-03 14:55:00,3.5998574014579523,OK
2024-11-03 15:00:00,3.6858956884855787,OK
2024-11-03 15:05:00,4.170562758475737,OK
2024-11-03 15:10:00,4.604883359037547,OK
2024-11-03 15:15:00,4.374239003354201,OK
2024-11-03 15:20:00,3.8085884947052837,OK
2024-11-03 15:25:00,5.030080857936671,OK
2024-11-03 15:30:00,4.512000784219346,OK
2024-11-03 15:35:00,4.932211205574483,OK
2024-11-03 15:40:00,3.960056538586354,OK
2024-11-03 15:45:00,4.307394967981593,OK
2024-11-03 15:50:00,4.8992621649986825,OK
2024-11-03 15:55:00,3.885224600912238,OK
2024-11-03 16:00:00,4.993719404941446,OK
2024-11-03 16:05:00,5.389618071059245,OK
2024-11-03 16:10:00,5.180377417020274,OK
2024-11-03 16:15:00,5.370927109217626,OK
2024-11-03 16:20:00,5.723690320298337,OK
2024-11-03 16:25:00,5.4244230117145324,OK
2024-11-03 16:30:00,5.471339325210669,OK
2024-11-03 16:35:00,4.881180588206224,OK
2024-11-03 16:40:00,4.983940018462614,OK
2024-11-03 16:45:00,6.165038225032404,OK
2024-11-03 16:50:00,5.095450195458987,OK
2024-11-03 16:55:00,5.421958055781975,OK
2024-11-03 17:00:00,5.376758037985663,OK
2024-11-03 17:05:00,6.129297245310078,OK
2024-11-03 17:10:00,5.203483050368944,OK
2024-11-03 17:15:00,6.1009594787588695,OK
2024-11-03 17:20:00,5.531734273251564,OK
2024-11-03 17:25:00,5.60340799674858,OK
2024-11-03 17:30:00,5.220389224796812,OK
2024-11-03 17:35:00,5.311293119707612,OK
2024-11-03 17:40:00,4.902893950534031,OK
2024-11-03 17:45:00,5.62414778858529,OK
2024-11-03 17:50:00,6.022643402133612,OK
2024-11-03 17:55:00,5.722503147818954,OK
2024-11-03 18:00:00,6.014541123909003,OK
2024-11-03 18:05:00,4.71692774643411,OK
2024-11-03 18:10:00,4.751419248896171,OK
2024-11-03 18:15:00,5.99357088127519,OK
2024-11-03 18:20:00,5.114987530256749,OK
2024-11-03 18:25:00,5.613514062711963,OK
2024-11-03 18:30:00,5.033994336553368,OK
2024-11-03 18:35:00,5.901569907016533,OK
2024-11-03 18:40:00,5.16362386584457,OK
2024-11-03 18:45:00,5.989373665227792,OK
2024-11-03 18:50:00,5.438103978906891,OK
2024-11-03 18:55:00,5.4533006383859775,OK
2024-11-03 19:00:00,5.289001534464199,OK
2024-11-03 19:05:00,5.301994842336723,OK
2024-11-03 19:10:00,5.184063261292477,OK
2024-11-03 19:15:00,6.055895928778672,OK
2024-11-03 19:20:00,6.168484570050359,OK
2024-11-03 19:25:00,5.961405658682532,OK
2024-11-03 19:30:00,5.667644179514039,OK
2024-11-03 19:35:00,5.248261801224171,OK
2024-11-03 19:40:00,4.633596531148787,OK
2024-11-03 19:45:00,4.8646984628434415,OK
2024-11-03 19:50:00,5.6410469241095855,OK
2024-11-03 19:55:00,4.359948866549546,OK
2024-11-03 20:00:00,4.804921866844039,OK
2024-11-03 20:05:00,4.804208879278605,OK
2024-11-03 20:10:00,4.441484823943966,OK
2024-11-03 20:15:00,4.794574932816945,OK
2024-11-03 20:20:00,4.466343155126183,OK
2024-11-03 20:25:00,4.037454367832384,OK
2024-11-03 20:30:00,4.6302082895346715,OK
2024-11-03 20:35:00,3.7946656796641616,OK
2024-11-03 20:40:00,3.8861744604619566,OK
2024-11-03 20:45:00,4.456484894843576,OK
2024-11-03 20:50:00,4.192134716609695,OK
2024-11-03 20:55:00,4.454610924080013,OK
2024-11-03 21:00:00,3.9591315360475483,OK
2024-11-03 21:05:00,3.4408951665211878,OK
2024-11-03 21:10:00,3.682408646599308,OK
2024-11-03 21:15:00,4.030021245568169,OK
2024-11-03 21:20:00,3.3639333315016633,OK
2024-11-03 21:25:00,3.820827045778542,OK
2024-11-03 21:30:00,3.226203310281532,OK
2024-11-03 21:35:00,3.283551444233747,OK
2024-11-03 21:40:00,3.677596893229268,OK
2024-11-03 21:45:00,3.6504004542935795,OK
2024-11-03 21:50:00,3.70720700058788,OK
2024-11-03 21:55:00,3.312081741362591,OK
2024-11-03 22:00:00,3.4212166822512473,OK
2024-11-03 22:05:00,3.558629642223205,OK
2024-11-03 22:10:00,2.8423915192363847,OK
2024-11-03 22:15:00,3.6762493012525326,OK
2024-11-03 22:20:00,3.1524355648569626,OK
2024-11-03 22:25:00,3.662654414151122,OK
2024-11-03 22:30:00,2.8391952304078005,OK
2024-11-03 22:35:00,3.2139004330871077,OK
2024-11-03 22:40:00,2.759719149169074,OK
2024-11-03 22:45:00,3.266769553728106,OK
2024-11-03 22:50:00,2.226628436757771,OK
2024-11-03 22:55:00,2.6933585868850662,OK
2024-11-03 23:00:00,3.7374231478191455,OK
2024-11-03 23:05:00,2.339908779030754,OK
2024-11-03 23:10:00,2.3134642744968157,OK
2024-11-03 23:15:00,2.6247169420862932,OK
2024-11-03 23:20:00,2.5560873850761334,OK
2024-11-03 23:25:00,3.0338156535857164,OK
2024-11-03 23:30:00,2.2239859319045787,OK
2024-11-03 23:35:00,1.9068595312149883,OK
2024-11-03 23:40:00,1.445643605923889,OK
2024-11-03 23:45:00,1.4031755563808017,OK
2024-11-03 23:50:00,1.2733679031529697,OK
2024-11-03 23:55:00,1.6844566904689329,OK
2024-11-04 00:00:00,2.2421122411700023,OK
2024-11-04 00:05:00,1.5571047208153495,OK
2024-11-04 00:10:00,1.1889448294442273,OK
2024-11-04 00:15:00,1.6164268315169226,OK
2024-11-04 00:20:00,1.431764305688152,OK
2024-11-04 00:25:00,1.2013756061506475,OK
2024-11-04 00:30:00,0.31536612690766574,OK
2024-11-04 00:35:00,0.8403184361355107,OK
2024-11-04 00:40:00,0.4814998542087282,OK
2024-11-04 00:45:00,0.829885982790055,OK
2024-11-04 00:50:00,-0.09355090940608074,OK
2024-11-04 00:55:00,-0.09502322441981206,OK
2024-11-04 01:00:00,-0.2706530174228743,OK
2024-11-04 01:05:00,-0.36620490587550847,OK
2024-11-04 01:10:00,0.05877815204280536,OK
2024-11-04 01:15:00,-0.5342607236855673,OK
2024-11-04 01:20:00,0.1434584337108027,OK
2024-11-04 01:25:00,0.3023737826373044,OK
2024-11-04 01:30:00,-0.659728770469781,OK
2024-11-04 01:35:00,-0.04222116110247173,OK
2024-11-04 01:40:00,-0.5206804921711233,OK
2024-11-04 01:45:00,-0.27619088195982106,OK
2024-11-04 01:50:00,-0.3416697543300272,OK
2024-11-04 01:55:00,-0.5144779105752334,OK
2024-11-04 02:00:00,-0.8388686492659012,OK
2024-11-04 02:05:00,-0.8980947781701148,OK
2024-11-04 02:10:00,-0.9595449732889559,OK
2024-11-04 02:15:00,-1.8967836858562446,OK
2024-11-04 02:20:00,-1.55631025578334,OK
2024-11-04 02:25:00,-1.2957130725529833,OK
2024-11-04 02:30:00,-1.5370075376321524,OK
2024-11-04 02:35:00,-2.337510608064881,OK
2024-11-04 02:40:00,-2.0148904715624423,OK
2024-11-04 02:45:00,-1.1749525110367274,OK
2024-11-04 02:50:00,-1.8200435939648372,OK
2024-11-04 02:55:00,-2.4382283044992605,OK
2024-11-04 03:00:00,-2.493987492877233,OK
2024-11-04 03:05:00,-2.446186877901107,OK
2024-11-04 03:10:00,-2.3430067454494594,OK
2024-11-04 03:15:00,-1.8588530455307781,OK
2024-11-04 03:20:00,-1.5499091718993094,OK
2024-11-04 03:25:00,-2.416086636554178,OK
2024-11-04 03:30:00,-2.582920448120351,OK
2024-11-04 03:35:00,-2.1687455872794925,OK
2024-11-04 03:40:00,-1.4335364050547081,OK
2024-11-04 03:45:00,-2.6449375282754817,OK
2024-11-04 03:50:00,-2.915841641084323,OK
2024-11-04 03:55:00,-2.1259382008400483,OK
2024-11-04 04:00:00,-2.408596896854994,OK
2024-11-04 04:05:00,-2.776249331429343,OK
2024-11-04 04:10:00,-2.884969059140805,OK
2024-11-04 04:15:00,-2.8504196660684973,OK
2024-11-04 04:20:00,-2.9855915341339543,OK
2024-11-04 04:25:00,-3.0545973643213737,OK
2024-11-04 04:30:00,-2.45198245617511,OK
2024-11-04 04:35:00,-2.2170035789109717,OK
2024-11-04 04:40:00,-3.2228072745599587,OK
2024-11-04 04:45:00,-2.8543753955866737,OK
2024-11-04 04:50:00,-2.342065593856801,OK
2024-11-04 04:55:00,-2.5518712326934088,OK
2024-11-04 05:00:00,-2.9828132218321732,OK
2024-11-04 05:05:00,-3.9767232721734858,OK
2024-11-04 05:10:00,-3.3068061812387963,OK
2024-11-04 05:15:00,-2.732764726683483,OK
2024-11-04 05:20:00,-2.816243800404686,OK
2024-11-04 05:25:00,-3.1240981317265066,OK
2024-11-04 05:30:00,-3.056007648685077,OK
2024-11-04 05:35:00,-3.19621180516628,OK
2024-11-04 05:40:00,-3.0227742110821656,OK
2024-11-04 05:45:00,-2.2120132141705056,OK
2024-11-04 05:50:00,-2.657389719997849,OK
2024-11-04 05:55:00,-3.207166235330355,OK
2024-11-04 06:00:00,-3.1107386826554575,OK
2024-11-04 06:05:00,-2.508710925828075,OK
2024-11-04 06:10:00,-2.2478371451497874,OK
2024-11-04 06:15:00,-3.0135255611666243,OK
2024-11-04 06:20:00,-2.457618407223806,OK
2024-11-04 06:25:00,-2.4505508297064984,OK
2024-11-04 06:30:00,-2.477237020890446,OK
2024-11-04 06:35:00,-1.7316682613976861,OK
2024-11-04 06:40:00,-2.377792409093148,OK
2024-11-04 06:45:00,-2.549909995493688,OK
2024-11-04 06:50:00,-2.3529932246341234,OK
2024-11-04 06:55:00,-2.869305733478752,OK
2024-11-04 07:00:00,-2.2032098701864413,OK
2024-11-04 07:05:00,-2.785515338727956,OK
2024-11-04 07:10:00,-3.1415191287384134,OK
2024-11-04 07:15:00,-1.6535437130365922,OK
2024-11-04 07:20:00,-2.653666375018851,OK
2024-11-04 07:25:00,-2.6328772192301435,OK
2024-11-04 07:30:00,-2.116582560067967,OK
2024-11-04 07:35:00,-2.499450340197165,OK
2024-11-04 07:40:00,-2.6309148326325027,OK
2024-11-04 07:45:00,-2.452061320943796,OK
2024-11-04 07:50:00,-2.16959983481403,OK
2024-11-04 07:55:00,-2.4673933432695057,OK
2024-11-04 08:00:00,-2.4224149128821937,OK
2024-11-04 08:05:00,-2.4388061957534526,OK
2024-11-04 08:10:00,-1.7678619330544183,OK
2024-11-04 08:15:00,-1.3985099601898605,OK
2024-11-04 08:20:00,-2.3339181783719676,OK
2024-11-04 08:25:00,-2.782923879054526,OK
2024-11-04 08:30:00,-1.723619623658561,OK
2024-11-04 08:35:00,-1.5128760799640801,OK
2024-11-04 08:40:00,-1.9157917371083095,OK
2024-11-04 08:45:00,-2.058964088738145,OK
2024-11-04 08:50:00,-0.9323755068404315,OK
2024-11-04 08:55:00,-2.11870484734967,OK
2024-11-04 09:00:00,-1.8786813359630092,OK
2024-11-04 09:05:00,-1.5533883258582524,OK
2024-11-04 09:10:00,-1.6615736254460662,OK
2024-11-04 09:15:00,-2.0114960376120674,OK
2024-11-04 09:20:00,-1.8547915509816568,OK
2024-11-04 09:25:00,-1.432046206248365,OK
2024-11-04 09:30:00,-1.9497144528119934,OK
2024-11-04 09:35:00,-1.1246771453745446,OK
2024-11-04 09:40:00,-1.2352930958428745,OK
2024-11-04 09:45:00,-0.9125263097230176,OK
2024-11-04 09:50:00,-1.0862775496112593,OK
2024-11-04 09:55:00,-0.2794093082760581,OK
2024-11-04 10:00:00,-1.3840368109941223,OK
2024-11-04 10:05:00,-1.2589125538301054,OK
2024-11-04 10:10:00,-0.7555859418725069,OK
2024-11-04 10:15:00,-0.5813251508734376,OK
2024-11-04 10:20:00,-0.5604045237886282,OK
2024-11-04 10:25:00,-0.3056703275818696,OK
2024-11-04 10:30:00,0.1264143531392516,OK
2024-11-04 10:35:00,-0.3869544345056505,OK
2024-11-04 10:40:00,-0.471734220128885,OK
2024-11-04 10:45:00,-0.7117203804406833,OK
2024-11-04 10:50:00,-0.2836273770055596,OK
2024-11-04 10:55:00,0.6279692724240918,OK
2024-11-04 11:00:00,-0.016061243904514966,OK
2024-11-04 11:05:00,0.7369031489579126,OK
2024-11-04 11:10:00,0.12584559851352595,OK
2024-11-04 11:15:00,1.0020522435156245,OK
2024-11-04 11:20:00,0.15578331645620286,OK
2024-11-04 11:25:00,1.7351983977502476,OK
2024-11-04 11:30:00,0.661772795600833,OK
2024-11-04 11:35:00,1.6263343348481663,OK
2024-11-04 11:40:00,0.7968679348123082,OK
2024-11-04 11:45:00,1.192057533595765,OK
2024-11-04 11:50:00,0.9646352019654054,OK
2024-11-04 11:55:00,1.3530749741514478,OK
2024-11-04 12:00:00,1.5848416528876323,OK
2024-11-04 12:05:00,1.7328165731045386,OK
2024-11-04 12:10:00,1.7169848928803604,OK
2024-11-04 12:15:00,1.4946280451099665,OK
2024-11-04 12:20:00,1.693946778762474,OK
2024-11-04 12:25:00,1.5975857859459457,OK
2024-11-04 12:30:00,2.433252606306158,OK
2024-11-04 12:35:00,1.6070131658073736,OK
2024-11-04 12:40:00,1.4722901761430056,OK
2024-11-04 12:45:00,2.7120498656904837,OK
2024-11-04 12:50:00,2.149828810005723,OK
2024-11-04 12:55:00,2.39327901656427,OK
2024-11-04 13:00:00,2.7255132445296804,OK
2024-11-04 13:05:00,2.9679632063659573,OK
2024-11-04 13:10:00,2.150660316633015,OK
2024-11-04 13:15:00,1.7763636129510978,OK
2024-11-04 13:20:00,2.7246270029347306,OK
2024-11-04 13:25:00,3.41553913021841,OK
2024-11-04 13:30:00,2.018407500197507,OK
2024-11-04 13:35:00,2.1752832633172194,OK
2024-11-04 13:40:00,2.4939656377863684,OK
2024-11-04 13:45:00,2.421119497042058,OK
2024-11-04 13:50:00,3.361683381910702,OK
2024-11-04 13:55:00,3.7870370983805253,OK
2024-11-04 14:00:00,3.3330213822898136,OK
2024-11-04 14:05:00,3.629987123082351,OK
2024-11-04 14:10:00,3.0406629572971857,OK
2024-11-04 14:15:00,3.8029818247525373,OK
2024-11-04 14:20:00,3.4534377762579065,OK
2024-11-04 14:25:00,3.5414545825856036,OK
2024-11-04 14:30:00,4.010680912448761,OK
2024-11-04 14:35:00,3.8402810962905645,OK
2024-11-04 14:40:00,3.909318511796425,OK
2024-11-04 14:45:00,4.217319018744899,OK
2024-11-04 14:50:00,4.153013938984615,OK
2024-11-04 14:55:00,4.445882986791058,OK
2024-11-04 15:00:00,3.8961204238020204,OK
2024-11-04 15:05:00,4.447595927204283,OK
2024-11-04 15:10:00,4.107968529291265,OK
2024-11-04 15:15:00,3.9855380525907,OK
2024-11-04 15:20:00,4.045722705438667,OK
2024-11-04 15:25:00,4.169531658712163,OK
2024-11-04 15:30:00,4.225688738524689,OK
2024-11-04 15:35:00,4.8647309302470925,OK
2024-11-04 15:40:00,4.752710238123672,OK
2024-11-04 15:45:00,4.711825533411346,OK
2024-11-04 15:50:00,4.765125508348478,OK
2024-11-04 15:55:00,5.028125515576322,OK
2024-11-04 16:00:00,5.728784543388115,OK
2024-11-04 16:05:00,5.018663827655784,OK
2024-11-04 16:10:00,5.192759751394917,OK
2024-11-04 16:15:00,5.777020907095766,OK
2024-11-04 16:20:00,5.075745316690934,OK
2024-11-04 16:25:00,5.4627310462884555,OK
2024-11-04 16:30:00,5.330899311698109,OK
2024-11-04 16:35:00,5.936322454226055,OK
2024-11-04 16:40:00,5.819074202677454,OK
2024-11-04 16:45:00,6.029842812384899,OK
2024-11-04 16:50:00,5.518976881823363,OK
2024-11-04 16:55:00,5.406126269776499,OK
2024-11-04 17:00:00,5.670090312292207,OK
2024-11-04 17:05:00,5.864692710300784,OK
2024-11-04 17:10:00,5.171046275758572,OK
2024-11-04 17:15:00,6.416513253273554,OK
2024-11-04 17:20:00,5.861512129889208,OK
2024-11-04 17:25:00,4.940039005529178,OK
2024-11-04 17:30:00,5.314800059818635,OK
2024-11-04 17:35:00,4.135316628095613,OK
2024-11-04 17:40:00,5.1722598074261885,OK
2024-11-04 17:45:00,5.651554919251752,OK
2024-11-04 17:50:00,5.323373443809345,OK
2024-11-04 17:55:00,6.280944563946674,OK
2024-11-04 18:00:00,6.5743466716727275,OK
2024-11-04 18:05:00,5.628376096980971,OK
2024-11-04 18:10:00,5.999206657360498,OK
2024-11-04 18:15:00,5.779346528293501,OK
2024-11-04 18:20:00,5.502324624565835,OK
2024-11-04 18:25:00,5.459299981708846,OK
2024-11-04 18:30:00,5.351615155215414,OK
2024-11-04 18:35:00,4.761050461999701,OK
2024-11-04 18:40:00,5.002580828357179,OK
2024-11-04 18:45:00,5.20934531217034,OK
2024-11-04 18:50:00,4.981648026471753,OK
2024-11-04 18:55:00,5.2554265307901,OK
2024-11-04 19:00:00,5.252910713540407,OK
2024-11-04 19:05:00,5.890242622029502,OK
2024-11-04 19:10:00,5.4147562606637685,OK
2024-11-04 19:15:00,5.450015516887071,OK
2024-11-04 19:20:00,6.015251575382294,OK
2024-11-04 19:25:00,5.144164795431686,OK
2024-11-04 19:30:00,5.7268747970623926,OK
2024-11-04 19:35:00,5.6001002193713,OK
2024-11-04 19:40:00,5.769222465923797,OK
2024-11-04 19:45:00,5.176679509575667,OK
2024-11-04 19:50:00,5.949522336700567,OK
2024-11-04 19:55:00,4.54611943131035,OK
2024-11-04 20:00:00,5.6390955828751945,OK
2024-11-04 20:05:00,5.197440801447536,OK
2024-11-04 20:10:00,5.072008422471201,OK
2024-11-04 20:15:00,5.688723706244842,OK
2024-11-04 20:20:00,5.788858237291184,OK
2024-11-04 20:25:00,4.672561939283372,OK
2024-11-04 20:30:00,5.451221585861518,OK
2024-11-04 20:35:00,5.368892597340189,OK
2024-11-04 20:40:00,4.648479026006263,OK
2024-11-04 20:45:00,5.365974888631543,OK
2024-11-04 20:50:00,5.180913741860264,OK
2024-11-04 20:55:00,4.495558900461597,OK
2024-11-04 21:00:00,4.860512574600399,OK
2024-11-04 21:05:00,4.604058600729258,OK
2024-11-04 21:10:00,3.9173887020643128,OK
2024-11-04 21:15:00,4.084105305588694,OK
2024-11-04 21:20:00,4.53824179703063,OK
2024-11-04 21:25:00,4.420303765803265,OK
2024-11-04 21:30:00,4.674511300526339,OK
2024-11-04 21:35:00,4.892830320215539,OK
2024-11-04 21:40:00,4.445122620652608,OK
2024-11-04 21:45:00,3.9318008877092314,OK
2024-11-04 21:50:00,4.148456131280336,OK
2024-11-04 21:55:00,4.221371986040459,OK
2024-11-04 22:00:00,3.509713137801636,OK
2024-11-04 22:05:00,4.178371578669248,OK
2024-11-04 22:10:00,3.7627295316659093,OK
2024-11-04 22:15:00,3.3139023431841044,OK
2024-11-04 22:20:00,3.585739077066182,OK
2024-11-04 22:25:00,4.146767135836308,OK
2024-11-04 22:30:00,3.590864781415817,OK
2024-11-04 22:35:00,3.248738576838683,OK
2024-11-04 22:40:00,3.9289608435177454,OK
2024-11-04 22:45:00,3.189387660217127,OK
2024-11-04 22:50:00,2.725005228108101,OK
2024-11-04 22:55:00,2.9491178566224097,OK
2024-11-04 23:00:00,3.5329068339206824,OK
2024-11-04 23:05:00,2.98231461121329,OK
2024-11-04 23:10:00,2.1505158667384974,OK
2024-11-04 23:15:00,2.5284416878899343,OK
2024-11-04 23:20:00,2.0909994378120227,OK
2024-11-04 23:25:00,2.773066159262151,OK
2024-11-04 23:30:00,1.9831435974323957,OK
2024-11-04 23:35:00,2.111079320029068,OK
2024-11-04 23:40:00,2.08801866669733,OK
2024-11-04 23:45:00,2.137566692515738,OK
2024-11-04 23:50:00,1.4660943028686573,OK
2024-11-04 23:55:00,2.6789333230128163,OK
2024-11-05 00:00:00,2.2351771239934926,OK
2024-11-05 00:05:00,2.1660681166165205,OK
2024-11-05 00:10:00,1.4402431488497687,OK
2024-11-05 00:15:00,1.589966276224,OK
2024-11-05 00:20:00,2.5953399938011112,OK
2024-11-05 00:25:00,1.1069186549796992,OK
2024-11-05 00:30:00,0.8551890573462583,OK
2024-11-05 00:35:00,1.1227057257999917,OK
2024-11-05 00:40:00,1.5368877403856624,OK
2024-11-05 00:45:00,0.842644345060873,OK
2024-11-05 00:50:00,1.0180329015830245,OK
2024-11-05 00:55:00,0.3179625924205234,OK
2024-11-05 01:00:00,0.7094530090273063,OK
2024-11-05 01:05:00,-0.03742159991196431,OK
2024-11-05 01:10:00,0.6937755505074996,OK
2024-11-05 01:15:00,0.3005221678695503,OK
2024-11-05 01:20:00,0.6518458912298336,OK
2024-11-05 01:25:00,0.10051499777007863,OK
2024-11-05 01:30:00,0.46410501557286554,OK
2024-11-05 01:35:00,-0.045721660153971166,OK
2024-11-05 01:40:00,-0.2510415902850921,OK
2024-11-05 01:45:00,-0.7446840496716294,OK
2024-11-05 01:50:00,-0.2821180992533009,OK
2024-11-05 01:55:00,-0.28428990922678893,OK
2024-11-05 02:00:00,-0.5168232253940066,OK
2024-11-05 02:05:00,-0.5015103322152615,OK
2024-11-05 02:10:00,-1.0608265065928548,OK
2024-11-05 02:15:00,-0.8640424798664011,OK
2024-11-05 02:20:00,-0.4801642762237495,OK
2024-11-05 02:25:00,-0.35770157142099107,OK
2024-11-05 02:30:00,-1.2191799687615525,OK
2024-11-05 02:35:00,-1.14929558659328,OK
2024-11-05 02:40:00,-1.2952896231451527,OK
2024-11-05 02:45:00,-0.6237039913102929,OK
2024-11-05 02:50:00,-0.9426243552063506,OK
2024-11-05 02:55:00,-1.3334567732788098,OK
2024-11-05 03:00:00,-0.6425532403097483,OK
2024-11-05 03:05:00,-2.3276290119133285,OK
2024-11-05 03:10:00,-1.8826749708441037,OK
2024-11-05 03:15:00,-1.708891241620208,OK
2024-11-05 03:20:00,-1.6318465418849473,OK
2024-11-05 03:25:00,-0.41685529745514005,OK
2024-11-05 03:30:00,-1.9410881995156066,OK
2024-11-05 03:35:00,-1.9512736711870622,OK
2024-11-05 03:40:00,-2.6110139584974106,OK
2024-11-05 03:45:00,-1.4552425077013027,OK
2024-11-05 03:50:00,-1.445540388376428,OK
2024-11-05 03:55:00,-2.0232490523232225,OK
2024-11-05 04:00:00,-2.0651501518523196,OK
2024-11-05 04:05:00,-1.9817310928828835,OK
2024-11-05 04:10:00,-1.3812564337561055,OK
2024-11-05 04:15:00,-1.8696155028738048,OK
2024-11-05 04:20:00,-1.707340685792046,OK
2024-11-05 04:25:00,-1.5493053672316703,OK
2024-11-05 04:30:00,-1.8313381040783139,OK
2024-11-05 04:35:00,-2.7749027598393496,OK
2024-11-05 04:40:00,-2.303067336521303,OK
2024-11-05 04:45:00,-2.1272078068834497,OK
2024-11-05 04:50:00,-1.5637639653715154,OK
2024-11-05 04:55:00,-2.638073397930827,OK
2024-11-05 05:00:00,-2.9197053445510646,OK
2024-11-05 05:05:00,-3.172106118975431,OK
2024-11-05 05:10:00,-1.9607176463516705,OK
2024-11-05 05:15:00,-3.5355977621036487,OK
2024-11-05 05:20:00,-1.8935771024109567,OK
2024-11-05 05:25:00,-2.7433385107999406,OK
2024-11-05 05:30:00,-2.188668593335049,OK
2024-11-05 05:35:00,-2.9595435011961,OK
2024-11-05 05:40:00,-3.094450486502924,OK
2024-11-05 05:45:00,-2.299017049067236,OK
2024-11-05 05:50:00,-2.5317626912396816,OK
2024-11-05 05:55:00,-2.3985822447061693,OK
2024-11-05 06:00:00,-2.932129417558569,OK
2024-11-05 06:05:00,-2.7382587200204274,OK
2024-11-05 06:10:00,-3.4209930262825576,OK
2024-11-05 06:15:00,-2.267309600348219,OK
2024-11-05 06:20:00,-2.31204913565354,OK
2024-11-05 06:25:00,-3.146439605200284,OK
2024-11-05 06:30:00,-2.632687119765455,OK
2024-11-05 06:35:00,-2.2905056278832934,OK
2024-11-05 06:40:00,-2.9688214780343047,OK
2024-11-05 06:45:00,-2.6262110061623516,OK
2024-11-05 06:50:00,-3.1788586720438436,OK
2024-11-05 06:55:00,-3.041687430383252,OK
2024-11-05 07:00:00,-1.8914835306357962,OK
2024-11-05 07:05:00,-2.6489805749604365,OK
2024-11-05 07:10:00,-2.5381200143669287,OK
2024-11-05 07:15:00,-2.642983860688939,OK
2024-11-05 07:20:00,-2.4638313058437937,OK
2024-11-05 07:25:00,-2.3621638901743123,OK
2024-11-05 07:30:00,-2.6504814527400002,OK
2024-11-05 07:35:00,-2.1313079017320753,OK
2024-11-05 07:40:00,-2.0799124604994796,OK
2024-11-05 07:45:00,-2.0330937492196197,OK
2024-11-05 07:50:00,-1.6463660113392604,OK
2024-11-05 07:55:00,-1.5746821926670058,OK
2024-11-05 08:00:00,-2.0810035843216657,OK
2024-11-05 08:05:00,-2.9999342709791543,OK
2024-11-05 08:10:00,-1.3838905082910375,OK
2024-11-05 08:15:00,-2.2049099690223093,OK
2024-11-05 08:20:00,-1.1951981433522048,OK
2024-11-05 08:25:00,-1.4172489563461568,OK
2024-11-05 08:30:00,-2.2877757296836285,OK
2024-11-05 08:35:00,-1.7633701709925937,OK
2024-11-05 08:40:00,-1.4657826201678885,OK
2024-11-05 08:45:00,-1.585593716365072,OK
2024-11-05 08:50:00,-1.6010178588747388,OK
2024-11-05 08:55:00,-1.0394118487356154,OK
2024-11-05 09:00:00,-1.1286119901448832,OK
2024-11-05 09:05:00,-0.22681259077120738,OK
2024-11-05 09:10:00,-0.350940636366039,OK
2024-11-05 09:15:00,-1.3620238619069014,OK
2024-11-05 09:20:00,-1.1301711530581524,OK
2024-11-05 09:25:00,-1.9884986213183693,OK
2024-11-05 09:30:00,-0.5138424393974994,OK
2024-11-05 09:35:00,-0.3055321141780543,OK
2024-11-05 09:40:00,-0.7640237154889258,OK
2024-11-05 09:45:00,-1.3574120162211676,OK
2024-11-05 09:50:00,-0.7788670697067157,OK
2024-11-05 09:55:00,-0.17708650399834228,OK
2024-11-05 10:00:00,-0.06639199315445213,OK
2024-11-05 10:05:00,-0.5063374235592686,OK
2024-11-05 10:10:00,-0.2543394586694453,OK
2024-11-05 10:15:00,-0.1659231104551634,OK
2024-11-05 10:20:00,-0.07011549997286082,OK
2024-11-05 10:25:00,0.07399319819083577,OK
2024-11-05 10:30:00,0.060938692002632466,OK
2024-11-05 10:35:00,1.3241990565711401,OK
2024-11-05 10:40:00,0.4650320116180085,OK
2024-11-05 10:45:00,0.3989454938799399,OK
2024-11-05 10:50:00,0.3355765662146062,OK
2024-11-05 10:55:00,0.10094491490990914,OK
2024-11-05 11:00:00,0.2769658706165101,OK
2024-11-05 11:05:00,0.3843580040002934,OK
2024-11-05 11:10:00,0.18798116054642997,OK
2024-11-05 11:15:00,0.8811924375433329,OK
2024-11-05 11:20:00,1.2009572648644369,OK
2024-11-05 11:25:00,0.9647375024339435,OK
2024-11-05 11:30:00,1.4239122736857424,OK
2024-11-05 11:35:00,1.6718259690594746,OK
2024-11-05 11:40:00,1.1832960477824912,OK
2024-11-05 11:45:00,1.1135417610128004,OK
2024-11-05 11:50:00,1.2132960098168395,OK
2024-11-05 11:55:00,1.507961302342456,OK
2024-11-05 12:00:00,1.7521474285812926,OK
2024-11-05 12:05:00,1.5125137768588839,OK
2024-11-05 12:10:00,0.8422853648181559,OK
2024-11-05 12:15:00,1.1012216780909285,OK
2024-11-05 12:20:00,1.6602565784696508,OK
2024-11-05 12:25:00,1.7399497400901531,OK
2024-11-05 12:30:00,1.6883913712957668,OK
2024-11-05 12:35:00,2.2859849367778056,OK
2024-11-05 12:40:00,2.140711062910548,OK
2024-11-05 12:45:00,2.380652587597124,OK
2024-11-05 12:50:00,1.6351418469838381,OK
2024-11-05 12:55:00,2.02219877039638,OK
2024-11-05 13:00:00,2.435697588012628,OK
2024-11-05 13:05:00,3.029689142738079,OK
2024-11-05 13:10:00,1.9928137969185267,OK
2024-11-05 13:15:00,2.8210810939838256,OK
2024-11-05 13:20:00,2.375000985141865,OK
2024-11-05 13:25:00,2.4355548695707836,OK
2024-11-05 13:30:00,2.815477794929429,OK
2024-11-05 13:35:00,2.543217693249281,OK
2024-11-05 13:40:00,2.805895808946702,OK
2024-11-05 13:45:00,2.489537635028104,OK
2024-11-05 13:50:00,2.202358414342746,OK
2024-11-05 13:55:00,3.150466912194321,OK
2024-11-05 14:00:00,2.565436459690767,OK
2024-11-05 14:05:00,2.7591579281496976,OK
2024-11-05 14:10:00,3.497278619999016,OK
2024-11-05 14:15:00,3.4293777441024353,OK
2024-11-05 14:20:00,4.077374294493652,OK
2024-11-05 14:25:00,3.352672596319896,OK
2024-11-05 14:30:00,3.61919517492292,OK
2024-11-05 14:35:00,4.053759848723236,OK
2024-11-05 14:40:00,4.055323304372352,OK
2024-11-05 14:45:00,3.9708841956615846,OK
2024-11-05 14:50:00,3.6186335144735833,OK
2024-11-05 14:55:00,4.1077809497403575,OK
2024-11-05 15:00:00,4.017421500964701,OK
2024-11-05 15:05:00,4.0021817653623675,OK
2024-11-05 15:10:00,4.056013105016717,OK
2024-11-05 15:15:00,4.909155610255878,OK
2024-11-05 15:20:00,4.783306444408051,OK
2024-11-05 15:25:00,4.303388365456077,OK
2024-11-05 15:30:00,4.806479536452942,OK
2024-11-05 15:35:00,4.394614154342214,OK
2024-11-05 15:40:00,4.7959724688546865,OK
2024-11-05 15:45:00,4.455552064967603,OK
2024-11-05 15:50:00,5.0216508449530375,OK
2024-11-05 15:55:00,3.8766666476475975,OK
2024-11-05 16:00:00,5.081565401205085,OK
2024-11-05 16:05:00,4.780369827015908,OK
2024-11-05 16:10:00,5.599990122416645,OK
2024-11-05 16:15:00,5.619252274168359,OK
2024-11-05 16:20:00,4.781975191151187,OK
2024-11-05 16:25:00,4.8498837735046445,OK
2024-11-05 16:30:00,5.40098314912432,OK
2024-11-05 16:35:00,5.891124014653538,OK
2024-11-05 16:40:00,5.257862361913812,OK
2024-11-05 16:45:00,5.63068770448836,OK
2024-11-05 16:50:00,5.273645764199182,OK
2024-11-05 16:55:00,5.191362323452574,OK
2024-11-05 17:00:00,5.109416940815977,OK
2024-11-05 17:05:00,5.752056958925439,OK
2024-11-05 17:10:00,5.766564647619455,OK
2024-11-05 17:15:00,5.55753249629957,OK
2024-11-05 17:20:00,5.2227588831272715,OK
2024-11-05 17:25:00,5.575008164834434,OK
2024-11-05 17:30:00,4.683117980426522,OK
2024-11-05 17:35:00,5.135359107754496,OK
2024-11-05 17:40:00,5.5411441257735925,OK
2024-11-05 17:45:00,5.0947998552849825,OK
2024-11-05 17:50:00,5.184611635050191,OK
2024-11-05 17:55:00,5.316790873668149,OK
2024-11-05 18:00:00,5.681275925671317,OK
2024-11-05 18:05:00,6.506006486649404,OK
2024-11-05 18:10:00,5.368100764249527,OK
2024-11-05 18:15:00,5.240721354884604,OK
2024-11-05 18:20:00,5.430088811966698,OK
2024-11-05 18:25:00,4.8266611304820595,OK
2024-11-05 18:30:00,4.963784732901659,OK
2024-11-05 18:35:00,5.637685661448801,OK
2024-11-05 18:40:00,4.989351860567087,OK
2024-11-05 18:45:00,5.593599884819983,OK
2024-11-05 18:50:00,5.773518933379522,OK
2024-11-05 18:55:00,5.264920494234475,OK
2024-11-05 19:00:00,5.463734124616705,OK
2024-11-05 19:05:00,5.508426721557313,OK
2024-11-05 19:10:00,5.353096617800151,OK
2024-11-05 19:15:00,4.958754544552662,OK
2024-11-05 19:20:00,5.384637654038981,OK
2024-11-05 19:25:00,4.985652955245394,OK
2024-11-05 19:30:00,5.06196411102916,OK
2024-11-05 19:35:00,5.351075431353697,OK
2024-11-05 19:40:00,5.1471219770625485,OK
2024-11-05 19:45:00,4.599694101402042,OK
2024-11-05 19:50:00,4.165777938092805,OK
2024-11-05 19:55:00,4.491221557322908,OK
2024-11-05 20:00:00,5.148967749213576,OK
2024-11-05 20:05:00,5.178177677075878,OK
2024-11-05 20:10:00,4.961580325742963,OK
2024-11-05 20:15:00,3.880653485874448,OK
2024-11-05 20:20:00,4.802710725449776,OK
2024-11-05 20:25:00,4.907432811926445,OK
2024-11-05 20:30:00,4.441325373396759,OK
2024-11-05 20:35:00,3.9460535325218804,OK
2024-11-05 20:40:00,4.712137791524658,OK
2024-11-05 20:45:00,2.7440353141286704,OK
2024-11-05 20:50:00,4.282140869149071,OK
2024-11-05 20:55:00,4.4407256446056245,OK
2024-11-05 21:00:00,3.875341489707312,OK
2024-11-05 21:05:00,4.514497954814187,OK
2024-11-05 21:10:00,3.1820613074971154,OK
2024-11-05 21:15:00,3.3707317097103413,OK
2024-11-05 21:20:00,4.315776917074024,OK
2024-11-05 21:25:00,4.265956535523426,OK
2024-11-05 21:30:00,3.345779352145389,OK
2024-11-05 21:35:00,3.2483824522155444,OK
2024-11-05 21:40:00,3.492440730643599,OK
2024-11-05 21:45:00,3.77795986351924,OK
2024-11-05 21:50:00,3.1693258512872653,OK
2024-11-05 21:55:00,3.7194402769238657,OK
2024-11-05 22:00:00,3.7619793285870426,OK
2024-11-05 22:05:00,3.622400233932092,OK
2024-11-05 22:10:00,4.380435662217742,OK
2024-11-05 22:15:00,3.015933814168394,OK
2024-11-05 22:20:00,3.3335858742537505,OK
2024-11-05 22:25:00,3.6078945002292606,OK
2024-11-05 22:30:00,3.0562898808739565,OK
2024-11-05 22:35:00,3.046543107924619,OK
2024-11-05 22:40:00,3.021076634557895,OK
2024-11-05 22:45:00,2.183264847992546,OK
2024-11-05 22:50:00,3.473489238819034,OK
2024-11-05 22:55:00,3.7363221828904396,OK
2024-11-05 23:00:00,2.614298717751928,OK
2024-11-05 23:05:00,2.340144157103397,OK
2024-11-05 23:10:00,2.7769641391217346,OK
2024-11-05 23:15:00,2.567300333960845,OK
2024-11-05 23:20:00,2.3351991683638467,OK
2024-11-05 23:25:00,2.619974999205427,OK
2024-11-05 23:30:00,2.0623065451200007,OK
2024-11-05 23:35:00,1.8755026502666556,OK
2024-11-05 23:40:00,2.6352336728615584,OK
2024-11-05 23:45:00,1.6611234510595294,OK
2024-11-05 23:50:00,1.3998087708990248,OK
2024-11-05 23:55:00,2.8124680579609764,OK
2024-11-06 00:00:00,1.1625025693583395,OK
2024-11-06 00:05:00,1.398321942515125,OK
2024-11-06 00:10:00,0.9954560158198937,OK
2024-11-06 00:15:00,0.9101833678487827,OK
2024-11-06 00:20:00,1.0302270505237079,OK
2024-11-06 00:25:00,0.8124772762371972,OK
2024-11-06 00:30:00,1.7720746657659814,OK
2024-11-06 00:35:00,1.4972249394265813,OK
2024-11-06 00:40:00,1.385369538844486,OK
2024-11-06 00:45:00,-0.03808984722456876,OK
2024-11-06 00:50:00,1.3940521194452806,OK
2024-11-06 00:55:00,0.1040670352880616,OK
2024-11-06 01:00:00,1.1728292718458124,OK
2024-11-06 01:05:00,0.23371316714434254,OK
2024-11-06 01:10:00,0.3229009153300342,OK
2024-11-06 01:15:00,0.6237887642616843,OK
2024-11-06 01:20:00,0.7126129812794874,OK
2024-11-06 01:25:00,0.23205029109619968,OK
2024-11-06 01:30:00,0.22396909400747117,OK
2024-11-06 01:35:00,0.025367307575718867,OK
2024-11-06 01:40:00,-0.157190632527464,OK
2024-11-06 01:45:00,0.5129826436292454,OK
2024-11-06 01:50:00,0.5988040476267377,OK
2024-11-06 01:55:00,-0.09558580115547582,OK
2024-11-06 02:00:00,-0.07173302795119804,OK
2024-11-06 02:05:00,-0.3032630450939333,OK
2024-11-06 02:10:00,-0.5088865449314334,OK
2024-11-06 02:15:00,-0.8969293097887259,OK
2024-11-06 02:20:00,-0.4063328984994545,OK
2024-11-06 02:25:00,-0.5656283449113794,OK
2024-11-06 02:30:00,-0.6015449043159306,OK
2024-11-06 02:35:00,-0.5418113939129849,OK
2024-11-06 02:40:00,-0.6496065424347256,OK
2024-11-06 02:45:00,-0.9948222065235086,OK
2024-11-06 02:50:00,-1.0946032038715099,OK
2024-11-06 02:55:00,-0.944325130838174,OK
2024-11-06 03:00:00,-0.9314780575516864,OK
2024-11-06 03:05:00,-1.306189078008842,OK
2024-11-06 03:10:00,-1.4093922424301906,OK
2024-11-06 03:15:00,-0.43660995027320143,OK
2024-11-06 03:20:00,-0.8775168233445614,OK
2024-11-06 03:25:00,-1.1087369632263184,OK
2024-11-06 03:30:00,-1.1437790416353706,OK
2024-11-06 03:35:00,-1.6794534342271745,OK
2024-11-06 03:40:00,-1.733620720955134,OK
2024-11-06 03:45:00,-0.8374849357852062,OK
2024-11-06 03:50:00,-1.0987156053367328,OK
2024-11-06 03:55:00,-1.5644653237035369,OK
2024-11-06 04:00:00,-1.4059617208109052,OK
2024-11-06 04:05:00,-1.6598119276868162,OK
2024-11-06 04:10:00,-2.0910835791356273,OK
2024-11-06 04:15:00,-1.8113463377313526,OK
2024-11-06 04:20:00,-2.5329012305682346,OK
2024-11-06 04:25:00,-1.2086453118677236,OK
2024-11-06 04:30:00,-2.046081697216547,OK
2024-11-06 04:35:00,-2.810698710036602,OK
2024-11-06 04:40:00,-2.4779958942204794,OK
2024-11-06 04:45:00,-2.3808177921908054,OK
2024-11-06 04:50:00,-2.2300748564189905,OK
2024-11-06 04:55:00,-2.574490594186283,OK
2024-11-06 05:00:00,-1.9111975705016415,OK
2024-11-06 05:05:00,-2.0369023971584266,OK
2024-11-06 05:10:00,-2.3410516196334177,OK
2024-11-06 05:15:00,-1.776550243915029,OK
2024-11-06 05:20:00,-2.0978154013932353,OK
2024-11-06 05:25:00,-2.736107511232331,OK
2024-11-06 05:30:00,-2.76817486807803,OK
2024-11-06 05:35:00,-1.8724832889760419,OK
2024-11-06 05:40:00,-2.919833290045684,OK
2024-11-06 05:45:00,-2.2381065061949554,OK
2024-11-06 05:50:00,-1.9982769895564867,OK
2024-11-06 05:55:00,-2.0246241814663444,OK
2024-11-06 06:00:00,-2.3667158990364365,OK
2024-11-06 06:05:00,-2.3349603339521536,OK
2024-11-06 06:10:00,-2.685760995982382,OK
2024-11-06 06:15:00,-1.6099924762084936,OK
2024-11-06 06:20:00,-2.930141415782665,OK
2024-11-06 06:25:00,-2.7426840370183663,OK
2024-11-06 06:30:00,-2.7439006833092163,OK
2024-11-06 06:35:00,-2.148458404550618,OK
2024-11-06 06:40:00,-1.9706641190036365,OK
2024-11-06 06:45:00,-2.369395138565704,OK
2024-11-06 06:50:00,-3.0534006778668434,OK
2024-11-06 06:55:00,-2.337612879604833,OK
2024-11-06 07:00:00,-2.8706964968334985,OK
2024-11-06 07:05:00,-2.373421600325584,OK
2024-11-06 07:10:00,-2.145776550536728,OK
2024-11-06 07:15:00,-2.414140262875831,OK
2024-11-06 07:20:00,-2.5417094120533927,OK
2024-11-06 07:25:00,-2.7063951984164194,OK
2024-11-06 07:30:00,-2.4391294596475737,OK
2024-11-06 07:35:00,-2.3430233217361525,OK
2024-11-06 07:40:00,-2.337791243730088,OK
2024-11-06 07:45:00,-2.5665251876649746,OK
2024-11-06 07:50:00,-2.3375880626679666,OK
2024-11-06 07:55:00,-2.5699648148045564,OK
2024-11-06 08:00:00,-1.599270568270777,OK
2024-11-06 08:05:00,-1.9173132082951545,OK
2024-11-06 08:10:00,-2.032774314757365,OK
2024-11-06 08:15:00,-1.4342405059743142,OK
2024-11-06 08:20:00,-1.8298126008369677,OK
2024-11-06 08:25:00,-1.388709013212913,OK
2024-11-06 08:30:00,-2.2464437664254118,OK
2024-11-06 08:35:00,-2.062729545645053,OK
2024-11-06 08:40:00,-2.124501355603882,OK
2024-11-06 08:45:00,-1.3936069562627917,OK
2024-11-06 08:50:00,-0.9573167036191274,OK
2024-11-06 08:55:00,-1.9858043855208636,OK
2024-11-06 09:00:00,-1.8604750046230538,OK
2024-11-06 09:05:00,-1.550444220976495,OK
2024-11-06 09:10:00,-1.5494693127807073,OK
2024-11-06 09:15:00,-1.7740709207176644,OK
2024-11-06 09:20:00,-1.3478755523048238,OK
2024-11-06 09:25:00,-0.7773963326363,OK
2024-11-06 09:30:00,-0.8793391142516611,OK
2024-11-06 09:35:00,-0.5616995687865944,OK
2024-11-06 09:40:00,-1.6418583447848119,OK
2024-11-06 09:45:00,-0.9313702440951003,OK
2024-11-06 09:50:00,-0.974022989486334,OK
2024-11-06 09:55:00,-1.1455351361305788,OK
2024-11-06 10:00:00,-0.0696982676979715,OK
2024-11-06 10:05:00,-1.495588275496273,OK
2024-11-06 10:10:00,-0.6645810593603216,OK
2024-11-06 10:15:00,-0.4438523267139556,OK
2024-11-06 10:20:00,-1.100673737798533,OK
2024-11-06 10:25:00,-1.4430112996469198,OK
2024-11-06 10:30:00,-0.7168500450856609,OK
2024-11-06 10:35:00,-0.26576964179706364,OK
2024-11-06 10:40:00,-0.4594843728804134,OK
2024-11-06 10:45:00,-0.2117028530051414,OK
2024-11-06 10:50:00,-0.3803964592214569,OK
2024-11-06 10:55:00,0.29578318253086094,OK
2024-11-06 11:00:00,-0.22215303859458307,OK
2024-11-06 11:05:00,0.18323890921227057,OK
2024-11-06 11:10:00,0.5500524504574044,OK
2024-11-06 11:15:00,0.8909738237750761,OK
2024-11-06 11:20:00,-0.24788168054169513,OK
2024-11-06 11:25:00,-0.20861896047767317,OK
2024-11-06 11:30:00,-0.1518148784694016,OK
2024-11-06 11:35:00,0.3481875814343305,OK
2024-11-06 11:40:00,0.6108048206023539,OK
2024-11-06 11:45:00,-0.1325252471255869,OK
2024-11-06 11:50:00,0.8995967304734022,OK
2024-11-06 11:55:00,0.5160094555825058,OK
2024-11-06 12:00:00,1.234833251953131,OK
2024-11-06 12:05:00,1.4314730532948299,OK
2024-11-06 12:10:00,0.8049937890400345,OK
2024-11-06 12:15:00,0.5208215630640778,OK
2024-11-06 12:20:00,1.1095298409340597,OK
2024-11-06 12:25:00,0.9530563995624453,OK
2024-11-06 12:30:00,0.8391011234896553,OK
2024-11-06 12:35:00,1.062442485688985,OK
2024-11-06 12:40:00,2.0609001602420705,OK
2024-11-06 12:45:00,0.9592480474841869,OK
2024-11-06 12:50:00,1.2245127868215504,OK
2024-11-06 12:55:00,1.912143329676604,OK
2024-11-06 13:00:00,1.8552783640107757,OK
2024-11-06 13:05:00,0.7854223055701502,OK
2024-11-06 13:10:00,1.7041178623394393,OK
2024-11-06 13:15:00,1.4961338001310165,OK
2024-11-06 13:20:00,2.0658012632338414,OK
2024-11-06 13:25:00,2.0948187886903025,OK
2024-11-06 13:30:00,1.4485541463370533,OK
2024-11-06 13:35:00,2.117380173958679,OK
2024-11-06 13:40:00,2.46167740964743,OK
2024-11-06 13:45:00,2.203417242906122,OK
2024-11-06 13:50:00,3.0075737439179573,OK
2024-11-06 13:55:00,2.1186471052010787,OK
2024-11-06 14:00:00,2.420029633227245,OK
2024-11-06 14:05:00,2.5651349229043525,OK
2024-11-06 14:10:00,3.2993221327532143,OK
2024-11-06 14:15:00,2.7308215739120203,OK
2024-11-06 14:20:00,2.8765532145602806,OK
2024-11-06 14:25:00,2.6988506909287246,OK
2024-11-06 14:30:00,3.4264657035727812,OK
2024-11-06 14:35:00,2.5728104531648324,OK
2024-11-06 14:40:00,2.734509302644752,OK
2024-11-06 14:45:00,2.787022250210097,OK
2024-11-06 14:50:00,3.481780360582473,OK
2024-11-06 14:55:00,3.397405263615682,OK
2024-11-06 15:00:00,2.664832154887118,OK
2024-11-06 15:05:00,4.41780950700661,OK
2024-11-06 15:10:00,3.4744067944861885,OK
2024-11-06 15:15:00,3.9241501065545896,OK
2024-11-06 15:20:00,3.347835180220653,OK
2024-11-06 15:25:00,4.755205397388079,OK
2024-11-06 15:30:00,3.783495546186538,OK
2024-11-06 15:35:00,4.397906932017532,OK
2024-11-06 15:40:00,3.6332587503979443,OK
2024-11-06 15:45:00,4.894132742355848,OK
2024-11-06 15:50:00,4.04981416273251,OK
2024-11-06 15:55:00,4.612711185315479,OK
2024-11-06 16:00:00,4.403123517875757,OK
2024-11-06 16:05:00,4.065781070355462,OK
2024-11-06 16:10:00,4.609700661128823,OK
2024-11-06 16:15:00,4.920399575226241,OK
2024-11-06 16:20:00,4.958710939184558,OK
2024-11-06 16:25:00,4.277176509799217,OK
2024-11-06 16:30:00,4.445606792421108,OK
2024-11-06 16:35:00,4.382885203125581,OK
2024-11-06 16:40:00,3.9596431194600057,OK
2024-11-06 16:45:00,4.810346166298597,OK
2024-11-06 16:50:00,4.343357982624724,OK
2024-11-06 16:55:00,4.593394241625113,OK
2024-11-06 17:00:00,4.796169709261729,OK
2024-11-06 17:05:00,3.891657822873189,OK
2024-11-06 17:10:00,4.350110665418642,OK
2024-11-06 17:15:00,4.676638716737992,OK
2024-11-06 17:20:00,4.342581019217503,OK
2024-11-06 17:25:00,5.466381428100074,OK
2024-11-06 17:30:00,5.128660867935092,OK
2024-11-06 17:35:00,4.802160027730271,OK
2024-11-06 17:40:00,4.973740164352186,OK
2024-11-06 17:45:00,3.955845237463418,OK
2024-11-06 17:50:00,5.236417928065737,OK
2024-11-06 17:55:00,4.379007396308148,OK
2024-11-06 18:00:00,4.353209067975299,OK
2024-11-06 18:05:00,4.7039960549108955,OK
2024-11-06 18:10:00,4.115858004077537,OK
2024-11-06 18:15:00,4.450402891561099,OK
2024-11-06 18:20:00,4.739388996492438,OK
2024-11-06 18:25:00,4.5126478927374585,OK
2024-11-06 18:30:00,3.811587130089118,OK
2024-11-06 18:35:00,4.767032170867431,OK
2024-11-06 18:40:00,4.871645699783243,OK
2024-11-06 18:45:00,4.50417106194442,OK
2024-11-06 18:50:00,3.8729537251395154,OK
2024-11-06 18:55:00,5.2034601144786565,OK
2024-11-06 19:00:00,4.561131506029859,OK
2024-11-06 19:05:00,4.590837849421517,OK
2024-11-06 19:10:00,4.45419579130322,OK
2024-11-06 19:15:00,4.579063975416085,OK
2024-11-06 19:20:00,4.200446187181814,OK
2024-11-06 19:25:00,4.495443590413377,OK
2024-11-06 19:30:00,4.68578207167632,OK
2024-11-06 19:35:00,4.364035922374386,OK
2024-11-06 19:40:00,3.8675726130941013,OK
2024-11-06 19:45:00,4.1509516469881165,OK
2024-11-06 19:50:00,4.58001486551464,OK
2024-11-06 19:55:00,3.4465681451668493,OK
2024-11-06 20:00:00,3.723911335116849,OK
2024-11-06 20:05:00,3.4075577108761976,OK
2024-11-06 20:10:00,3.808657958753134,OK
2024-11-06 20:15:00,3.671407336174934,OK
2024-11-06 20:20:00,3.874764715750438,OK
2024-11-06 20:25:00,4.090461303501673,OK
2024-11-06 20:30:00,3.1198468639775214,OK
2024-11-06 20:35:00,4.281811404222174,OK
2024-11-06 20:40:00,3.270255468227937,OK
2024-11-06 20:45:00,3.429908945561594,OK
2024-11-06 20:50:00,3.647669137914338,OK
2024-11-06 20:55:00,3.6880981074886257,OK
2024-11-06 21:00:00,3.554259756223397,OK
2024-11-06 21:05:00,3.30817263118919,OK
2024-11-06 21:10:00,3.7768301191489737,OK
2024-11-06 21:15:00,3.3679626947978765,OK
2024-11-06 21:20:00,2.906876443261061,OK
2024-11-06 21:25:00,2.0552446502589796,OK
2024-11-06 21:30:00,2.583505623649798,OK
2024-11-06 21:35:00,2.834061707194213,OK
2024-11-06 21:40:00,2.0134583101853405,OK
2024-11-06 21:45:00,3.1574886913400557,OK
2024-11-06 21:50:00,2.678966457971676,OK
2024-11-06 21:55:00,2.5044753574184013,OK
2024-11-06 22:00:00,2.462322157862105,OK
2024-11-06 22:05:00,2.1309243166343794,OK
2024-11-06 22:10:00,1.6815950457005153,OK
2024-11-06 22:15:00,2.770255342308453,OK
2024-11-06 22:20:00,1.0956809265909229,OK
2024-11-06 22:25:00,1.708416560296024,OK
2024-11-06 22:30:00,2.1128935165989304,OK
2024-11-06 22:35:00,2.1823381962408908,OK
2024-11-06 22:40:00,1.88102554203331,OK
2024-11-06 22:45:00,1.5541249125858267,OK
2024-11-06 22:50:00,1.7274213925054933,OK
2024-11-06 22:55:00,1.282727236579295,OK
2024-11-06 23:00:00,1.1277093876947768,OK
2024-11-06 23:05:00,0.6850388207697665,OK
2024-11-06 23:10:00,1.8069521954337533,OK
2024-11-06 23:15:00,0.9794538121228751,OK
2024-11-06 23:20:00,0.9197495475338392,OK
2024-11-06 23:25:00,0.26375236725860735,OK
2024-11-06 23:30:00,0.2926508903483618,OK
2024-11-06 23:35:00,0.7098978180902366,OK
2024-11-06 23:40:00,0.3160271229064867,OK
2024-11-06 23:45:00,0.82857084903779,OK
2024-11-06 23:50:00,0.046155305391775814,OK
2024-11-06 23:55:00,0.43322895224492675,OK
2024-11-07 00:00:00,-0.28152613116131814,OK
2024-11-07 00:05:00,0.252709535725521,OK
2024-11-07 00:10:00,0.22782427742757708,OK
2024-11-07 00:15:00,0.09408638865708074,OK
2024-11-07 00:20:00,-0.5890900894589548,OK
2024-11-07 00:25:00,-0.47314283186777406,OK
2024-11-07 00:30:00,-0.5862013928187743,OK
2024-11-07 00:35:00,-0.38382544007844316,OK
2024-11-07 00:40:00,-1.3385804355155249,OK
2024-11-07 00:45:00,-1.381658640099596,OK
2024-11-07 00:50:00,0.27188255026811253,OK
2024-11-07 00:55:00,-0.6806672568096341,OK
2024-11-07 01:00:00,-1.7907909906045012,OK
2024-11-07 01:05:00,-1.2996179551306375,OK
2024-11-07 01:10:00,-1.3289465235537912,OK
2024-11-07 01:15:00,-1.0306799428208022,OK
2024-11-07 01:20:00,-0.8893160257880783,OK
2024-11-07 01:25:00,-1.726169881421915,OK
2024-11-07 01:30:00,-2.187830285144143,OK
2024-11-07 01:35:00,-1.270052208653675,OK
2024-11-07 01:40:00,-1.897256783338103,OK
2024-11-07 01:45:00,-2.0847517748402553,OK
2024-11-07 01:50:00,-2.36843027354839,OK
2024-11-07 01:55:00,-2.6834833837404526,OK
2024-11-07 02:00:00,-2.3495352108181735,OK
2024-11-07 02:05:00,-1.829611779321246,OK
2024-11-07 02:10:00,-1.809316276149726,OK
2024-11-07 02:15:00,-2.742347568655668,OK
2024-11-07 02:20:00,-3.3813980826563013,OK
2024-11-07 02:25:00,-3.4089631359461667,OK
2024-11-07 02:30:00,-2.1787429282148336,OK
2024-11-07 02:35:00,-2.3673696303310248,OK
2024-11-07 02:40:00,-2.2540378086257045,OK
2024-11-07 02:45:00,-3.2641782151196193,OK
2024-11-07 02:50:00,-2.8281147909713775,OK
2024-11-07 02:55:00,-2.733434392314,OK
2024-11-07 03:00:00,-3.014191788600459,OK
2024-11-07 03:05:00,-3.0847449102393663,OK
2024-11-07 03:10:00,-3.152434117861189,OK
2024-11-07 03:15:00,-3.115036762746662,OK
2024-11-07 03:20:00,-3.1149973083829825,OK
2024-11-07 03:25:00,-3.0127113912718118,OK
2024-11-07 03:30:00,-4.175918135435702,OK
2024-11-07 03:35:00,-3.385832734341857,OK
2024-11-07 03:40:00,-3.408620927718722,OK
2024-11-07 03:45:00,-3.2006044076580453,OK
2024-11-07 03:50:00,-2.7727176330742602,OK
2024-11-07 03:55:00,-3.484943564277846,OK
2024-11-07 04:00:00,-3.964800829336028,OK
2024-11-07 04:05:00,-4.117399837103306,OK
2024-11-07 04:10:00,-3.5752068534978454,OK
2024-11-07 04:15:00,-4.061588632147956,OK
2024-11-07 04:20:00,-3.2084346572561153,OK
2024-11-07 04:25:00,-3.9685282169691334,OK
2024-11-07 04:30:00,-2.9922523134980947,OK
2024-11-07 04:35:00,-3.8581818700395543,OK
2024-11-07 04:40:00,-3.4216167727590134,OK
2024-11-07 04:45:00,-3.5010473159136777,OK
2024-11-07 04:50:00,-3.1841444273476514,OK
2024-11-07 04:55:00,-3.7395221794367344,OK
2024-11-07 05:00:00,-3.1104307757226026,OK
2024-11-07 05:05:00,-3.878656900530275,OK
2024-11-07 05:10:00,-4.578119883084131,OK
2024-11-07 05:15:00,-4.144657669445427,OK
2024-11-07 05:20:00,-4.192026699369137,OK
2024-11-07 05:25:00,-4.01257155192237,OK
2024-11-07 05:30:00,-4.003148696836983,OK
2024-11-07 05:35:00,-4.330552710256389,OK
2024-11-07 05:40:00,-4.022203424725308,OK
2024-11-07 05:45:00,-3.989677815443952,OK
2024-11-07 05:50:00,-4.902744053901906,OK
2024-11-07 05:55:00,-4.68404779421974,OK
2024-11-07 06:00:00,-3.8664196476766506,OK
2024-11-07 06:05:00,-3.623375214311111,OK
2024-11-07 06:10:00,-4.364615195210262,OK
2024-11-07 06:15:00,-4.133643914587276,OK
2024-11-07 06:20:00,-4.475482086232741,OK
2024-11-07 06:25:00,-5.106339924547539,OK
2024-11-07 06:30:00,-4.479020500031835,OK
2024-11-07 06:35:00,-4.929656253220672,OK
2024-11-07 06:40:00,-4.423659052579796,OK
2024-11-07 06:45:00,-4.692751606007829,OK
2024-11-07 06:50:00,-3.9232669805065985,OK
2024-11-07 06:55:00,-3.9471706397344675,OK
2024-11-07 07:00:00,-3.95841049296991,OK
2024-11-07 07:05:00,-4.040295125080504,OK
2024-11-07 07:10:00,-3.77583905181162,OK
2024-11-07 07:15:00,-4.75787122311696,OK
2024-11-07 07:20:00,-4.332020762486389,OK
2024-11-07 07:25:00,-4.680626382322266,OK
2024-11-07 07:30:00,-3.5385665010115783,OK
2024-11-07 07:35:00,-4.234767948179578,OK
2024-11-07 07:40:00,-4.006041787970705,OK
2024-11-07 07:45:00,-4.231429362093519,OK
2024-11-07 07:50:00,-4.346555439572414,OK
2024-11-07 07:55:00,-4.207883471524339,OK
2024-11-07 08:00:00,-4.002619759679302,OK
2024-11-07 08:05:00,-3.590027397174168,OK
2024-11-07 08:10:00,-3.1862639414725353,OK
2024-11-07 08:15:00,-3.657786466522019,OK
2024-11-07 08:20:00,-4.018301246433103,OK
2024-11-07 08:25:00,-3.976864915542474,OK
2024-11-07 08:30:00,-2.9931254797523126,OK
2024-11-07 08:35:00,-3.737838934837363,OK
2024-11-07 08:40:00,-3.3593439854424663,OK
2024-11-07 08:45:00,-4.048505049551432,OK
2024-11-07 08:50:00,-3.787326367538646,OK
2024-11-07 08:55:00,-2.912602256528135,OK
2024-11-07 09:00:00,-2.852923127068964,OK
2024-11-07 09:05:00,-3.4611086801359696,OK
2024-11-07 09:10:00,-2.7102729374162293,OK
2024-11-07 09:15:00,-2.858451687717146,OK
2024-11-07 09:20:00,-2.9498586295609677,OK
2024-11-07 09:25:00,-3.5067270793209504,OK
2024-11-07 09:30:00,-2.5763771420187247,OK
2024-11-07 09:35:00,-2.6680821655950973,OK
2024-11-07 09:40:00,-2.8415562884386696,OK
2024-11-07 09:45:00,-2.2675449465325612,OK
2024-11-07 09:50:00,-2.4244168545346847,OK
2024-11-07 09:55:00,-2.8275509153628273,OK
2024-11-07 10:00:00,-1.9690907945957223,OK
2024-11-07 10:05:00,-3.122632816710354,OK
2024-11-07 10:10:00,-2.624497543456511,OK
2024-11-07 10:15:00,-1.8791802099716295,OK
2024-11-07 10:20:00,-1.222844558984107,OK
2024-11-07 10:25:00,-2.564542955945215,OK
2024-11-07 10:30:00,-1.6955990468141924,OK
2024-11-07 10:35:00,-2.477323299141535,OK
2024-11-07 10:40:00,-1.8222374045410878,OK
2024-11-07 10:45:00,-1.1014064250030886,OK
2024-11-07 10:50:00,-1.5403038020467814,OK
2024-11-07 10:55:00,-0.7971405487251493,OK
2024-11-07 11:00:00,-1.475654386852046,OK
2024-11-07 11:05:00,-2.1130374492084067,OK
2024-11-07 11:10:00,-1.181667582912296,OK
2024-11-07 11:15:00,-1.3661142290447086,OK
2024-11-07 11:20:00,-0.7319250812138733,OK
2024-11-07 11:25:00,-0.6895932610950348,OK
2024-11-07 11:30:00,-0.8058310953623877,OK
2024-11-07 11:35:00,-0.648860699208151,OK
2024-11-07 11:40:00,-0.6942315036671531,OK
2024-11-07 11:45:00,-1.3336730355053876,OK
2024-11-07 11:50:00,-0.2143918315309347,OK
2024-11-07 11:55:00,-0.13807179967460728,OK
2024-11-07 12:00:00,-0.2681515918918217,OK
2024-11-07 12:05:00,-0.8107094049977117,OK
2024-11-07 12:10:00,0.3003546174468975,OK
2024-11-07 12:15:00,-0.7513813208694209,OK
2024-11-07 12:20:00,-0.7434277680888894,OK
2024-11-07 12:25:00,0.3826611969342741,OK
2024-11-07 12:30:00,-0.6789192530876151,OK
2024-11-07 12:35:00,-0.24150228077162042,OK
2024-11-07 12:40:00,-0.13371794262583453,OK
2024-11-07 12:45:00,0.864905187806214,OK
2024-11-07 12:50:00,0.784325445673883,OK
2024-11-07 12:55:00,1.0726789514518593,OK
2024-11-07 13:00:00,0.9271587762582332,OK
2024-11-07 13:05:00,0.4573535537066127,OK
2024-11-07 13:10:00,0.27993093144019865,OK
2024-11-07 13:15:00,1.2986108271899175,OK
2024-11-07 13:20:00,0.4083787271963847,OK
2024-11-07 13:25:00,1.7107286312321521,OK
2024-11-07 13:30:00,1.4667830755879843,OK
2024-11-07 13:35:00,0.28901692369346826,OK
2024-11-07 13:40:00,0.5259940668923625,OK
2024-11-07 13:45:00,1.12537810342676,OK
2024-11-07 13:50:00,1.1217837410224503,OK
2024-11-07 13:55:00,1.253139450021032,OK
2024-11-07 14:00:00,0.7002277653328066,OK
2024-11-07 14:05:00,1.0000281643382092,OK
2024-11-07 14:10:00,2.1317025590637697,OK
2024-11-07 14:15:00,1.3079220946414873,OK
2024-11-07 14:20:00,1.3854287450110185,OK
2024-11-07 14:25:00,1.5914114370351826,OK
2024-11-07 14:30:00,1.8362804333087581,OK
2024-11-07 14:35:00,2.1383771012545463,OK
2024-11-07 14:40:00,2.144044985909901,OK
2024-11-07 14:45:00,1.8325912419054957,OK
2024-11-07 14:50:00,1.4358957349083359,OK
2024-11-07 14:55:00,1.945251022766688,OK
2024-11-07 15:00:00,3.1801587515854837,OK
2024-11-07 15:05:00,2.5207722380553,OK
2024-11-07 15:10:00,0.9959025387597357,OK
2024-11-07 15:15:00,1.467940208224611,OK
2024-11-07 15:20:00,2.395982326350054,OK
2024-11-07 15:25:00,2.50226379906092,OK
2024-11-07 15:30:00,2.841469658300467,OK
2024-11-07 15:35:00,1.491881561710415,OK
2024-11-07 15:40:00,2.4856578425907707,OK
2024-11-07 15:45:00,2.7191525806171395,OK
2024-11-07 15:50:00,2.410370952163651,OK
2024-11-07 15:55:00,2.454849236562124,OK
2024-11-07 16:00:00,2.857851449320234,OK
2024-11-07 16:05:00,2.784273905779907,OK
2024-11-07 16:10:00,2.4466537463636646,OK
2024-11-07 16:15:00,3.178258660307138,OK
2024-11-07 16:20:00,3.1125838023318764,OK
2024-11-07 16:25:00,2.4324565835192904,OK
2024-11-07 16:30:00,3.2182549507153237,OK
2024-11-07 16:35:00,2.49507638518228,OK
2024-11-07 16:40:00,2.5287685469235073,OK
2024-11-07 16:45:00,2.675583666741641,OK
2024-11-07 16:50:00,3.302416362113492,OK
2024-11-07 16:55:00,2.298902727152719,OK
2024-11-07 17:00:00,2.962991565414608,OK
2024-11-07 17:05:00,2.6601509719853365,OK
2024-11-07 17:10:00,2.2722469116430286,OK
2024-11-07 17:15:00,2.0000899295025523,OK
2024-11-07 17:20:00,3.180221929938261,OK
2024-11-07 17:25:00,2.8669601301708805,OK
2024-11-07 17:30:00,2.919698952719766,OK
2024-11-07 17:35:00,1.9702464071300667,OK
2024-11-07 17:40:00,2.9369384685891196,OK
2024-11-07 17:45:00,2.775504317915104,OK
2024-11-07 17:50:00,3.512108261727957,OK
2024-11-07 17:55:00,2.386465053695728,OK
2024-11-07 18:00:00,2.6917080304907977,OK
2024-11-07 18:05:00,2.4018117653840467,OK
2024-11-07 18:10:00,2.0383561078633647,OK
2024-11-07 18:15:00,2.2645238837817687,OK
2024-11-07 18:20:00,2.583422938598522,OK
2024-11-07 18:25:00,1.3391674227572887,OK
2024-11-07 18:30:00,1.9823083400162855,OK
2024-11-07 18:35:00,1.6241785573551795,OK
2024-11-07 18:40:00,1.8406066948283004,OK
2024-11-07 18:45:00,2.058502840377715,OK
2024-11-07 18:50:00,2.085075848346559,OK
2024-11-07 18:55:00,1.6437717517459973,OK
2024-11-07 19:00:00,1.4390072015695905,OK
2024-11-07 19:05:00,1.5278612725110334,OK
2024-11-07 19:10:00,2.1362423599533242,OK
2024-11-07 19:15:00,1.9134767974861953,OK
2024-11-07 19:20:00,1.9493865036181064,OK
2024-11-07 19:25:00,1.7663041751221762,OK
2024-11-07 19:30:00,1.4826897286853868,OK
2024-11-07 19:35:00,1.144566027250589,OK
2024-11-07 19:40:00,2.108004706080729,OK
2024-11-07 19:45:00,2.265080100906639,OK
2024-11-07 19:50:00,1.6961908332719768,OK
2024-11-07 19:55:00,2.2087475721475007,OK
2024-11-07 20:00:00,1.4668868728118747,OK
2024-11-07 20:05:00,1.5479216544538632,OK
2024-11-07 20:10:00,1.5426928612440585,OK
2024-11-07 20:15:00,1.4026186591203538,OK
2024-11-07 20:20:00,2.2033857014658715,OK
2024-11-07 20:25:00,0.9923255226348706,OK
2024-11-07 20:30:00,1.1757567367616724,OK
2024-11-07 20:35:00,1.0897996397364031,OK
2024-11-07 20:40:00,0.9044554117334028,OK
2024-11-07 20:45:00,0.8369486439760084,OK
2024-11-07 20:50:00,1.2393605160881649,OK
2024-11-07 20:55:00,1.2089836056111483,OK
2024-11-07 21:00:00,0.4978777908928567,OK
2024-11-07 21:05:00,1.4780548973405685,OK
2024-11-07 21:10:00,1.1937752616061872,OK
2024-11-07 21:15:00,1.0584686414622142,OK
2024-11-07 21:20:00,0.45081132705960053,OK
2024-11-07 21:25:00,1.204456611786405,OK
2024-11-07 21:30:00,0.13291877627808604,OK
2024-11-07 21:35:00,0.3140221127405842,OK
2024-11-07 21:40:00,0.6762551657477511,OK
2024-11-07 21:45:00,0.5101971882135224,OK
2024-11-07 21:50:00,-0.3189006771689823,OK
2024-11-07 21:55:00,0.08031590557730242,OK
2024-11-07 22:00:00,-0.45484846430919446,OK
2024-11-07 22:05:00,-0.2608725671618392,OK
2024-11-07 22:10:00,-0.678093245342916,OK
2024-11-07 22:15:00,-0.8530210027038595,OK
2024-11-07 22:20:00,0.31016084383286924,OK
2024-11-07 22:25:00,-0.6508485578103418,OK
2024-11-07 22:30:00,0.11806002867102919,OK
2024-11-07 22:35:00,-0.1255153423471264,OK
2024-11-07 22:40:00,-0.5765512098213975,OK
2024-11-07 22:45:00,-0.0062918318898925185,OK
2024-11-07 22:50:00,-0.7319729187539779,OK
2024-11-07 22:55:00,-0.20806056229275083,OK
2024-11-07 23:00:00,-0.7602823945091077,OK
2024-11-07 23:05:00,-1.5956025292590381,OK
2024-11-07 23:10:00,-0.8246339570739947,OK
2024-11-07 23:15:00,-0.01647195716318761,OK
2024-11-07 23:20:00,-0.9213635301880946,OK
2024-11-07 23:25:00,-0.8832319218381809,OK
2024-11-07 23:30:00,-0.9628417287828671,OK
2024-11-07 23:35:00,-1.373232286593889,OK
2024-11-07 23:40:00,-1.6319385725663826,OK
2024-11-07 23:45:00,-0.8225768273799307,OK
2024-11-07 23:50:00,-1.7770253411094505,OK
2024-11-07 23:55:00,-1.1682721350141407,OK
2024-11-08 00:00:00,-1.1149536440635284,OK
2024-11-08 00:05:00,-1.4789366500757286,OK
2024-11-08 00:10:00,-1.735866945931469,OK
2024-11-08 00:15:00,-1.589905604541052,OK
2024-11-08 00:20:00,-2.426487894945926,OK
2024-11-08 00:25:00,-1.8463387262789857,OK
2024-11-08 00:30:00,-2.529451109075636,OK
2024-11-08 00:35:00,-1.8819086392838966,OK
2024-11-08 00:40:00,-1.5655921581946148,OK
2024-11-08 00:45:00,-2.087272103649196,OK
2024-11-08 00:50:00,-2.1508981111956795,OK
2024-11-08 00:55:00,-3.11834412886875,OK
2024-11-08 01:00:00,-3.1098739581560038,OK
2024-11-08 01:05:00,-2.984532149566895,OK
2024-11-08 01:10:00,-3.2706344723825835,OK
2024-11-08 01:15:00,-2.199202515337168,OK
2024-11-08 01:20:00,-2.66938594808732,OK
2024-11-08 01:25:00,-3.7657511089612337,OK
2024-11-08 01:30:00,-2.25124689376993,OK
2024-11-08 01:35:00,-3.360914435172258,OK
2024-11-08 01:40:00,-3.8713992850834362,OK
2024-11-08 01:45:00,-3.1337420638684117,OK
2024-11-08 01:50:00,-4.018915190595633,OK
2024-11-08 01:55:00,-3.3509643039051014,OK
2024-11-08 02:00:00,-3.872037470744332,OK
2024-11-08 02:05:00,-3.328170168631557,OK
2024-11-08 02:10:00,-3.4464559976514932,OK
2024-11-08 02:15:00,-4.139791934538602,OK
2024-11-08 02:20:00,-4.32191662275155,OK
2024-11-08 02:25:00,-3.3217766894322045,OK
2024-11-08 02:30:00,-3.5627848067903884,OK
2024-11-08 02:35:00,-3.943641234325009,OK
2024-11-08 02:40:00,-3.6193612543439184,OK
2024-11-08 02:45:00,-3.364184929517339,OK
2024-11-08 02:50:00,-3.9988093818864607,OK
2024-11-08 02:55:00,-4.805439828600107,OK
2024-11-08 03:00:00,-4.4325607620129555,OK
2024-11-08 03:05:00,-4.56396708111495,OK
2024-11-08 03:10:00,-4.589117397234045,OK
2024-11-08 03:15:00,-4.592627832733374,OK
2024-11-08 03:20:00,-4.528022475187679,OK
2024-11-08 03:25:00,-4.977409763979149,OK
2024-11-08 03:30:00,-4.623296871059366,OK
2024-11-08 03:35:00,-5.3272225661080554,OK
2024-11-08 03:40:00,-4.592163125327934,OK
2024-11-08 03:45:00,-4.593164345821659,OK
2024-11-08 03:50:00,-5.2902250578361265,OK
2024-11-08 03:55:00,-5.057007887329766,OK
2024-11-08 04:00:00,-5.580002855403423,OK
2024-11-08 04:05:00,-4.8842827036571554,OK
2024-11-08 04:10:00,-4.759942134014252,OK
2024-11-08 04:15:00,-4.5902750669639625,OK
2024-11-08 04:20:00,-5.286686394910354,OK
2024-11-08 04:25:00,-5.080059895313999,OK
2024-11-08 04:30:00,-4.787264824270907,OK
2024-11-08 04:35:00,-5.474966931956511,OK
2024-11-08 04:40:00,-5.622722922668215,OK
2024-11-08 04:45:00,-5.353860841849738,OK
2024-11-08 04:50:00,-5.167298416917372,OK
2024-11-08 04:55:00,-4.857783711516745,OK
2024-11-08 05:00:00,-5.630221336892606,OK
2024-11-08 05:05:00,-6.05531670661068,OK
2024-11-08 05:10:00,-5.121312853341919,OK
2024-11-08 05:15:00,-5.507339087550267,OK
2024-11-08 05:20:00,-6.155652284294445,OK
2024-11-08 05:25:00,-5.201674204032353,OK
2024-11-08 05:30:00,-5.545668405549987,OK
2024-11-08 05:35:00,-5.640583614115238,OK
2024-11-08 05:40:00,-5.963495540734993,OK
2024-11-08 05:45:00,-5.724327016300193,OK
2024-11-08 05:50:00,-5.554733987656093,OK
2024-11-08 05:55:00,-5.782335761789294,OK
2024-11-08 06:00:00,-5.395526142679003,OK
2024-11-08 06:05:00,-5.57677082314338,OK
2024-11-08 06:10:00,-5.808178527600521,OK
2024-11-08 06:15:00,-6.84554319945453,OK
2024-11-08 06:20:00,-5.85404544942313,OK
2024-11-08 06:25:00,-6.55493913183303,OK
2024-11-08 06:30:00,-6.061241640962556,OK
2024-11-08 06:35:00,-5.484492467342363,OK
2024-11-08 06:40:00,-5.8307489203942335,OK
2024-11-08 06:45:00,-5.485510673542853,OK
2024-11-08 06:50:00,-5.37387651511662,OK
2024-11-08 06:55:00,-5.325897361974015,OK
2024-11-08 07:00:00,-5.442904915756012,OK
2024-11-08 07:05:00,-5.3013909826730945,OK
2024-11-08 07:10:00,-5.958192265211573,OK
2024-11-08 07:15:00,-4.59377632413749,OK
2024-11-08 07:20:00,-5.593766779299561,OK
2024-11-08 07:25:00,-5.293478011928058,OK
2024-11-08 07:30:00,-5.6959292008232705,OK
2024-11-08 07:35:00,-5.306225609637504,OK
2024-11-08 07:40:00,-5.474879478660105,OK
2024-11-08 07:45:00,-4.935512560021073,OK
2024-11-08 07:50:00,-5.897177342245223,OK
2024-11-08 07:55:00,-4.816611672369107,OK
2024-11-08 08:00:00,-5.213166549933391,OK
2024-11-08 08:05:00,-5.47041052295109,OK
2024-11-08 08:10:00,-4.926740513352637,OK
2024-11-08 08:15:00,-3.9787454833368985,OK
2024-11-08 08:20:00,-4.729187981798471,OK
2024-11-08 08:25:00,-4.217956966451012,OK
2024-11-08 08:30:00,-4.998477629719303,OK
2024-11-08 08:35:00,-5.08026062811506,OK
2024-11-08 08:40:00,-4.801897137934129,OK
2024-11-08 08:45:00,-4.492989899489297,OK
2024-11-08 08:50:00,-4.6992482931465895,OK
2024-11-08 08:55:00,-4.390664965006358,OK
2024-11-08 09:00:00,-4.348887941253115,OK
2024-11-08 09:05:00,-4.950755546287649,OK
2024-11-08 09:10:00,-4.608083729582041,OK
2024-11-08 09:15:00,-3.555873549608518,OK
2024-11-08 09:20:00,-4.6258089201429256,OK
2024-11-08 09:25:00,-3.6092801299267117,OK
2024-11-08 09:30:00,-3.0794277254172155,OK
2024-11-08 09:35:00,-3.9748174420205085,OK
2024-11-08 09:40:00,-4.066183065580733,OK
2024-11-08 09:45:00,-2.6137590160150608,OK
2024-11-08 09:50:00,-3.5475560437545113,OK
2024-11-08 09:55:00,-3.43137276944704,OK
2024-11-08 10:00:00,-3.8009486985815792,OK
2024-11-08 10:05:00,-3.8021759027214346,OK
2024-11-08 10:10:00,-3.395383183782185,OK
2024-11-08 10:15:00,-2.963292477947766,OK
2024-11-08 10:20:00,-3.009354770739286,OK
2024-11-08 10:25:00,-2.0448616879307697,OK
2024-11-08 10:30:00,-2.0534921631702385,OK
2024-11-08 10:35:00,-2.671437526374198,OK
2024-11-08 10:40:00,-2.1605264232654546,OK
2024-11-08 10:45:00,-2.955952380547484,OK
2024-11-08 10:50:00,-2.401346837299574,OK
2024-11-08 10:55:00,-2.7459338732480574,OK
2024-11-08 11:00:00,,MISSING
2024-11-08 11:05:00,-2.8365306174848737,OK
2024-11-08 11:10:00,-1.1082921371352892,OK
2024-11-08 11:15:00,-1.3401181484553135,OK
2024-11-08 11:20:00,-1.618749012915146,OK
2024-11-08 11:25:00,-1.5890892609656053,OK
2024-11-08 11:30:00,-0.6228679607119507,OK
2024-11-08 11:35:00,-1.428514971425117,OK
2024-11-08 11:40:00,-1.2818835344549793,OK
2024-11-08 11:45:00,-1.7379618668511294,OK
2024-11-08 11:50:00,-1.6349698504499495,OK
2024-11-08 11:55:00,-1.5040961608767636,OK
2024-11-08 12:00:00,-0.6920609487958446,OK
2024-11-08 12:05:00,-1.0366114227674004,OK
2024-11-08 12:10:00,-1.2513709716915151,OK
2024-11-08 12:15:00,-1.1402176425794375,OK
2024-11-08 12:20:00,-1.3075739902749433,OK
2024-11-08 12:25:00,-0.04134603094768735,OK
2024-11-08 12:30:00,0.1111685835342951,OK
2024-11-08 12:35:00,-0.18657427309422753,OK
2024-11-08 12:40:00,0.11255191742817058,OK
2024-11-08 12:45:00,-0.0416450657938543,OK
2024-11-08 12:50:00,0.0308152116575015,OK
2024-11-08 12:55:00,-0.13395003241005998,OK
2024-11-08 13:00:00,-0.14792714910117877,OK
2024-11-08 13:05:00,-0.19834401008313046,OK
2024-11-08 13:10:00,0.7190704610272547,OK
2024-11-08 13:15:00,-0.27480395681303266,OK
2024-11-08 13:20:00,0.26387157266576733,OK
2024-11-08 13:25:00,0.3285658639463425,OK
2024-11-08 13:30:00,0.6840161852570401,OK
2024-11-08 13:35:00,0.3612930903538215,OK
2024-11-08 13:40:00,0.08562061115775627,OK
2024-11-08 13:45:00,0.7473947453340064,OK
2024-11-08 13:50:00,1.0139014964496103,OK
2024-11-08 13:55:00,0.5765418651127276,OK
2024-11-08 14:00:00,0.6898778218865038,OK
2024-11-08 14:05:00,1.7456423647558275,OK
2024-11-08 14:10:00,0.22136750388615384,OK
2024-11-08 14:15:00,1.4995492616287798,OK
2024-11-08 14:20:00,1.4206093192659122,OK
2024-11-08 14:25:00,2.076112869320683,OK
2024-11-08 14:30:00,0.9710853326405939,OK
2024-11-08 14:35:00,1.3099500459008853,OK
2024-11-08 14:40:00,2.223475205729032,OK
2024-11-08 14:45:00,2.1247647274465917,OK
2024-11-08 14:50:00,1.8486163018316468,OK
2024-11-08 14:55:00,1.5424696724897156,OK
2024-11-08 15:00:00,1.985267852603086,OK
2024-11-08 15:05:00,2.0059473173954583,OK
2024-11-08 15:10:00,2.30895532058007,OK
2024-11-08 15:15:00,1.4111193171575442,OK
2024-11-08 15:20:00,1.4483018406916446,OK
2024-11-08 15:25:00,1.825368644998428,OK
2024-11-08 15:30:00,2.4219561767289033,OK
2024-11-08 15:35:00,1.9608075213536817,OK
2024-11-08 15:40:00,2.412428645775045,OK
2024-11-08 15:45:00,2.3268025591453125,OK
2024-11-08 15:50:00,2.5368199177255777,OK
2024-11-08 15:55:00,2.1671829521374844,OK
2024-11-08 16:00:00,2.311023320220532,OK
2024-11-08 16:05:00,3.0602312875512254,OK
2024-11-08 16:10:00,2.642276448697102,OK
2024-11-08 16:15:00,2.310002026924729,OK
2024-11-08 16:20:00,1.6735875189739216,OK
2024-11-08 16:25:00,3.223373505575763,OK
2024-11-08 16:30:00,3.017653203209033,OK
2024-11-08 16:35:00,2.8631524506300696,OK
2024-11-08 16:40:00,2.8587446642044463,OK
2024-11-08 16:45:00,3.3598563206523417,OK
2024-11-08 16:50:00,2.968925273943644,OK
2024-11-08 16:55:00,3.103286880466574,OK
2024-11-08 17:00:00,2.468753732560814,OK
2024-11-08 17:05:00,3.5874949267256553,OK
2024-11-08 17:10:00,3.300502199627452,OK
2024-11-08 17:15:00,2.83470126402584,OK
2024-11-08 17:20:00,3.441685874232831,OK
2024-11-08 17:25:00,2.5226414876116587,OK
2024-11-08 17:30:00,3.565230504060366,OK
2024-11-08 17:35:00,2.968471474928436,OK
2024-11-08 17:40:00,3.005292374079243,OK
2024-11-08 17:45:00,3.7056519540977586,OK
2024-11-08 17:50:00,3.173520668418897,OK
2024-11-08 17:55:00,2.9949077180623025,OK
2024-11-08 18:00:00,3.4504473903228665,OK
2024-11-08 18:05:00,3.7275175153323308,OK
2024-11-08 18:10:00,3.9221452405988386,OK
2024-11-08 18:15:00,2.0224735543233443,OK
2024-11-08 18:20:00,3.380066753017591,OK
2024-11-08 18:25:00,3.0000959232368185,OK
2024-11-08 18:30:00,2.7205039642400153,OK
2024-11-08 18:35:00,3.2973009312498593,OK
2024-11-08 18:40:00,3.097362517198047,OK
2024-11-08 18:45:00,2.6904033416573143,OK
2024-11-08 18:50:00,2.649806536875803,OK
2024-11-08 18:55:00,3.2828617115824974,OK
2024-11-08 19:00:00,2.9441600537781873,OK
2024-11-08 19:05:00,3.4187339759087036,OK
2024-11-08 19:10:00,3.001461753434848,OK
2024-11-08 19:15:00,3.406604542672156,OK
2024-11-08 19:20:00,3.0038379828844697,OK
2024-11-08 19:25:00,2.638896620615529,OK
2024-11-08 19:30:00,2.582563136173695,OK
2024-11-08 19:35:00,2.586236270711663,OK
2024-11-08 19:40:00,3.1096953365542084,OK
2024-11-08 19:45:00,2.295633528737741,OK
2024-11-08 19:50:00,2.0416697907674117,OK
2024-11-08 19:55:00,2.895749212411775,OK
2024-11-08 20:00:00,1.7633184301542126,OK
2024-11-08 20:05:00,2.5699337932071895,OK
2024-11-08 20:10:00,1.8677255485284139,OK
2024-11-08 20:15:00,2.938646334722468,OK
2024-11-08 20:20:00,2.0889453768231268,OK
2024-11-08 20:25:00,0.881177493228375,OK
2024-11-08 20:30:00,1.711934293257084,OK
2024-11-08 20:35:00,1.9857230149034844,OK
2024-11-08 20:40:00,1.2509882317395935,OK
2024-11-08 20:45:00,1.7676683118580183,OK
2024-11-08 20:50:00,2.0573906177091326,OK
2024-11-08 20:55:00,1.5921722497076662,OK
2024-11-08 21:00:00,1.7065961027478187,OK
2024-11-08 21:05:00,0.8159424716378474,OK
2024-11-08 21:10:00,1.4564306470122284,OK
2024-11-08 21:15:00,1.4171399743170432,OK
2024-11-08 21:20:00,1.4903405717986564,OK
2024-11-08 21:25:00,1.9227168680948572,OK
2024-11-08 21:30:00,1.601511102415043,OK
2024-11-08 21:35:00,1.226590200854456,OK
2024-11-08 21:40:00,0.9903210205640464,OK
2024-11-08 21:45:00,1.8627790715930068,OK
2024-11-08 21:50:00,1.5556256625169227,OK
2024-11-08 21:55:00,-0.5204663525169975,OK
2024-11-08 22:00:00,-0.043543793047781776,OK
2024-11-08 22:05:00,0.1126310366671987,OK
2024-11-08 22:10:00,1.1760677767413836,OK
2024-11-08 22:15:00,0.5089118842128553,OK
2024-11-08 22:20:00,0.36508906271238717,OK
2024-11-08 22:25:00,0.07622851784148153,OK
2024-11-08 22:30:00,-0.4508438550991864,OK
2024-11-08 22:35:00,-0.13306245188520757,OK
2024-11-08 22:40:00,0.573929755389766,OK
2024-11-08 22:45:00,1.0929312917832563,OK
2024-11-08 22:50:00,0.1842175540264682,OK
2024-11-08 22:55:00,-0.025859738258513343,OK
2024-11-08 23:00:00,0.10857868773626311,OK
2024-11-08 23:05:00,-0.38283992930872063,OK
2024-11-08 23:10:00,0.8924268799296224,OK
2024-11-08 23:15:00,-0.42954726155632317,OK
2024-11-08 23:20:00,0.24196474356788372,OK
2024-11-08 23:25:00,0.3364380923992699,OK
2024-11-08 23:30:00,-0.6833410386008761,OK
2024-11-08 23:35:00,-0.8412129563489841,OK
2024-11-08 23:40:00,-0.28848202248454863,OK
2024-11-08 23:45:00,-0.06639963982119634,OK
2024-11-08 23:50:00,-1.049123569793478,OK
2024-11-08 23:55:00,0.39596105803498066,OK
2024-11-09 00:00:00,-2.0531861499472708,OK
2024-11-09 00:05:00,-0.7332737260676316,OK
2024-11-09 00:10:00,-1.185180209825269,OK
2024-11-09 00:15:00,-0.9044438723781735,OK
2024-11-09 00:20:00,-1.4721236063163685,OK
2024-11-09 00:25:00,-1.6220625549685679,OK
2024-11-09 00:30:00,-1.5419757103775578,OK
2024-11-09 00:35:00,-1.3115504618623528,OK
2024-11-09 00:40:00,-0.7686914863865353,OK
2024-11-09 00:45:00,-1.3577149563504494,OK
2024-11-09 00:50:00,-0.49757727508305083,OK
2024-11-09 00:55:00,-1.4532540892943362,OK
2024-11-09 01:00:00,-1.2461021857987613,OK
2024-11-09 01:05:00,-2.615546401867552,OK
2024-11-09 01:10:00,-2.011584736607595,OK
2024-11-09 01:15:00,-2.0663614803698183,OK
2024-11-09 01:20:00,-1.3615182961823955,OK
2024-11-09 01:25:00,-2.0028228806814568,OK
2024-11-09 01:30:00,-2.8435920660548692,OK
2024-11-09 01:35:00,-2.763174943917349,OK
2024-11-09 01:40:00,-3.0089411413691005,OK
2024-11-09 01:45:00,-2.050357458320039,OK
2024-11-09 01:50:00,-2.645733565692651,OK
2024-11-09 01:55:00,-2.837551334506283,OK
2024-11-09 02:00:00,-2.7950759271106085,OK
2024-11-09 02:05:00,-2.720865825268033,OK
2024-11-09 02:10:00,-2.876634345935658,OK
2024-11-09 02:15:00,-2.4404735960086783,OK
2024-11-09 02:20:00,-2.9093552629497696,OK
2024-11-09 02:25:00,-3.1398594026613775,OK
2024-11-09 02:30:00,-2.7376918240505197,OK
2024-11-09 02:35:00,-3.2637076553136226,OK
2024-11-09 02:40:00,-3.0924006557253465,OK
2024-11-09 02:45:00,-3.070191230148009,OK
2024-11-09 02:50:00,-2.589400365821947,OK
2024-11-09 02:55:00,-2.5696568702801144,OK
2024-11-09 03:00:00,-2.6702199606130343,OK
2024-11-09 03:05:00,-3.5252322906332982,OK
2024-11-09 03:10:00,-2.8992593020008233,OK
2024-11-09 03:15:00,-2.952709071487097,OK
2024-11-09 03:20:00,-3.0287446841559325,OK
2024-11-09 03:25:00,-3.6812586087017936,OK
2024-11-09 03:30:00,-3.2526078988833826,OK
2024-11-09 03:35:00,-4.170740015601027,OK
2024-11-09 03:40:00,-3.3763311712054285,OK
2024-11-09 03:45:00,-3.78955562665018,OK
2024-11-09 03:50:00,-3.467615246588994,OK
2024-11-09 03:55:00,-4.030542379025518,OK
2024-11-09 04:00:00,-4.025451189011612,OK
2024-11-09 04:05:00,-2.913668750343936,OK
2024-11-09 04:10:00,-3.9495598382479056,OK
2024-11-09 04:15:00,-4.18187886158895,OK
2024-11-09 04:20:00,-3.816181123669975,OK
2024-11-09 04:25:00,-3.8080278563502623,OK
2024-11-09 04:30:00,-3.973256699822522,OK
2024-11-09 04:35:00,-3.523905888650592,OK
2024-11-09 04:40:00,-3.1684030082635664,OK
2024-11-09 04:45:00,-3.9553048193581333,OK
2024-11-09 04:50:00,-3.816195974478509,OK
2024-11-09 04:55:00,-4.143187446388991,OK
2024-11-09 05:00:00,-3.477074497888436,OK
2024-11-09 05:05:00,-3.4304057011567615,OK
2024-11-09 05:10:00,-2.683878335246072,OK
2024-11-09 05:15:00,-4.514684281239971,OK
2024-11-09 05:20:00,-3.497182156054809,OK
2024-11-09 05:25:00,-3.8115049588958714,OK
2024-11-09 05:30:00,-4.012744097263358,OK
2024-11-09 05:35:00,-3.1888974991999035,OK
2024-11-09 05:40:00,-3.2239988019892842,OK
2024-11-09 05:45:00,-3.612084571200972,OK
2024-11-09 05:50:00,-3.253123731462099,OK
2024-11-09 05:55:00,-4.749359864696015,OK
2024-11-09 06:00:00,-3.836720244903525,OK
2024-11-09 06:05:00,-4.416795613439673,OK
2024-11-09 06:10:00,-4.683700812343261,OK
2024-11-09 06:15:00,-3.8240701352362234,OK
2024-11-09 06:20:00,-3.441454007006291,OK
2024-11-09 06:25:00,-3.2956456820885514,OK
2024-11-09 06:30:00,-3.638467638741988,OK
2024-11-09 06:35:00,-4.365073470635486,OK
2024-11-09 06:40:00,-4.6611416188635575,OK
2024-11-09 06:45:00,-3.958825836486221,OK
2024-11-09 06:50:00,-4.499630211845723,OK
2024-11-09 06:55:00,-4.731977298189407,OK
2024-11-09 07:00:00,-3.1075157675019742,OK
2024-11-09 07:05:00,-4.07184751310413,OK
2024-11-09 07:10:00,-3.5235310931938946,OK
2024-11-09 07:15:00,-3.2543281065053202,OK
2024-11-09 07:20:00,-4.104164713384321,OK
2024-11-09 07:25:00,-2.93187448515262,OK
2024-11-09 07:30:00,-4.37617366477118,OK
2024-11-09 07:35:00,-4.652556040928099,OK
2024-11-09 07:40:00,-4.146412672563511,OK
2024-11-09 07:45:00,-3.5419429837971745,OK
2024-11-09 07:50:00,-3.751108500592363,OK
2024-11-09 07:55:00,-3.3572775335333747,OK
2024-11-09 08:00:00,-4.48054511134249,OK
2024-11-09 08:05:00,-3.137344670317984,OK
2024-11-09 08:10:00,-3.794966909150323,OK
2024-11-09 08:15:00,-2.894108419351817,OK
2024-11-09 08:20:00,-3.5097103653776807,OK
2024-11-09 08:25:00,-3.3428975190815446,OK
2024-11-09 08:30:00,-3.734089936062324,OK
2024-11-09 08:35:00,-3.9188571091453563,OK
2024-11-09 08:40:00,-3.3276576073368496,OK
2024-11-09 08:45:00,-3.3540199792277097,OK
2024-11-09 08:50:00,-3.221871827222679,OK
2024-11-09 08:55:00,-3.4141342738325737,OK
2024-11-09 09:00:00,-2.9961611995896247,OK
2024-11-09 09:05:00,-2.473822131612167,OK
2024-11-09 09:10:00,-3.288051865256322,OK
2024-11-09 09:15:00,-2.240863792049294,OK
2024-11-09 09:20:00,-3.0678912808994423,OK
2024-11-09 09:25:00,-2.6711071380861853,OK
2024-11-09 09:30:00,-2.351759286213077,OK
2024-11-09 09:35:00,-2.9353817024580673,OK
2024-11-09 09:40:00,-3.1498686401630973,OK
2024-11-09 09:45:00,-2.9861160673027194,OK
2024-11-09 09:50:00,-2.870666836116003,OK
2024-11-09 09:55:00,-2.7480998151000686,OK
2024-11-09 10:00:00,-2.6208907708125837,OK
2024-11-09 10:05:00,-2.040701242727116,OK
2024-11-09 10:10:00,-2.4242317757522587,OK
2024-11-09 10:15:00,-2.8371057289191564,OK
2024-11-09 10:20:00,-1.7825538197934807,OK
2024-11-09 10:25:00,-1.8743238225970182,OK
2024-11-09 10:30:00,-1.9929577621121568,OK
2024-11-09 10:35:00,-1.6242207733097018,OK
2024-11-09 10:40:00,-1.6002228426385263,OK
2024-11-09 10:45:00,-2.0569795750243878,OK
2024-11-09 10:50:00,-1.535404055105706,OK
2024-11-09 10:55:00,-1.3588141808919976,OK
2024-11-09 11:00:00,-1.4902747378385754,OK
2024-11-09 11:05:00,-1.4046150091087728,OK
2024-11-09 11:10:00,-2.1266043279624762,OK
2024-11-09 11:15:00,-1.303814031269003,OK
2024-11-09 11:20:00,-0.7851218535862801,OK
2024-11-09 11:25:00,-1.4223090646533318,OK
2024-11-09 11:30:00,-0.7261371785762587,OK
2024-11-09 11:35:00,-1.0010572210061195,OK
2024-11-09 11:40:00,-0.6871261960282524,OK
2024-11-09 11:45:00,-0.20487000036755815,OK
2024-11-09 11:50:00,-0.2350780390187739,OK
2024-11-09 11:55:00,-0.8791418227232008,OK
2024-11-09 12:00:00,-0.3877409511652564,OK
2024-11-09 12:05:00,-0.8057621987705477,OK
2024-11-09 12:10:00,-0.32854529208948813,OK
2024-11-09 12:15:00,0.5275313307446788,OK
2024-11-09 12:20:00,0.24542073663227384,OK
2024-11-09 12:25:00,0.4850461462624096,OK
2024-11-09 12:30:00,0.6106877637604549,OK
2024-11-09 12:35:00,-0.6502324588843068,OK
2024-11-09 12:40:00,0.7156416060609303,OK
2024-11-09 12:45:00,1.1013530767780069,OK
2024-11-09 12:50:00,0.5044398904907524,OK
2024-11-09 12:55:00,0.24593060869547512,OK
2024-11-09 13:00:00,0.3946019228487949,OK
2024-11-09 13:05:00,0.9273740323893793,OK
2024-11-09 13:10:00,0.675868662863331,OK
2024-11-09 13:15:00,-0.44291421799621883,OK
2024-11-09 13:20:00,1.3240496484104516,OK
2024-11-09 13:25:00,0.10688126901150241,OK
2024-11-09 13:30:00,0.31629839228102347,OK
2024-11-09 13:35:00,1.0131484408886573,OK
2024-11-09 13:40:00,0.849885523781565,OK
2024-11-09 13:45:00,0.9469743928885861,OK
2024-11-09 13:50:00,1.1704386854391888,OK
2024-11-09 13:55:00,1.6830218084258746,OK
2024-11-09 14:00:00,1.4836866876682497,OK
2024-11-09 14:05:00,0.857927571178591,OK
2024-11-09 14:10:00,1.5826189618745814,OK
2024-11-09 14:15:00,1.930872607505861,OK
2024-11-09 14:20:00,0.9825787369230151,OK
2024-11-09 14:25:00,1.6409606420088731,OK
2024-11-09 14:30:00,1.5235728858326898,OK
2024-11-09 14:35:00,1.7328492342195494,OK
2024-11-09 14:40:00,1.6995900562381725,OK
2024-11-09 14:45:00,2.2919013487568978,OK
2024-11-09 14:50:00,3.2538092963081944,OK
2024-11-09 14:55:00,2.02961089374091,OK
2024-11-09 15:00:00,2.218602679955476,OK
2024-11-09 15:05:00,2.8663639427720633,OK
2024-11-09 15:10:00,1.8965949203828947,OK
2024-11-09 15:15:00,3.1362954047591645,OK
2024-11-09 15:20:00,2.6247740707103824,OK
2024-11-09 15:25:00,2.957235997777154,OK
2024-11-09 15:30:00,3.14187285606459,OK
2024-11-09 15:35:00,2.764068376232254,OK
2024-11-09 15:40:00,2.4474037239576227,OK
2024-11-09 15:45:00,2.6903233669091313,OK
2024-11-09 15:50:00,2.970848878093318,OK
2024-11-09 15:55:00,3.5936682755819556,OK
2024-11-09 16:00:00,3.322879243407348,OK
2024-11-09 16:05:00,2.8854827591254164,OK
2024-11-09 16:10:00,2.812783932396084,OK
2024-11-09 16:15:00,3.431558709919204,OK
2024-11-09 16:20:00,3.6778544293818234,OK
2024-11-09 16:25:00,3.19739779995701,OK
2024-11-09 16:30:00,3.2295692371567584,OK
2024-11-09 16:35:00,3.4855870297619216,OK
2024-11-09 16:40:00,4.250383357276508,OK
2024-11-09 16:45:00,3.7119152313517225,OK
2024-11-09 16:50:00,4.0443377111661665,OK
2024-11-09 16:55:00,3.871475307611494,OK
2024-11-09 17:00:00,3.175513760743247,OK
2024-11-09 17:05:00,3.7769800222829217,OK
2024-11-09 17:10:00,4.506927666040009,OK
2024-11-09 17:15:00,3.367845982002456,OK
2024-11-09 17:20:00,2.9944731334275403,OK
2024-11-09 17:25:00,3.425166193899039,OK
2024-11-09 17:30:00,4.25512639609155,OK
2024-11-09 17:35:00,3.6496235455683017,OK
2024-11-09 17:40:00,3.6976888020196617,OK
2024-11-09 17:45:00,4.595790198344406,OK
2024-11-09 17:50:00,3.5211913801451353,OK
2024-11-09 17:55:00,4.184342215441423,OK
2024-11-09 18:00:00,3.787109910169648,OK
2024-11-09 18:05:00,3.8978514584006803,OK
2024-11-09 18:10:00,3.8567757458426346,OK
2024-11-09 18:15:00,3.7756154882478032,OK
2024-11-09 18:20:00,4.016635763323148,OK
2024-11-09 18:25:00,4.585172200742272,OK
2024-11-09 18:30:00,3.570303252206249,OK
2024-11-09 18:35:00,3.8922090548984634,OK
2024-11-09 18:40:00,3.2142748060899353,OK
2024-11-09 18:45:00,4.357812165915,OK
2024-11-09 18:50:00,4.394664166021231,OK
2024-11-09 18:55:00,4.378403070191356,OK
2024-11-09 19:00:00,3.66866436271818,OK
2024-11-09 19:05:00,4.408524716815503,OK
2024-11-09 19:10:00,4.647188489959094,OK
2024-11-09 19:15:00,3.6585830501983914,OK
2024-11-09 19:20:00,4.72746186698242,OK
2024-11-09 19:25:00,4.441884877300893,OK
2024-11-09 19:30:00,3.8336254270488586,OK
2024-11-09 19:35:00,3.8012545415955312,OK
2024-11-09 19:40:00,4.230716535256915,OK
2024-11-09 19:45:00,3.5717825381035175,OK
2024-11-09 19:50:00,4.200220620318626,OK
2024-11-09 19:55:00,3.5837901920978936,OK
2024-11-09 20:00:00,4.044000609358718,OK
2024-11-09 20:05:00,3.9246530606826475,OK
2024-11-09 20:10:00,3.5835812442786628,OK
2024-11-09 20:15:00,3.670692773782809,OK
2024-11-09 20:20:00,3.4079754003172953,OK
2024-11-09 20:25:00,3.5993920582924552,OK
2024-11-09 20:30:00,3.630797473154424,OK
2024-11-09 20:35:00,3.590320064022395,OK
2024-11-09 20:40:00,2.8272217115597456,OK
2024-11-09 20:45:00,3.580199429000935,OK
2024-11-09 20:50:00,2.5674282627064673,OK
2024-11-09 20:55:00,2.7552583237206845,OK
2024-11-09 21:00:00,2.434369104240435,OK
2024-11-09 21:05:00,2.428555778108956,OK
2024-11-09 21:10:00,2.351214811999477,OK
2024-11-09 21:15:00,2.563327956484207,OK
2024-11-09 21:20:00,3.1561101731792003,OK
2024-11-09 21:25:00,2.093500127005334,OK
2024-11-09 21:30:00,3.167294791042604,OK
2024-11-09 21:35:00,3.076048420942951,OK
2024-11-09 21:40:00,3.1463143321382647,OK
2024-11-09 21:45:00,2.3740011217405996,OK
2024-11-09 21:50:00,2.174267719521072,OK
2024-11-09 21:55:00,2.4298580447855853,OK
2024-11-09 22:00:00,3.151633898194619,OK
2024-11-09 22:05:00,2.9625314289348523,OK
2024-11-09 22:10:00,2.7651173796062887,OK
2024-11-09 22:15:00,1.4397382888115406,OK
2024-11-09 22:20:00,2.7395714106822737,OK
2024-11-09 22:25:00,1.9673980388819812,OK
2024-11-09 22:30:00,2.114444945318922,OK
2024-11-09 22:35:00,1.7860265277681775,OK
2024-11-09 22:40:00,0.9329450158586627,OK
2024-11-09 22:45:00,2.6587788700281285,OK
2024-11-09 22:50:00,1.886321374366478,OK
2024-11-09 22:55:00,1.6774853342368223,OK
2024-11-09 23:00:00,1.5586788169080108,OK
2024-11-09 23:05:00,1.7569487467612384,OK
2024-11-09 23:10:00,1.0350363314547901,OK
2024-11-09 23:15:00,1.5647032269934837,OK
2024-11-09 23:20:00,0.887197428605722,OK
2024-11-09 23:25:00,1.0615225265876438,OK
2024-11-09 23:30:00,2.0279307041277432,OK
2024-11-09 23:35:00,1.9067965084041165,OK
2024-11-09 23:40:00,1.2861696532796634,OK
2024-11-09 23:45:00,1.3417937030661364,OK
2024-11-09 23:50:00,1.4442147108698908,OK
2024-11-09 23:55:00,1.1503875999728344,OK
2024-11-10 00:00:00,1.5406314625108122,OK
2024-11-10 00:05:00,0.7136100849642488,OK
2024-11-10 00:10:00,0.9347797598817116,OK
2024-11-10 00:15:00,0.5146575989872418,OK
2024-11-10 00:20:00,0.2594879003977742,OK
2024-11-10 00:25:00,0.7802308924108842,OK
2024-11-10 00:30:00,0.5286900546101835,OK
2024-11-10 00:35:00,0.2290670871446402,OK
2024-11-10 00:40:00,0.0983047203461413,OK
2024-11-10 00:45:00,0.2918373346042373,OK
2024-11-10 00:50:00,0.29020873207224335,OK
2024-11-10 00:55:00,0.48312853783411686,OK
2024-11-10 01:00:00,0.47225314634037496,OK
2024-11-10 01:05:00,0.09725167404710776,OK
2024-11-10 01:10:00,0.20819942252577509,OK
2024-11-10 01:15:00,-0.3024090848509655,OK
2024-11-10 01:20:00,-0.413253393430016,OK
2024-11-10 01:25:00,-0.8088494762573107,OK
2024-11-10 01:30:00,-0.85688636900188,OK
2024-11-10 01:35:00,-1.4011646249064187,OK
2024-11-10 01:40:00,-0.9756133309645652,OK
2024-11-10 01:45:00,-0.5501312670347249,OK
2024-11-10 01:50:00,-0.6830986945874222,OK
2024-11-10 01:55:00,-1.0121814816092105,OK
2024-11-10 02:00:00,-1.6569275381384263,OK
2024-11-10 02:05:00,-0.8249977312459151,OK
2024-11-10 02:10:00,-1.3010559702287126,OK
2024-11-10 02:15:00,-1.749363886235324,OK
2024-11-10 02:20:00,-1.3435541957116197,OK
2024-11-10 02:25:00,-2.0821157635057252,OK
2024-11-10 02:30:00,-2.600091722338247,OK
2024-11-10 02:35:00,-1.848244066405712,OK
2024-11-10 02:40:00,-1.6115357942175872,OK
2024-11-10 02:45:00,-2.1291458978533546,OK
2024-11-10 02:50:00,-1.8451679884358416,OK
2024-11-10 02:55:00,-2.638396291596909,OK
2024-11-10 03:00:00,-2.6273507944309427,OK
2024-11-10 03:05:00,-2.0557880873415777,OK
2024-11-10 03:10:00,-1.7389186872848632,OK
2024-11-10 03:15:00,-3.013849232842201,OK
2024-11-10 03:20:00,-2.8232743450929187,OK
2024-11-10 03:25:00,-2.9240607137145105,OK
2024-11-10 03:30:00,-2.351390480367904,OK
2024-11-10 03:35:00,-1.680361137370809,OK
2024-11-10 03:40:00,-2.255024791227702,OK
2024-11-10 03:45:00,-1.8752790225731417,OK
2024-11-10 03:50:00,-1.788123565073417,OK
2024-11-10 03:55:00,-2.647056868709192,OK
2024-11-10 04:00:00,-2.2315750406648496,OK
2024-11-10 04:05:00,-1.9460776843742589,OK
2024-11-10 04:10:00,-2.6043100229899108,OK
2024-11-10 04:15:00,-2.2483571857038465,OK
2024-11-10 04:20:00,-2.6430428799735584,OK
2024-11-10 04:25:00,-3.1222406889149625,OK
2024-11-10 04:30:00,-2.134306828621901,OK
2024-11-10 04:35:00,-2.638423908684938,OK
2024-11-10 04:40:00,-2.3160426091740156,OK
2024-11-10 04:45:00,-2.8502435652731966,OK
2024-11-10 04:50:00,-2.3888305261384115,OK
2024-11-10 04:55:00,-2.397127857946127,OK
2024-11-10 05:00:00,-2.982856175533647,OK
2024-11-10 05:05:00,-2.5379517105768294,OK
2024-11-10 05:10:00,-2.847678131082435,OK
2024-11-10 05:15:00,-3.1416062949904022,OK
2024-11-10 05:20:00,-3.220518440708871,OK
2024-11-10 05:25:00,-3.5691206366447066,OK
2024-11-10 05:30:00,-2.4339837467128254,OK
2024-11-10 05:35:00,-3.080161259989538,OK
2024-11-10 05:40:00,-3.2271373732474253,OK
2024-11-10 05:45:00,-3.178353209125178,OK
2024-11-10 05:50:00,-2.727683393776019,OK
2024-11-10 05:55:00,-3.320414545807509,OK
2024-11-10 06:00:00,-3.304366692972263,OK
2024-11-10 06:05:00,-2.0953989982945815,OK
2024-11-10 06:10:00,-2.330972286458603,OK
2024-11-10 06:15:00,-2.987899125354529,OK
2024-11-10 06:20:00,-3.2044988914686825,OK
2024-11-10 06:25:00,-3.4815364892674836,OK
2024-11-10 06:30:00,-2.9489857004671265,OK
2024-11-10 06:35:00,-2.649826057561344,OK
2024-11-10 06:40:00,-2.5231451718837805,OK
2024-11-10 06:45:00,-3.1240775969902983,OK
2024-11-10 06:50:00,-2.7856852294133216,OK
2024-11-10 06:55:00,-2.601358259445746,OK
2024-11-10 07:00:00,-2.704567206240743,OK
2024-11-10 07:05:00,-2.476479548483962,OK
2024-11-10 07:10:00,-2.802559259437589,OK
2024-11-10 07:15:00,-3.0122650566357687,OK
2024-11-10 07:20:00,-2.409535729239238,OK
2024-11-10 07:25:00,-2.098548281187739,OK
2024-11-10 07:30:00,-2.510403009726054,OK
2024-11-10 07:35:00,-3.1658113876706904,OK
2024-11-10 07:40:00,-3.2670692062003095,OK
2024-11-10 07:45:00,-2.1911803483782477,OK
2024-11-10 07:50:00,-2.087075947450545,OK
2024-11-10 07:55:00,-3.328074678409377,OK
2024-11-10 08:00:00,-2.5630807015579324,OK
2024-11-10 08:05:00,-2.499264703189991,OK
2024-11-10 08:10:00,-2.2048737371346547,OK
2024-11-10 08:15:00,-2.94856116880645,OK
2024-11-10 08:20:00,-3.348276347282376,OK
2024-11-10 08:25:00,-2.096294125414433,OK
2024-11-10 08:30:00,-2.4372353210123396,OK
2024-11-10 08:35:00,-2.305749207004091,OK
2024-11-10 08:40:00,-2.105650491353619,OK
2024-11-10 08:45:00,-2.243010150408987,OK
2024-11-10 08:50:00,-2.1620935576718563,OK
2024-11-10 08:55:00,-1.1785181039408008,OK
2024-11-10 09:00:00,-2.224114633298953,OK
2024-11-10 09:05:00,-1.4420242845246958,OK
2024-11-10 09:10:00,-2.0480748796106374,OK
2024-11-10 09:15:00,-1.5175607454438327,OK
2024-11-10 09:20:00,-2.3193370957105763,OK
2024-11-10 09:25:00,-0.7023671886895355,OK
2024-11-10 09:30:00,-1.6767020776354675,OK
2024-11-10 09:35:00,-0.8400810137219539,OK
2024-11-10 09:40:00,-1.105467526814644,OK
2024-11-10 09:45:00,-1.7352284368117146,OK
2024-11-10 09:50:00,-1.322547525538233,OK
2024-11-10 09:55:00,-1.3233519041726993,OK
2024-11-10 10:00:00,-0.5337432090657314,OK
2024-11-10 10:05:00,-1.0388018716009049,OK
2024-11-10 10:10:00,-1.065545510175871,OK
2024-11-10 10:15:00,-0.6181198273567758,OK
2024-11-10 10:20:00,-1.115036609004681,OK
2024-11-10 10:25:00,-1.0138371841624019,OK
2024-11-10 10:30:00,-0.447748870759257,OK
2024-11-10 10:35:00,-0.8309938255673945,OK
2024-11-10 10:40:00,-0.08687082349109143,OK
2024-11-10 10:45:00,0.5651297337124299,OK
2024-11-10 10:50:00,-0.17173440698635,OK
2024-11-10 10:55:00,-0.20071578384922678,OK
2024-11-10 11:00:00,-0.2290721885281496,OK
2024-11-10 11:05:00,-0.32465477028095996,OK
2024-11-10 11:10:00,-0.41639480346667085,OK
2024-11-10 11:15:00,0.19566902946001025,OK
2024-11-10 11:20:00,0.3619730204228491,OK
2024-11-10 11:25:00,-0.15499015018184553,OK
2024-11-10 11:30:00,1.0848478926848457,OK
2024-11-10 11:35:00,0.5238628668144663,OK
2024-11-10 11:40:00,0.02291176069942405,OK
2024-11-10 11:45:00,0.6319555606547882,OK
2024-11-10 11:50:00,0.9205267794795067,OK
2024-11-10 11:55:00,0.14445679057416277,OK
2024-11-10 12:00:00,1.1082013896450993,OK
2024-11-10 12:05:00,0.6368520097111006,OK
2024-11-10 12:10:00,1.5158653187479416,OK
2024-11-10 12:15:00,1.0725009496692874,OK
2024-11-10 12:20:00,1.9506916775691099,OK
2024-11-10 12:25:00,1.7816558501913908,OK
2024-11-10 12:30:00,1.4929164913280704,OK
2024-11-10 12:35:00,0.965844367814511,OK
2024-11-10 12:40:00,1.7110197581549917,OK
2024-11-10 12:45:00,1.8757474440125526,OK
2024-11-10 12:50:00,1.555260466909191,OK
2024-11-10 12:55:00,0.12172714545502156,OK
2024-11-10 13:00:00,2.3309954582631267,OK
2024-11-10 13:05:00,2.7688187367420976,OK
2024-11-10 13:10:00,1.900984097104944,OK
2024-11-10 13:15:00,2.619555031967162,OK
2024-11-10 13:20:00,0.9879704340033537,OK
2024-11-10 13:25:00,1.9132230380723851,OK
2024-11-10 13:30:00,3.3318983376294087,OK
2024-11-10 13:35:00,1.9491447229620111,OK
2024-11-10 13:40:00,2.783904724661622,OK
2024-11-10 13:45:00,3.134683999194587,OK
2024-11-10 13:50:00,2.502504403230904,OK
2024-11-10 13:55:00,2.881828077333201,OK
2024-11-10 14:00:00,3.3872498529154935,OK
2024-11-10 14:05:00,2.6227328807960424,OK
2024-11-10 14:10:00,3.0112337045775375,OK
2024-11-10 14:15:00,3.308846680712379,OK
2024-11-10 14:20:00,3.382750258491796,OK
2024-11-10 14:25:00,2.5454902479757626,OK
2024-11-10 14:30:00,3.3772121836424067,OK
2024-11-10 14:35:00,3.0646038877080777,OK
2024-11-10 14:40:00,2.650463023185819,OK
2024-11-10 14:45:00,3.5872524180188705,OK
2024-11-10 14:50:00,3.903912641160296,OK
2024-11-10 14:55:00,2.987539142849707,OK
2024-11-10 15:00:00,4.206404177894295,OK
2024-11-10 15:05:00,4.450178746499762,OK
2024-11-10 15:10:00,3.824328975894614,OK
2024-11-10 15:15:00,3.847952578819963,OK
2024-11-10 15:20:00,3.481466617144444,OK
2024-11-10 15:25:00,3.6615555556647665,OK
2024-11-10 15:30:00,4.2997368138983765,OK
2024-11-10 15:35:00,4.484981101778533,OK
2024-11-10 15:40:00,4.313441671986136,OK
2024-11-10 15:45:00,5.141772734532473,OK
2024-11-10 15:50:00,4.719349898427919,OK
2024-11-10 15:55:00,4.2100081139186845,OK
2024-11-10 16:00:00,4.496229982793566,OK
2024-11-10 16:05:00,4.4525991146245465,OK
2024-11-10 16:10:00,5.386994633881428,OK
2024-11-10 16:15:00,5.06943610877183,OK
2024-11-10 16:20:00,5.161614303708433,OK
2024-11-10 16:25:00,5.043615211670425,OK
2024-11-10 16:30:00,4.764089642819513,OK
2024-11-10 16:35:00,4.7637173865008995,OK
2024-11-10 16:40:00,5.1285249910552615,OK
2024-11-10 16:45:00,4.8698380407086725,OK
2024-11-10 16:50:00,4.934708565662709,OK
2024-11-10 16:55:00,5.497142375633773,OK
2024-11-10 17:00:00,4.685549021768249,OK
2024-11-10 17:05:00,5.741687135479386,OK
2024-11-10 17:10:00,4.870603212862906,OK
2024-11-10 17:15:00,6.326245925129856,OK
2024-11-10 17:20:00,4.99815810243257,OK
2024-11-10 17:25:00,6.114556466131522,OK
2024-11-10 17:30:00,5.537285912149475,OK
2024-11-10 17:35:00,4.942460719836821,OK
2024-11-10 17:40:00,5.269160264535115,OK
2024-11-10 17:45:00,5.076376700671276,OK
2024-11-10 17:50:00,5.673718586118226,OK
2024-11-10 17:55:00,5.537454754382669,OK
2024-11-10 18:00:00,5.546767874911824,OK
2024-11-10 18:05:00,4.981322361902226,OK
2024-11-10 18:10:00,6.213154524086985,OK
2024-11-10 18:15:00,5.335745720965248,OK
2024-11-10 18:20:00,5.102565148151042,OK
2024-11-10 18:25:00,5.783779861774403,OK
2024-11-10 18:30:00,4.745976583966688,OK
2024-11-10 18:35:00,5.6005681035579595,OK
2024-11-10 18:40:00,5.200109351183074,OK
2024-11-10 18:45:00,5.279190792980975,OK
2024-11-10 18:50:00,4.961394662671231,OK
2024-11-10 18:55:00,4.992300005141528,OK
2024-11-10 19:00:00,5.1886340370140145,OK
2024-11-10 19:05:00,5.201785829414292,OK
2024-11-10 19:10:00,5.152602913301032,OK
2024-11-10 19:15:00,5.066434110449379,OK
2024-11-10 19:20:00,4.477766791473969,OK
2024-11-10 19:25:00,5.403252005685187,OK
2024-11-10 19:30:00,4.908095817893736,OK
2024-11-10 19:35:00,5.224291108176139,OK
2024-11-10 19:40:00,5.153158627938955,OK
2024-11-10 19:45:00,4.637702864236623,OK
2024-11-10 19:50:00,4.985526916833834,OK
2024-11-10 19:55:00,3.9339250466041737,OK
2024-11-10 20:00:00,5.261852535973698,OK
2024-11-10 20:05:00,5.431677114773708,OK
2024-11-10 20:10:00,4.017271377793415,OK
2024-11-10 20:15:00,5.01148379525641,OK
2024-11-10 20:20:00,4.835882526547154,OK
2024-11-10 20:25:00,4.84408449694888,OK
2024-11-10 20:30:00,5.228013223992311,OK
2024-11-10 20:35:00,5.436235194992112,OK
2024-11-10 20:40:00,4.958349898629906,OK
2024-11-10 20:45:00,4.599473174220784,OK
2024-11-10 20:50:00,4.695782554423353,OK
2024-11-10 20:55:00,5.314697986312205,OK
2024-11-10 21:00:00,4.344284454661873,OK
2024-11-10 21:05:00,3.9567409856665847,OK
2024-11-10 21:10:00,3.6323745647139103,OK
2024-11-10 21:15:00,4.137362243513521,OK
2024-11-10 21:20:00,4.4358904136721975,OK
2024-11-10 21:25:00,3.3638979461898004,OK
2024-11-10 21:30:00,2.9152819646023405,OK
2024-11-10 21:35:00,4.665908231803509,OK
2024-11-10 21:40:00,4.530376577704254,OK
2024-11-10 21:45:00,3.7286930100473494,OK
2024-11-10 21:50:00,3.888196734140243,OK
2024-11-10 21:55:00,3.955809687944761,OK
2024-11-10 22:00:00,4.101718967629471,OK
2024-11-10 22:05:00,3.0738846775913413,OK
2024-11-10 22:10:00,3.880264601446164,OK
2024-11-10 22:15:00,3.2838075491615153,OK
2024-11-10 22:20:00,3.5154794351033782,OK
2024-11-10 22:25:00,3.300819390904983,OK
2024-11-10 22:30:00,3.1362122433363293,OK
2024-11-10 22:35:00,3.5379361965821987,OK
2024-11-10 22:40:00,2.6568103951790785,OK
2024-11-10 22:45:00,3.211597532257727,OK
2024-11-10 22:50:00,2.7206510413627485,OK
2024-11-10 22:55:00,2.213069704677493,OK
2024-11-10 23:00:00,2.1989705694465695,OK
2024-11-10 23:05:00,2.7014941327120323,OK
2024-11-10 23:10:00,2.621354668175295,OK
2024-11-10 23:15:00,2.4073180363219353,OK
2024-11-10 23:20:00,2.3290438938894913,OK
2024-11-10 23:25:00,2.6713009257059315,OK
2024-11-10 23:30:00,2.0087029422733966,OK
2024-11-10 23:35:00,1.6463289130901635,OK
2024-11-10 23:40:00,1.2103922925453392,OK
2024-11-10 23:45:00,1.6149511753824888,OK
2024-11-10 23:50:00,1.3102725215759288,OK
2024-11-10 23:55:00,0.4682515650261046,OK
