timestamp,top_of_outdoor_unit_temp_c,data_quality_flag
2024-11-01 00:00:00,17.172590219969553,OK
2024-11-01 00:05:00,17.224269399755116,OK
2024-11-01 00:10:00,19.76423150545375,OK
2024-11-01 00:15:00,-1.0159294951284636,OK
2024-11-01 00:20:00,2.2958132178676127,OK
2024-11-01 00:25:00,3.075292875253253,OK
2024-11-01 00:30:00,1.9286392600884295,OK
2024-11-01 00:35:00,-2.1178068667098366,OK
2024-11-01 00:40:00,-0.4683135387509929,OK
2024-11-01 00:45:00,1.4638718033978666,OK
2024-11-01 00:50:00,-0.31825941723745377,OK
2024-11-01 00:55:00,1.4094495953989101,OK
2024-11-01 01:00:00,1.861702702912454,OK
2024-11-01 01:05:00,18.518340683957685,OK
2024-11-01 01:10:00,16.699379106246866,OK
2024-11-01 01:15:00,14.469742944527246,OK
2024-11-01 01:20:00,0.7121063160531955,OK
2024-11-01 01:25:00,1.6322707331603081,OK
2024-11-01 01:30:00,-2.807900456510024,OK
2024-11-01 01:35:00,1.8638420957685797,OK
2024-11-01 01:40:00,-0.2090533332869273,OK
2024-11-01 01:45:00,-0.1735147859860256,OK
2024-11-01 01:50:00,-0.1489281196673179,OK
2024-11-01 01:55:00,-0.19228004500996682,OK
2024-11-01 02:00:00,-0.1988449590292367,OK
2024-11-01 02:05:00,13.522729299680034,OK
2024-11-01 02:10:00,14.971846837524426,OK
2024-11-01 02:15:00,13.787294239635083,OK
2024-11-01 02:20:00,-1.3057203991591662,OK
2024-11-01 02:25:00,-3.722834791646113,OK
2024-11-01 02:30:00,-2.193089021319806,OK
2024-11-01 02:35:00,0.9365414345925652,OK
2024-11-01 02:40:00,-0.19012935656998808,OK
2024-11-01 02:45:00,-5.297532880250035,OK
2024-11-01 02:50:00,-0.8875857193621297,OK
2024-11-01 02:55:00,-1.6722203251306098,OK
2024-11-01 03:00:00,14.844896385916062,OK
2024-11-01 03:05:00,15.61029951323457,OK
2024-11-01 03:10:00,14.997305540051094,OK
2024-11-01 03:15:00,-0.4704196783662268,OK
2024-11-01 03:20:00,-0.1978052909118817,OK
2024-11-01 03:25:00,-0.9444486135057353,OK
2024-11-01 03:30:00,-1.9767578194010997,OK
2024-11-01 03:35:00,-3.2245566102984258,OK
2024-11-01 03:40:00,-0.7490900429054099,OK
2024-11-01 03:45:00,-1.7485646223960267,OK
2024-11-01 03:50:00,-0.8826112460602652,OK
2024-11-01 03:55:00,-1.7517897919942684,OK
2024-11-01 04:00:00,-3.9691004025374745,OK
2024-11-01 04:05:00,-1.2524329950837172,OK
2024-11-01 04:10:00,12.351555752135749,OK
2024-11-01 04:15:00,14.446358119509599,OK
2024-11-01 04:20:00,12.561539640101199,OK
2024-11-01 04:25:00,-4.714185874938577,OK
2024-11-01 04:30:00,-5.0316861804796345,OK
2024-11-01 04:35:00,-1.5577577567338805,OK
2024-11-01 04:40:00,-3.047067106325723,OK
2024-11-01 04:45:00,-2.5887364455289372,OK
2024-11-01 04:50:00,-1.768489510297798,OK
2024-11-01 04:55:00,-2.4340805083671833,OK
2024-11-01 05:00:00,-0.8172301697785592,OK
2024-11-01 05:05:00,-2.7720779165921927,OK
2024-11-01 05:10:00,-1.934088881368516,OK
2024-11-01 05:15:00,0.23933786018098546,OK
2024-11-01 05:20:00,-2.4034381157265656,OK
2024-11-01 05:25:00,-1.846536144738489,OK
2024-11-01 05:30:00,12.18578000360952,OK
2024-11-01 05:35:00,12.605393696957224,OK
2024-11-01 05:40:00,14.041322641542074,OK
2024-11-01 05:45:00,-2.133531408535269,OK
2024-11-01 05:50:00,-1.9604575505080737,OK
2024-11-01 05:55:00,-1.632325884605458,OK
2024-11-01 06:00:00,-3.7366278756595177,OK
2024-11-01 06:05:00,-2.043867596064253,OK
2024-11-01 06:10:00,-4.175528938181864,OK
2024-11-01 06:15:00,-3.325946808006493,OK
2024-11-01 06:20:00,-4.381631563008844,OK
2024-11-01 06:25:00,-0.6531250471447256,OK
2024-11-01 06:30:00,-3.161802469886847,OK
2024-11-01 06:35:00,-1.4838660049057748,OK
2024-11-01 06:40:00,-2.405220093733147,OK
2024-11-01 06:45:00,-1.5487025648750348,OK
2024-11-01 06:50:00,-0.9227531446412032,OK
2024-11-01 06:55:00,-2.822199633489385,OK
2024-11-01 07:00:00,14.285820953109235,OK
2024-11-01 07:05:00,14.164203518370632,OK
2024-11-01 07:10:00,15.523456889636686,OK
2024-11-01 07:15:00,-4.3574907108073075,OK
2024-11-01 07:20:00,-1.3346002408662017,OK
2024-11-01 07:25:00,-2.532492182642919,OK
2024-11-01 07:30:00,-5.633097816031793,OK
2024-11-01 07:35:00,-4.74721128906283,OK
2024-11-01 07:40:00,-1.835160672614263,OK
2024-11-01 07:45:00,-2.189040919649453,OK
2024-11-01 07:50:00,-1.3147383068229823,OK
2024-11-01 07:55:00,-3.3363895231708467,OK
2024-11-01 08:00:00,13.084244435834819,OK
2024-11-01 08:05:00,15.456244892068472,OK
2024-11-01 08:10:00,14.380268370665467,OK
2024-11-01 08:15:00,-3.1207579086637294,OK
2024-11-01 08:20:00,-4.029554871971012,OK
2024-11-01 08:25:00,-4.176920931130702,OK
2024-11-01 08:30:00,-3.550670672104375,OK
2024-11-01 08:35:00,-1.110058933116913,OK
2024-11-01 08:40:00,-4.478540489614481,OK
2024-11-01 08:45:00,-2.0441943324580416,OK
2024-11-01 08:50:00,-1.5112325084232463,OK
2024-11-01 08:55:00,14.00371380214,OK
2024-11-01 09:00:00,16.318817090564053,OK
2024-11-01 09:05:00,16.29973515012583,OK
2024-11-01 09:10:00,-0.12610997798476586,OK
2024-11-01 09:15:00,-4.208374487042977,OK
2024-11-01 09:20:00,0.6721774943393586,OK
2024-11-01 09:25:00,0.10345985960680726,OK
2024-11-01 09:30:00,-2.2442219151414133,OK
2024-11-01 09:35:00,-3.806650026402166,OK
2024-11-01 09:40:00,-0.42760567050248066,OK
2024-11-01 09:45:00,-0.8459935494318127,OK
2024-11-01 09:50:00,15.096007354698836,OK
2024-11-01 09:55:00,14.990961044942846,OK
2024-11-01 10:00:00,14.075808685989262,OK
2024-11-01 10:05:00,-0.673631226211441,OK
2024-11-01 10:10:00,-0.9544620153653938,OK
2024-11-01 10:15:00,0.03373023118595808,OK
2024-11-01 10:20:00,-3.735736695669126,OK
2024-11-01 10:25:00,-2.4957932777060123,OK
2024-11-01 10:30:00,-1.976386252311868,OK
2024-11-01 10:35:00,-3.2861800692948413,OK
2024-11-01 10:40:00,-3.6821956848696784,OK
2024-11-01 10:45:00,0.05140064239092529,OK
2024-11-01 10:50:00,16.573245687426958,OK
2024-11-01 10:55:00,15.961274468575384,OK
2024-11-01 11:00:00,13.922313445265692,OK
2024-11-01 11:05:00,-2.2360753755167067,OK
2024-11-01 11:10:00,-0.04283403637124705,OK
2024-11-01 11:15:00,0.8138279650049212,OK
2024-11-01 11:20:00,0.09749889514260018,OK
2024-11-01 11:25:00,-1.5782806969428462,OK
2024-11-01 11:30:00,0.24246513393183677,OK
2024-11-01 11:35:00,2.2185131832633687,OK
2024-11-01 11:40:00,-0.4353797261891337,OK
2024-11-01 11:45:00,1.3052906290514528,OK
2024-11-01 11:50:00,1.4653937731479902,OK
2024-11-01 11:55:00,0.8597103428268609,OK
2024-11-01 12:00:00,16.073446347988448,OK
2024-11-01 12:05:00,15.149560141897751,OK
2024-11-01 12:10:00,16.545549907817605,OK
2024-11-01 12:15:00,0.2320378343667625,OK
2024-11-01 12:20:00,3.168227600382881,OK
2024-11-01 12:25:00,1.6845639130731933,OK
2024-11-01 12:30:00,-0.6620326308570802,OK
2024-11-01 12:35:00,0.7224534216174445,OK
2024-11-01 12:40:00,2.3300625468445126,OK
2024-11-01 12:45:00,1.1513602229750943,OK
2024-11-01 12:50:00,1.8892634244493731,OK
2024-11-01 12:55:00,1.803885738832815,OK
2024-11-01 13:00:00,1.9212412602994577,OK
2024-11-01 13:05:00,2.131642422682498,OK
2024-11-01 13:10:00,1.0117829669126914,OK
2024-11-01 13:15:00,1.8782290608330654,OK
2024-11-01 13:20:00,4.036449472335074,OK
2024-11-01 13:25:00,18.117613243031027,OK
2024-11-01 13:30:00,18.2348432524102,OK
2024-11-01 13:35:00,16.03814261051265,OK
2024-11-01 13:40:00,4.049641620077001,OK
2024-11-01 13:45:00,2.279937731637144,OK
2024-11-01 13:50:00,4.473555956178204,OK
2024-11-01 13:55:00,1.1132596065932485,OK
2024-11-01 14:00:00,3.0769368517420173,OK
2024-11-01 14:05:00,2.1965681426568917,OK
2024-11-01 14:10:00,5.9643679230367335,OK
2024-11-01 14:15:00,4.111080257812932,OK
2024-11-01 14:20:00,4.231457561648008,OK
2024-11-01 14:25:00,5.447583942088004,OK
2024-11-01 14:30:00,3.7488617444526326,OK
2024-11-01 14:35:00,4.75095631048535,OK
2024-11-01 14:40:00,3.2775559558807936,OK
2024-11-01 14:45:00,4.560199807556367,OK
2024-11-01 14:50:00,3.19448341061992,OK
2024-11-01 14:55:00,3.5075322487526766,OK
2024-11-01 15:00:00,4.685966467600696,OK
2024-11-01 15:05:00,3.1013505889205506,OK
2024-11-01 15:10:00,5.4206971097209555,OK
2024-11-01 15:15:00,4.203815167483187,OK
2024-11-01 15:20:00,2.469493139911417,OK
2024-11-01 15:25:00,4.220569962058364,OK
2024-11-01 15:30:00,4.472635308693988,OK
2024-11-01 15:35:00,5.7163280277847415,OK
2024-11-01 15:40:00,5.624930912420349,OK
2024-11-01 15:45:00,6.043345838461232,OK
2024-11-01 15:50:00,5.761636029180289,OK
2024-11-01 15:55:00,4.529796678135567,OK
2024-11-01 16:00:00,4.517646809116516,OK
2024-11-01 16:05:00,5.046599938716232,OK
2024-11-01 16:10:00,6.017989065318639,OK
2024-11-01 16:15:00,4.947839499472007,OK
2024-11-01 16:20:00,4.584396159719369,OK
2024-11-01 16:25:00,4.723567817533912,OK
2024-11-01 16:30:00,5.350776354284871,OK
2024-11-01 16:35:00,4.600248427020312,OK
2024-11-01 16:40:00,5.517554136116126,OK
2024-11-01 16:45:00,3.5287077232844943,OK
2024-11-01 16:50:00,6.646330303427926,OK
2024-11-01 16:55:00,5.899959182645225,OK
2024-11-01 17:00:00,6.939086146159009,OK
2024-11-01 17:05:00,4.576038717260207,OK
2024-11-01 17:10:00,6.234180274507133,OK
2024-11-01 17:15:00,6.071478166939498,OK
2024-11-01 17:20:00,5.244724669954712,OK
2024-11-01 17:25:00,5.2937316589249805,OK
2024-11-01 17:30:00,4.725063676610731,OK
2024-11-01 17:35:00,3.8389433674937044,OK
2024-11-01 17:40:00,4.925698850527626,OK
2024-11-01 17:45:00,3.8886140437477383,OK
2024-11-01 17:50:00,7.513117651548839,OK
2024-11-01 17:55:00,3.5816224436153132,OK
2024-11-01 18:00:00,6.000246867964804,OK
2024-11-01 18:05:00,5.758312221886428,OK
2024-11-01 18:10:00,6.471300477447682,OK
2024-11-01 18:15:00,6.093963099195202,OK
2024-11-01 18:20:00,6.0960706215609255,OK
2024-11-01 18:25:00,4.856435743611457,OK
2024-11-01 18:30:00,5.780251599916843,OK
2024-11-01 18:35:00,5.41519368817315,OK
2024-11-01 18:40:00,6.665719847410394,OK
2024-11-01 18:45:00,7.494070905839335,OK
2024-11-01 18:50:00,4.522809295753242,OK
2024-11-01 18:55:00,3.5717992631848823,OK
2024-11-01 19:00:00,5.680395948453844,OK
2024-11-01 19:05:00,6.288265878546483,OK
2024-11-01 19:10:00,7.391451001072017,OK
2024-11-01 19:15:00,6.410568013647215,OK
2024-11-01 19:20:00,7.176142303696796,OK
2024-11-01 19:25:00,7.219479643286752,OK
2024-11-01 19:30:00,6.808148717848999,OK
2024-11-01 19:35:00,6.296733611405135,OK
2024-11-01 19:40:00,3.56648654923754,OK
2024-11-01 19:45:00,4.949712724599043,OK
2024-11-01 19:50:00,4.965683150710335,OK
2024-11-01 19:55:00,4.372349848546032,OK
2024-11-01 20:00:00,4.8237687789177865,OK
2024-11-01 20:05:00,6.337206666423339,OK
2024-11-01 20:10:00,4.031850221282529,OK
2024-11-01 20:15:00,5.42654613071176,OK
2024-11-01 20:20:00,4.911947436462317,OK
2024-11-01 20:25:00,3.7190710270134555,OK
2024-11-01 20:30:00,3.215319392572435,OK
2024-11-01 20:35:00,2.7671711618593307,OK
2024-11-01 20:40:00,4.703569683346046,OK
2024-11-01 20:45:00,4.369653745011469,OK
2024-11-01 20:50:00,3.6216810305840443,OK
2024-11-01 20:55:00,2.128876048975225,OK
2024-11-01 21:00:00,4.68072674018692,OK
2024-11-01 21:05:00,3.761299870274052,OK
2024-11-01 21:10:00,3.1759040458908365,OK
2024-11-01 21:15:00,2.7211542621656117,OK
2024-11-01 21:20:00,4.120475758271909,OK
2024-11-01 21:25:00,4.683960158954491,OK
2024-11-01 21:30:00,3.6513865389627864,OK
2024-11-01 21:35:00,3.086195493708696,OK
2024-11-01 21:40:00,3.4868327374898667,OK
2024-11-01 21:45:00,5.473012618121138,OK
2024-11-01 21:50:00,3.4299644815792623,OK
2024-11-01 21:55:00,3.5026526566826774,OK
2024-11-01 22:00:00,2.8626388789248343,OK
2024-11-01 22:05:00,2.5055506068365117,OK
2024-11-01 22:10:00,2.5433605983367364,OK
2024-11-01 22:15:00,1.4604636990282247,OK
2024-11-01 22:20:00,4.7958629600626335,OK
2024-11-01 22:25:00,3.5374819433187588,OK
2024-11-01 22:30:00,3.0518530723971313,OK
2024-11-01 22:35:00,18.347148272783244,OK
2024-11-01 22:40:00,18.704018102569677,OK
2024-11-01 22:45:00,17.487339512494927,OK
2024-11-01 22:50:00,2.250620061543093,OK
2024-11-01 22:55:00,1.9874420338087488,OK
2024-11-01 23:00:00,5.885941327816778,OK
2024-11-01 23:05:00,3.3747778220830664,OK
2024-11-01 23:10:00,2.1395424063164086,OK
2024-11-01 23:15:00,0.9935276829575181,OK
2024-11-01 23:20:00,0.9998910438982127,OK
2024-11-01 23:25:00,0.8865515125177645,OK
2024-11-01 23:30:00,2.0072065336222447,OK
2024-11-01 23:35:00,2.186842612700768,OK
2024-11-01 23:40:00,17.776555934433354,OK
2024-11-01 23:45:00,17.126786019477958,OK
2024-11-01 23:50:00,16.814044667805508,OK
2024-11-01 23:55:00,0.9442393853431412,OK
2024-11-02 00:00:00,-0.23603653898380772,OK
2024-11-02 00:05:00,-0.4012092569623231,OK
2024-11-02 00:10:00,1.1915180475469433,OK
2024-11-02 00:15:00,-0.41624180434734415,OK
2024-11-02 00:20:00,0.47126633076238056,OK
2024-11-02 00:25:00,-1.177375398686659,OK
2024-11-02 00:30:00,1.4653284110350964,OK
2024-11-02 00:35:00,-0.022087769671796764,OK
2024-11-02 00:40:00,2.131968726067739,OK
2024-11-02 00:45:00,2.052794490910948,OK
2024-11-02 00:50:00,0.5924981738221263,OK
2024-11-02 00:55:00,16.27059463293625,OK
2024-11-02 01:00:00,15.160181635165278,OK
2024-11-02 01:05:00,15.926686705915937,OK
2024-11-02 01:10:00,-1.197830129497414,OK
2024-11-02 01:15:00,2.0767948686822195,OK
2024-11-02 01:20:00,-1.1258886672413333,OK
2024-11-02 01:25:00,-1.7153587084610025,OK
2024-11-02 01:30:00,-1.2858872920654416,OK
2024-11-02 01:35:00,-0.012515634511983287,OK
2024-11-02 01:40:00,-0.711694454299242,OK
2024-11-02 01:45:00,-0.12172346282436086,OK
2024-11-02 01:50:00,-1.0622717515322073,OK
2024-11-02 01:55:00,0.9473389515269862,OK
2024-11-02 02:00:00,15.214475892151302,OK
2024-11-02 02:05:00,17.19351906153799,OK
2024-11-02 02:10:00,15.66223196189683,OK
2024-11-02 02:15:00,-1.5255425422621045,OK
2024-11-02 02:20:00,-1.3665395532222022,OK
2024-11-02 02:25:00,0.3684486193942331,OK
2024-11-02 02:30:00,-2.501195409545152,OK
2024-11-02 02:35:00,-0.2951409710195748,OK
2024-11-02 02:40:00,-2.205863223893634,OK
2024-11-02 02:45:00,-2.375860784312656,OK
2024-11-02 02:50:00,-1.0607924391436687,OK
2024-11-02 02:55:00,0.7564408875920049,OK
2024-11-02 03:00:00,-0.40124795862189505,OK
2024-11-02 03:05:00,0.6554475846597478,OK
2024-11-02 03:10:00,15.8755126680883,OK
2024-11-02 03:15:00,14.465054689194595,OK
2024-11-02 03:20:00,15.722618948105282,OK
2024-11-02 03:25:00,0.009200022774261907,OK
2024-11-02 03:30:00,-1.3954675748606054,OK
2024-11-02 03:35:00,-1.580901121754851,OK
2024-11-02 03:40:00,-1.0831791190433961,OK
2024-11-02 03:45:00,-4.25456437488411,OK
2024-11-02 03:50:00,-0.9959018671461249,OK
2024-11-02 03:55:00,-3.3280931625470105,OK
2024-11-02 04:00:00,-4.517000412704996,OK
2024-11-02 04:05:00,-1.0865249028933086,OK
2024-11-02 04:10:00,14.349493246496097,OK
2024-11-02 04:15:00,12.01696272394786,OK
2024-11-02 04:20:00,15.651859953983312,OK
2024-11-02 04:25:00,-2.3018488365304544,OK
2024-11-02 04:30:00,-3.106538749522448,OK
2024-11-02 04:35:00,,MISSING
2024-11-02 04:40:00,,MISSING
2024-11-02 04:45:00,-1.9890977200840776,OK
2024-11-02 04:50:00,-1.6461994565007911,OK
2024-11-02 04:55:00,-5.810804179138746,OK
2024-11-02 05:00:00,-4.635576834820162,OK
2024-11-02 05:05:00,-1.3282634168827774,OK
2024-11-02 05:10:00,-3.000470482264265,OK
2024-11-02 05:15:00,-2.7098325523427507,OK
2024-11-02 05:20:00,-2.4531654510105323,OK
2024-11-02 05:25:00,-1.8199241879330408,OK
2024-11-02 05:30:00,-1.6400156929100023,OK
2024-11-02 05:35:00,12.14423519087931,OK
2024-11-02 05:40:00,11.141226957115915,OK
2024-11-02 05:45:00,14.511436100887705,OK
2024-11-02 05:50:00,-2.9906622709032913,OK
2024-11-02 05:55:00,-3.1464293341092606,OK
2024-11-02 06:00:00,-6.54895478664935,OK
2024-11-02 06:05:00,-3.912920587158391,OK
2024-11-02 06:10:00,-4.199443749978654,OK
2024-11-02 06:15:00,-1.7884633559976253,OK
2024-11-02 06:20:00,-1.7270322318979074,OK
2024-11-02 06:25:00,-4.052972546751372,OK
2024-11-02 06:30:00,12.140664618325046,OK
2024-11-02 06:35:00,12.493225536999592,OK
2024-11-02 06:40:00,12.88689752518205,OK
2024-11-02 06:45:00,-2.2839362961651024,OK
2024-11-02 06:50:00,-1.4590532069150441,OK
2024-11-02 06:55:00,-0.9713793549190863,OK
2024-11-02 07:00:00,-6.302353718854739,OK
2024-11-02 07:05:00,-1.5548180016882736,OK
2024-11-02 07:10:00,-3.683237140144354,OK
2024-11-02 07:15:00,-2.462812203411695,OK
2024-11-02 07:20:00,-2.010865572353318,OK
2024-11-02 07:25:00,-0.7342751627694537,OK
2024-11-02 07:30:00,-1.834244995744883,OK
2024-11-02 07:35:00,14.500844961146056,OK
2024-11-02 07:40:00,14.095182199981428,OK
2024-11-02 07:45:00,13.430748459532245,OK
2024-11-02 07:50:00,-5.044939557447098,OK
2024-11-02 07:55:00,-0.7629079167833758,OK
2024-11-02 08:00:00,-4.078679673744064,OK
2024-11-02 08:05:00,-2.4015553588833543,OK
2024-11-02 08:10:00,-1.7025313479251576,OK
2024-11-02 08:15:00,-0.13023368926896994,OK
2024-11-02 08:20:00,-2.0780511432045956,OK
2024-11-02 08:25:00,-4.817501821632633,OK
2024-11-02 08:30:00,-1.8473426059531255,OK
2024-11-02 08:35:00,-3.1277454881505,OK
2024-11-02 08:40:00,0.6316851295731392,OK
2024-11-02 08:45:00,-1.8019802807213685,OK
2024-11-02 08:50:00,12.9196520432904,OK
2024-11-02 08:55:00,12.953069885944627,OK
2024-11-02 09:00:00,14.418466788489573,OK
2024-11-02 09:05:00,-2.236649850961223,OK
2024-11-02 09:10:00,0.3894565156581724,OK
2024-11-02 09:15:00,-4.6580030050022865,OK
2024-11-02 09:20:00,-1.7478913590668244,OK
2024-11-02 09:25:00,0.1268473625056381,OK
2024-11-02 09:30:00,-0.8206703924037381,OK
2024-11-02 09:35:00,-0.32820183164730077,OK
2024-11-02 09:40:00,-2.5626190993187334,OK
2024-11-02 09:45:00,0.09762825364149694,OK
2024-11-02 09:50:00,-0.729517664370582,OK
2024-11-02 09:55:00,-1.2436528265134688,OK
2024-11-02 10:00:00,-1.9747615917120898,OK
2024-11-02 10:05:00,14.317292500982923,OK
2024-11-02 10:10:00,14.179673589751706,OK
2024-11-02 10:15:00,15.643090584003135,OK
2024-11-02 10:20:00,-2.111267922621951,OK
2024-11-02 10:25:00,-0.32781559514304676,OK
2024-11-02 10:30:00,-2.8284440664496784,OK
2024-11-02 10:35:00,0.25719264867064884,OK
2024-11-02 10:40:00,0.7787035046729387,OK
2024-11-02 10:45:00,0.051006700804961,OK
2024-11-02 10:50:00,-0.32455291232889305,OK
2024-11-02 10:55:00,1.9163734292783974,OK
2024-11-02 11:00:00,0.5600010787541311,OK
2024-11-02 11:05:00,18.29527063797716,OK
2024-11-02 11:10:00,16.269615031739413,OK
2024-11-02 11:15:00,16.601038705678988,OK
2024-11-02 11:20:00,-0.8459921049868715,OK
2024-11-02 11:25:00,1.3207748619178648,OK
2024-11-02 11:30:00,0.7871545663131174,OK
2024-11-02 11:35:00,1.5416956355233724,OK
2024-11-02 11:40:00,-0.019552739966547383,OK
2024-11-02 11:45:00,2.274840833528577,OK
2024-11-02 11:50:00,2.298459405142845,OK
2024-11-02 11:55:00,-2.141873488767268,OK
2024-11-02 12:00:00,0.35436796242521207,OK
2024-11-02 12:05:00,1.8421443730021188,OK
2024-11-02 12:10:00,2.813896623505886,OK
2024-11-02 12:15:00,1.5140476590332064,OK
2024-11-02 12:20:00,16.588942128991476,OK
2024-11-02 12:25:00,18.561854417811546,OK
2024-11-02 12:30:00,18.450073620643238,OK
2024-11-02 12:35:00,3.3221816302931613,OK
2024-11-02 12:40:00,-1.3140141965805334,OK
2024-11-02 12:45:00,1.598156066323651,OK
2024-11-02 12:50:00,3.3147259944048146,OK
2024-11-02 12:55:00,2.4385353911336534,OK
2024-11-02 13:00:00,2.1976291050639487,OK
2024-11-02 13:05:00,1.7182416298473362,OK
2024-11-02 13:10:00,-0.15209487809692435,OK
2024-11-02 13:15:00,3.644837124800686,OK
2024-11-02 13:20:00,16.67714431602894,OK
2024-11-02 13:25:00,19.040833703597045,OK
2024-11-02 13:30:00,17.862432249797674,OK
2024-11-02 13:35:00,0.4422694961136225,OK
2024-11-02 13:40:00,0.12820452566104015,OK
2024-11-02 13:45:00,3.182545008951277,OK
2024-11-02 13:50:00,3.333452752653424,OK
2024-11-02 13:55:00,3.1597799476251227,OK
2024-11-02 14:00:00,3.17267240933644,OK
2024-11-02 14:05:00,5.316960024307186,OK
2024-11-02 14:10:00,3.6427089481505552,OK
2024-11-02 14:15:00,3.398577675747001,OK
2024-11-02 14:20:00,3.3513244965599247,OK
2024-11-02 14:25:00,3.950843553676966,OK
2024-11-02 14:30:00,3.9850092559930457,OK
2024-11-02 14:35:00,5.08515218915513,OK
2024-11-02 14:40:00,2.903053715331117,OK
2024-11-02 14:45:00,1.8248975880717593,OK
2024-11-02 14:50:00,4.326922199337502,OK
2024-11-02 14:55:00,4.126306629400186,OK
2024-11-02 15:00:00,4.046222217270568,OK
2024-11-02 15:05:00,5.11981086892782,OK
2024-11-02 15:10:00,1.8465600025847402,OK
2024-11-02 15:15:00,6.301064213661503,OK
2024-11-02 15:20:00,5.943962430728635,OK
2024-11-02 15:25:00,3.8366802023083966,OK
2024-11-02 15:30:00,4.237124474507125,OK
2024-11-02 15:35:00,4.520307401646817,OK
2024-11-02 15:40:00,5.275960920446711,OK
2024-11-02 15:45:00,4.132365036430178,OK
2024-11-02 15:50:00,3.0491364657739406,OK
2024-11-02 15:55:00,7.311071768973671,OK
2024-11-02 16:00:00,6.142562441754626,OK
2024-11-02 16:05:00,4.796547183103639,OK
2024-11-02 16:10:00,5.603359918096875,OK
2024-11-02 16:15:00,5.773941184022621,OK
2024-11-02 16:20:00,6.3525020995850765,OK
2024-11-02 16:25:00,3.0220328982316733,OK
2024-11-02 16:30:00,5.146192605195882,OK
2024-11-02 16:35:00,5.002078354557163,OK
2024-11-02 16:40:00,5.459369659542775,OK
2024-11-02 16:45:00,6.400093150075392,OK
2024-11-02 16:50:00,3.8063495330316517,OK
2024-11-02 16:55:00,3.9062544748176693,OK
2024-11-02 17:00:00,4.600234452773874,OK
2024-11-02 17:05:00,5.748311429484627,OK
2024-11-02 17:10:00,6.60281606783596,OK
2024-11-02 17:15:00,7.286324904991467,OK
2024-11-02 17:20:00,5.6629578241514364,OK
2024-11-02 17:25:00,6.5056854167172,OK
2024-11-02 17:30:00,6.092410255288625,OK
2024-11-02 17:35:00,6.065822285298262,OK
2024-11-02 17:40:00,5.727806482790935,OK
2024-11-02 17:45:00,5.433590831837286,OK
2024-11-02 17:50:00,5.202538548416004,OK
2024-11-02 17:55:00,4.300021246519259,OK
2024-11-02 18:00:00,5.8104763075414105,OK
2024-11-02 18:05:00,5.5312038297071995,OK
2024-11-02 18:10:00,5.153657575179516,OK
2024-11-02 18:15:00,6.107995462440904,OK
2024-11-02 18:20:00,4.8937180718314615,OK
2024-11-02 18:25:00,4.507456500908058,OK
2024-11-02 18:30:00,4.897136412833272,OK
2024-11-02 18:35:00,5.761574141649856,OK
2024-11-02 18:40:00,4.187837723056093,OK
2024-11-02 18:45:00,5.325185429003924,OK
2024-11-02 18:50:00,5.571627743701501,OK
2024-11-02 18:55:00,4.8691153287006665,OK
2024-11-02 19:00:00,4.897030999128526,OK
2024-11-02 19:05:00,3.7541365315679385,OK
2024-11-02 19:10:00,4.975790828341592,OK
2024-11-02 19:15:00,3.964906868124553,OK
2024-11-02 19:20:00,6.592727986813478,OK
2024-11-02 19:25:00,5.481177827739425,OK
2024-11-02 19:30:00,4.574284990470835,OK
2024-11-02 19:35:00,6.792375161191843,OK
2024-11-02 19:40:00,3.8638312469455047,OK
2024-11-02 19:45:00,4.168543694485035,OK
2024-11-02 19:50:00,3.7073276951630216,OK
2024-11-02 19:55:00,7.099800756749534,OK
2024-11-02 20:00:00,7.279779897133306,OK
2024-11-02 20:05:00,3.606643227834359,OK
2024-11-02 20:10:00,3.753550977951267,OK
2024-11-02 20:15:00,4.5960129581292195,OK
2024-11-02 20:20:00,4.58420496049118,OK
2024-11-02 20:25:00,4.893928833610491,OK
2024-11-02 20:30:00,4.452607683782922,OK
2024-11-02 20:35:00,5.307053213808114,OK
2024-11-02 20:40:00,3.871054637535596,OK
2024-11-02 20:45:00,5.273868647089351,OK
2024-11-02 20:50:00,3.5448287525072533,OK
2024-11-02 20:55:00,4.477780878975594,OK
2024-11-02 21:00:00,2.6416974136817877,OK
2024-11-02 21:05:00,3.83357282555295,OK
2024-11-02 21:10:00,3.968302727289252,OK
2024-11-02 21:15:00,4.798203330103076,OK
2024-11-02 21:20:00,4.854699152130933,OK
2024-11-02 21:25:00,4.229673343046047,OK
2024-11-02 21:30:00,4.028274530708355,OK
2024-11-02 21:35:00,1.8451181764163986,OK
2024-11-02 21:40:00,2.3476908836374286,OK
2024-11-02 21:45:00,3.6620059606071265,OK
2024-11-02 21:50:00,3.4864345215256236,OK
2024-11-02 21:55:00,3.8295276161449725,OK
2024-11-02 22:00:00,2.6169630414318092,OK
2024-11-02 22:05:00,3.4008601287059377,OK
2024-11-02 22:10:00,18.316884413481496,OK
2024-11-02 22:15:00,19.871478375183838,OK
2024-11-02 22:20:00,19.345993775595694,OK
2024-11-02 22:25:00,2.664144708214378,OK
2024-11-02 22:30:00,2.910209973591275,OK
2024-11-02 22:35:00,1.2740559881784874,OK
2024-11-02 22:40:00,3.854884958927551,OK
2024-11-02 22:45:00,4.436890551347213,OK
2024-11-02 22:50:00,2.681384716992899,OK
2024-11-02 22:55:00,3.6257116550335433,OK
2024-11-02 23:00:00,1.702051278401783,OK
2024-11-02 23:05:00,17.246717477676455,OK
2024-11-02 23:10:00,15.628183938740078,OK
2024-11-02 23:15:00,18.21761715022909,OK
2024-11-02 23:20:00,0.20073650453613645,OK
2024-11-02 23:25:00,-0.42841072000380986,OK
2024-11-02 23:30:00,-0.8061762387219088,OK
2024-11-02 23:35:00,2.705791120332775,OK
2024-11-02 23:40:00,2.946483569772338,OK
2024-11-02 23:45:00,0.7059791096348398,OK
2024-11-02 23:50:00,2.8199532785502885,OK
2024-11-02 23:55:00,1.2043966898041703,OK
2024-11-03 00:00:00,2.090878086411245,OK
2024-11-03 00:05:00,0.9956362761231872,OK
2024-11-03 00:10:00,17.1176875332513,OK
2024-11-03 00:15:00,18.077265736176695,OK
2024-11-03 00:20:00,16.355939177263465,OK
2024-11-03 00:25:00,0.7457181799842968,OK
2024-11-03 00:30:00,1.6400149247291451,OK
2024-11-03 00:35:00,0.09794516753043714,OK
2024-11-03 00:40:00,-0.38211391565699504,OK
2024-11-03 00:45:00,-0.5943173017768815,OK
2024-11-03 00:50:00,2.310485307037297,OK
2024-11-03 00:55:00,1.060695886577754,OK
2024-11-03 01:00:00,1.4099319321611694,OK
2024-11-03 01:05:00,-1.797565318072098,OK
2024-11-03 01:10:00,-0.9777399966022908,OK
2024-11-03 01:15:00,-0.6237478686018503,OK
2024-11-03 01:20:00,15.934538062094685,OK
2024-11-03 01:25:00,17.250743405778117,OK
2024-11-03 01:30:00,13.779744093105744,OK
2024-11-03 01:35:00,2.077739564327199,OK
2024-11-03 01:40:00,-3.976003932780953,OK
2024-11-03 01:45:00,-3.8235208534331955,OK
2024-11-03 01:50:00,-1.8682558215589065,OK
2024-11-03 01:55:00,0.2100939097765131,OK
2024-11-03 02:00:00,-2.768955344876415,OK
2024-11-03 02:05:00,-3.8750151533876287,OK
2024-11-03 02:10:00,-0.087573944991164,OK
2024-11-03 02:15:00,-1.6262667715900578,OK
2024-11-03 02:20:00,-1.6237010191086871,OK
2024-11-03 02:25:00,-0.9023205972972126,OK
2024-11-03 02:30:00,13.737091191979673,OK
2024-11-03 02:35:00,15.424012584947885,OK
2024-11-03 02:40:00,13.589357417684546,OK
2024-11-03 02:45:00,-4.189536794511891,OK
2024-11-03 02:50:00,-2.757666047907046,OK
2024-11-03 02:55:00,-3.313852113420083,OK
2024-11-03 03:00:00,-2.448231556485662,OK
2024-11-03 03:05:00,-0.5208756193234005,OK
2024-11-03 03:10:00,-0.33356528449532385,OK
2024-11-03 03:15:00,-2.4141602034244642,OK
2024-11-03 03:20:00,-1.6451040072335164,OK
2024-11-03 03:25:00,-2.168036762964885,OK
2024-11-03 03:30:00,-1.625392183329716,OK
2024-11-03 03:35:00,-2.09665419769109,OK
2024-11-03 03:40:00,-2.643062511650243,OK
2024-11-03 03:45:00,-1.7564450644795802,OK
2024-11-03 03:50:00,-3.624070638146941,OK
2024-11-03 03:55:00,-2.7417206899501996,OK
2024-11-03 04:00:00,-1.6306504338948495,OK
2024-11-03 04:05:00,13.735234758074084,OK
2024-11-03 04:10:00,13.939290125720683,OK
2024-11-03 04:15:00,12.828566563451684,OK
2024-11-03 04:20:00,-2.8128036558354728,OK
2024-11-03 04:25:00,-4.10110500825444,OK
2024-11-03 04:30:00,-2.8780570070379357,OK
2024-11-03 04:35:00,-0.9820342001895068,OK
2024-11-03 04:40:00,-2.492097957954645,OK
2024-11-03 04:45:00,-2.9675905499947364,OK
2024-11-03 04:50:00,-3.6455615782884268,OK
2024-11-03 04:55:00,-4.474947807333676,OK
2024-11-03 05:00:00,-3.5135018126888715,OK
2024-11-03 05:05:00,-2.1521037865471664,OK
2024-11-03 05:10:00,-3.3063030576452075,OK
2024-11-03 05:15:00,-3.6348845692325447,OK
2024-11-03 05:20:00,-4.0298310849419625,OK
2024-11-03 05:25:00,-2.2800368582381867,OK
2024-11-03 05:30:00,-3.02535063316013,OK
2024-11-03 05:35:00,-3.9542459608003684,OK
2024-11-03 05:40:00,-3.4603874965316423,OK
2024-11-03 05:45:00,15.287651579322208,OK
2024-11-03 05:50:00,13.973227805003667,OK
2024-11-03 05:55:00,13.621354182289387,OK
2024-11-03 06:00:00,-5.156146629328028,OK
2024-11-03 06:05:00,-3.144241494501426,OK
2024-11-03 06:10:00,-5.53980413148776,OK
2024-11-03 06:15:00,-2.3786264183392785,OK
2024-11-03 06:20:00,-1.3237283011008847,OK
2024-11-03 06:25:00,-2.389428268244978,OK
2024-11-03 06:30:00,-3.511932201751318,OK
2024-11-03 06:35:00,-3.8135025657897406,OK
2024-11-03 06:40:00,13.62164196125841,OK
2024-11-03 06:45:00,13.365176116558068,OK
2024-11-03 06:50:00,13.224759886769743,OK
2024-11-03 06:55:00,-2.785217578735013,OK
2024-11-03 07:00:00,-2.629591011193096,OK
2024-11-03 07:05:00,-2.334644128992305,OK
2024-11-03 07:10:00,-2.058453642246765,OK
2024-11-03 07:15:00,-1.965695640489713,OK
2024-11-03 07:20:00,-2.7477351904157628,OK
2024-11-03 07:25:00,-2.988634501376993,OK
2024-11-03 07:30:00,-4.89759419226686,OK
2024-11-03 07:35:00,-3.19805396017728,OK
2024-11-03 07:40:00,-3.7426261376396144,OK
2024-11-03 07:45:00,-2.0959664145307753,OK
2024-11-03 07:50:00,-3.6661216650025117,OK
2024-11-03 07:55:00,-2.215873011490099,OK
2024-11-03 08:00:00,-2.407147665436332,OK
2024-11-03 08:05:00,-2.3775340557854574,OK
2024-11-03 08:10:00,-1.6816421819774559,OK
2024-11-03 08:15:00,-1.7630499823036905,OK
2024-11-03 08:20:00,12.599567191219185,OK
2024-11-03 08:25:00,13.74418628232595,OK
2024-11-03 08:30:00,14.197452795078933,OK
2024-11-03 08:35:00,-6.467392917237519,OK
2024-11-03 08:40:00,-0.15391384723498014,OK
2024-11-03 08:45:00,0.318102491598639,OK
2024-11-03 08:50:00,-3.7896578019717087,OK
2024-11-03 08:55:00,-1.0706924755341625,OK
2024-11-03 09:00:00,-0.7822497655546303,OK
2024-11-03 09:05:00,-4.066434631923211,OK
2024-11-03 09:10:00,-4.0367817744313905,OK
2024-11-03 09:15:00,-0.8937974121501622,OK
2024-11-03 09:20:00,-2.2829921251665963,OK
2024-11-03 09:25:00,13.284681996334681,OK
2024-11-03 09:30:00,13.995730381510112,OK
2024-11-03 09:35:00,15.12547547506669,OK
2024-11-03 09:40:00,-1.9038871004584101,OK
2024-11-03 09:45:00,-1.4336751655787476,OK
2024-11-03 09:50:00,-1.4429587664868921,OK
2024-11-03 09:55:00,-2.698969696075909,OK
2024-11-03 10:00:00,-3.495288041905551,OK
2024-11-03 10:05:00,-2.0989489259183722,OK
2024-11-03 10:10:00,-0.6675309894391741,OK
2024-11-03 10:15:00,-3.4416557956335323,OK
2024-11-03 10:20:00,15.296948195726102,OK
2024-11-03 10:25:00,15.903549525405365,OK
2024-11-03 10:30:00,14.10483584347364,OK
2024-11-03 10:35:00,-4.0719092543588005,OK
2024-11-03 10:40:00,-0.10961994443398804,OK
2024-11-03 10:45:00,-0.14454577112941178,OK
2024-11-03 10:50:00,0.09631103937118934,OK
2024-11-03 10:55:00,0.051471164023152105,OK
2024-11-03 11:00:00,-1.7725921430486593,OK
2024-11-03 11:05:00,-3.32790992446253,OK
2024-11-03 11:10:00,0.9400213578844645,OK
2024-11-03 11:15:00,2.447998029633635,OK
2024-11-03 11:20:00,0.6385291772476438,OK
2024-11-03 11:25:00,0.7650803587196654,OK
2024-11-03 11:30:00,-0.8349637558049988,OK
2024-11-03 11:35:00,1.8777026114939788,OK
2024-11-03 11:40:00,1.2468306502105542,OK
2024-11-03 11:45:00,-0.2969655133161284,OK
2024-11-03 11:50:00,0.4936044214238523,OK
2024-11-03 11:55:00,1.1769107306659734,OK
2024-11-03 12:00:00,1.2429011348732553,OK
2024-11-03 12:05:00,2.2441626067415825,OK
2024-11-03 12:10:00,0.7836769627737192,OK
2024-11-03 12:15:00,16.49415184082893,OK
2024-11-03 12:20:00,17.09270131721022,OK
2024-11-03 12:25:00,17.75365806443578,OK
2024-11-03 12:30:00,-0.046109039278145136,OK
2024-11-03 12:35:00,1.5674212875443674,OK
2024-11-03 12:40:00,-0.37315435075737224,OK
2024-11-03 12:45:00,1.7630687238684395,OK
2024-11-03 12:50:00,0.21731592821603352,OK
2024-11-03 12:55:00,0.9033438478324443,OK
2024-11-03 13:00:00,1.4635435039532951,OK
2024-11-03 13:05:00,1.2210569336404085,OK
2024-11-03 13:10:00,0.7396526322696768,OK
2024-11-03 13:15:00,2.2625582297406037,OK
2024-11-03 13:20:00,1.4679003363257315,OK
2024-11-03 13:25:00,17.072541922582488,OK
2024-11-03 13:30:00,16.719760819957006,OK
2024-11-03 13:35:00,17.998943059642418,OK
2024-11-03 13:40:00,-0.04146176734956003,OK
2024-11-03 13:45:00,-0.8589941072941726,OK
2024-11-03 13:50:00,-0.4389278955222093,OK
2024-11-03 13:55:00,-0.1302972182785005,OK
2024-11-03 14:00:00,3.4823405243980647,OK
2024-11-03 14:05:00,0.14659890966840983,OK
2024-11-03 14:10:00,3.2955137162274704,OK
2024-11-03 14:15:00,1.764015713691193,OK
2024-11-03 14:20:00,3.9843999385670856,OK
2024-11-03 14:25:00,4.056550418809687,OK
2024-11-03 14:30:00,4.204596631411599,OK
2024-11-03 14:35:00,4.785570060513656,OK
2024-11-03 14:40:00,3.072404774618741,OK
2024-11-03 14:45:00,4.345822089908138,OK
2024-11-03 14:50:00,4.874492073926708,OK
2024-11-03 14:55:00,1.9143452757487927,OK
2024-11-03 15:00:00,2.7590766729585896,OK
2024-11-03 15:05:00,2.4517623610943433,OK
2024-11-03 15:10:00,4.771861525971787,OK
2024-11-03 15:15:00,1.8088417657472724,OK
2024-11-03 15:20:00,17.09511384941991,OK
2024-11-03 15:25:00,18.83204576638322,OK
2024-11-03 15:30:00,17.756591398196164,OK
2024-11-03 15:35:00,4.185217184194059,OK
2024-11-03 15:40:00,3.0094590274364457,OK
2024-11-03 15:45:00,2.003975023596741,OK
2024-11-03 15:50:00,4.575526739136691,OK
2024-11-03 15:55:00,4.109125835800638,OK
2024-11-03 16:00:00,2.732095336684119,OK
2024-11-03 16:05:00,3.6215022603155553,OK
2024-11-03 16:10:00,4.802553422167396,OK
2024-11-03 16:15:00,4.2768741837783555,OK
2024-11-03 16:20:00,4.53460543412659,OK
2024-11-03 16:25:00,6.107519031236501,OK
2024-11-03 16:30:00,7.0817474320108555,OK
2024-11-03 16:35:00,4.582771474186756,OK
2024-11-03 16:40:00,3.376907644834654,OK
2024-11-03 16:45:00,5.1583528391195905,OK
2024-11-03 16:50:00,4.7715395697673895,OK
2024-11-03 16:55:00,4.758477078579027,OK
2024-11-03 17:00:00,5.447501882305142,OK
2024-11-03 17:05:00,7.183605312217363,OK
2024-11-03 17:10:00,3.1195181426452034,OK
2024-11-03 17:15:00,4.612256798829172,OK
2024-11-03 17:20:00,6.53282648395105,OK
2024-11-03 17:25:00,4.073102744108506,OK
2024-11-03 17:30:00,5.877376157148681,OK
2024-11-03 17:35:00,5.386798154766013,OK
2024-11-03 17:40:00,5.757879842524874,OK
2024-11-03 17:45:00,6.995645831989807,OK
2024-11-03 17:50:00,5.489003230434297,OK
2024-11-03 17:55:00,3.3630304807916658,OK
2024-11-03 18:00:00,4.448019140636803,OK
2024-11-03 18:05:00,6.6040469410099085,OK
2024-11-03 18:10:00,3.0840717767683117,OK
2024-11-03 18:15:00,5.985545928524584,OK
2024-11-03 18:20:00,2.112073959705887,OK
2024-11-03 18:25:00,3.8180446914697113,OK
2024-11-03 18:30:00,5.708521135654487,OK
2024-11-03 18:35:00,5.077935350390723,OK
2024-11-03 18:40:00,4.396033200646338,OK
2024-11-03 18:45:00,4.247194204209074,OK
2024-11-03 18:50:00,2.937738429710581,OK
2024-11-03 18:55:00,5.452177845368402,OK
2024-11-03 19:00:00,4.3385412719175225,OK
2024-11-03 19:05:00,3.5274120899283243,OK
2024-11-03 19:10:00,4.604091524337013,OK
2024-11-03 19:15:00,5.5586440608486685,OK
2024-11-03 19:20:00,5.3923272039948795,OK
2024-11-03 19:25:00,5.307015320127051,OK
2024-11-03 19:30:00,4.9977894416238255,OK
2024-11-03 19:35:00,3.9493520950864984,OK
2024-11-03 19:40:00,4.1319125291311956,OK
2024-11-03 19:45:00,4.935720726430994,OK
2024-11-03 19:50:00,5.9467058334924845,OK
2024-11-03 19:55:00,5.056327422254211,OK
2024-11-03 20:00:00,3.5556329688791903,OK
2024-11-03 20:05:00,4.995644795072584,OK
2024-11-03 20:10:00,4.524409304376024,OK
2024-11-03 20:15:00,3.196076826663178,OK
2024-11-03 20:20:00,3.721974292005903,OK
2024-11-03 20:25:00,4.635578188572925,OK
2024-11-03 20:30:00,5.268401574725358,OK
2024-11-03 20:35:00,1.9091119386498299,OK
2024-11-03 20:40:00,5.604618622218821,OK
2024-11-03 20:45:00,4.848164263754757,OK
2024-11-03 20:50:00,3.843636541606982,OK
2024-11-03 20:55:00,3.5720784125113827,OK
2024-11-03 21:00:00,3.982293257700578,OK
2024-11-03 21:05:00,2.715651645344923,OK
2024-11-03 21:10:00,3.3604497907379383,OK
2024-11-03 21:15:00,2.136650963958575,OK
2024-11-03 21:20:00,17.004131231808714,OK
2024-11-03 21:25:00,21.06101780837073,OK
2024-11-03 21:30:00,18.428015910100143,OK
2024-11-03 21:35:00,2.931729651026522,OK
2024-11-03 21:40:00,3.100319661650465,OK
2024-11-03 21:45:00,2.2065865684853305,OK
2024-11-03 21:50:00,2.7503001326379133,OK
2024-11-03 21:55:00,0.506440612564715,OK
2024-11-03 22:00:00,0.1693876247091333,OK
2024-11-03 22:05:00,2.2356244760026733,OK
2024-11-03 22:10:00,3.5505474051884387,OK
2024-11-03 22:15:00,3.1706562693628286,OK
2024-11-03 22:20:00,3.0003606777345806,OK
2024-11-03 22:25:00,3.698484566597887,OK
2024-11-03 22:30:00,2.5547243967437114,OK
2024-11-03 22:35:00,2.6397444453543475,OK
2024-11-03 22:40:00,4.069630548390803,OK
2024-11-03 22:45:00,1.599373931955124,OK
2024-11-03 22:50:00,0.2745316511539524,OK
2024-11-03 22:55:00,3.0274937235192425,OK
2024-11-03 23:00:00,2.4477788144632817,OK
2024-11-03 23:05:00,0.9513701814204798,OK
2024-11-03 23:10:00,18.477219488625952,OK
2024-11-03 23:15:00,17.20793272946508,OK
2024-11-03 23:20:00,16.00820980046673,OK
2024-11-03 23:25:00,4.252140414832971,OK
2024-11-03 23:30:00,-2.6413132346749086,OK
2024-11-03 23:35:00,1.3896549225603056,OK
2024-11-03 23:40:00,-0.882255276532316,OK
2024-11-03 23:45:00,1.3682581737931097,OK
2024-11-03 23:50:00,-2.418059547372245,OK
2024-11-03 23:55:00,2.1621010039960566,OK
2024-11-04 00:00:00,1.8546457166413866,OK
2024-11-04 00:05:00,2.227742369627309,OK
2024-11-04 00:10:00,-0.09613086161401124,OK
2024-11-04 00:15:00,-0.6075956009100234,OK
2024-11-04 00:20:00,0.6309855991422475,OK
2024-11-04 00:25:00,0.660472797301276,OK
2024-11-04 00:30:00,-1.4525013627070118,OK
2024-11-04 00:35:00,-0.9294502068270658,OK
2024-11-04 00:40:00,-0.5240825254737417,OK
2024-11-04 00:45:00,1.9673770457233974,OK
2024-11-04 00:50:00,0.6448338432002352,OK
2024-11-04 00:55:00,-0.6729953130087989,OK
2024-11-04 01:00:00,0.1508849374231354,OK
2024-11-04 01:05:00,-2.775373806709463,OK
2024-11-04 01:10:00,14.612237489059689,OK
2024-11-04 01:15:00,14.839746531858333,OK
2024-11-04 01:20:00,14.936917850799718,OK
2024-11-04 01:25:00,-0.9400542427356493,OK
2024-11-04 01:30:00,-0.7113860117376367,OK
2024-11-04 01:35:00,-0.3865172870743106,OK
2024-11-04 01:40:00,-1.063563561572049,OK
2024-11-04 01:45:00,0.11416100457448097,OK
2024-11-04 01:50:00,-0.516157785461217,OK
2024-11-04 01:55:00,-0.5646031685714308,OK
2024-11-04 02:00:00,0.5822521762682515,OK
2024-11-04 02:05:00,-0.5158831879476565,OK
2024-11-04 02:10:00,15.426231735924466,OK
2024-11-04 02:15:00,12.642473683251234,OK
2024-11-04 02:20:00,12.160242264223639,OK
2024-11-04 02:25:00,-1.917481658901735,OK
2024-11-04 02:30:00,-1.92343396228263,OK
2024-11-04 02:35:00,-3.361261519239224,OK
2024-11-04 02:40:00,-3.541594751096836,OK
2024-11-04 02:45:00,-2.1884180368658464,OK
2024-11-04 02:50:00,-4.403282999158883,OK
2024-11-04 02:55:00,-2.891698928849366,OK
2024-11-04 03:00:00,-5.0264726326705915,OK
2024-11-04 03:05:00,-2.719056072427046,OK
2024-11-04 03:10:00,-1.791918872930421,OK
2024-11-04 03:15:00,-0.6236331258963099,OK
2024-11-04 03:20:00,-2.0711171058639373,OK
2024-11-04 03:25:00,-3.7829688752961306,OK
2024-11-04 03:30:00,-1.230539975519606,OK
2024-11-04 03:35:00,-3.8459351520489555,OK
2024-11-04 03:40:00,-0.5020981886977218,OK
2024-11-04 03:45:00,-1.7324197207146965,OK
2024-11-04 03:50:00,-1.6661645889243206,OK
2024-11-04 03:55:00,-1.8872733239264439,OK
2024-11-04 04:00:00,-5.277470895512137,OK
2024-11-04 04:05:00,-3.947474510715706,OK
2024-11-04 04:10:00,-3.2516483160830005,OK
2024-11-04 04:15:00,-3.822662327063286,OK
2024-11-04 04:20:00,-3.8734903368857627,OK
2024-11-04 04:25:00,-2.7724898009817798,OK
2024-11-04 04:30:00,-2.9518516546792783,OK
2024-11-04 04:35:00,-4.392952658105826,OK
2024-11-04 04:40:00,-2.4144225842613465,OK
2024-11-04 04:45:00,-2.9850824736966106,OK
2024-11-04 04:50:00,-3.6104588601127503,OK
2024-11-04 04:55:00,-2.546261626530582,OK
2024-11-04 05:00:00,-2.9884370530228304,OK
2024-11-04 05:05:00,-2.760887927083618,OK
2024-11-04 05:10:00,-3.4301106826873666,OK
2024-11-04 05:15:00,-1.9562094335587659,OK
2024-11-04 05:20:00,-5.257679390006614,OK
2024-11-04 05:25:00,-2.78337014222477,OK
2024-11-04 05:30:00,-3.6920422078318262,OK
2024-11-04 05:35:00,-4.311818047415778,OK
2024-11-04 05:40:00,-2.310049589242572,OK
2024-11-04 05:45:00,-2.418334419481508,OK
2024-11-04 05:50:00,-4.883910289403286,OK
2024-11-04 05:55:00,-2.6985832500731535,OK
2024-11-04 06:00:00,-2.6766485477063693,OK
2024-11-04 06:05:00,-3.9224458038584036,OK
2024-11-04 06:10:00,-3.570738613206422,OK
2024-11-04 06:15:00,-4.835232821314044,OK
2024-11-04 06:20:00,-3.1863116293272706,OK
2024-11-04 06:25:00,-2.890585277725754,OK
2024-11-04 06:30:00,-2.269007624888707,OK
2024-11-04 06:35:00,-2.7676008789360287,OK
2024-11-04 06:40:00,-4.1029598461051515,OK
2024-11-04 06:45:00,-2.783139116016634,OK
2024-11-04 06:50:00,-2.907545997791651,OK
2024-11-04 06:55:00,-3.901111922577743,OK
2024-11-04 07:00:00,-4.512824033379729,OK
2024-11-04 07:05:00,-2.8645182572123447,OK
2024-11-04 07:10:00,-3.0552916802517043,OK
2024-11-04 07:15:00,-1.9607748796384707,OK
2024-11-04 07:20:00,-3.88824289017614,OK
2024-11-04 07:25:00,-3.1942255777469195,OK
2024-11-04 07:30:00,-4.080805807745119,OK
2024-11-04 07:35:00,-3.9328923880857536,OK
2024-11-04 07:40:00,-2.8107172494919217,OK
2024-11-04 07:45:00,-2.646047312912816,OK
2024-11-04 07:50:00,-4.5510329314218465,OK
2024-11-04 07:55:00,-3.8724975240023154,OK
2024-11-04 08:00:00,-3.419730167646383,OK
2024-11-04 08:05:00,-1.655466698235959,OK
2024-11-04 08:10:00,-3.314982186759745,OK
2024-11-04 08:15:00,-1.851817078341771,OK
2024-11-04 08:20:00,-2.2278923100869368,OK
2024-11-04 08:25:00,-3.4654113477215156,OK
2024-11-04 08:30:00,-2.2350318582946374,OK
2024-11-04 08:35:00,-2.98008312233186,OK
2024-11-04 08:40:00,12.749706135917222,OK
2024-11-04 08:45:00,14.396244855166698,OK
2024-11-04 08:50:00,14.93239017602752,OK
2024-11-04 08:55:00,-1.5740106768609174,OK
2024-11-04 09:00:00,-1.4268713458850102,OK
2024-11-04 09:05:00,-3.957339804178421,OK
2024-11-04 09:10:00,-2.9334135406599735,OK
2024-11-04 09:15:00,-2.870937612825642,OK
2024-11-04 09:20:00,-2.3047992259391306,OK
2024-11-04 09:25:00,-4.637788743719856,OK
2024-11-04 09:30:00,-1.2064285823568799,OK
2024-11-04 09:35:00,-1.2389742466598013,OK
2024-11-04 09:40:00,-1.648897687098431,OK
2024-11-04 09:45:00,14.046715334305867,OK
2024-11-04 09:50:00,12.38653729191589,OK
2024-11-04 09:55:00,11.845328544454922,OK
2024-11-04 10:00:00,-0.5843319370593303,OK
2024-11-04 10:05:00,-2.1870326741855988,OK
2024-11-04 10:10:00,-2.976820022235143,OK
2024-11-04 10:15:00,-0.20221098768937196,OK
2024-11-04 10:20:00,-0.5614914476900941,OK
2024-11-04 10:25:00,-0.08157764366974929,OK
2024-11-04 10:30:00,0.2275037255978536,OK
2024-11-04 10:35:00,-1.9644369007689313,OK
2024-11-04 10:40:00,-1.587259732755834,OK
2024-11-04 10:45:00,-1.0986131661825143,OK
2024-11-04 10:50:00,0.09997843321097433,OK
2024-11-04 10:55:00,-2.2181990554366187,OK
2024-11-04 11:00:00,-0.32167000680494173,OK
2024-11-04 11:05:00,1.0064297209369033,OK
2024-11-04 11:10:00,16.071039680307322,OK
2024-11-04 11:15:00,16.49551369793828,OK
2024-11-04 11:20:00,16.697961243513443,OK
2024-11-04 11:25:00,-1.9932389448092804,OK
2024-11-04 11:30:00,2.10898651964022,OK
2024-11-04 11:35:00,-1.281380410497392,OK
2024-11-04 11:40:00,1.7131744048909991,OK
2024-11-04 11:45:00,-0.4478285732075393,OK
2024-11-04 11:50:00,-3.7168610708322,OK
2024-11-04 11:55:00,2.5627712836416396,OK
2024-11-04 12:00:00,-2.478937544716151,OK
2024-11-04 12:05:00,0.6044592149245283,OK
2024-11-04 12:10:00,1.3220548685636357,OK
2024-11-04 12:15:00,17.16796824136547,OK
2024-11-04 12:20:00,17.25826080187627,OK
2024-11-04 12:25:00,16.793080190490006,OK
2024-11-04 12:30:00,0.5557112745712434,OK
2024-11-04 12:35:00,-0.8149701035602496,OK
2024-11-04 12:40:00,1.8596076219707494,OK
2024-11-04 12:45:00,0.3426447281903111,OK
2024-11-04 12:50:00,2.9175620884063376,OK
2024-11-04 12:55:00,-3.084137156575235,OK
2024-11-04 13:00:00,0.6360719257242624,OK
2024-11-04 13:05:00,1.5742443505100647,OK
2024-11-04 13:10:00,2.363181740515322,OK
2024-11-04 13:15:00,18.169724118855047,OK
2024-11-04 13:20:00,17.184023408580984,OK
2024-11-04 13:25:00,18.955903198664828,OK
2024-11-04 13:30:00,1.6789429110331737,OK
2024-11-04 13:35:00,2.7264671785831873,OK
2024-11-04 13:40:00,4.280171170601842,OK
2024-11-04 13:45:00,0.7487048558022775,OK
2024-11-04 13:50:00,-2.6053601068620695,OK
2024-11-04 13:55:00,3.076000712387983,OK
2024-11-04 14:00:00,2.1900726351578386,OK
2024-11-04 14:05:00,2.1433099153834463,OK
2024-11-04 14:10:00,1.3680525239651034,OK
2024-11-04 14:15:00,19.338636538527755,OK
2024-11-04 14:20:00,17.185331329810243,OK
2024-11-04 14:25:00,18.960830078642086,OK
2024-11-04 14:30:00,4.021201809036718,OK
2024-11-04 14:35:00,3.8546143714240073,OK
2024-11-04 14:40:00,4.024180808787084,OK
2024-11-04 14:45:00,1.9102206869724392,OK
2024-11-04 14:50:00,3.3794913947114806,OK
2024-11-04 14:55:00,3.5791632922108274,OK
2024-11-04 15:00:00,4.241038016660503,OK
2024-11-04 15:05:00,4.636639759781571,OK
2024-11-04 15:10:00,4.930048890861778,OK
2024-11-04 15:15:00,1.750584569749803,OK
2024-11-04 15:20:00,18.785570251372683,OK
2024-11-04 15:25:00,18.18537649759947,OK
2024-11-04 15:30:00,19.714140198421752,OK
2024-11-04 15:35:00,4.966369729859703,OK
2024-11-04 15:40:00,3.901238944094453,OK
2024-11-04 15:45:00,3.8430166391419918,OK
2024-11-04 15:50:00,4.938068340928382,OK
2024-11-04 15:55:00,4.271930305103483,OK
2024-11-04 16:00:00,6.181637674119618,OK
2024-11-04 16:05:00,6.373194606876882,OK
2024-11-04 16:10:00,5.528218739895372,OK
2024-11-04 16:15:00,5.246232739566722,OK
2024-11-04 16:20:00,6.460308512385348,OK
2024-11-04 16:25:00,4.8589290126220535,OK
2024-11-04 16:30:00,3.991053271853234,OK
2024-11-04 16:35:00,4.346866597571627,OK
2024-11-04 16:40:00,4.478042989530676,OK
2024-11-04 16:45:00,4.815431890152579,OK
2024-11-04 16:50:00,5.666648631814934,OK
2024-11-04 16:55:00,2.8537460544368995,OK
2024-11-04 17:00:00,4.490674538127013,OK
2024-11-04 17:05:00,5.175427524340165,OK
2024-11-04 17:10:00,5.410683871281968,OK
2024-11-04 17:15:00,5.637248090304604,OK
2024-11-04 17:20:00,5.1779280146182405,OK
2024-11-04 17:25:00,3.527724191655793,OK
2024-11-04 17:30:00,3.952011206685736,OK
2024-11-04 17:35:00,4.216830597280897,OK
2024-11-04 17:40:00,5.23631081567093,OK
2024-11-04 17:45:00,5.627660669471639,OK
2024-11-04 17:50:00,4.039879363637314,OK
2024-11-04 17:55:00,4.667289563117081,OK
2024-11-04 18:00:00,7.070843962510375,OK
2024-11-04 18:05:00,6.1044685905877225,OK
2024-11-04 18:10:00,5.169952123524271,OK
2024-11-04 18:15:00,4.013830440456083,OK
2024-11-04 18:20:00,4.390322633437134,OK
2024-11-04 18:25:00,4.912398062995354,OK
2024-11-04 18:30:00,5.044767591590921,OK
2024-11-04 18:35:00,5.230597318959818,OK
2024-11-04 18:40:00,5.199965218971838,OK
2024-11-04 18:45:00,4.287419934369359,OK
2024-11-04 18:50:00,3.940722368684642,OK
2024-11-04 18:55:00,7.014984227704948,OK
2024-11-04 19:00:00,4.4347562335686765,OK
2024-11-04 19:05:00,4.125472701632966,OK
2024-11-04 19:10:00,3.010193496716349,OK
2024-11-04 19:15:00,4.61977236104142,OK
2024-11-04 19:20:00,5.96841614685843,OK
2024-11-04 19:25:00,4.27696327038926,OK
2024-11-04 19:30:00,6.646456398569206,OK
2024-11-04 19:35:00,5.199107302963945,OK
2024-11-04 19:40:00,6.202392248746606,OK
2024-11-04 19:45:00,4.153434741715662,OK
2024-11-04 19:50:00,4.129086282582648,OK
2024-11-04 19:55:00,4.644348855563125,OK
2024-11-04 20:00:00,5.107006177316017,OK
2024-11-04 20:05:00,4.491487018148932,OK
2024-11-04 20:10:00,4.698746498627912,OK
2024-11-04 20:15:00,5.3768521887674865,OK
2024-11-04 20:20:00,3.6110541089679966,OK
2024-11-04 20:25:00,4.05063255643215,OK
2024-11-04 20:30:00,4.25251219022298,OK
2024-11-04 20:35:00,3.838528247928935,OK
2024-11-04 20:40:00,4.821544268172858,OK
2024-11-04 20:45:00,3.7256568996910864,OK
2024-11-04 20:50:00,2.5601253598578606,OK
2024-11-04 20:55:00,3.889008580203349,OK
2024-11-04 21:00:00,3.564093358724563,OK
2024-11-04 21:05:00,4.667376704234286,OK
2024-11-04 21:10:00,4.8096691932391815,OK
2024-11-04 21:15:00,1.5338497862829632,OK
2024-11-04 21:20:00,3.3428879001469904,OK
2024-11-04 21:25:00,4.596000883956198,OK
2024-11-04 21:30:00,2.541282606853467,OK
2024-11-04 21:35:00,5.2411210837325655,OK
2024-11-04 21:40:00,5.185177518899159,OK
2024-11-04 21:45:00,3.3673854343365583,OK
2024-11-04 21:50:00,2.768012289767158,OK
2024-11-04 21:55:00,1.3888379974250475,OK
2024-11-04 22:00:00,4.0340309589890095,OK
2024-11-04 22:05:00,5.64321251513347,OK
2024-11-04 22:10:00,5.07358351727094,OK
2024-11-04 22:15:00,2.9607680926382436,OK
2024-11-04 22:20:00,2.0796146674004623,OK
2024-11-04 22:25:00,19.810589881038172,OK
2024-11-04 22:30:00,18.292354527294837,OK
2024-11-04 22:35:00,18.79585960020312,OK
2024-11-04 22:40:00,3.528680708378898,OK
2024-11-04 22:45:00,3.0763777734923208,OK
2024-11-04 22:50:00,3.5382153830486303,OK
2024-11-04 22:55:00,3.5901624146411315,OK
2024-11-04 23:00:00,2.0609493083829795,OK
2024-11-04 23:05:00,-0.9897733481345978,OK
2024-11-04 23:10:00,-0.7659902299119596,OK
2024-11-04 23:15:00,1.2190389274281463,OK
2024-11-04 23:20:00,0.5837558098617504,OK
2024-11-04 23:25:00,17.52184310707344,OK
2024-11-04 23:30:00,16.800661599673187,OK
2024-11-04 23:35:00,17.187169288507164,OK
2024-11-04 23:40:00,2.449893354904774,OK
2024-11-04 23:45:00,-0.3904533491994121,OK
2024-11-04 23:50:00,1.091720235836785,OK
2024-11-04 23:55:00,3.084766775500545,OK
2024-11-05 00:00:00,2.377738069984952,OK
2024-11-05 00:05:00,-1.3890676092290963,OK
2024-11-05 00:10:00,0.7075536630387151,OK
2024-11-05 00:15:00,2.0516467851515747,OK
2024-11-05 00:20:00,1.9905181854652878,OK
2024-11-05 00:25:00,-0.011488523577350085,OK
2024-11-05 00:30:00,1.5927612389614392,OK
2024-11-05 00:35:00,1.9541304776791366,OK
2024-11-05 00:40:00,17.31296241670121,OK
2024-11-05 00:45:00,17.49774843846618,OK
2024-11-05 00:50:00,17.962385563957756,OK
2024-11-05 00:55:00,-0.9603969760730029,OK
2024-11-05 01:00:00,0.16123726690598578,OK
2024-11-05 01:05:00,-0.27043256973906254,OK
2024-11-05 01:10:00,-1.8566151076114712,OK
2024-11-05 01:15:00,-0.1289403077676258,OK
2024-11-05 01:20:00,0.39351669196596273,OK
2024-11-05 01:25:00,-0.11014746497247227,OK
2024-11-05 01:30:00,-1.9314339040584025,OK
2024-11-05 01:35:00,14.69840900437276,OK
2024-11-05 01:40:00,15.695021099967713,OK
2024-11-05 01:45:00,13.613524819248548,OK
2024-11-05 01:50:00,-2.9423034454571573,OK
2024-11-05 01:55:00,-0.3916422470460379,OK
2024-11-05 02:00:00,0.32821808292308563,OK
2024-11-05 02:05:00,0.8101171294871073,OK
2024-11-05 02:10:00,-1.3729133628584498,OK
2024-11-05 02:15:00,-1.0690901219305804,OK
2024-11-05 02:20:00,-1.0721710976537306,OK
2024-11-05 02:25:00,-0.4198808098236487,OK
2024-11-05 02:30:00,-1.1557003020120638,OK
2024-11-05 02:35:00,-0.2973858437977579,OK
2024-11-05 02:40:00,-3.8781082346877436,OK
2024-11-05 02:45:00,14.30698548192528,OK
2024-11-05 02:50:00,13.924457901863711,OK
2024-11-05 02:55:00,13.381866904979432,OK
2024-11-05 03:00:00,-6.683768733623781,OK
2024-11-05 03:05:00,-2.6845704112263595,OK
2024-11-05 03:10:00,-5.217911961513392,OK
2024-11-05 03:15:00,-2.818048705468249,OK
2024-11-05 03:20:00,-4.190708092534577,OK
2024-11-05 03:25:00,-2.405960090310289,OK
2024-11-05 03:30:00,-4.409385466088965,OK
2024-11-05 03:35:00,-1.6027592451274808,OK
2024-11-05 03:40:00,-2.145327106880533,OK
2024-11-05 03:45:00,-2.5130259924678278,OK
2024-11-05 03:50:00,-1.6410554307135308,OK
2024-11-05 03:55:00,-2.7258761248804544,OK
2024-11-05 04:00:00,-0.9351996418610118,OK
2024-11-05 04:05:00,14.349531806300433,OK
2024-11-05 04:10:00,11.463445043591108,OK
2024-11-05 04:15:00,11.528550287820243,OK
2024-11-05 04:20:00,-2.695697375416009,OK
2024-11-05 04:25:00,-1.677758969149898,OK
2024-11-05 04:30:00,-4.18121699095033,OK
2024-11-05 04:35:00,-4.834500917673867,OK
2024-11-05 04:40:00,-2.590023742751681,OK
2024-11-05 04:45:00,-6.094909194123103,OK
2024-11-05 04:50:00,-2.295090367050824,OK
2024-11-05 04:55:00,-2.739455094791548,OK
2024-11-05 05:00:00,-3.063027820560562,OK
2024-11-05 05:05:00,-2.028770176521168,OK
2024-11-05 05:10:00,-0.9512625093020002,OK
2024-11-05 05:15:00,-4.046094948062039,OK
2024-11-05 05:20:00,-4.109224955826043,OK
2024-11-05 05:25:00,-2.6353789884565435,OK
2024-11-05 05:30:00,-1.5783934509270898,OK
2024-11-05 05:35:00,-3.7532423546761016,OK
2024-11-05 05:40:00,-2.2742355632125677,OK
2024-11-05 05:45:00,-4.0212863110209955,OK
2024-11-05 05:50:00,-3.4310510114295267,OK
2024-11-05 05:55:00,-3.7887092269262226,OK
2024-11-05 06:00:00,-3.321801677100087,OK
2024-11-05 06:05:00,-3.0829749177677335,OK
2024-11-05 06:10:00,-3.2767121187831654,OK
2024-11-05 06:15:00,-1.0215967358909523,OK
2024-11-05 06:20:00,-3.095529638828255,OK
2024-11-05 06:25:00,-5.100501333928721,OK
2024-11-05 06:30:00,-3.160527214418025,OK
2024-11-05 06:35:00,-2.7022436334610767,OK
2024-11-05 06:40:00,-3.204251526998792,OK
2024-11-05 06:45:00,-3.1854016281790956,OK
2024-11-05 06:50:00,-1.9119107677382625,OK
2024-11-05 06:55:00,-3.2224574797561525,OK
2024-11-05 07:00:00,-2.9189642277298513,OK
2024-11-05 07:05:00,-3.5847535247507754,OK
2024-11-05 07:10:00,-5.001077630713693,OK
2024-11-05 07:15:00,-2.827868490642059,OK
2024-11-05 07:20:00,-2.7918566049128586,OK
2024-11-05 07:25:00,-3.7017875407981,OK
2024-11-05 07:30:00,-3.0893206024774424,OK
2024-11-05 07:35:00,-2.7734432812076015,OK
2024-11-05 07:40:00,-3.0482128955258965,OK
2024-11-05 07:45:00,-3.425834093579818,OK
2024-11-05 07:50:00,-1.878516045071326,OK
2024-11-05 07:55:00,-2.9523058813033325,OK
2024-11-05 08:00:00,-3.2554541845581357,OK
2024-11-05 08:05:00,-3.787933500060406,OK
2024-11-05 08:10:00,-2.3627812983051775,OK
2024-11-05 08:15:00,-1.7192652076616821,OK
2024-11-05 08:20:00,-2.0921356780197775,OK
2024-11-05 08:25:00,-2.5956483140723856,OK
2024-11-05 08:30:00,-2.3277050900017384,OK
2024-11-05 08:35:00,-1.115555991486346,OK
2024-11-05 08:40:00,14.20281795933661,OK
2024-11-05 08:45:00,13.673800017283378,OK
2024-11-05 08:50:00,13.834716201078958,OK
2024-11-05 08:55:00,-2.0313256470719043,OK
2024-11-05 09:00:00,-1.7131059180412327,OK
2024-11-05 09:05:00,-3.738264904224401,OK
2024-11-05 09:10:00,-3.1465211277259346,OK
2024-11-05 09:15:00,-3.9096818875614305,OK
2024-11-05 09:20:00,-0.8013308791128266,OK
2024-11-05 09:25:00,-4.851801791025827,OK
2024-11-05 09:30:00,-2.920223689832436,OK
2024-11-05 09:35:00,-1.5041395590856457,OK
2024-11-05 09:40:00,-3.08312537676984,OK
2024-11-05 09:45:00,-2.391770698099063,OK
2024-11-05 09:50:00,-2.683995628468945,OK
2024-11-05 09:55:00,15.397078609777122,OK
2024-11-05 10:00:00,14.0401848931409,OK
2024-11-05 10:05:00,15.507565744197638,OK
2024-11-05 10:10:00,0.07895773054899469,OK
2024-11-05 10:15:00,-1.6927287192885383,OK
2024-11-05 10:20:00,-1.250458743138306,OK
2024-11-05 10:25:00,0.5460520384653241,OK
2024-11-05 10:30:00,-1.4954816477495698,OK
2024-11-05 10:35:00,-2.096417032560508,OK
2024-11-05 10:40:00,-0.1967491516794262,OK
2024-11-05 10:45:00,-5.200699869030689,OK
2024-11-05 10:50:00,-0.5105575015880869,OK
2024-11-05 10:55:00,16.191748802677203,OK
2024-11-05 11:00:00,18.531344841750823,OK
2024-11-05 11:05:00,15.539158798401093,OK
2024-11-05 11:10:00,-1.382502661710905,OK
2024-11-05 11:15:00,-0.5301552259006072,OK
2024-11-05 11:20:00,0.5148033428275504,OK
2024-11-05 11:25:00,-2.4144893366183258,OK
2024-11-05 11:30:00,0.09353341275318017,OK
2024-11-05 11:35:00,-1.9797609889938435,OK
2024-11-05 11:40:00,1.2501647325639347,OK
2024-11-05 11:45:00,-2.079743051493365,OK
2024-11-05 11:50:00,15.211138975604362,OK
2024-11-05 11:55:00,15.720619637103422,OK
2024-11-05 12:00:00,16.262045250603773,OK
2024-11-05 12:05:00,0.20919653140941985,OK
2024-11-05 12:10:00,-2.6995672553139642,OK
2024-11-05 12:15:00,1.5849526341508566,OK
2024-11-05 12:20:00,-1.101663404705158,OK
2024-11-05 12:25:00,-0.4791125964867964,OK
2024-11-05 12:30:00,1.9684621859845837,OK
2024-11-05 12:35:00,2.6167894748090617,OK
2024-11-05 12:40:00,-2.324313874073927,OK
2024-11-05 12:45:00,1.2798842174682084,OK
2024-11-05 12:50:00,16.394063148572453,OK
2024-11-05 12:55:00,17.780278809516876,OK
2024-11-05 13:00:00,16.57018230182746,OK
2024-11-05 13:05:00,2.2913335035249056,OK
2024-11-05 13:10:00,1.864756521794956,OK
2024-11-05 13:15:00,-1.8565552744650502,OK
2024-11-05 13:20:00,3.504718191367519,OK
2024-11-05 13:25:00,2.3904928477264753,OK
2024-11-05 13:30:00,-0.7248812761402067,OK
2024-11-05 13:35:00,2.250989347568213,OK
2024-11-05 13:40:00,3.441276554362975,OK
2024-11-05 13:45:00,2.044331330964144,OK
2024-11-05 13:50:00,3.4292966531841396,OK
2024-11-05 13:55:00,5.63537922657847,OK
2024-11-05 14:00:00,17.791996226272587,OK
2024-11-05 14:05:00,17.029430306484635,OK
2024-11-05 14:10:00,17.455283805385115,OK
2024-11-05 14:15:00,-1.299237226761607,OK
2024-11-05 14:20:00,2.0276443478827186,OK
2024-11-05 14:25:00,2.552065174152963,OK
2024-11-05 14:30:00,3.9460222035222134,OK
2024-11-05 14:35:00,4.400843518003301,OK
2024-11-05 14:40:00,-0.1241195982666643,OK
2024-11-05 14:45:00,2.1905090533781246,OK
2024-11-05 14:50:00,4.95130906058564,OK
2024-11-05 14:55:00,3.2273869840786444,OK
2024-11-05 15:00:00,18.320256578503802,OK
2024-11-05 15:05:00,17.804718443106143,OK
2024-11-05 15:10:00,18.79346857277623,OK
2024-11-05 15:15:00,5.544830933641297,OK
2024-11-05 15:20:00,4.75232071410339,OK
2024-11-05 15:25:00,4.118034355859825,OK
2024-11-05 15:30:00,6.087380593243945,OK
2024-11-05 15:35:00,5.30531556359117,OK
2024-11-05 15:40:00,4.858125111900986,OK
2024-11-05 15:45:00,7.0473293829016415,OK
2024-11-05 15:50:00,4.9126434301489414,OK
2024-11-05 15:55:00,4.939473972155404,OK
2024-11-05 16:00:00,3.5929468878294997,OK
2024-11-05 16:05:00,5.380168338324262,OK
2024-11-05 16:10:00,4.2805648489055255,OK
2024-11-05 16:15:00,5.459674209738706,OK
2024-11-05 16:20:00,6.68703850752457,OK
2024-11-05 16:25:00,5.75191710993229,OK
2024-11-05 16:30:00,5.376423593141357,OK
2024-11-05 16:35:00,4.048766092384678,OK
2024-11-05 16:40:00,4.478800043212017,OK
2024-11-05 16:45:00,4.040413607104569,OK
2024-11-05 16:50:00,6.005222622207719,OK
2024-11-05 16:55:00,5.84038956671716,OK
2024-11-05 17:00:00,4.685559047920125,OK
2024-11-05 17:05:00,6.5321424676003375,OK
2024-11-05 17:10:00,6.299944586156819,OK
2024-11-05 17:15:00,5.1484112442552465,OK
2024-11-05 17:20:00,5.37919413543869,OK
2024-11-05 17:25:00,4.021937797895037,OK
2024-11-05 17:30:00,4.204509515389421,OK
2024-11-05 17:35:00,3.5418043955108143,OK
2024-11-05 17:40:00,4.423917336188755,OK
2024-11-05 17:45:00,4.749251173182094,OK
2024-11-05 17:50:00,3.2150186548125372,OK
2024-11-05 17:55:00,5.607726122420552,OK
2024-11-05 18:00:00,5.7783861394011655,OK
2024-11-05 18:05:00,5.423778568622953,OK
2024-11-05 18:10:00,2.136420946740053,OK
2024-11-05 18:15:00,4.568194166582343,OK
2024-11-05 18:20:00,3.7166549220972063,OK
2024-11-05 18:25:00,3.7165182039102094,OK
2024-11-05 18:30:00,6.08078755896122,OK
2024-11-05 18:35:00,2.732321651285832,OK
2024-11-05 18:40:00,3.5490194887785513,OK
2024-11-05 18:45:00,6.044763379511986,OK
2024-11-05 18:50:00,4.628469232615091,OK
2024-11-05 18:55:00,4.0421266625842405,OK
2024-11-05 19:00:00,7.091409323642074,OK
2024-11-05 19:05:00,5.5192484780727,OK
2024-11-05 19:10:00,5.558740047951086,OK
2024-11-05 19:15:00,5.484645071119814,OK
2024-11-05 19:20:00,4.57405108793738,OK
2024-11-05 19:25:00,5.709019026256618,OK
2024-11-05 19:30:00,6.284305442700491,OK
2024-11-05 19:35:00,2.9500351717983886,OK
2024-11-05 19:40:00,4.824222368884673,OK
2024-11-05 19:45:00,4.330802919857386,OK
2024-11-05 19:50:00,3.546181488176705,OK
2024-11-05 19:55:00,5.046402595744923,OK
2024-11-05 20:00:00,4.696094024267325,OK
2024-11-05 20:05:00,6.778779149084904,OK
2024-11-05 20:10:00,5.379467242985574,OK
2024-11-05 20:15:00,5.455732289321631,OK
2024-11-05 20:20:00,3.2192166660561163,OK
2024-11-05 20:25:00,3.251205677625924,OK
2024-11-05 20:30:00,3.2689253052368663,OK
2024-11-05 20:35:00,5.01791542562218,OK
2024-11-05 20:40:00,3.442014472034128,OK
2024-11-05 20:45:00,2.2145077338383725,OK
2024-11-05 20:50:00,2.9643260428720914,OK
2024-11-05 20:55:00,6.376580451730604,OK
2024-11-05 21:00:00,3.4078904101100576,OK
2024-11-05 21:05:00,4.683749279973619,OK
2024-11-05 21:10:00,2.2409876456128353,OK
2024-11-05 21:15:00,4.319241447564089,OK
2024-11-05 21:20:00,1.685095538251612,OK
2024-11-05 21:25:00,2.6017655661245143,OK
2024-11-05 21:30:00,2.5036371621052185,OK
2024-11-05 21:35:00,3.1564257081957847,OK
2024-11-05 21:40:00,2.2081101194560415,OK
2024-11-05 21:45:00,5.160796284261934,OK
2024-11-05 21:50:00,19.27379222076777,OK
2024-11-05 21:55:00,18.077599967071414,OK
2024-11-05 22:00:00,19.587813837003573,OK
2024-11-05 22:05:00,2.5515584667400484,OK
2024-11-05 22:10:00,3.027427809314986,OK
2024-11-05 22:15:00,3.877816640197635,OK
2024-11-05 22:20:00,0.3633907254174713,OK
2024-11-05 22:25:00,3.9232469762267064,OK
2024-11-05 22:30:00,1.8693612923094556,OK
2024-11-05 22:35:00,1.8954702943624882,OK
2024-11-05 22:40:00,4.677348023662873,OK
2024-11-05 22:45:00,2.0573892124874176,OK
2024-11-05 22:50:00,3.580855165410224,OK
2024-11-05 22:55:00,3.416569862412936,OK
2024-11-05 23:00:00,2.9425766793624533,OK
2024-11-05 23:05:00,1.4476624033784886,OK
2024-11-05 23:10:00,2.1084400788792776,OK
2024-11-05 23:15:00,3.7209804190480567,OK
2024-11-05 23:20:00,18.49618361859879,OK
2024-11-05 23:25:00,16.9592148988087,OK
2024-11-05 23:30:00,16.25637747588543,OK
2024-11-05 23:35:00,-1.3799206772868295,OK
2024-11-05 23:40:00,2.777205499730545,OK
2024-11-05 23:45:00,2.393479648655955,OK
2024-11-05 23:50:00,1.4989982899126186,OK
2024-11-05 23:55:00,-2.0120421093304404,OK
2024-11-06 00:00:00,-0.8834423398590936,OK
2024-11-06 00:05:00,-0.15765390208790597,OK
2024-11-06 00:10:00,0.5772979805810802,OK
2024-11-06 00:15:00,2.852399704189579,OK
2024-11-06 00:20:00,-0.8570733194156474,OK
2024-11-06 00:25:00,1.2239982344385825,OK
2024-11-06 00:30:00,15.495211529566436,OK
2024-11-06 00:35:00,17.391767849835357,OK
2024-11-06 00:40:00,16.873865887493004,OK
2024-11-06 00:45:00,1.7453535641045268,OK
2024-11-06 00:50:00,1.4247793287056503,OK
2024-11-06 00:55:00,-0.44675901464806633,OK
2024-11-06 01:00:00,0.1928182303178929,OK
2024-11-06 01:05:00,0.17811982919850355,OK
2024-11-06 01:10:00,-0.22557344538324509,OK
2024-11-06 01:15:00,1.1141876524569139,OK
2024-11-06 01:20:00,1.3775353052392418,OK
2024-11-06 01:25:00,-1.6583723996022508,OK
2024-11-06 01:30:00,0.03495223389598479,OK
2024-11-06 01:35:00,-0.08686500034800743,OK
2024-11-06 01:40:00,-1.4985326408546689,OK
2024-11-06 01:45:00,0.5543223285807929,OK
2024-11-06 01:50:00,1.0956607304595574,OK
2024-11-06 01:55:00,0.3516522988008953,OK
2024-11-06 02:00:00,0.7577192133174457,OK
2024-11-06 02:05:00,-1.1051798522129814,OK
2024-11-06 02:10:00,-0.8641690046116229,OK
2024-11-06 02:15:00,-2.215674410575267,OK
2024-11-06 02:20:00,-0.5550671145549322,OK
2024-11-06 02:25:00,14.909511124268137,OK
2024-11-06 02:30:00,15.26022021340038,OK
2024-11-06 02:35:00,15.317233475465676,OK
2024-11-06 02:40:00,-0.5041201895813117,OK
2024-11-06 02:45:00,-2.698247954406331,OK
2024-11-06 02:50:00,-3.1332566314513626,OK
2024-11-06 02:55:00,-3.7496111125331986,OK
2024-11-06 03:00:00,-2.248040971686483,OK
2024-11-06 03:05:00,-1.768902706581764,OK
2024-11-06 03:10:00,-5.8759537333338105,OK
2024-11-06 03:15:00,0.9842628354656209,OK
2024-11-06 03:20:00,14.374163880153324,OK
2024-11-06 03:25:00,14.024887695489241,OK
2024-11-06 03:30:00,12.425237834145493,OK
2024-11-06 03:35:00,-1.99423776823731,OK
2024-11-06 03:40:00,-1.8123498246293184,OK
2024-11-06 03:45:00,-1.1392070478874194,OK
2024-11-06 03:50:00,-2.4818516372665647,OK
2024-11-06 03:55:00,-2.1617815417054,OK
2024-11-06 04:00:00,-5.23596542256916,OK
2024-11-06 04:05:00,-0.22744900521887623,OK
2024-11-06 04:10:00,-1.755718279807577,OK
2024-11-06 04:15:00,-2.9258343493785306,OK
2024-11-06 04:20:00,-3.8025161904778253,OK
2024-11-06 04:25:00,-1.5732055055183185,OK
2024-11-06 04:30:00,-2.6642534692292807,OK
2024-11-06 04:35:00,-3.600629884366378,OK
2024-11-06 04:40:00,-4.125138315563811,OK
2024-11-06 04:45:00,-3.6730056013227053,OK
2024-11-06 04:50:00,-2.5921709154445614,OK
2024-11-06 04:55:00,-3.361336139159172,OK
2024-11-06 05:00:00,0.33137130732670483,OK
2024-11-06 05:05:00,-2.113041302137913,OK
2024-11-06 05:10:00,-3.7634998500535612,OK
2024-11-06 05:15:00,-4.498578799352551,OK
2024-11-06 05:20:00,-2.166800365735954,OK
2024-11-06 05:25:00,-3.2815863624623383,OK
2024-11-06 05:30:00,-1.641397388709243,OK
2024-11-06 05:35:00,-2.4348935899255926,OK
2024-11-06 05:40:00,-5.279608104824481,OK
2024-11-06 05:45:00,-3.3484016622634964,OK
2024-11-06 05:50:00,-3.4296728697019456,OK
2024-11-06 05:55:00,-1.957915076764681,OK
2024-11-06 06:00:00,-4.115494182220988,OK
2024-11-06 06:05:00,-2.9628125476904152,OK
2024-11-06 06:10:00,-4.604249878837359,OK
2024-11-06 06:15:00,-2.82257927593564,OK
2024-11-06 06:20:00,-2.5426926834544847,OK
2024-11-06 06:25:00,-1.5357886970788635,OK
2024-11-06 06:30:00,-2.921540258322863,OK
2024-11-06 06:35:00,-4.1435453873838375,OK
2024-11-06 06:40:00,-1.5170597730761415,OK
2024-11-06 06:45:00,-3.4391804349916772,OK
2024-11-06 06:50:00,-2.5415967275416236,OK
2024-11-06 06:55:00,-3.2472542288438486,OK
2024-11-06 07:00:00,-3.0313502263989482,OK
2024-11-06 07:05:00,-3.4396614684913,OK
2024-11-06 07:10:00,-2.7713279773703112,OK
2024-11-06 07:15:00,-2.0371820306934603,OK
2024-11-06 07:20:00,-3.503059238184763,OK
2024-11-06 07:25:00,-3.989719153880123,OK
2024-11-06 07:30:00,13.41674715102658,OK
2024-11-06 07:35:00,11.816166961903317,OK
2024-11-06 07:40:00,11.473326587536302,OK
2024-11-06 07:45:00,-2.625004293096243,OK
2024-11-06 07:50:00,-2.769359031100137,OK
2024-11-06 07:55:00,-3.0074299824357578,OK
2024-11-06 08:00:00,-1.6458746957014467,OK
2024-11-06 08:05:00,-1.8229268765824962,OK
2024-11-06 08:10:00,-2.627830029574368,OK
2024-11-06 08:15:00,-3.168115214161613,OK
2024-11-06 08:20:00,-2.707815041752049,OK
2024-11-06 08:25:00,-1.5082208434593518,OK
2024-11-06 08:30:00,-2.548181396333148,OK
2024-11-06 08:35:00,-2.9673898427611642,OK
2024-11-06 08:40:00,-3.1704601979281115,OK
2024-11-06 08:45:00,-1.20336490786686,OK
2024-11-06 08:50:00,-2.240160886234959,OK
2024-11-06 08:55:00,-1.7140934757179502,OK
2024-11-06 09:00:00,-1.137818146341461,OK
2024-11-06 09:05:00,-2.6389296912971933,OK
2024-11-06 09:10:00,-0.9582432972070827,OK
2024-11-06 09:15:00,13.279211132438528,OK
2024-11-06 09:20:00,14.10158085040719,OK
2024-11-06 09:25:00,11.649622577408792,OK
2024-11-06 09:30:00,-2.1730324855813263,OK
2024-11-06 09:35:00,-2.3977513262372954,OK
2024-11-06 09:40:00,-2.1457348918297456,OK
2024-11-06 09:45:00,-1.2291473207266785,OK
2024-11-06 09:50:00,-1.7387714002173946,OK
2024-11-06 09:55:00,-1.4102404567737281,OK
2024-11-06 10:00:00,-1.9360826415058323,OK
2024-11-06 10:05:00,-1.2234831769500296,OK
2024-11-06 10:10:00,16.06759452830307,OK
2024-11-06 10:15:00,13.631278004222272,OK
2024-11-06 10:20:00,13.689835059790498,OK
2024-11-06 10:25:00,-4.6370181136033315,OK
2024-11-06 10:30:00,-0.8927297653923466,OK
2024-11-06 10:35:00,-1.5355445582520653,OK
2024-11-06 10:40:00,-2.2068574309640416,OK
2024-11-06 10:45:00,-4.847569442425419,OK
2024-11-06 10:50:00,-0.01821832810068047,OK
2024-11-06 10:55:00,-2.0267398473063514,OK
2024-11-06 11:00:00,0.5640910717096801,OK
2024-11-06 11:05:00,15.300328276742315,OK
2024-11-06 11:10:00,14.151407061957704,OK
2024-11-06 11:15:00,15.291286492283435,OK
2024-11-06 11:20:00,-4.601248299133383,OK
2024-11-06 11:25:00,-1.895129216904989,OK
2024-11-06 11:30:00,-0.22574248679875064,OK
2024-11-06 11:35:00,0.3992212932054841,OK
2024-11-06 11:40:00,2.0166728547237156,OK
2024-11-06 11:45:00,-0.07506014388555532,OK
2024-11-06 11:50:00,-0.8923699798550009,OK
2024-11-06 11:55:00,-0.11448545903735993,OK
2024-11-06 12:00:00,0.2881128193757779,OK
2024-11-06 12:05:00,-0.04779888825552192,OK
2024-11-06 12:10:00,16.093047295881327,OK
2024-11-06 12:15:00,14.579217896832366,OK
2024-11-06 12:20:00,16.785675088840463,OK
2024-11-06 12:25:00,0.8985163778482095,OK
2024-11-06 12:30:00,-0.48043489843515763,OK
2024-11-06 12:35:00,0.6127672415765197,OK
2024-11-06 12:40:00,2.1847945651125764,OK
2024-11-06 12:45:00,0.47857443697184426,OK
2024-11-06 12:50:00,0.25405474511463627,OK
2024-11-06 12:55:00,2.3722036477904425,OK
2024-11-06 13:00:00,-0.3220178585371247,OK
2024-11-06 13:05:00,0.5111958343976934,OK
2024-11-06 13:10:00,2.588659782503517,OK
2024-11-06 13:15:00,1.1690762371036327,OK
2024-11-06 13:20:00,1.123157404818472,OK
2024-11-06 13:25:00,1.205488685078141,OK
2024-11-06 13:30:00,1.8750734845664863,OK
2024-11-06 13:35:00,18.293713502276272,OK
2024-11-06 13:40:00,18.14569297886831,OK
2024-11-06 13:45:00,17.170481687037846,OK
2024-11-06 13:50:00,3.5560822355587947,OK
2024-11-06 13:55:00,2.069938174546428,OK
2024-11-06 14:00:00,0.59683208337048,OK
2024-11-06 14:05:00,1.0418821959784996,OK
2024-11-06 14:10:00,4.522246830815741,OK
2024-11-06 14:15:00,2.266458271957562,OK
2024-11-06 14:20:00,-0.5807061100461719,OK
2024-11-06 14:25:00,3.8326194386491084,OK
2024-11-06 14:30:00,2.603048125407994,OK
2024-11-06 14:35:00,1.7897938924541705,OK
2024-11-06 14:40:00,2.0620336084214728,OK
2024-11-06 14:45:00,2.5834080179190035,OK
2024-11-06 14:50:00,2.055477575328407,OK
2024-11-06 14:55:00,2.1714193462409908,OK
2024-11-06 15:00:00,1.991289455560308,OK
2024-11-06 15:05:00,3.08832363672106,OK
2024-11-06 15:10:00,2.2460478206552352,OK
2024-11-06 15:15:00,4.36336330550919,OK
2024-11-06 15:20:00,18.899533428807747,OK
2024-11-06 15:25:00,19.825096112602687,OK
2024-11-06 15:30:00,19.724628694322984,OK
2024-11-06 15:35:00,3.1264032144142107,OK
2024-11-06 15:40:00,2.2969109032439206,OK
2024-11-06 15:45:00,5.683153657351046,OK
2024-11-06 15:50:00,4.532690952883737,OK
2024-11-06 15:55:00,5.25131418660497,OK
2024-11-06 16:00:00,5.1581224908851615,OK
2024-11-06 16:05:00,3.09975875292597,OK
2024-11-06 16:10:00,1.5202979237487875,OK
2024-11-06 16:15:00,2.9926800086897485,OK
2024-11-06 16:20:00,4.765004435795429,OK
2024-11-06 16:25:00,3.8216702249031864,OK
2024-11-06 16:30:00,3.5003144216504203,OK
2024-11-06 16:35:00,1.0128151286748133,OK
2024-11-06 16:40:00,3.6580925057314095,OK
2024-11-06 16:45:00,3.056805297710775,OK
2024-11-06 16:50:00,3.1847234737921273,OK
2024-11-06 16:55:00,4.881736106547468,OK
2024-11-06 17:00:00,3.241662690253385,OK
2024-11-06 17:05:00,2.6944534627354866,OK
2024-11-06 17:10:00,4.113898950465496,OK
2024-11-06 17:15:00,5.00552113272829,OK
2024-11-06 17:20:00,3.470692323424345,OK
2024-11-06 17:25:00,5.961776048184709,OK
2024-11-06 17:30:00,3.0470050229650236,OK
2024-11-06 17:35:00,2.761110277573813,OK
2024-11-06 17:40:00,3.16339802088278,OK
2024-11-06 17:45:00,2.0508684006223725,OK
2024-11-06 17:50:00,4.4808235826417295,OK
2024-11-06 17:55:00,3.2041837077406337,OK
2024-11-06 18:00:00,2.408858818680923,OK
2024-11-06 18:05:00,4.475508135741897,OK
2024-11-06 18:10:00,4.533204346713246,OK
2024-11-06 18:15:00,5.301922417849706,OK
2024-11-06 18:20:00,5.350142452864159,OK
2024-11-06 18:25:00,3.2584959273860776,OK
2024-11-06 18:30:00,3.800525955268157,OK
2024-11-06 18:35:00,4.365587630305575,OK
2024-11-06 18:40:00,3.899500252735939,OK
2024-11-06 18:45:00,4.326063496193418,OK
2024-11-06 18:50:00,2.0892480820176704,OK
2024-11-06 18:55:00,3.875473166795981,OK
2024-11-06 19:00:00,4.536304723435216,OK
2024-11-06 19:05:00,5.327786115215936,OK
2024-11-06 19:10:00,5.486979436932026,OK
2024-11-06 19:15:00,4.38853136351548,OK
2024-11-06 19:20:00,3.7828319278882567,OK
2024-11-06 19:25:00,3.9346167829635768,OK
2024-11-06 19:30:00,2.946086415128124,OK
2024-11-06 19:35:00,3.3968844276389047,OK
2024-11-06 19:40:00,3.0647193392450274,OK
2024-11-06 19:45:00,4.454543963213701,OK
2024-11-06 19:50:00,4.84866067081976,OK
2024-11-06 19:55:00,19.47152509138471,OK
2024-11-06 20:00:00,20.37111222890394,OK
2024-11-06 20:05:00,18.752534855654012,OK
2024-11-06 20:10:00,2.4411777714105423,OK
2024-11-06 20:15:00,3.2251248066243825,OK
2024-11-06 20:20:00,2.6885954977907875,OK
2024-11-06 20:25:00,1.438539391442206,OK
2024-11-06 20:30:00,1.8859831294526817,OK
2024-11-06 20:35:00,0.5816410353709244,OK
2024-11-06 20:40:00,1.451349892908591,OK
2024-11-06 20:45:00,2.4455798320709285,OK
2024-11-06 20:50:00,3.902100176618661,OK
2024-11-06 20:55:00,1.9767111201865193,OK
2024-11-06 21:00:00,18.60257478320745,OK
2024-11-06 21:05:00,18.155139604832133,OK
2024-11-06 21:10:00,19.130410652561913,OK
2024-11-06 21:15:00,1.1807738987540854,OK
2024-11-06 21:20:00,-1.9422196674978447,OK
2024-11-06 21:25:00,2.428850518728225,OK
2024-11-06 21:30:00,1.721821735891092,OK
2024-11-06 21:35:00,2.3348356406962143,OK
2024-11-06 21:40:00,1.3054767923711745,OK
2024-11-06 21:45:00,3.1287682945186326,OK
2024-11-06 21:50:00,-0.24543352427124843,OK
2024-11-06 21:55:00,2.3486475826997264,OK
2024-11-06 22:00:00,0.4013239374492519,OK
2024-11-06 22:05:00,2.3215401638629283,OK
2024-11-06 22:10:00,0.7408224674796187,OK
2024-11-06 22:15:00,16.809491388759092,OK
2024-11-06 22:20:00,15.113901331740571,OK
2024-11-06 22:25:00,16.610607725398808,OK
2024-11-06 22:30:00,2.615529864431113,OK
2024-11-06 22:35:00,1.7933935819824425,OK
2024-11-06 22:40:00,0.6846843186756677,OK
2024-11-06 22:45:00,0.9890158028067619,OK
2024-11-06 22:50:00,-1.3339323933288976,OK
2024-11-06 22:55:00,1.0860214551227347,OK
2024-11-06 23:00:00,0.7167707507743029,OK
2024-11-06 23:05:00,-0.4032905421602282,OK
2024-11-06 23:10:00,0.9448492459281153,OK
2024-11-06 23:15:00,-0.855025110032047,OK
2024-11-06 23:20:00,16.59930510756472,OK
2024-11-06 23:25:00,14.556665447056263,OK
2024-11-06 23:30:00,16.689298606266973,OK
2024-11-06 23:35:00,-2.239366970201183,OK
2024-11-06 23:40:00,1.6490794949880014,OK
2024-11-06 23:45:00,-1.6539237051838112,OK
2024-11-06 23:50:00,-1.7218496285341947,OK
2024-11-06 23:55:00,-2.1288410910454942,OK
2024-11-07 00:00:00,-0.12273656774452413,OK
2024-11-07 00:05:00,-0.8965860279073105,OK
2024-11-07 00:10:00,0.34776906470010893,OK
2024-11-07 00:15:00,-0.8608365958943557,OK
2024-11-07 00:20:00,-1.2845865219991146,OK
2024-11-07 00:25:00,-1.4176577199554565,OK
2024-11-07 00:30:00,-1.7306072268051365,OK
2024-11-07 00:35:00,12.997110447949963,OK
2024-11-07 00:40:00,13.412014521183995,OK
2024-11-07 00:45:00,13.770596448253592,OK
2024-11-07 00:50:00,0.4589172818215481,OK
2024-11-07 00:55:00,-2.625446419388415,OK
2024-11-07 01:00:00,-5.090620979480476,OK
2024-11-07 01:05:00,-0.43740371916806864,OK
2024-11-07 01:10:00,-1.371719477910852,OK
2024-11-07 01:15:00,-1.0292632730551294,OK
2024-11-07 01:20:00,-0.8746893330448,OK
2024-11-07 01:25:00,-1.424651559972826,OK
2024-11-07 01:30:00,-0.4485025464296888,OK
2024-11-07 01:35:00,-1.8432185509927161,OK
2024-11-07 01:40:00,-3.4944711195500906,OK
2024-11-07 01:45:00,-1.9776155557738735,OK
2024-11-07 01:50:00,-3.5162015054636364,OK
2024-11-07 01:55:00,-3.107744615901233,OK
2024-11-07 02:00:00,-2.5345519163949977,OK
2024-11-07 02:05:00,-3.912517764035382,OK
2024-11-07 02:10:00,-3.1719811601936367,OK
2024-11-07 02:15:00,-2.6799764622973052,OK
2024-11-07 02:20:00,-4.273031529735001,OK
2024-11-07 02:25:00,-2.0774460007083393,OK
2024-11-07 02:30:00,-3.985508771972875,OK
2024-11-07 02:35:00,-4.092875612875037,OK
2024-11-07 02:40:00,-0.6848335520874345,OK
2024-11-07 02:45:00,-4.864892351849433,OK
2024-11-07 02:50:00,-3.00825108701275,OK
2024-11-07 02:55:00,-1.5152699034949266,OK
2024-11-07 03:00:00,-3.515981016400977,OK
2024-11-07 03:05:00,-2.445451846457552,OK
2024-11-07 03:10:00,-3.0258921949666293,OK
2024-11-07 03:15:00,-3.912266296616409,OK
2024-11-07 03:20:00,-3.856515111963531,OK
2024-11-07 03:25:00,-5.88066741946276,OK
2024-11-07 03:30:00,-4.368124772044483,OK
2024-11-07 03:35:00,-3.2833105573614247,OK
2024-11-07 03:40:00,-3.5676525170598588,OK
2024-11-07 03:45:00,-1.5586162859742219,OK
2024-11-07 03:50:00,-3.5559184847450767,OK
2024-11-07 03:55:00,-3.3055275087679377,OK
2024-11-07 04:00:00,-3.116363642759673,OK
2024-11-07 04:05:00,-3.4904079622981734,OK
2024-11-07 04:10:00,-4.420325049456485,OK
2024-11-07 04:15:00,-4.477718810129017,OK
2024-11-07 04:20:00,-4.9465895402998425,OK
2024-11-07 04:25:00,-3.8024960118221993,OK
2024-11-07 04:30:00,-4.294155563536172,OK
2024-11-07 04:35:00,-3.9577556945841894,OK
2024-11-07 04:40:00,-4.622224763292303,OK
2024-11-07 04:45:00,-3.92384199409811,OK
2024-11-07 04:50:00,-2.3634912639054226,OK
2024-11-07 04:55:00,-4.396570019026573,OK
2024-11-07 05:00:00,-2.018823961921515,OK
2024-11-07 05:05:00,-4.459772601005945,OK
2024-11-07 05:10:00,-5.313529625408371,OK
2024-11-07 05:15:00,-4.523097156727309,OK
2024-11-07 05:20:00,-4.650967916741085,OK
2024-11-07 05:25:00,-6.470092010386215,OK
2024-11-07 05:30:00,-3.6757932377285853,OK
2024-11-07 05:35:00,-2.075024284997928,OK
2024-11-07 05:40:00,-4.092544749490042,OK
2024-11-07 05:45:00,-3.919316474644449,OK
2024-11-07 05:50:00,-5.196348918224416,OK
2024-11-07 05:55:00,-3.926356778181571,OK
2024-11-07 06:00:00,-4.312137362086136,OK
2024-11-07 06:05:00,-4.43518347616224,OK
2024-11-07 06:10:00,-6.495867166527695,OK
2024-11-07 06:15:00,-5.473799360226105,OK
2024-11-07 06:20:00,-4.572784346704309,OK
2024-11-07 06:25:00,-4.1369532349130225,OK
2024-11-07 06:30:00,-4.245783312548817,OK
2024-11-07 06:35:00,-6.811381149662159,OK
2024-11-07 06:40:00,-6.300758788831505,OK
2024-11-07 06:45:00,-4.292723130217974,OK
2024-11-07 06:50:00,-5.191905727687838,OK
2024-11-07 06:55:00,-3.8721315421794276,OK
2024-11-07 07:00:00,-6.3684001345943155,OK
2024-11-07 07:05:00,-5.1145619211495,OK
2024-11-07 07:10:00,-4.82846370644097,OK
2024-11-07 07:15:00,-4.1636418570362475,OK
2024-11-07 07:20:00,-5.505094590354001,OK
2024-11-07 07:25:00,-6.604932970149717,OK
2024-11-07 07:30:00,-4.0568728625827735,OK
2024-11-07 07:35:00,-4.000413140494354,OK
2024-11-07 07:40:00,-3.351832725784488,OK
2024-11-07 07:45:00,-5.025001785899433,OK
2024-11-07 07:50:00,-4.185645004984193,OK
2024-11-07 07:55:00,-3.776513382233974,OK
2024-11-07 08:00:00,-2.80255564317474,OK
2024-11-07 08:05:00,-4.145804175177718,OK
2024-11-07 08:10:00,-5.775787025112955,OK
2024-11-07 08:15:00,-4.217826919165941,OK
2024-11-07 08:20:00,-4.192352586055782,OK
2024-11-07 08:25:00,-3.3142080690426887,OK
2024-11-07 08:30:00,-5.311610521611013,OK
2024-11-07 08:35:00,-4.329104254828094,OK
2024-11-07 08:40:00,-2.6470093391523353,OK
2024-11-07 08:45:00,-4.13799293433493,OK
2024-11-07 08:50:00,-4.161330506328142,OK
2024-11-07 08:55:00,-1.2179115926084791,OK
2024-11-07 09:00:00,-4.3512726930422705,OK
2024-11-07 09:05:00,-2.365331458723458,OK
2024-11-07 09:10:00,-2.2447356128063305,OK
2024-11-07 09:15:00,-3.509683827358678,OK
2024-11-07 09:20:00,-4.149346869398652,OK
2024-11-07 09:25:00,-3.5318528773553157,OK
2024-11-07 09:30:00,-2.9428732147689023,OK
2024-11-07 09:35:00,-3.8148250197451725,OK
2024-11-07 09:40:00,-3.4605372936903946,OK
2024-11-07 09:45:00,-3.1513451966646118,OK
2024-11-07 09:50:00,-3.4785928650555826,OK
2024-11-07 09:55:00,-3.667254590682247,OK
2024-11-07 10:00:00,-5.125254449077746,OK
2024-11-07 10:05:00,-2.8716774433523002,OK
2024-11-07 10:10:00,-3.3992952997696277,OK
2024-11-07 10:15:00,-4.688508110755613,OK
2024-11-07 10:20:00,13.153496526125801,OK
2024-11-07 10:25:00,11.892346052667508,OK
2024-11-07 10:30:00,14.20968085831244,OK
2024-11-07 10:35:00,-2.94158589396042,OK
2024-11-07 10:40:00,-1.8931304234844384,OK
2024-11-07 10:45:00,-3.0379054703431985,OK
2024-11-07 10:50:00,-2.470762461215652,OK
2024-11-07 10:55:00,-4.6334088939542735,OK
2024-11-07 11:00:00,-2.805867301160962,OK
2024-11-07 11:05:00,-1.726230581306598,OK
2024-11-07 11:10:00,-1.4222993402234951,OK
2024-11-07 11:15:00,-2.057410144016217,OK
2024-11-07 11:20:00,-0.8943728329604886,OK
2024-11-07 11:25:00,-1.3936190847980086,OK
2024-11-07 11:30:00,-2.9585574115593922,OK
2024-11-07 11:35:00,-1.954828808669837,OK
2024-11-07 11:40:00,-2.6592456856807294,OK
2024-11-07 11:45:00,-1.4730560749282122,OK
2024-11-07 11:50:00,13.914382595578441,OK
2024-11-07 11:55:00,15.184981628788648,OK
2024-11-07 12:00:00,14.88589080787376,OK
2024-11-07 12:05:00,-2.4583985874224,OK
2024-11-07 12:10:00,-3.203201006646131,OK
2024-11-07 12:15:00,-0.31107904402711983,OK
2024-11-07 12:20:00,-1.925605130701833,OK
2024-11-07 12:25:00,-1.0915004930392707,OK
2024-11-07 12:30:00,-1.6796897632401064,OK
2024-11-07 12:35:00,1.5073942704728496,OK
2024-11-07 12:40:00,-0.11201118143627051,OK
2024-11-07 12:45:00,16.450907457456577,OK
2024-11-07 12:50:00,14.917027838336447,OK
2024-11-07 12:55:00,16.354591629510267,OK
2024-11-07 13:00:00,2.2197745894388463,OK
2024-11-07 13:05:00,-1.8935106423492516,OK
2024-11-07 13:10:00,1.041648907231111,OK
2024-11-07 13:15:00,-1.7853418640368126,OK
2024-11-07 13:20:00,-1.1017982838356084,OK
2024-11-07 13:25:00,0.28068974362656307,OK
2024-11-07 13:30:00,-0.4405467033546191,OK
2024-11-07 13:35:00,0.08246946475761666,OK
2024-11-07 13:40:00,1.805557646318511,OK
2024-11-07 13:45:00,1.0133825152974485,OK
2024-11-07 13:50:00,0.3433087066539905,OK
2024-11-07 13:55:00,0.19644581333489308,OK
2024-11-07 14:00:00,0.8720608915781067,OK
2024-11-07 14:05:00,-0.75902957372246,OK
2024-11-07 14:10:00,-0.2314894500192688,OK
2024-11-07 14:15:00,1.854541780892983,OK
2024-11-07 14:20:00,0.6085354384179535,OK
2024-11-07 14:25:00,16.687568007187796,OK
2024-11-07 14:30:00,16.294194100483555,OK
2024-11-07 14:35:00,17.601825254995056,OK
2024-11-07 14:40:00,1.5678274170944935,OK
2024-11-07 14:45:00,-2.318428943151841,OK
2024-11-07 14:50:00,0.3570059243682765,OK
2024-11-07 14:55:00,1.3408655578733408,OK
2024-11-07 15:00:00,-0.030585065286869606,OK
2024-11-07 15:05:00,-0.7045561363259913,OK
2024-11-07 15:10:00,1.0371788989898991,OK
2024-11-07 15:15:00,-1.622222525406351,OK
2024-11-07 15:20:00,17.534267339486753,OK
2024-11-07 15:25:00,16.452429349099983,OK
2024-11-07 15:30:00,18.82606342981319,OK
2024-11-07 15:35:00,1.0317329357254201,OK
2024-11-07 15:40:00,2.034229342126187,OK
2024-11-07 15:45:00,0.0956290164032878,OK
2024-11-07 15:50:00,1.586157918165901,OK
2024-11-07 15:55:00,0.682601417575101,OK
2024-11-07 16:00:00,0.9300398916744249,OK
2024-11-07 16:05:00,4.5822931558624,OK
2024-11-07 16:10:00,2.189310108852185,OK
2024-11-07 16:15:00,3.5598905720995386,OK
2024-11-07 16:20:00,2.795065168575733,OK
2024-11-07 16:25:00,2.641178239266928,OK
2024-11-07 16:30:00,2.4573214510797987,OK
2024-11-07 16:35:00,3.4717192321631343,OK
2024-11-07 16:40:00,2.798642717680523,OK
2024-11-07 16:45:00,2.211363093961946,OK
2024-11-07 16:50:00,2.4161547371191876,OK
2024-11-07 16:55:00,1.88688632298515,OK
2024-11-07 17:00:00,2.1687590018081746,OK
2024-11-07 17:05:00,17.654307319708764,OK
2024-11-07 17:10:00,18.097906293921135,OK
2024-11-07 17:15:00,18.796559053988968,OK
2024-11-07 17:20:00,1.6390405631056997,OK
2024-11-07 17:25:00,0.8360416981543894,OK
2024-11-07 17:30:00,2.024074402210927,OK
2024-11-07 17:35:00,3.0465176144892627,OK
2024-11-07 17:40:00,1.6621907315280455,OK
2024-11-07 17:45:00,2.36121779311264,OK
2024-11-07 17:50:00,2.377447353303674,OK
2024-11-07 17:55:00,0.0847835310970344,OK
2024-11-07 18:00:00,3.9414048272689906,OK
2024-11-07 18:05:00,0.7479900070764933,OK
2024-11-07 18:10:00,17.29548147529595,OK
2024-11-07 18:15:00,16.173084231190742,OK
2024-11-07 18:20:00,16.299124656907477,OK
2024-11-07 18:25:00,1.072537878225133,OK
2024-11-07 18:30:00,0.8505604264942924,OK
2024-11-07 18:35:00,-2.4123463964282568,OK
2024-11-07 18:40:00,-1.122060270693394,OK
2024-11-07 18:45:00,-0.03253936641510191,OK
2024-11-07 18:50:00,1.3287897065650929,OK
2024-11-07 18:55:00,1.2710759599129111,OK
2024-11-07 19:00:00,-3.94043136839288,OK
2024-11-07 19:05:00,16.234276178369132,OK
2024-11-07 19:10:00,17.853706546519774,OK
2024-11-07 19:15:00,16.028301595624605,OK
2024-11-07 19:20:00,2.0201137828984743,OK
2024-11-07 19:25:00,1.523221887972503,OK
2024-11-07 19:30:00,-0.13116542770226935,OK
2024-11-07 19:35:00,0.9493408236695792,OK
2024-11-07 19:40:00,2.0447476922532397,OK
2024-11-07 19:45:00,-1.8946658214969883,OK
2024-11-07 19:50:00,1.2607359708735992,OK
2024-11-07 19:55:00,-0.008246577447226233,OK
2024-11-07 20:00:00,0.011173284273781614,OK
2024-11-07 20:05:00,1.5540165311335554,OK
2024-11-07 20:10:00,-0.1439222603920085,OK
2024-11-07 20:15:00,0.749387994613004,OK
2024-11-07 20:20:00,1.9865888196953452,OK
2024-11-07 20:25:00,-1.9683959242411864,OK
2024-11-07 20:30:00,15.7426614713247,OK
2024-11-07 20:35:00,17.1268795946712,OK
2024-11-07 20:40:00,15.972144758742221,OK
2024-11-07 20:45:00,-0.07333315714509447,OK
2024-11-07 20:50:00,-0.598605472386579,OK
2024-11-07 20:55:00,1.192945969122679,OK
2024-11-07 21:00:00,-0.22022968328215692,OK
2024-11-07 21:05:00,1.2165056416463735,OK
2024-11-07 21:10:00,1.0125458985727236,OK
2024-11-07 21:15:00,0.061957501680301064,OK
2024-11-07 21:20:00,1.0648062760831933,OK
2024-11-07 21:25:00,-0.3948877119216955,OK
2024-11-07 21:30:00,16.537352769158687,OK
2024-11-07 21:35:00,16.732117004525833,OK
2024-11-07 21:40:00,17.097570383761976,OK
2024-11-07 21:45:00,-0.3883832883501271,OK
2024-11-07 21:50:00,1.9028231691063087,OK
2024-11-07 21:55:00,-0.12682896081555756,OK
2024-11-07 22:00:00,-0.5587109958155807,OK
2024-11-07 22:05:00,-0.801750487218664,OK
2024-11-07 22:10:00,-1.9326318470015147,OK
2024-11-07 22:15:00,0.6150258145115828,OK
2024-11-07 22:20:00,-0.8995537970489005,OK
2024-11-07 22:25:00,0.40282978008808457,OK
2024-11-07 22:30:00,0.5213718017963579,OK
2024-11-07 22:35:00,-0.48975228665838355,OK
2024-11-07 22:40:00,-1.7192533445391913,OK
2024-11-07 22:45:00,-1.2372179714182217,OK
2024-11-07 22:50:00,-3.9017721735723336,OK
2024-11-07 22:55:00,-1.304300566382707,OK
2024-11-07 23:00:00,15.179293148824838,OK
2024-11-07 23:05:00,13.876356934488374,OK
2024-11-07 23:10:00,13.609259273900628,OK
2024-11-07 23:15:00,-1.3266078392959086,OK
2024-11-07 23:20:00,-0.36648805165120146,OK
2024-11-07 23:25:00,-1.2830006421702909,OK
2024-11-07 23:30:00,-2.2035959031596737,OK
2024-11-07 23:35:00,-2.735303243014378,OK
2024-11-07 23:40:00,-1.8890218557607783,OK
2024-11-07 23:45:00,-5.043895778609672,OK
2024-11-07 23:50:00,-0.04731354039561486,OK
2024-11-07 23:55:00,-1.789320040318205,OK
2024-11-08 00:00:00,15.784541322193114,OK
2024-11-08 00:05:00,13.31088402243137,OK
2024-11-08 00:10:00,14.919044310127894,OK
2024-11-08 00:15:00,-2.2773318265113667,OK
2024-11-08 00:20:00,-2.133268666681601,OK
2024-11-08 00:25:00,-3.667471222206218,OK
2024-11-08 00:30:00,-2.1902469537550218,OK
2024-11-08 00:35:00,-3.647828673823227,OK
2024-11-08 00:40:00,-1.8946848107143563,OK
2024-11-08 00:45:00,-4.086489149895003,OK
2024-11-08 00:50:00,-2.85324868968483,OK
2024-11-08 00:55:00,-2.399966779604771,OK
2024-11-08 01:00:00,-2.884749327996756,OK
2024-11-08 01:05:00,-4.645916539666047,OK
2024-11-08 01:10:00,-5.529759901724191,OK
2024-11-08 01:15:00,-2.85641680318936,OK
2024-11-08 01:20:00,-1.8617483713819842,OK
2024-11-08 01:25:00,-4.93915646863989,OK
2024-11-08 01:30:00,-1.2647316162718214,OK
2024-11-08 01:35:00,-3.7375507399103647,OK
2024-11-08 01:40:00,-6.338929428997088,OK
2024-11-08 01:45:00,-5.4638475790613095,OK
2024-11-08 01:50:00,-3.1579694780549366,OK
2024-11-08 01:55:00,-3.650288508987776,OK
2024-11-08 02:00:00,-2.7178163496609185,OK
2024-11-08 02:05:00,-5.087818959192983,OK
2024-11-08 02:10:00,-3.938976104467346,OK
2024-11-08 02:15:00,-4.60985306355054,OK
2024-11-08 02:20:00,-4.927836956355096,OK
2024-11-08 02:25:00,-4.52392332986983,OK
2024-11-08 02:30:00,-4.51592996142908,OK
2024-11-08 02:35:00,-4.281422913060218,OK
2024-11-08 02:40:00,-3.8611414039437446,OK
2024-11-08 02:45:00,-4.162378778673161,OK
2024-11-08 02:50:00,-3.344624066074573,OK
2024-11-08 02:55:00,-6.352383789399116,OK
2024-11-08 03:00:00,-6.171544569934373,OK
2024-11-08 03:05:00,-3.6168208145166005,OK
2024-11-08 03:10:00,-5.892534669619108,OK
2024-11-08 03:15:00,-5.439590598162307,OK
2024-11-08 03:20:00,-5.473435677187385,OK
2024-11-08 03:25:00,-6.216265279184665,OK
2024-11-08 03:30:00,-6.411008495931798,OK
2024-11-08 03:35:00,-6.122403372802141,OK
2024-11-08 03:40:00,-4.626625163655627,OK
2024-11-08 03:45:00,-5.507914134495039,OK
2024-11-08 03:50:00,-4.953567650005248,OK
2024-11-08 03:55:00,-6.1262046438869575,OK
2024-11-08 04:00:00,-4.605655467175349,OK
2024-11-08 04:05:00,-5.450283139782543,OK
2024-11-08 04:10:00,-7.191869686146994,OK
2024-11-08 04:15:00,-5.114124403750823,OK
2024-11-08 04:20:00,-4.785689816970031,OK
2024-11-08 04:25:00,-5.894468765303562,OK
2024-11-08 04:30:00,-4.098884741430828,OK
2024-11-08 04:35:00,-6.836784203006296,OK
2024-11-08 04:40:00,-5.216456667974481,OK
2024-11-08 04:45:00,-4.70495136987156,OK
2024-11-08 04:50:00,-5.55095842061121,OK
2024-11-08 04:55:00,-5.618342292265194,OK
2024-11-08 05:00:00,-6.115359151053538,OK
2024-11-08 05:05:00,-5.059012788304236,OK
2024-11-08 05:10:00,-5.589017547461977,OK
2024-11-08 05:15:00,-4.362235519417967,OK
2024-11-08 05:20:00,-6.14772119377126,OK
2024-11-08 05:25:00,-6.685709416826461,OK
2024-11-08 05:30:00,-6.794079586628503,OK
2024-11-08 05:35:00,-6.371337331460314,OK
2024-11-08 05:40:00,-8.47725437489684,OK
2024-11-08 05:45:00,-6.643204621036166,OK
2024-11-08 05:50:00,-6.788246215420059,OK
2024-11-08 05:55:00,-6.328953758187313,OK
2024-11-08 06:00:00,-4.42342409143612,OK
2024-11-08 06:05:00,-6.081518601369347,OK
2024-11-08 06:10:00,-8.19876322643646,OK
2024-11-08 06:15:00,-7.52149477533323,OK
2024-11-08 06:20:00,-5.608379426153616,OK
2024-11-08 06:25:00,-6.843668890599315,OK
2024-11-08 06:30:00,-4.6064684392761075,OK
2024-11-08 06:35:00,-5.268654338600963,OK
2024-11-08 06:40:00,-5.007627158142831,OK
2024-11-08 06:45:00,-6.052252467190277,OK
2024-11-08 06:50:00,-4.636147530624195,OK
2024-11-08 06:55:00,-7.0832434131911395,OK
2024-11-08 07:00:00,-4.792138981756383,OK
2024-11-08 07:05:00,-6.219533521244858,OK
2024-11-08 07:10:00,-7.964897509428914,OK
2024-11-08 07:15:00,-4.7715261691568,OK
2024-11-08 07:20:00,-4.95128767632012,OK
2024-11-08 07:25:00,-6.190047849383157,OK
2024-11-08 07:30:00,-4.124279096797656,OK
2024-11-08 07:35:00,-7.392644257965362,OK
2024-11-08 07:40:00,-7.165686022076821,OK
2024-11-08 07:45:00,-5.6680413717190445,OK
2024-11-08 07:50:00,-6.546674684606675,OK
2024-11-08 07:55:00,-6.326015393950915,OK
2024-11-08 08:00:00,-5.583574656609665,OK
2024-11-08 08:05:00,-6.222851776437807,OK
2024-11-08 08:10:00,-5.648246825532868,OK
2024-11-08 08:15:00,-4.778883209176576,OK
2024-11-08 08:20:00,-6.0960382321537825,OK
2024-11-08 08:25:00,-5.138512094439306,OK
2024-11-08 08:30:00,-5.831540585164868,OK
2024-11-08 08:35:00,-6.57923213721995,OK
2024-11-08 08:40:00,-4.3337682714960515,OK
2024-11-08 08:45:00,-3.3405135799238703,OK
2024-11-08 08:50:00,-4.082475748747005,OK
2024-11-08 08:55:00,-4.412100559767936,OK
2024-11-08 09:00:00,-5.381195506238046,OK
2024-11-08 09:05:00,-5.499463714467868,OK
2024-11-08 09:10:00,-3.9971106830442893,OK
2024-11-08 09:15:00,-6.671324991782057,OK
2024-11-08 09:20:00,-5.03512733907185,OK
2024-11-08 09:25:00,-3.4791080402730143,OK
2024-11-08 09:30:00,-5.131735916065606,OK
2024-11-08 09:35:00,-3.996473028205301,OK
2024-11-08 09:40:00,-4.030530986071275,OK
2024-11-08 09:45:00,-4.84536089206273,OK
2024-11-08 09:50:00,-3.6653113705509246,OK
2024-11-08 09:55:00,-4.5420105784669405,OK
2024-11-08 10:00:00,-3.5728967925823283,OK
2024-11-08 10:05:00,-3.071356925822887,OK
2024-11-08 10:10:00,-3.450848970570595,OK
2024-11-08 10:15:00,-3.011681634724574,OK
2024-11-08 10:20:00,-3.216982344317963,OK
2024-11-08 10:25:00,-4.055435664160986,OK
2024-11-08 10:30:00,-3.140520569037349,OK
2024-11-08 10:35:00,-3.9959795582791657,OK
2024-11-08 10:40:00,-1.9347524193710848,OK
2024-11-08 10:45:00,-2.892403019598034,OK
2024-11-08 10:50:00,-2.106011403017186,OK
2024-11-08 10:55:00,-0.9550094113048073,OK
2024-11-08 11:00:00,,MISSING
2024-11-08 11:05:00,-3.570807312911387,OK
2024-11-08 11:10:00,-2.3767261268180633,OK
2024-11-08 11:15:00,-3.6033968450721927,OK
2024-11-08 11:20:00,-3.349528298186946,OK
2024-11-08 11:25:00,-1.5615857605431795,OK
2024-11-08 11:30:00,-3.1578814100213775,OK
2024-11-08 11:35:00,-3.4641233106943075,OK
2024-11-08 11:40:00,-1.7297894947196049,OK
2024-11-08 11:45:00,-2.4365952421333916,OK
2024-11-08 11:50:00,-1.279379903848704,OK
2024-11-08 11:55:00,13.606019262815682,OK
2024-11-08 12:00:00,13.149549156339138,OK
2024-11-08 12:05:00,14.713144846049138,OK
2024-11-08 12:10:00,-0.5149071063942063,OK
2024-11-08 12:15:00,-3.18880365678051,OK
2024-11-08 12:20:00,-1.5015800573547002,OK
2024-11-08 12:25:00,-1.2675552613412555,OK
2024-11-08 12:30:00,-1.2049521135440704,OK
2024-11-08 12:35:00,0.8233216866353017,OK
2024-11-08 12:40:00,-0.5565145831838477,OK
2024-11-08 12:45:00,-3.0342607321016124,OK
2024-11-08 12:50:00,-0.3666499727399773,OK
2024-11-08 12:55:00,0.3748466482763972,OK
2024-11-08 13:00:00,14.655022165617357,OK
2024-11-08 13:05:00,14.303617172756194,OK
2024-11-08 13:10:00,15.822315590905854,OK
2024-11-08 13:15:00,-1.7775802291784777,OK
2024-11-08 13:20:00,0.7618619516730787,OK
2024-11-08 13:25:00,-1.759772427254315,OK
2024-11-08 13:30:00,-0.1480712648476651,OK
2024-11-08 13:35:00,-3.9487222955953385,OK
2024-11-08 13:40:00,-1.0430978735366006,OK
2024-11-08 13:45:00,1.9586409009773473,OK
2024-11-08 13:50:00,-1.3409207572151127,OK
2024-11-08 13:55:00,1.5226699571993891,OK
2024-11-08 14:00:00,-1.1092418041559498,OK
2024-11-08 14:05:00,-0.4368035730297277,OK
2024-11-08 14:10:00,0.2815167697502225,OK
2024-11-08 14:15:00,1.61214687242285,OK
2024-11-08 14:20:00,-0.19804786882036451,OK
2024-11-08 14:25:00,16.19247543068299,OK
2024-11-08 14:30:00,15.239210593695063,OK
2024-11-08 14:35:00,18.182201070792875,OK
2024-11-08 14:40:00,1.15781021379992,OK
2024-11-08 14:45:00,1.077351793844369,OK
2024-11-08 14:50:00,1.660714101646633,OK
2024-11-08 14:55:00,2.296174021196848,OK
2024-11-08 15:00:00,0.4069289615503755,OK
2024-11-08 15:05:00,2.488310683417099,OK
2024-11-08 15:10:00,0.3261584036675578,OK
2024-11-08 15:15:00,2.330746334385708,OK
2024-11-08 15:20:00,-0.6073833033327805,OK
2024-11-08 15:25:00,1.156162633189733,OK
2024-11-08 15:30:00,18.668700004643313,OK
2024-11-08 15:35:00,17.729608854234865,OK
2024-11-08 15:40:00,17.84036150444144,OK
2024-11-08 15:45:00,1.086165948662963,OK
2024-11-08 15:50:00,0.7430506239895477,OK
2024-11-08 15:55:00,2.96529988902613,OK
2024-11-08 16:00:00,1.9600363776104903,OK
2024-11-08 16:05:00,0.9415113721315093,OK
2024-11-08 16:10:00,2.1904901416048195,OK
2024-11-08 16:15:00,1.9783632101668616,OK
2024-11-08 16:20:00,2.585477710357123,OK
2024-11-08 16:25:00,2.607154976480945,OK
2024-11-08 16:30:00,17.824275737842264,OK
2024-11-08 16:35:00,16.387216957192685,OK
2024-11-08 16:40:00,19.187369087184145,OK
2024-11-08 16:45:00,3.570801885629813,OK
2024-11-08 16:50:00,-0.9560273755447045,OK
2024-11-08 16:55:00,3.2604964833421946,OK
2024-11-08 17:00:00,2.3989484357592046,OK
2024-11-08 17:05:00,3.1494487793118155,OK
2024-11-08 17:10:00,3.627390296067806,OK
2024-11-08 17:15:00,3.039566566354457,OK
2024-11-08 17:20:00,2.6797726473101804,OK
2024-11-08 17:25:00,1.9700169278734874,OK
2024-11-08 17:30:00,4.676680867189649,OK
2024-11-08 17:35:00,1.6202436589518077,OK
2024-11-08 17:40:00,3.2563310097827687,OK
2024-11-08 17:45:00,2.710187635815508,OK
2024-11-08 17:50:00,3.04119394635516,OK
2024-11-08 17:55:00,3.75725929540626,OK
2024-11-08 18:00:00,17.725036311459462,OK
2024-11-08 18:05:00,18.95457518133443,OK
2024-11-08 18:10:00,18.827113524762446,OK
2024-11-08 18:15:00,2.047513362530926,OK
2024-11-08 18:20:00,1.506112764015276,OK
2024-11-08 18:25:00,3.147648560989718,OK
2024-11-08 18:30:00,1.7964130089539927,OK
2024-11-08 18:35:00,3.7179608182961355,OK
2024-11-08 18:40:00,1.6877758053736558,OK
2024-11-08 18:45:00,-0.5418731464259727,OK
2024-11-08 18:50:00,-0.699028755353815,OK
2024-11-08 18:55:00,3.0847195115495403,OK
2024-11-08 19:00:00,1.7307934407132066,OK
2024-11-08 19:05:00,3.5144591157152956,OK
2024-11-08 19:10:00,2.9478103259118233,OK
2024-11-08 19:15:00,2.1841710030109143,OK
2024-11-08 19:20:00,4.027049238260126,OK
2024-11-08 19:25:00,1.4274935869559502,OK
2024-11-08 19:30:00,0.3764559358699455,OK
2024-11-08 19:35:00,2.8901197353677386,OK
2024-11-08 19:40:00,-0.11479064168334974,OK
2024-11-08 19:45:00,2.958132011754291,OK
2024-11-08 19:50:00,1.8311064628622864,OK
2024-11-08 19:55:00,15.769550930771459,OK
2024-11-08 20:00:00,16.44546587847379,OK
2024-11-08 20:05:00,15.744638695491464,OK
2024-11-08 20:10:00,-0.5405172999344577,OK
2024-11-08 20:15:00,0.547078075628304,OK
2024-11-08 20:20:00,-0.48480741206951083,OK
2024-11-08 20:25:00,0.31449198130093703,OK
2024-11-08 20:30:00,-1.6834814332891352,OK
2024-11-08 20:35:00,2.209248419364755,OK
2024-11-08 20:40:00,1.466232654938709,OK
2024-11-08 20:45:00,2.512065468670325,OK
2024-11-08 20:50:00,16.64895904208883,OK
2024-11-08 20:55:00,16.481343643571947,OK
2024-11-08 21:00:00,15.95390172119439,OK
2024-11-08 21:05:00,0.777821864567432,OK
2024-11-08 21:10:00,0.6756215906552963,OK
2024-11-08 21:15:00,0.3997563081716539,OK
2024-11-08 21:20:00,0.4117638966917339,OK
2024-11-08 21:25:00,1.4970127835336982,OK
2024-11-08 21:30:00,-1.560886244828617,OK
2024-11-08 21:35:00,0.7610767739020793,OK
2024-11-08 21:40:00,0.08420407233874898,OK
2024-11-08 21:45:00,-0.02092205414113313,OK
2024-11-08 21:50:00,0.3167144007245123,OK
2024-11-08 21:55:00,14.08978048038558,OK
2024-11-08 22:00:00,16.184755612102325,OK
2024-11-08 22:05:00,14.829383238056371,OK
2024-11-08 22:10:00,-1.7706825425231778,OK
2024-11-08 22:15:00,0.25170139185983376,OK
2024-11-08 22:20:00,1.2555604132805986,OK
2024-11-08 22:25:00,0.038884842023773514,OK
2024-11-08 22:30:00,-0.6694396730051774,OK
2024-11-08 22:35:00,-1.1625660137903493,OK
2024-11-08 22:40:00,-1.5636345789604684,OK
2024-11-08 22:45:00,-2.4303279318473106,OK
2024-11-08 22:50:00,-1.6952403829002327,OK
2024-11-08 22:55:00,14.865742650355166,OK
2024-11-08 23:00:00,15.129003428891172,OK
2024-11-08 23:05:00,13.85829329230215,OK
2024-11-08 23:10:00,-0.06076659037372881,OK
2024-11-08 23:15:00,-0.7251782285349071,OK
2024-11-08 23:20:00,0.02696597623171053,OK
2024-11-08 23:25:00,-1.520308748090778,OK
2024-11-08 23:30:00,-5.116185438465027,OK
2024-11-08 23:35:00,-1.5479226489383962,OK
2024-11-08 23:40:00,-1.2243959630739845,OK
2024-11-08 23:45:00,-0.5636694487998019,OK
2024-11-08 23:50:00,14.267068960596593,OK
2024-11-08 23:55:00,13.223747284450432,OK
2024-11-09 00:00:00,12.60487584666707,OK
2024-11-09 00:05:00,-2.0803832857208286,OK
2024-11-09 00:10:00,-0.43413156036977907,OK
2024-11-09 00:15:00,-3.0815868127195296,OK
2024-11-09 00:20:00,-2.5394782375704517,OK
2024-11-09 00:25:00,-4.436665454302273,OK
2024-11-09 00:30:00,-3.8260845836320696,OK
2024-11-09 00:35:00,-1.3046653756962276,OK
2024-11-09 00:40:00,-2.801673808789384,OK
2024-11-09 00:45:00,-3.4233249775637695,OK
2024-11-09 00:50:00,14.408391880952232,OK
2024-11-09 00:55:00,15.095613620573243,OK
2024-11-09 01:00:00,12.961066787683512,OK
2024-11-09 01:05:00,-3.7725251043977437,OK
2024-11-09 01:10:00,-2.8555123424589812,OK
2024-11-09 01:15:00,-4.51146591138748,OK
2024-11-09 01:20:00,-2.5559731331981714,OK
2024-11-09 01:25:00,-1.1512038749774665,OK
2024-11-09 01:30:00,-1.7921963957563332,OK
2024-11-09 01:35:00,-2.6857979812960284,OK
2024-11-09 01:40:00,-5.159465366184643,OK
2024-11-09 01:45:00,-3.5228361753948096,OK
2024-11-09 01:50:00,-3.9352581371352,OK
2024-11-09 01:55:00,-3.994047486265941,OK
2024-11-09 02:00:00,-2.939701717160412,OK
2024-11-09 02:05:00,-3.2243402164878185,OK
2024-11-09 02:10:00,-4.711852286361289,OK
2024-11-09 02:15:00,-2.273176227332633,OK
2024-11-09 02:20:00,-3.5049869556845077,OK
2024-11-09 02:25:00,-3.199841111232737,OK
2024-11-09 02:30:00,-2.61216887869571,OK
2024-11-09 02:35:00,-4.561305680576194,OK
2024-11-09 02:40:00,-2.482720814836489,OK
2024-11-09 02:45:00,-3.311754094691154,OK
2024-11-09 02:50:00,-1.7612037334136221,OK
2024-11-09 02:55:00,-4.271569704411971,OK
2024-11-09 03:00:00,-1.8282587798514776,OK
2024-11-09 03:05:00,-5.109581070298306,OK
2024-11-09 03:10:00,-0.8175022201723041,OK
2024-11-09 03:15:00,-4.671942604750108,OK
2024-11-09 03:20:00,-2.4917321020944962,OK
2024-11-09 03:25:00,-4.199270447657913,OK
2024-11-09 03:30:00,-3.2836503616818122,OK
2024-11-09 03:35:00,-4.221021208474362,OK
2024-11-09 03:40:00,-5.052395469854657,OK
2024-11-09 03:45:00,-6.971118928948508,OK
2024-11-09 03:50:00,-1.325594225484687,OK
2024-11-09 03:55:00,-4.5091147783883665,OK
2024-11-09 04:00:00,-7.25619480969927,OK
2024-11-09 04:05:00,-3.264721948117379,OK
2024-11-09 04:10:00,-3.7770121715046794,OK
2024-11-09 04:15:00,-5.211771459679288,OK
2024-11-09 04:20:00,-5.425989532587476,OK
2024-11-09 04:25:00,-4.389304486480095,OK
2024-11-09 04:30:00,-3.459902749087691,OK
2024-11-09 04:35:00,-4.348922387675892,OK
2024-11-09 04:40:00,-2.6252312646593916,OK
2024-11-09 04:45:00,-3.498021282984748,OK
2024-11-09 04:50:00,-4.4541832884390775,OK
2024-11-09 04:55:00,-5.7848000693209976,OK
2024-11-09 05:00:00,-4.265752546828713,OK
2024-11-09 05:05:00,-3.732298595506957,OK
2024-11-09 05:10:00,-3.2302793046845886,OK
2024-11-09 05:15:00,-3.3468842346183068,OK
2024-11-09 05:20:00,-3.394780826353029,OK
2024-11-09 05:25:00,-4.060096151912709,OK
2024-11-09 05:30:00,-4.69770599319779,OK
2024-11-09 05:35:00,-3.465522526783948,OK
2024-11-09 05:40:00,-1.6769041947783578,OK
2024-11-09 05:45:00,-5.396312094187375,OK
2024-11-09 05:50:00,-3.6472265994359443,OK
2024-11-09 05:55:00,-3.0371135027084484,OK
2024-11-09 06:00:00,-5.494136839676284,OK
2024-11-09 06:05:00,-3.868594827762132,OK
2024-11-09 06:10:00,-3.80135212212,OK
2024-11-09 06:15:00,-5.892054450439777,OK
2024-11-09 06:20:00,-3.622202962460017,OK
2024-11-09 06:25:00,-4.4412841448080975,OK
2024-11-09 06:30:00,-4.4160126996744165,OK
2024-11-09 06:35:00,-4.681251443791096,OK
2024-11-09 06:40:00,-3.447666837165791,OK
2024-11-09 06:45:00,-4.620797592813279,OK
2024-11-09 06:50:00,-5.452673234171292,OK
2024-11-09 06:55:00,-5.528928863282122,OK
2024-11-09 07:00:00,-4.520102682627513,OK
2024-11-09 07:05:00,-5.683141078986009,OK
2024-11-09 07:10:00,-4.658388973120617,OK
2024-11-09 07:15:00,-3.9330266460864345,OK
2024-11-09 07:20:00,-4.216270828303548,OK
2024-11-09 07:25:00,-3.005154077683524,OK
2024-11-09 07:30:00,-4.353083074498712,OK
2024-11-09 07:35:00,-5.44520429355673,OK
2024-11-09 07:40:00,-5.374604950893717,OK
2024-11-09 07:45:00,-4.216253588918764,OK
2024-11-09 07:50:00,-4.609105043615795,OK
2024-11-09 07:55:00,-3.7783492037319717,OK
2024-11-09 08:00:00,-4.458852681707959,OK
2024-11-09 08:05:00,-3.533422739254035,OK
2024-11-09 08:10:00,-4.13373799961551,OK
2024-11-09 08:15:00,-3.9877519131814196,OK
2024-11-09 08:20:00,-4.793047364186646,OK
2024-11-09 08:25:00,-4.60914288468766,OK
2024-11-09 08:30:00,-3.475898407510095,OK
2024-11-09 08:35:00,-4.655209947229856,OK
2024-11-09 08:40:00,-5.1304571521316085,OK
2024-11-09 08:45:00,-2.3391542944259736,OK
2024-11-09 08:50:00,-4.812482366571671,OK
2024-11-09 08:55:00,-4.1072617939296086,OK
2024-11-09 09:00:00,-3.3020464744117692,OK
2024-11-09 09:05:00,-3.170567224025691,OK
2024-11-09 09:10:00,-6.22772672001695,OK
2024-11-09 09:15:00,-2.8159669889656636,OK
2024-11-09 09:20:00,-2.5091205770928933,OK
2024-11-09 09:25:00,-2.80113880058346,OK
2024-11-09 09:30:00,-5.4111392795496505,OK
2024-11-09 09:35:00,-1.270457482863299,OK
2024-11-09 09:40:00,-5.0920840291653775,OK
2024-11-09 09:45:00,-4.796905081996508,OK
2024-11-09 09:50:00,-2.244046706318384,OK
2024-11-09 09:55:00,-2.4571664124941117,OK
2024-11-09 10:00:00,-2.650762171774252,OK
2024-11-09 10:05:00,-3.0776774583675914,OK
2024-11-09 10:10:00,-1.493379929758963,OK
2024-11-09 10:15:00,-2.945730390612225,OK
2024-11-09 10:20:00,-3.893178297727637,OK
2024-11-09 10:25:00,-1.1133381976035772,OK
2024-11-09 10:30:00,-2.62834482016808,OK
2024-11-09 10:35:00,-1.6131077897614696,OK
2024-11-09 10:40:00,-1.6646093213069713,OK
2024-11-09 10:45:00,0.043632327591170306,OK
2024-11-09 10:50:00,12.960608359897947,OK
2024-11-09 10:55:00,13.65448818343308,OK
2024-11-09 11:00:00,14.301593482255665,OK
2024-11-09 11:05:00,-1.9499269585615369,OK
2024-11-09 11:10:00,-1.684700607365583,OK
2024-11-09 11:15:00,-4.69788979387453,OK
2024-11-09 11:20:00,-1.5991340270615908,OK
2024-11-09 11:25:00,-2.1786092074421486,OK
2024-11-09 11:30:00,-1.9130252349429455,OK
2024-11-09 11:35:00,-2.580285591668507,OK
2024-11-09 11:40:00,-2.9082918348506617,OK
2024-11-09 11:45:00,-1.1174457144977223,OK
2024-11-09 11:50:00,-0.22356474439277474,OK
2024-11-09 11:55:00,-1.2453374298816127,OK
2024-11-09 12:00:00,-0.17742514448288105,OK
2024-11-09 12:05:00,16.39347064551288,OK
2024-11-09 12:10:00,15.169148097896132,OK
2024-11-09 12:15:00,15.88826542871638,OK
2024-11-09 12:20:00,-0.22028915541583657,OK
2024-11-09 12:25:00,-0.40800489106055127,OK
2024-11-09 12:30:00,-0.15041371944149262,OK
2024-11-09 12:35:00,-0.8477534825883069,OK
2024-11-09 12:40:00,0.699174423041738,OK
2024-11-09 12:45:00,0.32475744010294594,OK
2024-11-09 12:50:00,-3.2534899079444353,OK
2024-11-09 12:55:00,0.05556520245684282,OK
2024-11-09 13:00:00,-1.5071326157942824,OK
2024-11-09 13:05:00,-0.14100775475597438,OK
2024-11-09 13:10:00,0.09958563369827911,OK
2024-11-09 13:15:00,16.79102701082779,OK
2024-11-09 13:20:00,16.962212955499766,OK
2024-11-09 13:25:00,14.448949226238659,OK
2024-11-09 13:30:00,0.09094518609676741,OK
2024-11-09 13:35:00,1.0436745552063993,OK
2024-11-09 13:40:00,0.4302487754908554,OK
2024-11-09 13:45:00,0.4159312027279164,OK
2024-11-09 13:50:00,0.12564389419316935,OK
2024-11-09 13:55:00,2.6685708617432997,OK
2024-11-09 14:00:00,0.6833528858440432,OK
2024-11-09 14:05:00,1.0019077810333363,OK
2024-11-09 14:10:00,-1.5900029668525284,OK
2024-11-09 14:15:00,2.1020519172269605,OK
2024-11-09 14:20:00,1.5947206435094161,OK
2024-11-09 14:25:00,0.006208669036231296,OK
2024-11-09 14:30:00,0.5454560696473749,OK
2024-11-09 14:35:00,1.6549074979791647,OK
2024-11-09 14:40:00,1.2735460892376906,OK
2024-11-09 14:45:00,1.9371978211649843,OK
2024-11-09 14:50:00,1.7980303815216623,OK
2024-11-09 14:55:00,18.838980335280276,OK
2024-11-09 15:00:00,16.550834222207875,OK
2024-11-09 15:05:00,20.481180246113258,OK
2024-11-09 15:10:00,2.8358953780270184,OK
2024-11-09 15:15:00,3.2389171808120407,OK
2024-11-09 15:20:00,-1.5480564863712565,OK
2024-11-09 15:25:00,3.493059443884934,OK
2024-11-09 15:30:00,2.9751912410324617,OK
2024-11-09 15:35:00,0.13876104305571157,OK
2024-11-09 15:40:00,0.8338204082787113,OK
2024-11-09 15:45:00,-0.05753004030225961,OK
2024-11-09 15:50:00,2.2664514054077105,OK
2024-11-09 15:55:00,2.2890646221979374,OK
2024-11-09 16:00:00,3.6523643528403555,OK
2024-11-09 16:05:00,1.5344713698947205,OK
2024-11-09 16:10:00,1.9991690703040839,OK
2024-11-09 16:15:00,2.284005796884909,OK
2024-11-09 16:20:00,3.5790310233609546,OK
2024-11-09 16:25:00,0.8328132868064864,OK
2024-11-09 16:30:00,2.141473722865518,OK
2024-11-09 16:35:00,1.290050392140766,OK
2024-11-09 16:40:00,3.1384627760276462,OK
2024-11-09 16:45:00,4.137254809337225,OK
2024-11-09 16:50:00,19.04141317076683,OK
2024-11-09 16:55:00,17.914955860797896,OK
2024-11-09 17:00:00,19.04708133461018,OK
2024-11-09 17:05:00,3.0362478007570584,OK
2024-11-09 17:10:00,5.136207583708778,OK
2024-11-09 17:15:00,2.8426938521844205,OK
2024-11-09 17:20:00,-2.530031014582669,OK
2024-11-09 17:25:00,4.13156638508968,OK
2024-11-09 17:30:00,3.133399313548796,OK
2024-11-09 17:35:00,3.4018085351893794,OK
2024-11-09 17:40:00,3.9684156458139697,OK
2024-11-09 17:45:00,2.510031861189492,OK
2024-11-09 17:50:00,3.1626097200778336,OK
2024-11-09 17:55:00,4.427573327208379,OK
2024-11-09 18:00:00,3.7995937438294773,OK
2024-11-09 18:05:00,3.240164351220555,OK
2024-11-09 18:10:00,4.203371680227396,OK
2024-11-09 18:15:00,2.520082605507093,OK
2024-11-09 18:20:00,3.051839786319975,OK
2024-11-09 18:25:00,3.845135224238974,OK
2024-11-09 18:30:00,3.4427598721143626,OK
2024-11-09 18:35:00,3.2790617294327724,OK
2024-11-09 18:40:00,4.539693232508707,OK
2024-11-09 18:45:00,4.042870625755808,OK
2024-11-09 18:50:00,3.9466242394385787,OK
2024-11-09 18:55:00,4.29375546661954,OK
2024-11-09 19:00:00,4.212790025319935,OK
2024-11-09 19:05:00,4.145470866360463,OK
2024-11-09 19:10:00,2.1935301286522817,OK
2024-11-09 19:15:00,4.218764249829971,OK
2024-11-09 19:20:00,3.855717418910872,OK
2024-11-09 19:25:00,4.415305333741132,OK
2024-11-09 19:30:00,2.9598668279179114,OK
2024-11-09 19:35:00,1.2530543686796536,OK
2024-11-09 19:40:00,1.437208231865255,OK
2024-11-09 19:45:00,2.113856922388951,OK
2024-11-09 19:50:00,3.8286057179828696,OK
2024-11-09 19:55:00,4.651098510504326,OK
2024-11-09 20:00:00,3.8389789402181473,OK
2024-11-09 20:05:00,2.015512650513602,OK
2024-11-09 20:10:00,2.206759933182548,OK
2024-11-09 20:15:00,4.6421917680446185,OK
2024-11-09 20:20:00,2.109042459387996,OK
2024-11-09 20:25:00,5.882269022464931,OK
2024-11-09 20:30:00,4.383980642050829,OK
2024-11-09 20:35:00,5.132488587517037,OK
2024-11-09 20:40:00,18.38314514077007,OK
2024-11-09 20:45:00,18.13383754466349,OK
2024-11-09 20:50:00,18.20807677034901,OK
2024-11-09 20:55:00,3.263203657991507,OK
2024-11-09 21:00:00,1.5658753163480057,OK
2024-11-09 21:05:00,1.2513346156521463,OK
2024-11-09 21:10:00,-0.3012261982798092,OK
2024-11-09 21:15:00,1.7703173966204906,OK
2024-11-09 21:20:00,3.590610322648322,OK
2024-11-09 21:25:00,1.2731352016390283,OK
2024-11-09 21:30:00,2.6024686240990826,OK
2024-11-09 21:35:00,3.2720947245972294,OK
2024-11-09 21:40:00,3.9211827369218666,OK
2024-11-09 21:45:00,2.172130567291642,OK
2024-11-09 21:50:00,2.0186570799760246,OK
2024-11-09 21:55:00,1.037853527239344,OK
2024-11-09 22:00:00,3.3135177665015343,OK
2024-11-09 22:05:00,18.66309450898877,OK
2024-11-09 22:10:00,15.459820758075882,OK
2024-11-09 22:15:00,18.84815307977923,OK
2024-11-09 22:20:00,-0.8299800285300071,OK
2024-11-09 22:25:00,-0.4392188146170921,OK
2024-11-09 22:30:00,-0.9469107179919531,OK
2024-11-09 22:35:00,1.7438450429682157,OK
2024-11-09 22:40:00,-1.7505398643075116,OK
2024-11-09 22:45:00,0.7741786131169551,OK
2024-11-09 22:50:00,2.0778851805973892,OK
2024-11-09 22:55:00,-1.162337432982892,OK
2024-11-09 23:00:00,15.580348737900508,OK
2024-11-09 23:05:00,15.60480166531854,OK
2024-11-09 23:10:00,14.989354373702456,OK
2024-11-09 23:15:00,0.46762498403625063,OK
2024-11-09 23:20:00,1.1659149458620326,OK
2024-11-09 23:25:00,-2.12633548579603,OK
2024-11-09 23:30:00,2.0760582118979682,OK
2024-11-09 23:35:00,1.1681250556000609,OK
2024-11-09 23:40:00,0.596889989809728,OK
2024-11-09 23:45:00,1.0149676498666884,OK
2024-11-09 23:50:00,1.8998995319036425,OK
2024-11-09 23:55:00,-0.8984101056280909,OK
2024-11-10 00:00:00,17.852954524439227,OK
2024-11-10 00:05:00,16.848877997135645,OK
2024-11-10 00:10:00,15.89792330279044,OK
2024-11-10 00:15:00,1.0770236089583958,OK
2024-11-10 00:20:00,-0.397964218882386,OK
2024-11-10 00:25:00,-1.9054310995610488,OK
2024-11-10 00:30:00,-2.837641350966574,OK
2024-11-10 00:35:00,0.5758244917792683,OK
2024-11-10 00:40:00,-0.712532635734352,OK
2024-11-10 00:45:00,-0.4311214601716206,OK
2024-11-10 00:50:00,-2.1238664101254336,OK
2024-11-10 00:55:00,1.0923107378744956,OK
2024-11-10 01:00:00,-0.9837570391241324,OK
2024-11-10 01:05:00,0.4598720482873666,OK
2024-11-10 01:10:00,-1.072746436202218,OK
2024-11-10 01:15:00,-3.115857756896498,OK
2024-11-10 01:20:00,-1.8374212422071148,OK
2024-11-10 01:25:00,-0.32200842853828304,OK
2024-11-10 01:30:00,-1.1911875603068096,OK
2024-11-10 01:35:00,-2.3812705515344748,OK
2024-11-10 01:40:00,-1.2545333116293516,OK
2024-11-10 01:45:00,14.01473267301735,OK
2024-11-10 01:50:00,14.843857140018642,OK
2024-11-10 01:55:00,12.371728523900977,OK
2024-11-10 02:00:00,-1.9794630028662359,OK
2024-11-10 02:05:00,-1.422417293815383,OK
2024-11-10 02:10:00,-2.9829446640996444,OK
2024-11-10 02:15:00,-5.932622114145648,OK
2024-11-10 02:20:00,-2.4400470136169847,OK
2024-11-10 02:25:00,-2.689788296533169,OK
2024-11-10 02:30:00,-4.83701141454205,OK
2024-11-10 02:35:00,-2.8572613186196643,OK
2024-11-10 02:40:00,-2.746526273348997,OK
2024-11-10 02:45:00,-2.922443372598276,OK
2024-11-10 02:50:00,-2.09475532679404,OK
2024-11-10 02:55:00,-1.3508688839308876,OK
2024-11-10 03:00:00,-4.498441501072845,OK
2024-11-10 03:05:00,13.85985450547133,OK
2024-11-10 03:10:00,13.065255514991511,OK
2024-11-10 03:15:00,13.479359916812902,OK
2024-11-10 03:20:00,-1.8846671876600778,OK
2024-11-10 03:25:00,-3.6023584987712693,OK
2024-11-10 03:30:00,-1.8342985507112528,OK
2024-11-10 03:35:00,-4.021773779085493,OK
2024-11-10 03:40:00,-2.562272760061216,OK
2024-11-10 03:45:00,-2.5855449383098645,OK
2024-11-10 03:50:00,-2.4936133793024986,OK
2024-11-10 03:55:00,-4.142483120901864,OK
2024-11-10 04:00:00,-2.230194053557846,OK
2024-11-10 04:05:00,-1.1377841961029793,OK
2024-11-10 04:10:00,-4.217733038959831,OK
2024-11-10 04:15:00,-2.6452993925105592,OK
2024-11-10 04:20:00,-2.245535713124305,OK
2024-11-10 04:25:00,-3.8151620056622937,OK
2024-11-10 04:30:00,-1.5490651726347422,OK
2024-11-10 04:35:00,-3.467173464139901,OK
2024-11-10 04:40:00,-3.301713176179615,OK
2024-11-10 04:45:00,-4.0292538518129835,OK
2024-11-10 04:50:00,-3.192375355420356,OK
2024-11-10 04:55:00,-3.035716937373682,OK
2024-11-10 05:00:00,-2.556394453773179,OK
2024-11-10 05:05:00,-3.8268513413648155,OK
2024-11-10 05:10:00,-3.834582886137825,OK
2024-11-10 05:15:00,-3.1891425933946635,OK
2024-11-10 05:20:00,-2.1773398094907317,OK
2024-11-10 05:25:00,-3.4002367397737983,OK
2024-11-10 05:30:00,-1.3690007362446406,OK
2024-11-10 05:35:00,-3.180407284411591,OK
2024-11-10 05:40:00,-2.8702348998623335,OK
2024-11-10 05:45:00,-2.6786313959577273,OK
2024-11-10 05:50:00,-1.820745321076456,OK
2024-11-10 05:55:00,-2.685800617759056,OK
2024-11-10 06:00:00,-4.686911432264903,OK
2024-11-10 06:05:00,-2.272211755579122,OK
2024-11-10 06:10:00,-2.8096642618409735,OK
2024-11-10 06:15:00,-3.4942612316280184,OK
2024-11-10 06:20:00,-5.260751452181305,OK
2024-11-10 06:25:00,-5.4533534354137885,OK
2024-11-10 06:30:00,-3.713896597257978,OK
2024-11-10 06:35:00,-4.991264814115621,OK
2024-11-10 06:40:00,-3.662258882536161,OK
2024-11-10 06:45:00,-2.920257198278758,OK
2024-11-10 06:50:00,-4.070013221136242,OK
2024-11-10 06:55:00,-3.264788224597874,OK
2024-11-10 07:00:00,-4.291997382999771,OK
2024-11-10 07:05:00,-2.7984978673238574,OK
2024-11-10 07:10:00,-2.972680134195708,OK
2024-11-10 07:15:00,-5.081481030744576,OK
2024-11-10 07:20:00,-3.427780877294489,OK
2024-11-10 07:25:00,11.837594378608724,OK
2024-11-10 07:30:00,13.085390185597614,OK
2024-11-10 07:35:00,12.210194456591557,OK
2024-11-10 07:40:00,-3.3748508286451937,OK
2024-11-10 07:45:00,-3.022247474804279,OK
2024-11-10 07:50:00,-2.3681629500786547,OK
2024-11-10 07:55:00,-3.083413213510208,OK
2024-11-10 08:00:00,-3.4863831818532143,OK
2024-11-10 08:05:00,-3.579575761884618,OK
2024-11-10 08:10:00,-2.8184522607245053,OK
2024-11-10 08:15:00,-3.3137193322118836,OK
2024-11-10 08:20:00,-1.3813958514347338,OK
2024-11-10 08:25:00,-3.1361061465956865,OK
2024-11-10 08:30:00,-2.187381405217374,OK
2024-11-10 08:35:00,-2.2700236708045427,OK
2024-11-10 08:40:00,-1.107303045011959,OK
2024-11-10 08:45:00,-3.5172094466870862,OK
2024-11-10 08:50:00,-1.398261014883541,OK
2024-11-10 08:55:00,-2.3054848636050638,OK
2024-11-10 09:00:00,0.2570782565247196,OK
2024-11-10 09:05:00,-1.8423965401183708,OK
2024-11-10 09:10:00,-3.0233566371220917,OK
2024-11-10 09:15:00,-2.6328327627319132,OK
2024-11-10 09:20:00,-0.870206936221176,OK
2024-11-10 09:25:00,-1.8517444256887459,OK
2024-11-10 09:30:00,-2.1193971363894257,OK
2024-11-10 09:35:00,-1.0081987680861801,OK
2024-11-10 09:40:00,-2.2757120245054576,OK
2024-11-10 09:45:00,-2.315014885203329,OK
2024-11-10 09:50:00,-2.6592972700135022,OK
2024-11-10 09:55:00,0.15661656573337357,OK
2024-11-10 10:00:00,-2.4925655382465495,OK
2024-11-10 10:05:00,14.257705219428123,OK
2024-11-10 10:10:00,14.660034096321283,OK
2024-11-10 10:15:00,14.207046249137916,OK
2024-11-10 10:20:00,-2.5997464720727796,OK
2024-11-10 10:25:00,-4.913906524347935,OK
2024-11-10 10:30:00,-0.4573637118642967,OK
2024-11-10 10:35:00,-1.9181442873851684,OK
2024-11-10 10:40:00,-2.5114234417035757,OK
2024-11-10 10:45:00,-0.008386903840308213,OK
2024-11-10 10:50:00,-1.482959226856587,OK
2024-11-10 10:55:00,-2.4616084223438914,OK
2024-11-10 11:00:00,-0.8781559453318177,OK
2024-11-10 11:05:00,14.289196404655517,OK
2024-11-10 11:10:00,14.946002484352563,OK
2024-11-10 11:15:00,13.929011079262112,OK
2024-11-10 11:20:00,-1.0402261241925346,OK
2024-11-10 11:25:00,-0.3783175837142735,OK
2024-11-10 11:30:00,-1.0977717131083529,OK
2024-11-10 11:35:00,-2.200563541952853,OK
2024-11-10 11:40:00,-0.544298339965215,OK
2024-11-10 11:45:00,-0.9807530796869336,OK
2024-11-10 11:50:00,-0.2069176484170948,OK
2024-11-10 11:55:00,0.17341834184545676,OK
2024-11-10 12:00:00,15.252826050022534,OK
2024-11-10 12:05:00,16.17720401683251,OK
2024-11-10 12:10:00,16.603359589767937,OK
2024-11-10 12:15:00,0.7215222367382825,OK
2024-11-10 12:20:00,2.6349965045998514,OK
2024-11-10 12:25:00,-0.7348782761451569,OK
2024-11-10 12:30:00,0.7296558502210447,OK
2024-11-10 12:35:00,0.11757555241382267,OK
2024-11-10 12:40:00,1.4582930538882268,OK
2024-11-10 12:45:00,0.6089756085610911,OK
2024-11-10 12:50:00,0.9025300298751597,OK
2024-11-10 12:55:00,-1.1850715515620271,OK
2024-11-10 13:00:00,1.0536999099402562,OK
2024-11-10 13:05:00,1.5872196733907342,OK
2024-11-10 13:10:00,0.7694793323242255,OK
2024-11-10 13:15:00,1.015255710742182,OK
2024-11-10 13:20:00,1.8992173506844092,OK
2024-11-10 13:25:00,2.591262592790243,OK
2024-11-10 13:30:00,16.02267980460945,OK
2024-11-10 13:35:00,16.817040756568186,OK
2024-11-10 13:40:00,16.177612318094383,OK
2024-11-10 13:45:00,3.893347797127075,OK
2024-11-10 13:50:00,4.046014460857262,OK
2024-11-10 13:55:00,2.5645523807335695,OK
2024-11-10 14:00:00,1.5116056471634534,OK
2024-11-10 14:05:00,1.2609593674448005,OK
2024-11-10 14:10:00,2.2865709195901136,OK
2024-11-10 14:15:00,3.070064043212751,OK
2024-11-10 14:20:00,1.9079281385814935,OK
2024-11-10 14:25:00,3.09572125245169,OK
2024-11-10 14:30:00,3.2334728766224914,OK
2024-11-10 14:35:00,18.291662371170712,OK
2024-11-10 14:40:00,16.853716834484008,OK
2024-11-10 14:45:00,17.834776417470266,OK
2024-11-10 14:50:00,3.3853323637993262,OK
2024-11-10 14:55:00,1.6706030192818262,OK
2024-11-10 15:00:00,3.889737468110617,OK
2024-11-10 15:05:00,4.392627482228638,OK
2024-11-10 15:10:00,3.8280729828777096,OK
2024-11-10 15:15:00,4.0922615972931995,OK
2024-11-10 15:20:00,1.2738450984590888,OK
2024-11-10 15:25:00,4.992562145334421,OK
2024-11-10 15:30:00,2.2725020540971235,OK
2024-11-10 15:35:00,3.7389979008837355,OK
2024-11-10 15:40:00,4.7009749912318535,OK
2024-11-10 15:45:00,4.418460215209008,OK
2024-11-10 15:50:00,2.7038297227466126,OK
2024-11-10 15:55:00,3.149515692699521,OK
2024-11-10 16:00:00,4.814980372752615,OK
2024-11-10 16:05:00,4.758651269205183,OK
2024-11-10 16:10:00,3.3078351672408184,OK
2024-11-10 16:15:00,4.694752234571098,OK
2024-11-10 16:20:00,2.659227165346883,OK
2024-11-10 16:25:00,5.164941683005388,OK
2024-11-10 16:30:00,3.4430946194411667,OK
2024-11-10 16:35:00,4.718483690237291,OK
2024-11-10 16:40:00,4.436222121284717,OK
2024-11-10 16:45:00,5.5893458186950475,OK
2024-11-10 16:50:00,4.7472402515076055,OK
2024-11-10 16:55:00,3.912625268677406,OK
2024-11-10 17:00:00,4.583045408171792,OK
2024-11-10 17:05:00,6.984805941486059,OK
2024-11-10 17:10:00,5.587148532492525,OK
2024-11-10 17:15:00,4.960645241537284,OK
2024-11-10 17:20:00,3.7765262696212045,OK
2024-11-10 17:25:00,4.785909758541599,OK
2024-11-10 17:30:00,5.457396960200752,OK
2024-11-10 17:35:00,3.7058651666277775,OK
2024-11-10 17:40:00,4.526139998596535,OK
2024-11-10 17:45:00,5.752694660036315,OK
2024-11-10 17:50:00,5.538054329455611,OK
2024-11-10 17:55:00,4.168713030339805,OK
2024-11-10 18:00:00,7.211023680539011,OK
2024-11-10 18:05:00,6.2784188441537365,OK
2024-11-10 18:10:00,5.796392053711217,OK
2024-11-10 18:15:00,5.9007006768208115,OK
2024-11-10 18:20:00,4.356712537855663,OK
2024-11-10 18:25:00,5.826410951827551,OK
2024-11-10 18:30:00,4.436432702124943,OK
2024-11-10 18:35:00,3.9297463656925276,OK
2024-11-10 18:40:00,7.2056856595280845,OK
2024-11-10 18:45:00,3.038043075789936,OK
2024-11-10 18:50:00,4.6990219933324004,OK
2024-11-10 18:55:00,4.340704990326403,OK
2024-11-10 19:00:00,4.944257663795954,OK
2024-11-10 19:05:00,4.758600390443848,OK
2024-11-10 19:10:00,4.615362263859056,OK
2024-11-10 19:15:00,4.582319337968134,OK
2024-11-10 19:20:00,4.592225938671663,OK
2024-11-10 19:25:00,4.4420485908799785,OK
2024-11-10 19:30:00,4.672352512356527,OK
2024-11-10 19:35:00,3.3083492301094477,OK
2024-11-10 19:40:00,6.446207053554816,OK
2024-11-10 19:45:00,4.76743611037732,OK
2024-11-10 19:50:00,4.856073477932764,OK
2024-11-10 19:55:00,2.8322821411995633,OK
2024-11-10 20:00:00,3.514638789288301,OK
2024-11-10 20:05:00,5.941617962079601,OK
2024-11-10 20:10:00,3.6780853487816656,OK
2024-11-10 20:15:00,4.787372946731397,OK
2024-11-10 20:20:00,2.863943450965328,OK
2024-11-10 20:25:00,5.588582111778656,OK
2024-11-10 20:30:00,5.401591140021516,OK
2024-11-10 20:35:00,4.20120570974288,OK
2024-11-10 20:40:00,4.59148370637085,OK
2024-11-10 20:45:00,5.057701402318046,OK
2024-11-10 20:50:00,2.717721613839408,OK
2024-11-10 20:55:00,6.659771494013189,OK
2024-11-10 21:00:00,4.463783301896189,OK
2024-11-10 21:05:00,3.1763888183184705,OK
2024-11-10 21:10:00,17.62161686260931,OK
2024-11-10 21:15:00,19.96094969833716,OK
2024-11-10 21:20:00,19.666856122439324,OK
2024-11-10 21:25:00,3.6763093700965017,OK
2024-11-10 21:30:00,0.3988523188991145,OK
2024-11-10 21:35:00,2.5296107619832875,OK
2024-11-10 21:40:00,4.44144614171992,OK
2024-11-10 21:45:00,3.278378621776859,OK
2024-11-10 21:50:00,3.2279705697362404,OK
2024-11-10 21:55:00,5.1760565703085115,OK
2024-11-10 22:00:00,4.284649397500411,OK
2024-11-10 22:05:00,4.336769948057826,OK
2024-11-10 22:10:00,5.3051002224876385,OK
2024-11-10 22:15:00,3.723155365428748,OK
2024-11-10 22:20:00,18.69699055516574,OK
2024-11-10 22:25:00,17.961633331523597,OK
2024-11-10 22:30:00,17.90566101810095,OK
2024-11-10 22:35:00,-1.5944904754608036,OK
2024-11-10 22:40:00,3.568540786625236,OK
2024-11-10 22:45:00,-1.0282497894057965,OK
2024-11-10 22:50:00,2.779184296496095,OK
2024-11-10 22:55:00,1.9230157850931848,OK
2024-11-10 23:00:00,2.244114802193582,OK
2024-11-10 23:05:00,-0.2990822667856442,OK
2024-11-10 23:10:00,3.608931544073674,OK
2024-11-10 23:15:00,18.795328697358705,OK
2024-11-10 23:20:00,17.656656311070154,OK
2024-11-10 23:25:00,16.6165414749368,OK
2024-11-10 23:30:00,2.2540129941729172,OK
2024-11-10 23:35:00,0.49144796201184837,OK
2024-11-10 23:40:00,-0.5662929051916943,OK
2024-11-10 23:45:00,1.5723534456684987,OK
2024-11-10 23:50:00,2.318253940805455,OK
2024-11-10 23:55:00,-0.4904321975768081,OK
