timestamp,high_side_pressure_psig,data_quality_flag
2024-11-01 00:00:00,131.03840976941595,OK
2024-11-01 00:05:00,130.64370569199266,OK
2024-11-01 00:10:00,131.11755280689445,OK
2024-11-01 00:15:00,446.8339651221223,OK
2024-11-01 00:20:00,449.46918773833227,OK
2024-11-01 00:25:00,450.12658425744013,OK
2024-11-01 00:30:00,450.8861399296562,OK
2024-11-01 00:35:00,452.270258919545,OK
2024-11-01 00:40:00,454.3324395538331,OK
2024-11-01 00:45:00,454.69531402638285,OK
2024-11-01 00:50:00,457.01666632737215,OK
2024-11-01 00:55:00,454.3519806551552,OK
2024-11-01 01:00:00,455.8766041722894,OK
2024-11-01 01:05:00,125.54891727839004,OK
2024-11-01 01:10:00,124.94528362574994,OK
2024-11-01 01:15:00,123.046993054414,OK
2024-11-01 01:20:00,455.7654717080289,OK
2024-11-01 01:25:00,458.30336219126804,OK
2024-11-01 01:30:00,461.81167509083957,OK
2024-11-01 01:35:00,457.98528354467453,OK
2024-11-01 01:40:00,461.9510123431287,OK
2024-11-01 01:45:00,464.66873742870257,OK
2024-11-01 01:50:00,459.8789694928343,OK
2024-11-01 01:55:00,463.66483201824866,OK
2024-11-01 02:00:00,464.01057358776376,OK
2024-11-01 02:05:00,121.45676644046108,OK
2024-11-01 02:10:00,123.08167598271349,OK
2024-11-01 02:15:00,121.3533767518972,OK
2024-11-01 02:20:00,468.40002389735224,OK
2024-11-01 02:25:00,464.57312561784534,OK
2024-11-01 02:30:00,467.6838260232511,OK
2024-11-01 02:35:00,461.39341148017184,OK
2024-11-01 02:40:00,466.7279163312989,OK
2024-11-01 02:45:00,472.9663852851601,OK
2024-11-01 02:50:00,467.61036688726495,OK
2024-11-01 02:55:00,464.0893228548308,OK
2024-11-01 03:00:00,120.99573768887593,OK
2024-11-01 03:05:00,120.51061008576285,OK
2024-11-01 03:10:00,116.57689554652805,OK
2024-11-01 03:15:00,468.883907776711,OK
2024-11-01 03:20:00,473.1387165812563,OK
2024-11-01 03:25:00,470.96722706093493,OK
2024-11-01 03:30:00,474.8005882427595,OK
2024-11-01 03:35:00,474.05263610536844,OK
2024-11-01 03:40:00,474.4680294630073,OK
2024-11-01 03:45:00,470.9706367223439,OK
2024-11-01 03:50:00,471.60235480699487,OK
2024-11-01 03:55:00,472.88876142130584,OK
2024-11-01 04:00:00,477.27095059551664,OK
2024-11-01 04:05:00,474.7486979673397,OK
2024-11-01 04:10:00,115.67811969894093,OK
2024-11-01 04:15:00,117.76503571028654,OK
2024-11-01 04:20:00,116.63396233659745,OK
2024-11-01 04:25:00,472.9221181634275,OK
2024-11-01 04:30:00,477.83742950716515,OK
2024-11-01 04:35:00,483.2679960348931,OK
2024-11-01 04:40:00,481.3936132403297,OK
2024-11-01 04:45:00,473.9879520874555,OK
2024-11-01 04:50:00,477.92822750262303,OK
2024-11-01 04:55:00,479.5455984078405,OK
2024-11-01 05:00:00,473.1740781205509,OK
2024-11-01 05:05:00,475.10638670671375,OK
2024-11-01 05:10:00,478.543092299789,OK
2024-11-01 05:15:00,479.46368675254405,OK
2024-11-01 05:20:00,478.9769770855699,OK
2024-11-01 05:25:00,477.9313975883215,OK
2024-11-01 05:30:00,116.1713307662677,OK
2024-11-01 05:35:00,114.54643280141494,OK
2024-11-01 05:40:00,115.70250725233788,OK
2024-11-01 05:45:00,475.53725977372494,OK
2024-11-01 05:50:00,481.4055720395217,OK
2024-11-01 05:55:00,477.1671652651545,OK
2024-11-01 06:00:00,480.27933102852364,OK
2024-11-01 06:05:00,486.3508321768023,OK
2024-11-01 06:10:00,485.1121692965733,OK
2024-11-01 06:15:00,482.27283129624,OK
2024-11-01 06:20:00,477.9671624815479,OK
2024-11-01 06:25:00,479.16601600234407,OK
2024-11-01 06:30:00,478.8823710253536,OK
2024-11-01 06:35:00,474.05683942321156,OK
2024-11-01 06:40:00,482.1577775974425,OK
2024-11-01 06:45:00,478.6386712508002,OK
2024-11-01 06:50:00,477.96328724450433,OK
2024-11-01 06:55:00,480.5442359074159,OK
2024-11-01 07:00:00,113.44026793241734,OK
2024-11-01 07:05:00,112.52984571993723,OK
2024-11-01 07:10:00,115.67632926862987,OK
2024-11-01 07:15:00,480.2520762665217,OK
2024-11-01 07:20:00,473.30188966933844,OK
2024-11-01 07:25:00,477.96241073833363,OK
2024-11-01 07:30:00,474.89545237517297,OK
2024-11-01 07:35:00,476.9547807179699,OK
2024-11-01 07:40:00,476.6120688115324,OK
2024-11-01 07:45:00,477.8788724473493,OK
2024-11-01 07:50:00,475.68978892819985,OK
2024-11-01 07:55:00,475.5595229384252,OK
2024-11-01 08:00:00,113.34581947142729,OK
2024-11-01 08:05:00,114.29145274368439,OK
2024-11-01 08:10:00,114.68157354449811,OK
2024-11-01 08:15:00,470.5115903326341,OK
2024-11-01 08:20:00,476.4088145998729,OK
2024-11-01 08:25:00,472.226041491066,OK
2024-11-01 08:30:00,475.39662211781655,OK
2024-11-01 08:35:00,474.049468038405,OK
2024-11-01 08:40:00,477.0417514378383,OK
2024-11-01 08:45:00,474.8277316996029,OK
2024-11-01 08:50:00,472.7144634299808,OK
2024-11-01 08:55:00,118.64312531759506,OK
2024-11-01 09:00:00,117.98915563870496,OK
2024-11-01 09:05:00,118.04971826325333,OK
2024-11-01 09:10:00,470.5414722940755,OK
2024-11-01 09:15:00,467.369003792135,OK
2024-11-01 09:20:00,470.768131509892,OK
2024-11-01 09:25:00,464.3483356345023,OK
2024-11-01 09:30:00,471.53652850928796,OK
2024-11-01 09:35:00,471.54075694618473,OK
2024-11-01 09:40:00,472.3067051142363,OK
2024-11-01 09:45:00,462.9043063627983,OK
2024-11-01 09:50:00,121.70076997611217,OK
2024-11-01 09:55:00,119.61483199121523,OK
2024-11-01 10:00:00,121.31082089196083,OK
2024-11-01 10:05:00,464.2514308513944,OK
2024-11-01 10:10:00,460.4319483539647,OK
2024-11-01 10:15:00,468.3532067160224,OK
2024-11-01 10:20:00,463.9639074260318,OK
2024-11-01 10:25:00,463.3998270628966,OK
2024-11-01 10:30:00,466.37820093909625,OK
2024-11-01 10:35:00,457.5032956302717,OK
2024-11-01 10:40:00,460.57759283785305,OK
2024-11-01 10:45:00,457.6848700600506,OK
2024-11-01 10:50:00,126.7858340166911,OK
2024-11-01 10:55:00,122.89866167252985,OK
2024-11-01 11:00:00,124.31900730048925,OK
2024-11-01 11:05:00,457.30136436953643,OK
2024-11-01 11:10:00,454.47211616716135,OK
2024-11-01 11:15:00,458.13347286478387,OK
2024-11-01 11:20:00,458.1107673881665,OK
2024-11-01 11:25:00,453.27319977978226,OK
2024-11-01 11:30:00,453.97310465609,OK
2024-11-01 11:35:00,458.3775029052624,OK
2024-11-01 11:40:00,454.2923173939103,OK
2024-11-01 11:45:00,446.78881961110386,OK
2024-11-01 11:50:00,448.96454909536976,OK
2024-11-01 11:55:00,452.1240318220051,OK
2024-11-01 12:00:00,128.4957017671001,OK
2024-11-01 12:05:00,129.23336221576332,OK
2024-11-01 12:10:00,130.34041543359044,OK
2024-11-01 12:15:00,451.28088126167876,OK
2024-11-01 12:20:00,449.52406578511415,OK
2024-11-01 12:25:00,445.66880344901205,OK
2024-11-01 12:30:00,445.7558500626072,OK
2024-11-01 12:35:00,443.4428542762747,OK
2024-11-01 12:40:00,447.3388628101109,OK
2024-11-01 12:45:00,443.6765058386423,OK
2024-11-01 12:50:00,441.49616607550746,OK
2024-11-01 12:55:00,442.45156951190864,OK
2024-11-01 13:00:00,441.7186412277403,OK
2024-11-01 13:05:00,441.6399337964868,OK
2024-11-01 13:10:00,442.15846849929335,OK
2024-11-01 13:15:00,439.82324109743615,OK
2024-11-01 13:20:00,436.5395955735078,OK
2024-11-01 13:25:00,134.33318469064048,OK
2024-11-01 13:30:00,135.57374813238755,OK
2024-11-01 13:35:00,134.819418095192,OK
2024-11-01 13:40:00,436.77977182701534,OK
2024-11-01 13:45:00,436.9667551495042,OK
2024-11-01 13:50:00,434.91025927565147,OK
2024-11-01 13:55:00,433.79283339159974,OK
2024-11-01 14:00:00,432.13579107574986,OK
2024-11-01 14:05:00,430.38615329880656,OK
2024-11-01 14:10:00,430.7300073600668,OK
2024-11-01 14:15:00,434.99001299278996,OK
2024-11-01 14:20:00,434.071864409707,OK
2024-11-01 14:25:00,431.68003162843246,OK
2024-11-01 14:30:00,432.45434490417443,OK
2024-11-01 14:35:00,434.1527685267931,OK
2024-11-01 14:40:00,432.1033257577212,OK
2024-11-01 14:45:00,430.8833687320086,OK
2024-11-01 14:50:00,430.729023689288,OK
2024-11-01 14:55:00,429.4996753234412,OK
2024-11-01 15:00:00,425.6062148944726,OK
2024-11-01 15:05:00,426.73786724555197,OK
2024-11-01 15:10:00,420.9456423031317,OK
2024-11-01 15:15:00,426.0625116963504,OK
2024-11-01 15:20:00,426.17032053860754,OK
2024-11-01 15:25:00,425.0435418317347,OK
2024-11-01 15:30:00,423.3103794376775,OK
2024-11-01 15:35:00,422.25984514517813,OK
2024-11-01 15:40:00,418.5957974757693,OK
2024-11-01 15:45:00,425.72621888314137,OK
2024-11-01 15:50:00,420.8805885898182,OK
2024-11-01 15:55:00,421.11804227238594,OK
2024-11-01 16:00:00,424.86005511886503,OK
2024-11-01 16:05:00,419.5978577952967,OK
2024-11-01 16:10:00,417.29748192130876,OK
2024-11-01 16:15:00,422.2391621857575,OK
2024-11-01 16:20:00,420.5555594225961,OK
2024-11-01 16:25:00,423.79976506823283,OK
2024-11-01 16:30:00,422.67202567857,OK
2024-11-01 16:35:00,417.1947056198308,OK
2024-11-01 16:40:00,420.4961608944624,OK
2024-11-01 16:45:00,421.73326866548064,OK
2024-11-01 16:50:00,417.8157365947058,OK
2024-11-01 16:55:00,419.3534406389424,OK
2024-11-01 17:00:00,418.47987185252595,OK
2024-11-01 17:05:00,416.60839645682745,OK
2024-11-01 17:10:00,420.6581632036569,OK
2024-11-01 17:15:00,420.20666182102684,OK
2024-11-01 17:20:00,418.1853688374112,OK
2024-11-01 17:25:00,416.63229737094883,OK
2024-11-01 17:30:00,416.2115590065984,OK
2024-11-01 17:35:00,419.7831503688864,OK
2024-11-01 17:40:00,416.7655859056658,OK
2024-11-01 17:45:00,420.50845845131664,OK
2024-11-01 17:50:00,414.7895146214955,OK
2024-11-01 17:55:00,421.7098098730737,OK
2024-11-01 18:00:00,415.7153618023214,OK
2024-11-01 18:05:00,420.077356362199,OK
2024-11-01 18:10:00,413.4126971334481,OK
2024-11-01 18:15:00,416.61385070183707,OK
2024-11-01 18:20:00,420.5988073085864,OK
2024-11-01 18:25:00,419.6822103457766,OK
2024-11-01 18:30:00,416.72054995945285,OK
2024-11-01 18:35:00,415.9699441131322,OK
2024-11-01 18:40:00,419.1487496061516,OK
2024-11-01 18:45:00,418.98457813714134,OK
2024-11-01 18:50:00,417.71111606888365,OK
2024-11-01 18:55:00,418.2430935019289,OK
2024-11-01 19:00:00,420.5736915607531,OK
2024-11-01 19:05:00,420.0530207508889,OK
2024-11-01 19:10:00,417.8362745532204,OK
2024-11-01 19:15:00,416.48676936067596,OK
2024-11-01 19:20:00,416.1344661422591,OK
2024-11-01 19:25:00,418.233466308377,OK
2024-11-01 19:30:00,418.8879826395366,OK
2024-11-01 19:35:00,418.3828690737443,OK
2024-11-01 19:40:00,421.91040208934777,OK
2024-11-01 19:45:00,422.0754986865081,OK
2024-11-01 19:50:00,423.8399483687462,OK
2024-11-01 19:55:00,425.57630697044124,OK
2024-11-01 20:00:00,422.445883783129,OK
2024-11-01 20:05:00,423.53299588120365,OK
2024-11-01 20:10:00,422.55957713354354,OK
2024-11-01 20:15:00,423.9271561820299,OK
2024-11-01 20:20:00,425.96817051674003,OK
2024-11-01 20:25:00,424.4034007640681,OK
2024-11-01 20:30:00,426.6653026450992,OK
2024-11-01 20:35:00,426.7874252780799,OK
2024-11-01 20:40:00,429.2302128851979,OK
2024-11-01 20:45:00,425.5539664083802,OK
2024-11-01 20:50:00,425.8448255799379,OK
2024-11-01 20:55:00,429.57660131842874,OK
2024-11-01 21:00:00,428.41291993135803,OK
2024-11-01 21:05:00,429.44809793396064,OK
2024-11-01 21:10:00,430.16705304885636,OK
2024-11-01 21:15:00,432.2474933080083,OK
2024-11-01 21:20:00,426.9194397858522,OK
2024-11-01 21:25:00,427.62035358590595,OK
2024-11-01 21:30:00,429.5196724158042,OK
2024-11-01 21:35:00,426.65740603971943,OK
2024-11-01 21:40:00,432.8187656678654,OK
2024-11-01 21:45:00,426.04790929671213,OK
2024-11-01 21:50:00,434.250928038867,OK
2024-11-01 21:55:00,433.5136022557913,OK
2024-11-01 22:00:00,435.92693305144826,OK
2024-11-01 22:05:00,434.5986208122905,OK
2024-11-01 22:10:00,433.62199587942223,OK
2024-11-01 22:15:00,436.37791962969266,OK
2024-11-01 22:20:00,432.4280398923048,OK
2024-11-01 22:25:00,436.5684671624656,OK
2024-11-01 22:30:00,437.0271043054134,OK
2024-11-01 22:35:00,134.40874369020662,OK
2024-11-01 22:40:00,135.60420351594925,OK
2024-11-01 22:45:00,136.059136625654,OK
2024-11-01 22:50:00,441.2364079558558,OK
2024-11-01 22:55:00,441.53454762973473,OK
2024-11-01 23:00:00,433.87047544092553,OK
2024-11-01 23:05:00,441.62266854841744,OK
2024-11-01 23:10:00,445.77837004284925,OK
2024-11-01 23:15:00,444.08943868116074,OK
2024-11-01 23:20:00,443.1578671425115,OK
2024-11-01 23:25:00,441.9916567134633,OK
2024-11-01 23:30:00,443.61772400311605,OK
2024-11-01 23:35:00,443.59203499736805,OK
2024-11-01 23:40:00,129.77571547649265,OK
2024-11-01 23:45:00,130.90990567337624,OK
2024-11-01 23:50:00,129.36098473682432,OK
2024-11-01 23:55:00,449.6779549136494,OK
2024-11-02 00:00:00,451.0176262012469,OK
2024-11-02 00:05:00,452.48713403162265,OK
2024-11-02 00:10:00,447.8379759923298,OK
2024-11-02 00:15:00,449.5549115568851,OK
2024-11-02 00:20:00,449.63261143770535,OK
2024-11-02 00:25:00,451.54772867045136,OK
2024-11-02 00:30:00,451.72774700583983,OK
2024-11-02 00:35:00,458.63738671307897,OK
2024-11-02 00:40:00,452.9588481176104,OK
2024-11-02 00:45:00,455.09344284887663,OK
2024-11-02 00:50:00,454.6972935561498,OK
2024-11-02 00:55:00,125.5487006287825,OK
2024-11-02 01:00:00,124.51913140051347,OK
2024-11-02 01:05:00,121.57134749873289,OK
2024-11-02 01:10:00,461.3572800135034,OK
2024-11-02 01:15:00,458.4664576014038,OK
2024-11-02 01:20:00,458.9768985230668,OK
2024-11-02 01:25:00,464.55241932894455,OK
2024-11-02 01:30:00,464.75262088908835,OK
2024-11-02 01:35:00,465.05721672251,OK
2024-11-02 01:40:00,464.20888056987445,OK
2024-11-02 01:45:00,467.1647614666611,OK
2024-11-02 01:50:00,467.1851252770224,OK
2024-11-02 01:55:00,465.79483655075205,OK
2024-11-02 02:00:00,122.81797817897737,OK
2024-11-02 02:05:00,120.36157428294608,OK
2024-11-02 02:10:00,121.7474664485074,OK
2024-11-02 02:15:00,462.1704266532448,OK
2024-11-02 02:20:00,468.67177870207536,OK
2024-11-02 02:25:00,466.4706785118542,OK
2024-11-02 02:30:00,464.47644637835964,OK
2024-11-02 02:35:00,467.95727780946277,OK
2024-11-02 02:40:00,469.5514109499332,OK
2024-11-02 02:45:00,465.43125011254756,OK
2024-11-02 02:50:00,469.76407844856425,OK
2024-11-02 02:55:00,466.3157904488946,OK
2024-11-02 03:00:00,468.2739430536805,OK
2024-11-02 03:05:00,469.8277317598371,OK
2024-11-02 03:10:00,118.45231620988868,OK
2024-11-02 03:15:00,118.75260753357516,OK
2024-11-02 03:20:00,118.58873609245524,OK
2024-11-02 03:25:00,472.9782925194974,OK
2024-11-02 03:30:00,472.36323314989954,OK
2024-11-02 03:35:00,472.35245048876413,OK
2024-11-02 03:40:00,470.50556335933067,OK
2024-11-02 03:45:00,475.4488315147673,OK
2024-11-02 03:50:00,471.3040634504609,OK
2024-11-02 03:55:00,472.9186552783661,OK
2024-11-02 04:00:00,478.26379478898474,OK
2024-11-02 04:05:00,472.71670550894487,OK
2024-11-02 04:10:00,119.1522005319289,OK
2024-11-02 04:15:00,117.32927010198561,OK
2024-11-02 04:20:00,115.77864176848522,OK
2024-11-02 04:25:00,476.8642405440227,OK
2024-11-02 04:30:00,481.36035544850836,OK
2024-11-02 04:35:00,,MISSING
2024-11-02 04:40:00,,MISSING
2024-11-02 04:45:00,478.404588738001,OK
2024-11-02 04:50:00,480.4182509883616,OK
2024-11-02 04:55:00,478.8474964860194,OK
2024-11-02 05:00:00,476.92158773647026,OK
2024-11-02 05:05:00,483.18383531909114,OK
2024-11-02 05:10:00,480.12947106317233,OK
2024-11-02 05:15:00,475.2947748111344,OK
2024-11-02 05:20:00,481.39780027598596,OK
2024-11-02 05:25:00,477.01922157906887,OK
2024-11-02 05:30:00,480.18200259682675,OK
2024-11-02 05:35:00,115.15148366517309,OK
2024-11-02 05:40:00,115.83056795076686,OK
2024-11-02 05:45:00,115.44336229881374,OK
2024-11-02 05:50:00,476.0622332280294,OK
2024-11-02 05:55:00,481.6484976049743,OK
2024-11-02 06:00:00,476.0702713061931,OK
2024-11-02 06:05:00,481.0744574728692,OK
2024-11-02 06:10:00,478.17163940860223,OK
2024-11-02 06:15:00,477.54808410610497,OK
2024-11-02 06:20:00,477.44916728883976,OK
2024-11-02 06:25:00,477.9399751264061,OK
2024-11-02 06:30:00,113.07467991335034,OK
2024-11-02 06:35:00,112.31565851612432,OK
2024-11-02 06:40:00,115.59259006770822,OK
2024-11-02 06:45:00,477.7840665639591,OK
2024-11-02 06:50:00,474.82560769945513,OK
2024-11-02 06:55:00,477.73944842165986,OK
2024-11-02 07:00:00,480.3638731200291,OK
2024-11-02 07:05:00,473.9268421137865,OK
2024-11-02 07:10:00,476.6641554610375,OK
2024-11-02 07:15:00,474.60998338412634,OK
2024-11-02 07:20:00,475.64941427187705,OK
2024-11-02 07:25:00,469.6661788022462,OK
2024-11-02 07:30:00,476.78096175958007,OK
2024-11-02 07:35:00,116.03505838682288,OK
2024-11-02 07:40:00,117.02387796613239,OK
2024-11-02 07:45:00,116.5783994647813,OK
2024-11-02 07:50:00,471.274520626115,OK
2024-11-02 07:55:00,468.4792574938753,OK
2024-11-02 08:00:00,473.79961184620015,OK
2024-11-02 08:05:00,471.97871293565635,OK
2024-11-02 08:10:00,479.8426127790376,OK
2024-11-02 08:15:00,472.55096188048054,OK
2024-11-02 08:20:00,472.58988972981894,OK
2024-11-02 08:25:00,473.16133583255686,OK
2024-11-02 08:30:00,468.54862883407395,OK
2024-11-02 08:35:00,472.73506136521866,OK
2024-11-02 08:40:00,471.8444223835051,OK
2024-11-02 08:45:00,472.14803171784934,OK
2024-11-02 08:50:00,116.41824873737714,OK
2024-11-02 08:55:00,117.36233058398547,OK
2024-11-02 09:00:00,120.66087679880282,OK
2024-11-02 09:05:00,473.5831063473575,OK
2024-11-02 09:10:00,469.6855622541435,OK
2024-11-02 09:15:00,467.92837334318193,OK
2024-11-02 09:20:00,462.4977992498118,OK
2024-11-02 09:25:00,464.4339014419456,OK
2024-11-02 09:30:00,467.0929811714617,OK
2024-11-02 09:35:00,461.54848516997157,OK
2024-11-02 09:40:00,466.200336297094,OK
2024-11-02 09:45:00,461.0776464796536,OK
2024-11-02 09:50:00,466.37325023085674,OK
2024-11-02 09:55:00,460.0031814063156,OK
2024-11-02 10:00:00,462.37943444456795,OK
2024-11-02 10:05:00,120.51082830949844,OK
2024-11-02 10:10:00,121.44726556838681,OK
2024-11-02 10:15:00,121.48245636629596,OK
2024-11-02 10:20:00,463.08455563122055,OK
2024-11-02 10:25:00,460.3068370465104,OK
2024-11-02 10:30:00,462.0082142977937,OK
2024-11-02 10:35:00,458.6018298968463,OK
2024-11-02 10:40:00,458.38129011976014,OK
2024-11-02 10:45:00,458.51813637094307,OK
2024-11-02 10:50:00,458.09780950121655,OK
2024-11-02 10:55:00,456.17107820109305,OK
2024-11-02 11:00:00,453.87708623321817,OK
2024-11-02 11:05:00,128.65192936981012,OK
2024-11-02 11:10:00,127.55374395960933,OK
2024-11-02 11:15:00,127.20819744014369,OK
2024-11-02 11:20:00,446.14747873496236,OK
2024-11-02 11:25:00,451.98235168903085,OK
2024-11-02 11:30:00,451.6292667890836,OK
2024-11-02 11:35:00,450.1954327871608,OK
2024-11-02 11:40:00,452.5847851014371,OK
2024-11-02 11:45:00,451.27305396166616,OK
2024-11-02 11:50:00,450.4234745016228,OK
2024-11-02 11:55:00,447.56014668277464,OK
2024-11-02 12:00:00,448.56560051368984,OK
2024-11-02 12:05:00,447.0048896798148,OK
2024-11-02 12:10:00,445.0848855305678,OK
2024-11-02 12:15:00,444.39662341032204,OK
2024-11-02 12:20:00,130.59650915343158,OK
2024-11-02 12:25:00,129.80911335632527,OK
2024-11-02 12:30:00,132.6442166276504,OK
2024-11-02 12:35:00,443.1004641101031,OK
2024-11-02 12:40:00,447.80168172435816,OK
2024-11-02 12:45:00,444.19591541593417,OK
2024-11-02 12:50:00,442.27173682317846,OK
2024-11-02 12:55:00,440.13269566262994,OK
2024-11-02 13:00:00,438.4664174064319,OK
2024-11-02 13:05:00,439.27802686267614,OK
2024-11-02 13:10:00,438.77711835886055,OK
2024-11-02 13:15:00,438.7733925488077,OK
2024-11-02 13:20:00,135.41266770824018,OK
2024-11-02 13:25:00,136.05733548388858,OK
2024-11-02 13:30:00,136.51659696474977,OK
2024-11-02 13:35:00,436.1421695682926,OK
2024-11-02 13:40:00,439.8780971904172,OK
2024-11-02 13:45:00,435.0684383758166,OK
2024-11-02 13:50:00,432.3904248527894,OK
2024-11-02 13:55:00,432.56236383180584,OK
2024-11-02 14:00:00,431.9443241759544,OK
2024-11-02 14:05:00,429.0426594641475,OK
2024-11-02 14:10:00,432.54474151743193,OK
2024-11-02 14:15:00,433.0822986512299,OK
2024-11-02 14:20:00,429.63170121255996,OK
2024-11-02 14:25:00,426.28738009792636,OK
2024-11-02 14:30:00,423.8758642510535,OK
2024-11-02 14:35:00,425.96460320929754,OK
2024-11-02 14:40:00,431.51957589601625,OK
2024-11-02 14:45:00,428.6702805893801,OK
2024-11-02 14:50:00,427.24484185399103,OK
2024-11-02 14:55:00,427.31542131236097,OK
2024-11-02 15:00:00,425.1793911369467,OK
2024-11-02 15:05:00,427.37096386649,OK
2024-11-02 15:10:00,425.19456163869035,OK
2024-11-02 15:15:00,423.71882972302666,OK
2024-11-02 15:20:00,422.53475732375415,OK
2024-11-02 15:25:00,425.9901795097952,OK
2024-11-02 15:30:00,424.5118480338605,OK
2024-11-02 15:35:00,429.15246737646976,OK
2024-11-02 15:40:00,424.30326545541004,OK
2024-11-02 15:45:00,423.03743164488856,OK
2024-11-02 15:50:00,424.3722865776482,OK
2024-11-02 15:55:00,421.65006233717884,OK
2024-11-02 16:00:00,420.5451888043786,OK
2024-11-02 16:05:00,425.2846821694324,OK
2024-11-02 16:10:00,418.665489224093,OK
2024-11-02 16:15:00,420.9788597165742,OK
2024-11-02 16:20:00,417.212308877834,OK
2024-11-02 16:25:00,420.9367157298471,OK
2024-11-02 16:30:00,417.70844246344166,OK
2024-11-02 16:35:00,418.61470495022945,OK
2024-11-02 16:40:00,416.74477534786774,OK
2024-11-02 16:45:00,417.4397093902388,OK
2024-11-02 16:50:00,417.89579466303303,OK
2024-11-02 16:55:00,420.09760518644816,OK
2024-11-02 17:00:00,419.5711559639726,OK
2024-11-02 17:05:00,417.5985925448635,OK
2024-11-02 17:10:00,415.89461648908144,OK
2024-11-02 17:15:00,417.38222305634423,OK
2024-11-02 17:20:00,413.7995762693899,OK
2024-11-02 17:25:00,416.59540539293914,OK
2024-11-02 17:30:00,417.9649030185328,OK
2024-11-02 17:35:00,417.14744684224627,OK
2024-11-02 17:40:00,416.8699671601737,OK
2024-11-02 17:45:00,416.0300325600706,OK
2024-11-02 17:50:00,411.9844542250679,OK
2024-11-02 17:55:00,417.8382174303644,OK
2024-11-02 18:00:00,416.86860048921824,OK
2024-11-02 18:05:00,417.16235832099477,OK
2024-11-02 18:10:00,418.7676890994034,OK
2024-11-02 18:15:00,418.7200125240973,OK
2024-11-02 18:20:00,420.84918389307825,OK
2024-11-02 18:25:00,418.90445820110256,OK
2024-11-02 18:30:00,419.82500609476205,OK
2024-11-02 18:35:00,422.13764402849307,OK
2024-11-02 18:40:00,420.29572167857424,OK
2024-11-02 18:45:00,420.92223798023207,OK
2024-11-02 18:50:00,417.5191396815612,OK
2024-11-02 18:55:00,417.2745508003324,OK
2024-11-02 19:00:00,420.73809170944037,OK
2024-11-02 19:05:00,419.04031250149797,OK
2024-11-02 19:10:00,423.30086676998974,OK
2024-11-02 19:15:00,420.17023845022794,OK
2024-11-02 19:20:00,417.43887174805764,OK
2024-11-02 19:25:00,417.08376208308914,OK
2024-11-02 19:30:00,421.40555250755153,OK
2024-11-02 19:35:00,416.99239650672234,OK
2024-11-02 19:40:00,423.33047515149144,OK
2024-11-02 19:45:00,422.2519114121035,OK
2024-11-02 19:50:00,418.5293461723637,OK
2024-11-02 19:55:00,415.9681668824787,OK
2024-11-02 20:00:00,418.904098595128,OK
2024-11-02 20:05:00,420.5097494701273,OK
2024-11-02 20:10:00,424.9215286286672,OK
2024-11-02 20:15:00,424.9595510548997,OK
2024-11-02 20:20:00,420.8617527121571,OK
2024-11-02 20:25:00,422.6311659016978,OK
2024-11-02 20:30:00,424.31283244299533,OK
2024-11-02 20:35:00,422.9183979606512,OK
2024-11-02 20:40:00,422.84088570100505,OK
2024-11-02 20:45:00,421.80093788173804,OK
2024-11-02 20:50:00,423.20959702969844,OK
2024-11-02 20:55:00,422.28097765717274,OK
2024-11-02 21:00:00,425.71106568707415,OK
2024-11-02 21:05:00,427.210954009679,OK
2024-11-02 21:10:00,425.4411479184526,OK
2024-11-02 21:15:00,430.46825436019395,OK
2024-11-02 21:20:00,422.36363565839895,OK
2024-11-02 21:25:00,428.544575447853,OK
2024-11-02 21:30:00,429.1574735604166,OK
2024-11-02 21:35:00,429.1370069626336,OK
2024-11-02 21:40:00,427.16529897400324,OK
2024-11-02 21:45:00,429.923168908539,OK
2024-11-02 21:50:00,435.73228905852807,OK
2024-11-02 21:55:00,429.2295134296279,OK
2024-11-02 22:00:00,433.5786760561244,OK
2024-11-02 22:05:00,433.2148557848169,OK
2024-11-02 22:10:00,136.87015822386698,OK
2024-11-02 22:15:00,138.80016529917773,OK
2024-11-02 22:20:00,136.4419435968995,OK
2024-11-02 22:25:00,434.9487197922657,OK
2024-11-02 22:30:00,436.8373011846883,OK
2024-11-02 22:35:00,432.8563189365482,OK
2024-11-02 22:40:00,433.78669000951874,OK
2024-11-02 22:45:00,438.99315834773085,OK
2024-11-02 22:50:00,439.43351764003893,OK
2024-11-02 22:55:00,440.9954561853646,OK
2024-11-02 23:00:00,438.67079495355046,OK
2024-11-02 23:05:00,133.87506528842522,OK
2024-11-02 23:10:00,132.8906973459302,OK
2024-11-02 23:15:00,133.9898961464739,OK
2024-11-02 23:20:00,444.815959015924,OK
2024-11-02 23:25:00,444.056516865573,OK
2024-11-02 23:30:00,448.13614665347944,OK
2024-11-02 23:35:00,444.1278791139871,OK
2024-11-02 23:40:00,441.9604577006333,OK
2024-11-02 23:45:00,445.2823331763705,OK
2024-11-02 23:50:00,444.6867865279911,OK
2024-11-02 23:55:00,450.5947044509662,OK
2024-11-03 00:00:00,449.5733897775604,OK
2024-11-03 00:05:00,452.5312335675699,OK
2024-11-03 00:10:00,128.33878971535626,OK
2024-11-03 00:15:00,129.6523360768185,OK
2024-11-03 00:20:00,126.49577174009146,OK
2024-11-03 00:25:00,456.6011498532355,OK
2024-11-03 00:30:00,457.6053925459246,OK
2024-11-03 00:35:00,458.4952445683582,OK
2024-11-03 00:40:00,455.2804915291152,OK
2024-11-03 00:45:00,452.0462916972292,OK
2024-11-03 00:50:00,453.27803664543654,OK
2024-11-03 00:55:00,462.320540836752,OK
2024-11-03 01:00:00,455.4275817839489,OK
2024-11-03 01:05:00,457.30335229604657,OK
2024-11-03 01:10:00,463.05053532055024,OK
2024-11-03 01:15:00,461.3356009114508,OK
2024-11-03 01:20:00,125.73975395671224,OK
2024-11-03 01:25:00,122.61743418777128,OK
2024-11-03 01:30:00,119.86371251853205,OK
2024-11-03 01:35:00,462.0124274107861,OK
2024-11-03 01:40:00,469.529247382101,OK
2024-11-03 01:45:00,465.811954946599,OK
2024-11-03 01:50:00,462.74165834525394,OK
2024-11-03 01:55:00,465.8013201165183,OK
2024-11-03 02:00:00,468.61717339145275,OK
2024-11-03 02:05:00,465.51508148918117,OK
2024-11-03 02:10:00,466.3112085902831,OK
2024-11-03 02:15:00,465.38547401980844,OK
2024-11-03 02:20:00,467.28605826666035,OK
2024-11-03 02:25:00,467.7198170214869,OK
2024-11-03 02:30:00,119.63118974795857,OK
2024-11-03 02:35:00,118.7094731256263,OK
2024-11-03 02:40:00,116.80826589581973,OK
2024-11-03 02:45:00,473.1415081269644,OK
2024-11-03 02:50:00,475.72661849794406,OK
2024-11-03 02:55:00,476.146185129632,OK
2024-11-03 03:00:00,474.74303805163856,OK
2024-11-03 03:05:00,474.6932685079091,OK
2024-11-03 03:10:00,471.91807209167644,OK
2024-11-03 03:15:00,476.354099550561,OK
2024-11-03 03:20:00,474.92512438006673,OK
2024-11-03 03:25:00,474.85049722998656,OK
2024-11-03 03:30:00,478.3721670934875,OK
2024-11-03 03:35:00,477.17397407489625,OK
2024-11-03 03:40:00,478.9116042618884,OK
2024-11-03 03:45:00,475.64061840548084,OK
2024-11-03 03:50:00,477.7404211824295,OK
2024-11-03 03:55:00,482.4941289860911,OK
2024-11-03 04:00:00,479.8223719376524,OK
2024-11-03 04:05:00,115.06958726741287,OK
2024-11-03 04:10:00,112.69051092165996,OK
2024-11-03 04:15:00,114.4472167241747,OK
2024-11-03 04:20:00,479.67637938071476,OK
2024-11-03 04:25:00,484.2623157993264,OK
2024-11-03 04:30:00,481.9924963970258,OK
2024-11-03 04:35:00,486.44223776515304,OK
2024-11-03 04:40:00,483.4531316774849,OK
2024-11-03 04:45:00,479.4660432273476,OK
2024-11-03 04:50:00,482.4274981404277,OK
2024-11-03 04:55:00,484.4243763515322,OK
2024-11-03 05:00:00,482.853182759117,OK
2024-11-03 05:05:00,484.30342599159803,OK
2024-11-03 05:10:00,484.8812090366899,OK
2024-11-03 05:15:00,483.1568948643317,OK
2024-11-03 05:20:00,486.3856416002128,OK
2024-11-03 05:25:00,485.36263426231926,OK
2024-11-03 05:30:00,486.1616839958989,OK
2024-11-03 05:35:00,488.4444622509845,OK
2024-11-03 05:40:00,486.71454433601997,OK
2024-11-03 05:45:00,113.19987309529404,OK
2024-11-03 05:50:00,112.27638420801465,OK
2024-11-03 05:55:00,108.74512935294425,OK
2024-11-03 06:00:00,489.0907336990234,OK
2024-11-03 06:05:00,485.35204232497097,OK
2024-11-03 06:10:00,481.46638523560733,OK
2024-11-03 06:15:00,484.86676869326544,OK
2024-11-03 06:20:00,481.280746026022,OK
2024-11-03 06:25:00,482.6702972782146,OK
2024-11-03 06:30:00,482.876725230286,OK
2024-11-03 06:35:00,487.04703289957024,OK
2024-11-03 06:40:00,112.51522119255951,OK
2024-11-03 06:45:00,111.62913583556269,OK
2024-11-03 06:50:00,113.88525631071067,OK
2024-11-03 06:55:00,484.7293677441198,OK
2024-11-03 07:00:00,482.0737630795454,OK
2024-11-03 07:05:00,482.2757023435822,OK
2024-11-03 07:10:00,483.26128789955266,OK
2024-11-03 07:15:00,482.04746534955405,OK
2024-11-03 07:20:00,483.6457896337344,OK
2024-11-03 07:25:00,484.2447172999742,OK
2024-11-03 07:30:00,479.0289555092079,OK
2024-11-03 07:35:00,480.97279471430465,OK
2024-11-03 07:40:00,484.92024507846077,OK
2024-11-03 07:45:00,481.304574178011,OK
2024-11-03 07:50:00,485.6047121656433,OK
2024-11-03 07:55:00,485.99156665877524,OK
2024-11-03 08:00:00,479.8588273436117,OK
2024-11-03 08:05:00,486.60482671795285,OK
2024-11-03 08:10:00,480.32383292965835,OK
2024-11-03 08:15:00,482.47787357172206,OK
2024-11-03 08:20:00,114.43893342039881,OK
2024-11-03 08:25:00,114.49379213446531,OK
2024-11-03 08:30:00,114.97624967421935,OK
2024-11-03 08:35:00,480.6344823968434,OK
2024-11-03 08:40:00,476.4712372972051,OK
2024-11-03 08:45:00,477.1391781554752,OK
2024-11-03 08:50:00,479.85230208840915,OK
2024-11-03 08:55:00,475.97570667632664,OK
2024-11-03 09:00:00,471.84790378759953,OK
2024-11-03 09:05:00,470.7744622971383,OK
2024-11-03 09:10:00,472.9183516750847,OK
2024-11-03 09:15:00,476.83351086825104,OK
2024-11-03 09:20:00,471.3329245235601,OK
2024-11-03 09:25:00,118.16689276848071,OK
2024-11-03 09:30:00,118.73195254296435,OK
2024-11-03 09:35:00,118.76511058234661,OK
2024-11-03 09:40:00,469.8092423522281,OK
2024-11-03 09:45:00,469.6030217166359,OK
2024-11-03 09:50:00,471.3668068382198,OK
2024-11-03 09:55:00,474.2787906746634,OK
2024-11-03 10:00:00,468.3168732085116,OK
2024-11-03 10:05:00,469.1337540050914,OK
2024-11-03 10:10:00,467.9796626925649,OK
2024-11-03 10:15:00,472.4321711525136,OK
2024-11-03 10:20:00,120.82133367272976,OK
2024-11-03 10:25:00,122.19133226872685,OK
2024-11-03 10:30:00,119.45383970503727,OK
2024-11-03 10:35:00,466.7996347283388,OK
2024-11-03 10:40:00,465.34536482538294,OK
2024-11-03 10:45:00,459.8645930252562,OK
2024-11-03 10:50:00,467.0210352124838,OK
2024-11-03 10:55:00,463.8436378728507,OK
2024-11-03 11:00:00,465.2932039086977,OK
2024-11-03 11:05:00,464.15148200816446,OK
2024-11-03 11:10:00,461.9185016548252,OK
2024-11-03 11:15:00,457.9177936263069,OK
2024-11-03 11:20:00,455.6741876969195,OK
2024-11-03 11:25:00,458.74684639967626,OK
2024-11-03 11:30:00,460.018497770524,OK
2024-11-03 11:35:00,452.39682014065596,OK
2024-11-03 11:40:00,459.16305342416933,OK
2024-11-03 11:45:00,459.64540239021113,OK
2024-11-03 11:50:00,461.46719164683094,OK
2024-11-03 11:55:00,453.1889912686215,OK
2024-11-03 12:00:00,454.00575991933624,OK
2024-11-03 12:05:00,450.00533828947584,OK
2024-11-03 12:10:00,457.62053493152166,OK
2024-11-03 12:15:00,127.2685928286471,OK
2024-11-03 12:20:00,125.94621408863668,OK
2024-11-03 12:25:00,128.78496348181085,OK
2024-11-03 12:30:00,456.947816875293,OK
2024-11-03 12:35:00,448.7401032915851,OK
2024-11-03 12:40:00,449.16128473724103,OK
2024-11-03 12:45:00,450.8864991042054,OK
2024-11-03 12:50:00,449.1738596193652,OK
2024-11-03 12:55:00,451.62510187608007,OK
2024-11-03 13:00:00,450.52453242145435,OK
2024-11-03 13:05:00,449.2753334812594,OK
2024-11-03 13:10:00,452.0299868071314,OK
2024-11-03 13:15:00,444.8001580773134,OK
2024-11-03 13:20:00,443.369829783953,OK
2024-11-03 13:25:00,131.36043669705504,OK
2024-11-03 13:30:00,131.54176336121122,OK
2024-11-03 13:35:00,130.28192410422832,OK
2024-11-03 13:40:00,443.73921664719126,OK
2024-11-03 13:45:00,444.98611010197277,OK
2024-11-03 13:50:00,444.26103474767206,OK
2024-11-03 13:55:00,439.4063413223459,OK
2024-11-03 14:00:00,442.3546237902247,OK
2024-11-03 14:05:00,436.93633001908483,OK
2024-11-03 14:10:00,440.68897247393403,OK
2024-11-03 14:15:00,441.5406084631189,OK
2024-11-03 14:20:00,435.64574440879403,OK
2024-11-03 14:25:00,436.55434048738357,OK
2024-11-03 14:30:00,436.22501907353285,OK
2024-11-03 14:35:00,434.5654268175195,OK
2024-11-03 14:40:00,438.3521867989778,OK
2024-11-03 14:45:00,437.3382883480009,OK
2024-11-03 14:50:00,436.1041371846817,OK
2024-11-03 14:55:00,437.4359113790235,OK
2024-11-03 15:00:00,433.88577892047863,OK
2024-11-03 15:05:00,430.2737662062325,OK
2024-11-03 15:10:00,431.982470687364,OK
2024-11-03 15:15:00,434.9145403937553,OK
2024-11-03 15:20:00,138.58660483726425,OK
2024-11-03 15:25:00,143.13341149154505,OK
2024-11-03 15:30:00,141.17164906419038,OK
2024-11-03 15:35:00,430.42831250209423,OK
2024-11-03 15:40:00,428.89523062617764,OK
2024-11-03 15:45:00,430.8973488792293,OK
2024-11-03 15:50:00,424.77911446799726,OK
2024-11-03 15:55:00,428.4619368595453,OK
2024-11-03 16:00:00,424.21523412860995,OK
2024-11-03 16:05:00,427.7246686028861,OK
2024-11-03 16:10:00,423.6329155473459,OK
2024-11-03 16:15:00,425.2931997112978,OK
2024-11-03 16:20:00,422.995168198758,OK
2024-11-03 16:25:00,423.0577190975838,OK
2024-11-03 16:30:00,422.3357355024668,OK
2024-11-03 16:35:00,422.72701426956587,OK
2024-11-03 16:40:00,423.5730077312976,OK
2024-11-03 16:45:00,419.0784943941167,OK
2024-11-03 16:50:00,425.07242040883034,OK
2024-11-03 16:55:00,422.61237048768817,OK
2024-11-03 17:00:00,423.04840839638507,OK
2024-11-03 17:05:00,422.01403423967184,OK
2024-11-03 17:10:00,424.00436706770734,OK
2024-11-03 17:15:00,421.3865448696125,OK
2024-11-03 17:20:00,421.9086193401638,OK
2024-11-03 17:25:00,425.0306555723483,OK
2024-11-03 17:30:00,421.19878812974645,OK
2024-11-03 17:35:00,423.58536452081137,OK
2024-11-03 17:40:00,424.9284212915586,OK
2024-11-03 17:45:00,421.14322826376764,OK
2024-11-03 17:50:00,420.2905003391029,OK
2024-11-03 17:55:00,420.39328717779387,OK
2024-11-03 18:00:00,420.97572481779457,OK
2024-11-03 18:05:00,426.4488263208855,OK
2024-11-03 18:10:00,424.7490968941987,OK
2024-11-03 18:15:00,418.09930836057873,OK
2024-11-03 18:20:00,425.1654416576773,OK
2024-11-03 18:25:00,421.092612314214,OK
2024-11-03 18:30:00,423.70219897226866,OK
2024-11-03 18:35:00,421.54258571896173,OK
2024-11-03 18:40:00,423.13869092567467,OK
2024-11-03 18:45:00,420.8335245412824,OK
2024-11-03 18:50:00,422.5089789081356,OK
2024-11-03 18:55:00,423.8546794868102,OK
2024-11-03 19:00:00,425.3484119843749,OK
2024-11-03 19:05:00,422.0179937209822,OK
2024-11-03 19:10:00,425.00151522692016,OK
2024-11-03 19:15:00,421.3887289371354,OK
2024-11-03 19:20:00,417.2192904838233,OK
2024-11-03 19:25:00,420.5077267999825,OK
2024-11-03 19:30:00,422.0437887679617,OK
2024-11-03 19:35:00,424.1542714683713,OK
2024-11-03 19:40:00,428.97628121622455,OK
2024-11-03 19:45:00,427.6592010625782,OK
2024-11-03 19:50:00,422.19063679759006,OK
2024-11-03 19:55:00,427.57016938689367,OK
2024-11-03 20:00:00,427.4794649107193,OK
2024-11-03 20:05:00,426.8212039707383,OK
2024-11-03 20:10:00,429.12953279389546,OK
2024-11-03 20:15:00,429.5958902168045,OK
2024-11-03 20:20:00,427.7791056054266,OK
2024-11-03 20:25:00,430.50063400161145,OK
2024-11-03 20:30:00,429.69411808240284,OK
2024-11-03 20:35:00,430.5269797630828,OK
2024-11-03 20:40:00,428.7844024167107,OK
2024-11-03 20:45:00,431.8825241783702,OK
2024-11-03 20:50:00,432.1870513276988,OK
2024-11-03 20:55:00,430.819969505054,OK
2024-11-03 21:00:00,433.183841338413,OK
2024-11-03 21:05:00,433.05686614099227,OK
2024-11-03 21:10:00,433.1882916543137,OK
2024-11-03 21:15:00,433.20495107069337,OK
2024-11-03 21:20:00,136.8105233899982,OK
2024-11-03 21:25:00,137.10767249732945,OK
2024-11-03 21:30:00,135.2784335635454,OK
2024-11-03 21:35:00,438.8166502957994,OK
2024-11-03 21:40:00,435.971262930485,OK
2024-11-03 21:45:00,437.59742525929425,OK
2024-11-03 21:50:00,437.62404289769,OK
2024-11-03 21:55:00,437.6400450927906,OK
2024-11-03 22:00:00,439.14298813473454,OK
2024-11-03 22:05:00,437.26241412283315,OK
2024-11-03 22:10:00,437.4760323902791,OK
2024-11-03 22:15:00,437.24092940597967,OK
2024-11-03 22:20:00,440.26900385347477,OK
2024-11-03 22:25:00,437.38381662834865,OK
2024-11-03 22:30:00,440.8749915777404,OK
2024-11-03 22:35:00,439.0623157798857,OK
2024-11-03 22:40:00,440.0079787004902,OK
2024-11-03 22:45:00,441.18779078484306,OK
2024-11-03 22:50:00,443.6153322930506,OK
2024-11-03 22:55:00,441.0162398974767,OK
2024-11-03 23:00:00,437.0064419477319,OK
2024-11-03 23:05:00,444.74973261365574,OK
2024-11-03 23:10:00,132.34805053471172,OK
2024-11-03 23:15:00,131.16111043101606,OK
2024-11-03 23:20:00,130.96700967889305,OK
2024-11-03 23:25:00,442.6839354542995,OK
2024-11-03 23:30:00,448.17799579790545,OK
2024-11-03 23:35:00,449.4246588356581,OK
2024-11-03 23:40:00,452.3275058237443,OK
2024-11-03 23:45:00,451.37620386270777,OK
2024-11-03 23:50:00,455.05586346195474,OK
2024-11-03 23:55:00,450.19127149485905,OK
2024-11-04 00:00:00,445.62013019161805,OK
2024-11-04 00:05:00,454.2696747192916,OK
2024-11-04 00:10:00,457.5364916949032,OK
2024-11-04 00:15:00,452.69529392719335,OK
2024-11-04 00:20:00,457.4339553995279,OK
2024-11-04 00:25:00,453.5444747557378,OK
2024-11-04 00:30:00,458.0803999026171,OK
2024-11-04 00:35:00,459.3750890686687,OK
2024-11-04 00:40:00,459.53936364536736,OK
2024-11-04 00:45:00,457.6091303084523,OK
2024-11-04 00:50:00,460.4546878578447,OK
2024-11-04 00:55:00,462.5474233414895,OK
2024-11-04 01:00:00,463.477783985071,OK
2024-11-04 01:05:00,466.75524409030334,OK
2024-11-04 01:10:00,121.77287001653869,OK
2024-11-04 01:15:00,118.74867782901279,OK
2024-11-04 01:20:00,120.24896429578541,OK
2024-11-04 01:25:00,464.6125629968471,OK
2024-11-04 01:30:00,465.79807818497625,OK
2024-11-04 01:35:00,466.18771518478326,OK
2024-11-04 01:40:00,468.9196370042947,OK
2024-11-04 01:45:00,467.0992983348213,OK
2024-11-04 01:50:00,468.2954507425154,OK
2024-11-04 01:55:00,469.4278082013224,OK
2024-11-04 02:00:00,468.84700284557755,OK
2024-11-04 02:05:00,470.9865679382615,OK
2024-11-04 02:10:00,115.27531350301071,OK
2024-11-04 02:15:00,113.92111357678887,OK
2024-11-04 02:20:00,115.76007002521565,OK
2024-11-04 02:25:00,475.43365806706015,OK
2024-11-04 02:30:00,474.60278443667085,OK
2024-11-04 02:35:00,480.44787281634285,OK
2024-11-04 02:40:00,480.3422909917174,OK
2024-11-04 02:45:00,477.73653258730553,OK
2024-11-04 02:50:00,480.0609584806215,OK
2024-11-04 02:55:00,484.76821509128024,OK
2024-11-04 03:00:00,480.4034303771764,OK
2024-11-04 03:05:00,486.3086805468836,OK
2024-11-04 03:10:00,484.4484697942851,OK
2024-11-04 03:15:00,479.3757816025039,OK
2024-11-04 03:20:00,477.8099704460495,OK
2024-11-04 03:25:00,486.35890852504525,OK
2024-11-04 03:30:00,483.5215485903586,OK
2024-11-04 03:35:00,483.02278922733177,OK
2024-11-04 03:40:00,479.7250835328207,OK
2024-11-04 03:45:00,485.7102873613167,OK
2024-11-04 03:50:00,486.537334811659,OK
2024-11-04 03:55:00,482.22333272542187,OK
2024-11-04 04:00:00,487.270292003621,OK
2024-11-04 04:05:00,484.52433508956904,OK
2024-11-04 04:10:00,490.80850239439906,OK
2024-11-04 04:15:00,487.42000684980337,OK
2024-11-04 04:20:00,491.0301908626465,OK
2024-11-04 04:25:00,489.1149382045877,OK
2024-11-04 04:30:00,484.4567277320623,OK
2024-11-04 04:35:00,486.127473422099,OK
2024-11-04 04:40:00,487.9720824415039,OK
2024-11-04 04:45:00,489.38592580798706,OK
2024-11-04 04:50:00,488.70860403447404,OK
2024-11-04 04:55:00,487.4864796260624,OK
2024-11-04 05:00:00,486.22360646672394,OK
2024-11-04 05:05:00,495.7890770398281,OK
2024-11-04 05:10:00,490.422790321262,OK
2024-11-04 05:15:00,488.16972764848975,OK
2024-11-04 05:20:00,488.72336097955423,OK
2024-11-04 05:25:00,487.68413893995194,OK
2024-11-04 05:30:00,488.08427287661874,OK
2024-11-04 05:35:00,489.64438181025315,OK
2024-11-04 05:40:00,490.1362849260456,OK
2024-11-04 05:45:00,489.0166522329638,OK
2024-11-04 05:50:00,484.7308241753433,OK
2024-11-04 05:55:00,489.3880878497252,OK
2024-11-04 06:00:00,487.30863907246925,OK
2024-11-04 06:05:00,487.23821406187557,OK
2024-11-04 06:10:00,483.8562175593119,OK
2024-11-04 06:15:00,488.09670050546583,OK
2024-11-04 06:20:00,484.4415213923564,OK
2024-11-04 06:25:00,483.6422914079633,OK
2024-11-04 06:30:00,486.4050688850907,OK
2024-11-04 06:35:00,486.5158364520079,OK
2024-11-04 06:40:00,486.11139067601573,OK
2024-11-04 06:45:00,485.61203416149226,OK
2024-11-04 06:50:00,482.868408411222,OK
2024-11-04 06:55:00,483.856429888894,OK
2024-11-04 07:00:00,485.1524333296559,OK
2024-11-04 07:05:00,487.9050437793115,OK
2024-11-04 07:10:00,488.9721044075989,OK
2024-11-04 07:15:00,481.79039161316337,OK
2024-11-04 07:20:00,487.1893162589592,OK
2024-11-04 07:25:00,488.100214995064,OK
2024-11-04 07:30:00,482.7789684705302,OK
2024-11-04 07:35:00,485.83926659038696,OK
2024-11-04 07:40:00,484.05739468743934,OK
2024-11-04 07:45:00,485.9572706615689,OK
2024-11-04 07:50:00,484.9507836848666,OK
2024-11-04 07:55:00,484.2561719230593,OK
2024-11-04 08:00:00,486.8700245728269,OK
2024-11-04 08:05:00,482.4356233089478,OK
2024-11-04 08:10:00,480.93258276789567,OK
2024-11-04 08:15:00,477.1409181013245,OK
2024-11-04 08:20:00,481.1773389931036,OK
2024-11-04 08:25:00,486.7374825110272,OK
2024-11-04 08:30:00,481.31562441768176,OK
2024-11-04 08:35:00,473.87025014814,OK
2024-11-04 08:40:00,115.02742174347028,OK
2024-11-04 08:45:00,112.81133154881059,OK
2024-11-04 08:50:00,114.51269537055326,OK
2024-11-04 08:55:00,480.6720684142713,OK
2024-11-04 09:00:00,481.7572124295667,OK
2024-11-04 09:05:00,478.65787566526427,OK
2024-11-04 09:10:00,476.63230501237433,OK
2024-11-04 09:15:00,481.39686463983645,OK
2024-11-04 09:20:00,479.64152291041427,OK
2024-11-04 09:25:00,475.60101267138344,OK
2024-11-04 09:30:00,476.1470669215616,OK
2024-11-04 09:35:00,474.31623791690197,OK
2024-11-04 09:40:00,477.5321691568716,OK
2024-11-04 09:45:00,116.4887195872541,OK
2024-11-04 09:50:00,115.40828361596985,OK
2024-11-04 09:55:00,119.57397844359927,OK
2024-11-04 10:00:00,476.3374924183546,OK
2024-11-04 10:05:00,474.0242956179157,OK
2024-11-04 10:10:00,469.2187444273498,OK
2024-11-04 10:15:00,466.25114688313835,OK
2024-11-04 10:20:00,468.71000669435335,OK
2024-11-04 10:25:00,467.550867750733,OK
2024-11-04 10:30:00,468.54396697633877,OK
2024-11-04 10:35:00,470.1342464480238,OK
2024-11-04 10:40:00,467.57023636139684,OK
2024-11-04 10:45:00,467.8819413689409,OK
2024-11-04 10:50:00,466.69467176638386,OK
2024-11-04 10:55:00,462.0050235753894,OK
2024-11-04 11:00:00,464.9214570152174,OK
2024-11-04 11:05:00,460.35586171283177,OK
2024-11-04 11:10:00,121.90267502750594,OK
2024-11-04 11:15:00,124.80480731907484,OK
2024-11-04 11:20:00,123.7197668262562,OK
2024-11-04 11:25:00,454.4734221156153,OK
2024-11-04 11:30:00,456.7000816088887,OK
2024-11-04 11:35:00,454.08269828224627,OK
2024-11-04 11:40:00,457.8479474015431,OK
2024-11-04 11:45:00,455.2251332965361,OK
2024-11-04 11:50:00,456.90999951304,OK
2024-11-04 11:55:00,454.4712212429222,OK
2024-11-04 12:00:00,453.6703356137789,OK
2024-11-04 12:05:00,453.73902075623545,OK
2024-11-04 12:10:00,453.89576371173484,OK
2024-11-04 12:15:00,127.71142822840513,OK
2024-11-04 12:20:00,125.81647882410927,OK
2024-11-04 12:25:00,126.91520674425922,OK
2024-11-04 12:30:00,447.51139745536517,OK
2024-11-04 12:35:00,452.5360724229036,OK
2024-11-04 12:40:00,451.8096080032204,OK
2024-11-04 12:45:00,443.5846597086191,OK
2024-11-04 12:50:00,448.74450417468,OK
2024-11-04 12:55:00,446.03338613701305,OK
2024-11-04 13:00:00,444.33121402389054,OK
2024-11-04 13:05:00,443.48217814536224,OK
2024-11-04 13:10:00,447.86236726508133,OK
2024-11-04 13:15:00,132.81559031309382,OK
2024-11-04 13:20:00,129.52273588733814,OK
2024-11-04 13:25:00,136.10271601328782,OK
2024-11-04 13:30:00,445.7172059941049,OK
2024-11-04 13:35:00,444.8795857350048,OK
2024-11-04 13:40:00,444.21201248723435,OK
2024-11-04 13:45:00,444.77600746231695,OK
2024-11-04 13:50:00,437.102116979886,OK
2024-11-04 13:55:00,433.44974593117166,OK
2024-11-04 14:00:00,439.4337871232028,OK
2024-11-04 14:05:00,441.12160200469464,OK
2024-11-04 14:10:00,442.3852557660241,OK
2024-11-04 14:15:00,136.11010729741736,OK
2024-11-04 14:20:00,137.05720623508867,OK
2024-11-04 14:25:00,136.02968385152386,OK
2024-11-04 14:30:00,434.5914044147352,OK
2024-11-04 14:35:00,433.3289972597189,OK
2024-11-04 14:40:00,432.52145740892956,OK
2024-11-04 14:45:00,434.0721262452887,OK
2024-11-04 14:50:00,434.97648969912166,OK
2024-11-04 14:55:00,430.0642612703367,OK
2024-11-04 15:00:00,430.94385901952023,OK
2024-11-04 15:05:00,428.73674806237136,OK
2024-11-04 15:10:00,428.866194184684,OK
2024-11-04 15:15:00,433.8408719565324,OK
2024-11-04 15:20:00,137.91269129152502,OK
2024-11-04 15:25:00,139.89724914479336,OK
2024-11-04 15:30:00,138.6104989052038,OK
2024-11-04 15:35:00,427.5102870695109,OK
2024-11-04 15:40:00,428.1557657736776,OK
2024-11-04 15:45:00,426.3024837951873,OK
2024-11-04 15:50:00,426.1501321524681,OK
2024-11-04 15:55:00,427.08680882226867,OK
2024-11-04 16:00:00,423.7672476211874,OK
2024-11-04 16:05:00,425.0731703052229,OK
2024-11-04 16:10:00,425.47934143523486,OK
2024-11-04 16:15:00,421.9599135099757,OK
2024-11-04 16:20:00,424.5288821513885,OK
2024-11-04 16:25:00,425.4581897761046,OK
2024-11-04 16:30:00,425.62733766557585,OK
2024-11-04 16:35:00,422.2384870445128,OK
2024-11-04 16:40:00,420.14833793500077,OK
2024-11-04 16:45:00,423.15750575857254,OK
2024-11-04 16:50:00,419.7686705152172,OK
2024-11-04 16:55:00,427.6167464719268,OK
2024-11-04 17:00:00,423.0190268666234,OK
2024-11-04 17:05:00,422.08413201711573,OK
2024-11-04 17:10:00,423.5038153914022,OK
2024-11-04 17:15:00,416.2959800275593,OK
2024-11-04 17:20:00,422.22853977069144,OK
2024-11-04 17:25:00,422.8120058659392,OK
2024-11-04 17:30:00,422.4133223117339,OK
2024-11-04 17:35:00,427.43559118758054,OK
2024-11-04 17:40:00,424.5747527649568,OK
2024-11-04 17:45:00,420.25889808858403,OK
2024-11-04 17:50:00,422.38804096904056,OK
2024-11-04 17:55:00,423.28441182406664,OK
2024-11-04 18:00:00,417.7555140434543,OK
2024-11-04 18:05:00,417.54898249972666,OK
2024-11-04 18:10:00,419.55067144187376,OK
2024-11-04 18:15:00,421.5715045171253,OK
2024-11-04 18:20:00,421.112610409783,OK
2024-11-04 18:25:00,422.34780139136427,OK
2024-11-04 18:30:00,422.889846691415,OK
2024-11-04 18:35:00,423.6039760442092,OK
2024-11-04 18:40:00,423.58862274238305,OK
2024-11-04 18:45:00,424.2934153944626,OK
2024-11-04 18:50:00,425.6976635514248,OK
2024-11-04 18:55:00,422.0861149576642,OK
2024-11-04 19:00:00,422.30383568390346,OK
2024-11-04 19:05:00,418.78808183523324,OK
2024-11-04 19:10:00,424.17009958372137,OK
2024-11-04 19:15:00,422.65748589720243,OK
2024-11-04 19:20:00,422.41495829662534,OK
2024-11-04 19:25:00,423.1994261378249,OK
2024-11-04 19:30:00,421.0523192026245,OK
2024-11-04 19:35:00,420.90433754679077,OK
2024-11-04 19:40:00,421.7043775222114,OK
2024-11-04 19:45:00,422.8185727936116,OK
2024-11-04 19:50:00,423.11214775368325,OK
2024-11-04 19:55:00,425.4839595699516,OK
2024-11-04 20:00:00,424.1351037893377,OK
2024-11-04 20:05:00,424.6851028481062,OK
2024-11-04 20:10:00,425.66445563358076,OK
2024-11-04 20:15:00,423.0435326451951,OK
2024-11-04 20:20:00,422.2535355799772,OK
2024-11-04 20:25:00,426.8744843493356,OK
2024-11-04 20:30:00,424.31461260090435,OK
2024-11-04 20:35:00,426.95030946856247,OK
2024-11-04 20:40:00,425.7023999204865,OK
2024-11-04 20:45:00,427.5624149618539,OK
2024-11-04 20:50:00,425.184732303609,OK
2024-11-04 20:55:00,428.5233595181039,OK
2024-11-04 21:00:00,425.21988555678587,OK
2024-11-04 21:05:00,427.955490213617,OK
2024-11-04 21:10:00,429.58956385552045,OK
2024-11-04 21:15:00,431.18401096914613,OK
2024-11-04 21:20:00,428.7732758776389,OK
2024-11-04 21:25:00,427.5912344955955,OK
2024-11-04 21:30:00,429.450708421304,OK
2024-11-04 21:35:00,425.82732730930934,OK
2024-11-04 21:40:00,428.3128120001947,OK
2024-11-04 21:45:00,432.9225976352142,OK
2024-11-04 21:50:00,433.8468886393065,OK
2024-11-04 21:55:00,431.7003666093796,OK
2024-11-04 22:00:00,435.3239795141729,OK
2024-11-04 22:05:00,431.15242189682886,OK
2024-11-04 22:10:00,434.5509314645551,OK
2024-11-04 22:15:00,435.8116899206273,OK
2024-11-04 22:20:00,435.4721981773778,OK
2024-11-04 22:25:00,139.09897281997155,OK
2024-11-04 22:30:00,135.81668540945503,OK
2024-11-04 22:35:00,136.08688384432034,OK
2024-11-04 22:40:00,435.43096435180735,OK
2024-11-04 22:45:00,437.29779110713895,OK
2024-11-04 22:50:00,440.92189081032535,OK
2024-11-04 22:55:00,440.8526861926415,OK
2024-11-04 23:00:00,441.24863114053926,OK
2024-11-04 23:05:00,440.4030792916991,OK
2024-11-04 23:10:00,446.06105953430426,OK
2024-11-04 23:15:00,448.1166479116677,OK
2024-11-04 23:20:00,447.51144954551097,OK
2024-11-04 23:25:00,130.40313486355322,OK
2024-11-04 23:30:00,130.44277432343253,OK
2024-11-04 23:35:00,131.23426127619038,OK
2024-11-04 23:40:00,448.32293859704174,OK
2024-11-04 23:45:00,447.7413288128421,OK
2024-11-04 23:50:00,451.30831991213813,OK
2024-11-04 23:55:00,450.19048213108965,OK
2024-11-05 00:00:00,447.93661066902973,OK
2024-11-05 00:05:00,448.4112765188631,OK
2024-11-05 00:10:00,452.5958155110594,OK
2024-11-05 00:15:00,450.8359070147301,OK
2024-11-05 00:20:00,446.63228768222166,OK
2024-11-05 00:25:00,452.7377876718804,OK
2024-11-05 00:30:00,454.05958921748527,OK
2024-11-05 00:35:00,454.5853834769588,OK
2024-11-05 00:40:00,125.26684422758736,OK
2024-11-05 00:45:00,124.92542199510453,OK
2024-11-05 00:50:00,124.71675628935742,OK
2024-11-05 00:55:00,461.6801217933822,OK
2024-11-05 01:00:00,461.85272909375175,OK
2024-11-05 01:05:00,460.9653331288995,OK
2024-11-05 01:10:00,462.3417836713605,OK
2024-11-05 01:15:00,462.92564279603937,OK
2024-11-05 01:20:00,461.70413653618755,OK
2024-11-05 01:25:00,461.9553630181232,OK
2024-11-05 01:30:00,460.66932334946205,OK
2024-11-05 01:35:00,120.0688340125366,OK
2024-11-05 01:40:00,121.23388029149773,OK
2024-11-05 01:45:00,119.09077090323353,OK
2024-11-05 01:50:00,465.78124458979727,OK
2024-11-05 01:55:00,466.77825719045063,OK
2024-11-05 02:00:00,466.9238263369431,OK
2024-11-05 02:05:00,468.29964562878956,OK
2024-11-05 02:10:00,469.16554412033827,OK
2024-11-05 02:15:00,471.3035743557575,OK
2024-11-05 02:20:00,470.7169961841447,OK
2024-11-05 02:25:00,470.01686781364737,OK
2024-11-05 02:30:00,474.3194588460349,OK
2024-11-05 02:35:00,475.27787969172095,OK
2024-11-05 02:40:00,473.5074438134215,OK
2024-11-05 02:45:00,115.82848364379049,OK
2024-11-05 02:50:00,114.53383217524771,OK
2024-11-05 02:55:00,115.5993057706536,OK
2024-11-05 03:00:00,476.9004175879384,OK
2024-11-05 03:05:00,482.3797704882383,OK
2024-11-05 03:10:00,478.085693541449,OK
2024-11-05 03:15:00,477.72947966540943,OK
2024-11-05 03:20:00,477.6779612291275,OK
2024-11-05 03:25:00,474.4127161704812,OK
2024-11-05 03:30:00,481.1904543955213,OK
2024-11-05 03:35:00,479.84442252457836,OK
2024-11-05 03:40:00,483.66048298533536,OK
2024-11-05 03:45:00,479.26491255807844,OK
2024-11-05 03:50:00,480.0336484748835,OK
2024-11-05 03:55:00,479.8682515800521,OK
2024-11-05 04:00:00,476.6176045800065,OK
2024-11-05 04:05:00,114.12701290308325,OK
2024-11-05 04:10:00,113.56306972270579,OK
2024-11-05 04:15:00,112.59139127753022,OK
2024-11-05 04:20:00,478.81826792564004,OK
2024-11-05 04:25:00,481.9993182930792,OK
2024-11-05 04:30:00,484.56721608585985,OK
2024-11-05 04:35:00,487.38803212312763,OK
2024-11-05 04:40:00,485.0491959145472,OK
2024-11-05 04:45:00,481.1712962382527,OK
2024-11-05 04:50:00,477.5230332152746,OK
2024-11-05 04:55:00,482.7794729206195,OK
2024-11-05 05:00:00,485.2816875885326,OK
2024-11-05 05:05:00,486.5542896257823,OK
2024-11-05 05:10:00,482.4838533449689,OK
2024-11-05 05:15:00,489.69893085955454,OK
2024-11-05 05:20:00,484.51955031662976,OK
2024-11-05 05:25:00,484.68357857395694,OK
2024-11-05 05:30:00,486.77292096773573,OK
2024-11-05 05:35:00,489.21493924182926,OK
2024-11-05 05:40:00,486.6303287070104,OK
2024-11-05 05:45:00,487.7992095405697,OK
2024-11-05 05:50:00,489.62195268441496,OK
2024-11-05 05:55:00,482.8682338626043,OK
2024-11-05 06:00:00,487.955221484414,OK
2024-11-05 06:05:00,485.58566954654117,OK
2024-11-05 06:10:00,493.4468330632494,OK
2024-11-05 06:15:00,483.63566216092374,OK
2024-11-05 06:20:00,483.42476995038606,OK
2024-11-05 06:25:00,486.73520092875486,OK
2024-11-05 06:30:00,484.98092842525614,OK
2024-11-05 06:35:00,485.0566447604502,OK
2024-11-05 06:40:00,488.4342874476604,OK
2024-11-05 06:45:00,485.88327035253064,OK
2024-11-05 06:50:00,489.1347365438168,OK
2024-11-05 06:55:00,488.2291686804339,OK
2024-11-05 07:00:00,484.0588688340143,OK
2024-11-05 07:05:00,484.27117155030237,OK
2024-11-05 07:10:00,488.0546536993107,OK
2024-11-05 07:15:00,487.70209292455894,OK
2024-11-05 07:20:00,486.5566387637429,OK
2024-11-05 07:25:00,482.10749162158885,OK
2024-11-05 07:30:00,486.8244468918285,OK
2024-11-05 07:35:00,482.2350828919592,OK
2024-11-05 07:40:00,481.3041299259315,OK
2024-11-05 07:45:00,482.55907352898186,OK
2024-11-05 07:50:00,479.4084853563905,OK
2024-11-05 07:55:00,482.4073785557297,OK
2024-11-05 08:00:00,482.7063705816256,OK
2024-11-05 08:05:00,484.2060137837832,OK
2024-11-05 08:10:00,479.6755758167709,OK
2024-11-05 08:15:00,483.37733523408207,OK
2024-11-05 08:20:00,479.3424306837885,OK
2024-11-05 08:25:00,480.3894195012271,OK
2024-11-05 08:30:00,482.1930866646889,OK
2024-11-05 08:35:00,480.9364362524928,OK
2024-11-05 08:40:00,116.18871829538088,OK
2024-11-05 08:45:00,114.57850935690092,OK
2024-11-05 08:50:00,114.59706217602917,OK
2024-11-05 08:55:00,475.9682572671536,OK
2024-11-05 09:00:00,476.9065775524298,OK
2024-11-05 09:05:00,467.02365988219395,OK
2024-11-05 09:10:00,474.31589487361214,OK
2024-11-05 09:15:00,474.9867794889965,OK
2024-11-05 09:20:00,470.2100302340249,OK
2024-11-05 09:25:00,477.7326843211923,OK
2024-11-05 09:30:00,472.3471504636394,OK
2024-11-05 09:35:00,467.57700397733123,OK
2024-11-05 09:40:00,471.9036212877851,OK
2024-11-05 09:45:00,475.0291530377547,OK
2024-11-05 09:50:00,470.9626765867755,OK
2024-11-05 09:55:00,122.05599922733252,OK
2024-11-05 10:00:00,120.0345847801532,OK
2024-11-05 10:05:00,119.29540313095201,OK
2024-11-05 10:10:00,467.769350430569,OK
2024-11-05 10:15:00,467.1370616833044,OK
2024-11-05 10:20:00,464.17705838071083,OK
2024-11-05 10:25:00,461.6112149777483,OK
2024-11-05 10:30:00,460.87755955555144,OK
2024-11-05 10:35:00,461.4628535262335,OK
2024-11-05 10:40:00,465.36673751396347,OK
2024-11-05 10:45:00,463.8852615296827,OK
2024-11-05 10:50:00,459.5814823901868,OK
2024-11-05 10:55:00,121.89218958575817,OK
2024-11-05 11:00:00,123.30103481225852,OK
2024-11-05 11:05:00,124.48011523377953,OK
2024-11-05 11:10:00,461.3258108904574,OK
2024-11-05 11:15:00,461.017863010139,OK
2024-11-05 11:20:00,458.2844407057283,OK
2024-11-05 11:25:00,455.2357123826059,OK
2024-11-05 11:30:00,452.81307019953493,OK
2024-11-05 11:35:00,453.0766333168546,OK
2024-11-05 11:40:00,453.83683241205864,OK
2024-11-05 11:45:00,455.08803933247447,OK
2024-11-05 11:50:00,125.82326815482392,OK
2024-11-05 11:55:00,127.39409706213966,OK
2024-11-05 12:00:00,127.41411645544378,OK
2024-11-05 12:05:00,450.8838931340576,OK
2024-11-05 12:10:00,456.2318622405639,OK
2024-11-05 12:15:00,452.8595090276806,OK
2024-11-05 12:20:00,447.9133921302059,OK
2024-11-05 12:25:00,449.65022051872626,OK
2024-11-05 12:30:00,453.6318034834951,OK
2024-11-05 12:35:00,443.76603822600634,OK
2024-11-05 12:40:00,448.31314405679836,OK
2024-11-05 12:45:00,446.51511168410354,OK
2024-11-05 12:50:00,129.92524598359722,OK
2024-11-05 12:55:00,130.67771079201975,OK
2024-11-05 13:00:00,127.96750226979863,OK
2024-11-05 13:05:00,441.930538016653,OK
2024-11-05 13:10:00,443.9459436209305,OK
2024-11-05 13:15:00,444.3914630260378,OK
2024-11-05 13:20:00,443.84204665365087,OK
2024-11-05 13:25:00,447.3029669940704,OK
2024-11-05 13:30:00,441.1490705187797,OK
2024-11-05 13:35:00,445.4133903975127,OK
2024-11-05 13:40:00,441.1971176056793,OK
2024-11-05 13:45:00,445.23768143772185,OK
2024-11-05 13:50:00,445.2203362585386,OK
2024-11-05 13:55:00,439.9408841934956,OK
2024-11-05 14:00:00,133.27520639943899,OK
2024-11-05 14:05:00,132.0167013005814,OK
2024-11-05 14:10:00,136.0027485677808,OK
2024-11-05 14:15:00,433.1632680117149,OK
2024-11-05 14:20:00,435.10030900095506,OK
2024-11-05 14:25:00,438.36703364923267,OK
2024-11-05 14:30:00,436.7486931800504,OK
2024-11-05 14:35:00,433.8446125768133,OK
2024-11-05 14:40:00,433.5549088179089,OK
2024-11-05 14:45:00,436.5807586119801,OK
2024-11-05 14:50:00,434.61046444292464,OK
2024-11-05 14:55:00,434.3098017525747,OK
2024-11-05 15:00:00,138.88094488176262,OK
2024-11-05 15:05:00,137.98283074728567,OK
2024-11-05 15:10:00,138.44074377660672,OK
2024-11-05 15:15:00,430.0910258599596,OK
2024-11-05 15:20:00,429.1664798051689,OK
2024-11-05 15:25:00,430.26093315763404,OK
2024-11-05 15:30:00,426.99333658598914,OK
2024-11-05 15:35:00,430.0299246239707,OK
2024-11-05 15:40:00,425.04786673194775,OK
2024-11-05 15:45:00,427.585538769053,OK
2024-11-05 15:50:00,420.8518710239197,OK
2024-11-05 15:55:00,430.39559468742976,OK
2024-11-05 16:00:00,429.03536464297537,OK
2024-11-05 16:05:00,426.95669667988375,OK
2024-11-05 16:10:00,425.572610840731,OK
2024-11-05 16:15:00,421.4867296096985,OK
2024-11-05 16:20:00,427.6336761882634,OK
2024-11-05 16:25:00,423.2976517824147,OK
2024-11-05 16:30:00,422.4726082031505,OK
2024-11-05 16:35:00,423.4561453029947,OK
2024-11-05 16:40:00,426.5780447682511,OK
2024-11-05 16:45:00,421.65081762489825,OK
2024-11-05 16:50:00,421.9041368244744,OK
2024-11-05 16:55:00,422.2354898690972,OK
2024-11-05 17:00:00,422.67108783081545,OK
2024-11-05 17:05:00,422.5797939570477,OK
2024-11-05 17:10:00,423.3213952576627,OK
2024-11-05 17:15:00,421.7224259005338,OK
2024-11-05 17:20:00,423.0601989679292,OK
2024-11-05 17:25:00,425.24864364631065,OK
2024-11-05 17:30:00,424.9399607325759,OK
2024-11-05 17:35:00,425.14999223572465,OK
2024-11-05 17:40:00,422.38899818200133,OK
2024-11-05 17:45:00,423.1351040824218,OK
2024-11-05 17:50:00,422.21858948239645,OK
2024-11-05 17:55:00,422.2709582226767,OK
2024-11-05 18:00:00,424.30690786596887,OK
2024-11-05 18:05:00,419.0686472080628,OK
2024-11-05 18:10:00,422.3404573895381,OK
2024-11-05 18:15:00,423.6068462633872,OK
2024-11-05 18:20:00,421.21196636408644,OK
2024-11-05 18:25:00,426.1502188641238,OK
2024-11-05 18:30:00,424.6382256837471,OK
2024-11-05 18:35:00,420.76393564954736,OK
2024-11-05 18:40:00,426.9318650034182,OK
2024-11-05 18:45:00,420.3056715256931,OK
2024-11-05 18:50:00,419.49570450889144,OK
2024-11-05 18:55:00,423.93386199036337,OK
2024-11-05 19:00:00,422.0076136416069,OK
2024-11-05 19:05:00,419.34361662968104,OK
2024-11-05 19:10:00,424.5251586695036,OK
2024-11-05 19:15:00,421.8334730091087,OK
2024-11-05 19:20:00,425.42008188576796,OK
2024-11-05 19:25:00,426.09479352801554,OK
2024-11-05 19:30:00,427.17479365744356,OK
2024-11-05 19:35:00,424.0714088048338,OK
2024-11-05 19:40:00,423.0701841245985,OK
2024-11-05 19:45:00,426.1302588603036,OK
2024-11-05 19:50:00,429.29588728907265,OK
2024-11-05 19:55:00,429.68268415839066,OK
2024-11-05 20:00:00,425.82046644689166,OK
2024-11-05 20:05:00,423.1802622504686,OK
2024-11-05 20:10:00,426.3750854446371,OK
2024-11-05 20:15:00,429.6787144506104,OK
2024-11-05 20:20:00,426.55157574282185,OK
2024-11-05 20:25:00,428.914311322709,OK
2024-11-05 20:30:00,429.78824616304695,OK
2024-11-05 20:35:00,431.080104278354,OK
2024-11-05 20:40:00,426.91147571773126,OK
2024-11-05 20:45:00,435.8067787250879,OK
2024-11-05 20:50:00,428.68641375139543,OK
2024-11-05 20:55:00,432.087034480288,OK
2024-11-05 21:00:00,432.6077525458488,OK
2024-11-05 21:05:00,428.61471224284077,OK
2024-11-05 21:10:00,434.32524969663143,OK
2024-11-05 21:15:00,434.69008056800465,OK
2024-11-05 21:20:00,433.59767720259185,OK
2024-11-05 21:25:00,432.91872092989905,OK
2024-11-05 21:30:00,435.1204473028174,OK
2024-11-05 21:35:00,438.74969420581715,OK
2024-11-05 21:40:00,436.3569682937602,OK
2024-11-05 21:45:00,432.86144029881734,OK
2024-11-05 21:50:00,138.1714114386016,OK
2024-11-05 21:55:00,137.046104061019,OK
2024-11-05 22:00:00,137.78513274120883,OK
2024-11-05 22:05:00,438.07598345259225,OK
2024-11-05 22:10:00,432.8621999779863,OK
2024-11-05 22:15:00,437.3038446603122,OK
2024-11-05 22:20:00,438.46908574631976,OK
2024-11-05 22:25:00,435.58551473066683,OK
2024-11-05 22:30:00,440.59371127488265,OK
2024-11-05 22:35:00,440.8835996868138,OK
2024-11-05 22:40:00,439.42323129472334,OK
2024-11-05 22:45:00,439.894781158911,OK
2024-11-05 22:50:00,440.4793265263155,OK
2024-11-05 22:55:00,436.54639419715795,OK
2024-11-05 23:00:00,440.9042182562542,OK
2024-11-05 23:05:00,447.7101696834694,OK
2024-11-05 23:10:00,441.6008474436958,OK
2024-11-05 23:15:00,442.98011440838695,OK
2024-11-05 23:20:00,131.65865279040105,OK
2024-11-05 23:25:00,130.80374116405326,OK
2024-11-05 23:30:00,131.0509705678069,OK
2024-11-05 23:35:00,447.2455862843024,OK
2024-11-05 23:40:00,446.3482561392034,OK
2024-11-05 23:45:00,449.6878124430172,OK
2024-11-05 23:50:00,452.69669440353334,OK
2024-11-05 23:55:00,444.6975738114739,OK
2024-11-06 00:00:00,453.63642216343067,OK
2024-11-06 00:05:00,452.74595588394436,OK
2024-11-06 00:10:00,456.94855378539427,OK
2024-11-06 00:15:00,454.60972681442854,OK
2024-11-06 00:20:00,457.08898241773977,OK
2024-11-06 00:25:00,456.70214415944446,OK
2024-11-06 00:30:00,128.67148883438594,OK
2024-11-06 00:35:00,127.48265305653476,OK
2024-11-06 00:40:00,126.26123494391511,OK
2024-11-06 00:45:00,461.050642913818,OK
2024-11-06 00:50:00,453.3089628084058,OK
2024-11-06 00:55:00,461.49515910530846,OK
2024-11-06 01:00:00,455.3456941260533,OK
2024-11-06 01:05:00,457.24910794608434,OK
2024-11-06 01:10:00,459.3306039376162,OK
2024-11-06 01:15:00,462.7213138594657,OK
2024-11-06 01:20:00,461.2225765375397,OK
2024-11-06 01:25:00,462.24809857565316,OK
2024-11-06 01:30:00,461.815104418217,OK
2024-11-06 01:35:00,462.2806719989196,OK
2024-11-06 01:40:00,467.19495437086096,OK
2024-11-06 01:45:00,459.5961923261155,OK
2024-11-06 01:50:00,463.42371012161976,OK
2024-11-06 01:55:00,465.5016170191632,OK
2024-11-06 02:00:00,466.16620370196125,OK
2024-11-06 02:05:00,464.0453526502746,OK
2024-11-06 02:10:00,467.5673336338137,OK
2024-11-06 02:15:00,472.0355152173449,OK
2024-11-06 02:20:00,466.6299822731844,OK
2024-11-06 02:25:00,118.46078435380468,OK
2024-11-06 02:30:00,118.2494395377514,OK
2024-11-06 02:35:00,117.54571747470241,OK
2024-11-06 02:40:00,470.5978223772411,OK
2024-11-06 02:45:00,474.7876034225569,OK
2024-11-06 02:50:00,475.3510872424424,OK
2024-11-06 02:55:00,475.2703961756149,OK
2024-11-06 03:00:00,472.1076587531758,OK
2024-11-06 03:05:00,474.41232041181684,OK
2024-11-06 03:10:00,475.8091978347069,OK
2024-11-06 03:15:00,470.69831598233526,OK
2024-11-06 03:20:00,116.72459850386711,OK
2024-11-06 03:25:00,116.6554376233878,OK
2024-11-06 03:30:00,115.37759545607324,OK
2024-11-06 03:35:00,477.5105038926718,OK
2024-11-06 03:40:00,481.8004804523836,OK
2024-11-06 03:45:00,473.8948693241444,OK
2024-11-06 03:50:00,476.0581384945183,OK
2024-11-06 03:55:00,477.4411476939061,OK
2024-11-06 04:00:00,478.418395372785,OK
2024-11-06 04:05:00,476.4502207363891,OK
2024-11-06 04:10:00,482.36801948011475,OK
2024-11-06 04:15:00,480.5851764530594,OK
2024-11-06 04:20:00,482.2265448166123,OK
2024-11-06 04:25:00,475.48904452577017,OK
2024-11-06 04:30:00,478.5050230391514,OK
2024-11-06 04:35:00,486.58654247573133,OK
2024-11-06 04:40:00,485.68166517925954,OK
2024-11-06 04:45:00,482.1931578608926,OK
2024-11-06 04:50:00,483.90455372861726,OK
2024-11-06 04:55:00,485.80824816520106,OK
2024-11-06 05:00:00,478.3463917650711,OK
2024-11-06 05:05:00,482.8382258628111,OK
2024-11-06 05:10:00,483.01445523981647,OK
2024-11-06 05:15:00,485.45879794771713,OK
2024-11-06 05:20:00,481.85468964491565,OK
2024-11-06 05:25:00,484.88648759008834,OK
2024-11-06 05:30:00,484.32344571432253,OK
2024-11-06 05:35:00,483.2081584446559,OK
2024-11-06 05:40:00,489.1045435458813,OK
2024-11-06 05:45:00,480.05850167585777,OK
2024-11-06 05:50:00,483.57875128927327,OK
2024-11-06 05:55:00,480.8576850945969,OK
2024-11-06 06:00:00,486.580053849345,OK
2024-11-06 06:05:00,485.5783806059303,OK
2024-11-06 06:10:00,487.0201724078285,OK
2024-11-06 06:15:00,484.2730657474305,OK
2024-11-06 06:20:00,484.51460939280975,OK
2024-11-06 06:25:00,486.2382329576549,OK
2024-11-06 06:30:00,486.8528888100347,OK
2024-11-06 06:35:00,487.389266868917,OK
2024-11-06 06:40:00,485.0554699168827,OK
2024-11-06 06:45:00,486.3845069696899,OK
2024-11-06 06:50:00,488.14120180321504,OK
2024-11-06 06:55:00,482.44623079480965,OK
2024-11-06 07:00:00,486.41956392688536,OK
2024-11-06 07:05:00,483.1135999974954,OK
2024-11-06 07:10:00,486.9909313057528,OK
2024-11-06 07:15:00,484.1853804017065,OK
2024-11-06 07:20:00,484.60696448881504,OK
2024-11-06 07:25:00,489.61007302015616,OK
2024-11-06 07:30:00,113.46158582227265,OK
2024-11-06 07:35:00,111.67967952504755,OK
2024-11-06 07:40:00,113.40152437945765,OK
2024-11-06 07:45:00,484.8393792883245,OK
2024-11-06 07:50:00,483.7731217666934,OK
2024-11-06 07:55:00,484.10583719053875,OK
2024-11-06 08:00:00,479.01912407850114,OK
2024-11-06 08:05:00,480.43817978631785,OK
2024-11-06 08:10:00,480.6761448031497,OK
2024-11-06 08:15:00,478.3939381400884,OK
2024-11-06 08:20:00,477.70263187911354,OK
2024-11-06 08:25:00,478.45187851969786,OK
2024-11-06 08:30:00,483.0789695598405,OK
2024-11-06 08:35:00,480.6785082283905,OK
2024-11-06 08:40:00,481.1498816891834,OK
2024-11-06 08:45:00,475.6597604388962,OK
2024-11-06 08:50:00,476.5219549849114,OK
2024-11-06 08:55:00,480.73950791065624,OK
2024-11-06 09:00:00,477.67668689713656,OK
2024-11-06 09:05:00,480.1660395106824,OK
2024-11-06 09:10:00,475.712119712798,OK
2024-11-06 09:15:00,113.14400657190212,OK
2024-11-06 09:20:00,116.00213342404072,OK
2024-11-06 09:25:00,116.12870172985822,OK
2024-11-06 09:30:00,469.99051587247476,OK
2024-11-06 09:35:00,472.6569122586232,OK
2024-11-06 09:40:00,475.4625247332569,OK
2024-11-06 09:45:00,472.22522529783885,OK
2024-11-06 09:50:00,476.78537308091853,OK
2024-11-06 09:55:00,474.67047402262494,OK
2024-11-06 10:00:00,470.8847853513336,OK
2024-11-06 10:05:00,476.6232096211534,OK
2024-11-06 10:10:00,117.61405831211385,OK
2024-11-06 10:15:00,116.33190238768736,OK
2024-11-06 10:20:00,117.94241981239567,OK
2024-11-06 10:25:00,472.4118973149502,OK
2024-11-06 10:30:00,468.26253962679107,OK
2024-11-06 10:35:00,469.1836967470876,OK
2024-11-06 10:40:00,465.1194212432141,OK
2024-11-06 10:45:00,467.3364271046108,OK
2024-11-06 10:50:00,469.34952513294195,OK
2024-11-06 10:55:00,467.3481253153988,OK
2024-11-06 11:00:00,469.4863506551385,OK
2024-11-06 11:05:00,121.3873539479002,OK
2024-11-06 11:10:00,120.9521679251879,OK
2024-11-06 11:15:00,123.51738707246777,OK
2024-11-06 11:20:00,465.85356955994916,OK
2024-11-06 11:25:00,464.36536248304924,OK
2024-11-06 11:30:00,463.68384028680856,OK
2024-11-06 11:35:00,462.1974903453502,OK
2024-11-06 11:40:00,461.0192214098012,OK
2024-11-06 11:45:00,460.753559143607,OK
2024-11-06 11:50:00,457.423519626409,OK
2024-11-06 11:55:00,460.48336932116365,OK
2024-11-06 12:00:00,456.2459330772925,OK
2024-11-06 12:05:00,456.51477489981727,OK
2024-11-06 12:10:00,123.06112320454312,OK
2024-11-06 12:15:00,124.89289531818902,OK
2024-11-06 12:20:00,127.618767798082,OK
2024-11-06 12:25:00,458.67656318605066,OK
2024-11-06 12:30:00,455.3780206502391,OK
2024-11-06 12:35:00,457.7533705374935,OK
2024-11-06 12:40:00,451.6598415506983,OK
2024-11-06 12:45:00,453.1276847418875,OK
2024-11-06 12:50:00,456.59258339171015,OK
2024-11-06 12:55:00,452.9066998606294,OK
2024-11-06 13:00:00,452.64009932762184,OK
2024-11-06 13:05:00,453.6766526897132,OK
2024-11-06 13:10:00,450.0078902111729,OK
2024-11-06 13:15:00,449.31924061435143,OK
2024-11-06 13:20:00,449.5991245471631,OK
2024-11-06 13:25:00,449.70136128916016,OK
2024-11-06 13:30:00,447.49849517235225,OK
2024-11-06 13:35:00,129.80660432183652,OK
2024-11-06 13:40:00,130.42191754216176,OK
2024-11-06 13:45:00,130.98371600802764,OK
2024-11-06 13:50:00,441.57970105031956,OK
2024-11-06 13:55:00,447.1987602082366,OK
2024-11-06 14:00:00,442.9851893082835,OK
2024-11-06 14:05:00,444.21599430354837,OK
2024-11-06 14:10:00,438.97477569535437,OK
2024-11-06 14:15:00,444.47029840879037,OK
2024-11-06 14:20:00,443.6224457191544,OK
2024-11-06 14:25:00,443.63997785116425,OK
2024-11-06 14:30:00,439.9382157116292,OK
2024-11-06 14:35:00,443.7710909352882,OK
2024-11-06 14:40:00,441.1908170471264,OK
2024-11-06 14:45:00,442.9411603946463,OK
2024-11-06 14:50:00,437.74782603241607,OK
2024-11-06 14:55:00,438.7258092151705,OK
2024-11-06 15:00:00,440.98591745864053,OK
2024-11-06 15:05:00,434.22855805233905,OK
2024-11-06 15:10:00,439.38619253345644,OK
2024-11-06 15:15:00,433.7906658677693,OK
2024-11-06 15:20:00,136.93978650412663,OK
2024-11-06 15:25:00,141.07799517110445,OK
2024-11-06 15:30:00,137.8801002128816,OK
2024-11-06 15:35:00,436.2450845272654,OK
2024-11-06 15:40:00,434.8819867700146,OK
2024-11-06 15:45:00,430.91767336015994,OK
2024-11-06 15:50:00,431.8644781303345,OK
2024-11-06 15:55:00,431.8025949471908,OK
2024-11-06 16:00:00,428.5716841844584,OK
2024-11-06 16:05:00,432.81249385734986,OK
2024-11-06 16:10:00,430.59470492672517,OK
2024-11-06 16:15:00,428.2910576221087,OK
2024-11-06 16:20:00,427.5786720781459,OK
2024-11-06 16:25:00,430.51738555519165,OK
2024-11-06 16:30:00,430.05955090178054,OK
2024-11-06 16:35:00,433.11782319229087,OK
2024-11-06 16:40:00,431.23070021551234,OK
2024-11-06 16:45:00,428.6356192805209,OK
2024-11-06 16:50:00,428.9331018534909,OK
2024-11-06 16:55:00,429.52606207586734,OK
2024-11-06 17:00:00,426.62867727145294,OK
2024-11-06 17:05:00,432.3242828613783,OK
2024-11-06 17:10:00,429.93334192570427,OK
2024-11-06 17:15:00,429.0103147694488,OK
2024-11-06 17:20:00,430.32456435865004,OK
2024-11-06 17:25:00,425.32358488674566,OK
2024-11-06 17:30:00,426.7030821946323,OK
2024-11-06 17:35:00,428.4356966659053,OK
2024-11-06 17:40:00,424.35835567429245,OK
2024-11-06 17:45:00,431.5287491499211,OK
2024-11-06 17:50:00,428.22239200804364,OK
2024-11-06 17:55:00,427.2690794857875,OK
2024-11-06 18:00:00,431.025004114822,OK
2024-11-06 18:05:00,427.8318556274057,OK
2024-11-06 18:10:00,432.0497929083806,OK
2024-11-06 18:15:00,427.5896262403464,OK
2024-11-06 18:20:00,427.01397632868884,OK
2024-11-06 18:25:00,427.5436361557842,OK
2024-11-06 18:30:00,433.0445998947079,OK
2024-11-06 18:35:00,431.3489389548646,OK
2024-11-06 18:40:00,427.18095716039227,OK
2024-11-06 18:45:00,427.8623612816772,OK
2024-11-06 18:50:00,434.623801864097,OK
2024-11-06 18:55:00,425.6069237168356,OK
2024-11-06 19:00:00,428.32695697688456,OK
2024-11-06 19:05:00,430.47227804158257,OK
2024-11-06 19:10:00,426.83653660015267,OK
2024-11-06 19:15:00,430.7333513394197,OK
2024-11-06 19:20:00,431.7885131630998,OK
2024-11-06 19:25:00,429.5935880886588,OK
2024-11-06 19:30:00,426.3245489578116,OK
2024-11-06 19:35:00,426.8602682753922,OK
2024-11-06 19:40:00,430.95281722838274,OK
2024-11-06 19:45:00,430.54718652171357,OK
2024-11-06 19:50:00,429.81848376534185,OK
2024-11-06 19:55:00,137.18557332307353,OK
2024-11-06 20:00:00,138.64255773015785,OK
2024-11-06 20:05:00,136.56538003143473,OK
2024-11-06 20:10:00,433.6004295285524,OK
2024-11-06 20:15:00,435.6344640847404,OK
2024-11-06 20:20:00,433.6319391301725,OK
2024-11-06 20:25:00,435.29690997670514,OK
2024-11-06 20:30:00,442.76720638555145,OK
2024-11-06 20:35:00,435.8780936839676,OK
2024-11-06 20:40:00,435.08352168004967,OK
2024-11-06 20:45:00,436.1403344390903,OK
2024-11-06 20:50:00,437.36300149478285,OK
2024-11-06 20:55:00,433.85344510782613,OK
2024-11-06 21:00:00,134.65420484408244,OK
2024-11-06 21:05:00,134.85491644698698,OK
2024-11-06 21:10:00,134.75228648946668,OK
2024-11-06 21:15:00,440.8166259049552,OK
2024-11-06 21:20:00,444.03113406609015,OK
2024-11-06 21:25:00,448.6778674516597,OK
2024-11-06 21:30:00,443.2053735840134,OK
2024-11-06 21:35:00,441.7249033959202,OK
2024-11-06 21:40:00,444.66942832181536,OK
2024-11-06 21:45:00,443.01784332658275,OK
2024-11-06 21:50:00,445.38179764953514,OK
2024-11-06 21:55:00,442.9489160127597,OK
2024-11-06 22:00:00,448.4612260058121,OK
2024-11-06 22:05:00,447.32797705498626,OK
2024-11-06 22:10:00,446.8358251138692,OK
2024-11-06 22:15:00,131.79169148687015,OK
2024-11-06 22:20:00,127.86507496335757,OK
2024-11-06 22:25:00,128.51531532068984,OK
2024-11-06 22:30:00,448.20960617467904,OK
2024-11-06 22:35:00,447.2385172633163,OK
2024-11-06 22:40:00,452.18789521673796,OK
2024-11-06 22:45:00,453.7757496762713,OK
2024-11-06 22:50:00,451.87073413274175,OK
2024-11-06 22:55:00,452.7788052681429,OK
2024-11-06 23:00:00,456.2633149438436,OK
2024-11-06 23:05:00,455.5117283269243,OK
2024-11-06 23:10:00,454.46720960689703,OK
2024-11-06 23:15:00,453.0007411044262,OK
2024-11-06 23:20:00,125.9233695444515,OK
2024-11-06 23:25:00,123.15394985320115,OK
2024-11-06 23:30:00,122.89783062243637,OK
2024-11-06 23:35:00,460.19650982145663,OK
2024-11-06 23:40:00,461.663277395639,OK
2024-11-06 23:45:00,461.0624535814573,OK
2024-11-06 23:50:00,464.65317583131946,OK
2024-11-06 23:55:00,460.0484304529068,OK
2024-11-07 00:00:00,466.9475160573224,OK
2024-11-07 00:05:00,465.8848054342339,OK
2024-11-07 00:10:00,465.264389892865,OK
2024-11-07 00:15:00,461.398742591942,OK
2024-11-07 00:20:00,467.97440030191524,OK
2024-11-07 00:25:00,469.2480124217535,OK
2024-11-07 00:30:00,470.3390074539858,OK
2024-11-07 00:35:00,121.25658691854105,OK
2024-11-07 00:40:00,114.00629663608365,OK
2024-11-07 00:45:00,116.40825827601185,OK
2024-11-07 00:50:00,465.50553616710846,OK
2024-11-07 00:55:00,471.8622885759308,OK
2024-11-07 01:00:00,476.6601835176582,OK
2024-11-07 01:05:00,475.0273113434739,OK
2024-11-07 01:10:00,474.74091101207944,OK
2024-11-07 01:15:00,473.11924876330295,OK
2024-11-07 01:20:00,472.0487138923094,OK
2024-11-07 01:25:00,475.8982942520206,OK
2024-11-07 01:30:00,479.2091871001873,OK
2024-11-07 01:35:00,476.87509017486104,OK
2024-11-07 01:40:00,481.03139575166165,OK
2024-11-07 01:45:00,482.8368294322793,OK
2024-11-07 01:50:00,484.7947846600787,OK
2024-11-07 01:55:00,485.2770200881696,OK
2024-11-07 02:00:00,484.47685153245413,OK
2024-11-07 02:05:00,486.08845797147467,OK
2024-11-07 02:10:00,483.3185452508174,OK
2024-11-07 02:15:00,487.22981367515337,OK
2024-11-07 02:20:00,492.5750252460924,OK
2024-11-07 02:25:00,487.165933440992,OK
2024-11-07 02:30:00,485.08410249846565,OK
2024-11-07 02:35:00,486.5090135992462,OK
2024-11-07 02:40:00,481.58898858680186,OK
2024-11-07 02:45:00,488.03401571584317,OK
2024-11-07 02:50:00,485.134753688182,OK
2024-11-07 02:55:00,488.16507890783976,OK
2024-11-07 03:00:00,489.1869695709519,OK
2024-11-07 03:05:00,492.2235765977594,OK
2024-11-07 03:10:00,490.7214600399531,OK
2024-11-07 03:15:00,493.67551945219356,OK
2024-11-07 03:20:00,491.27375840297026,OK
2024-11-07 03:25:00,493.43845074362883,OK
2024-11-07 03:30:00,494.2538718535426,OK
2024-11-07 03:35:00,489.9869078162815,OK
2024-11-07 03:40:00,491.7082694734021,OK
2024-11-07 03:45:00,495.1236082235762,OK
2024-11-07 03:50:00,493.2346915790225,OK
2024-11-07 03:55:00,493.6632186012856,OK
2024-11-07 04:00:00,495.78824661116397,OK
2024-11-07 04:05:00,494.4306924508386,OK
2024-11-07 04:10:00,496.35354351893614,OK
2024-11-07 04:15:00,498.1000552132142,OK
2024-11-07 04:20:00,496.8490315658877,OK
2024-11-07 04:25:00,496.2136078226114,OK
2024-11-07 04:30:00,493.8990852974207,OK
2024-11-07 04:35:00,496.0140802285295,OK
2024-11-07 04:40:00,491.1209756348831,OK
2024-11-07 04:45:00,495.2706979787303,OK
2024-11-07 04:50:00,493.8982751281681,OK
2024-11-07 04:55:00,494.7316580985544,OK
2024-11-07 05:00:00,493.0376935550803,OK
2024-11-07 05:05:00,496.82476267409805,OK
2024-11-07 05:10:00,492.55987832809234,OK
2024-11-07 05:15:00,496.23769010337924,OK
2024-11-07 05:20:00,497.0962344996274,OK
2024-11-07 05:25:00,496.78715822214724,OK
2024-11-07 05:30:00,495.7035359055669,OK
2024-11-07 05:35:00,496.18268764054494,OK
2024-11-07 05:40:00,496.38716251016433,OK
2024-11-07 05:45:00,496.99749927534367,OK
2024-11-07 05:50:00,494.229942203129,OK
2024-11-07 05:55:00,493.96513302424347,OK
2024-11-07 06:00:00,496.3694986448631,OK
2024-11-07 06:05:00,496.17260989049646,OK
2024-11-07 06:10:00,494.743432830701,OK
2024-11-07 06:15:00,494.627015082097,OK
2024-11-07 06:20:00,494.89798030002373,OK
2024-11-07 06:25:00,493.41078116380146,OK
2024-11-07 06:30:00,493.9794583209544,OK
2024-11-07 06:35:00,493.5032209283168,OK
2024-11-07 06:40:00,495.4133033468321,OK
2024-11-07 06:45:00,495.6246607311708,OK
2024-11-07 06:50:00,496.1671946388474,OK
2024-11-07 06:55:00,494.66678183708694,OK
2024-11-07 07:00:00,495.9224493993555,OK
2024-11-07 07:05:00,494.4970539421646,OK
2024-11-07 07:10:00,495.6115429403048,OK
2024-11-07 07:15:00,495.99023258497766,OK
2024-11-07 07:20:00,497.34205334801214,OK
2024-11-07 07:25:00,496.7151252483862,OK
2024-11-07 07:30:00,496.2493634570038,OK
2024-11-07 07:35:00,496.63418212088766,OK
2024-11-07 07:40:00,496.07432539125085,OK
2024-11-07 07:45:00,496.5024576206355,OK
2024-11-07 07:50:00,495.36475337997496,OK
2024-11-07 07:55:00,496.6212529905257,OK
2024-11-07 08:00:00,494.68705264751026,OK
2024-11-07 08:05:00,495.1692642299269,OK
2024-11-07 08:10:00,494.88320481755176,OK
2024-11-07 08:15:00,496.12126367648716,OK
2024-11-07 08:20:00,496.01911981907125,OK
2024-11-07 08:25:00,492.5237065655698,OK
2024-11-07 08:30:00,492.5564962959105,OK
2024-11-07 08:35:00,494.2361187076629,OK
2024-11-07 08:40:00,489.38871499827286,OK
2024-11-07 08:45:00,494.55820277010116,OK
2024-11-07 08:50:00,493.1233138532635,OK
2024-11-07 08:55:00,486.6935284905718,OK
2024-11-07 09:00:00,488.0821647535039,OK
2024-11-07 09:05:00,490.5236597886683,OK
2024-11-07 09:10:00,488.58264564822383,OK
2024-11-07 09:15:00,487.54942362690815,OK
2024-11-07 09:20:00,494.760697182947,OK
2024-11-07 09:25:00,489.7860945142851,OK
2024-11-07 09:30:00,487.0939300048007,OK
2024-11-07 09:35:00,486.7096228274196,OK
2024-11-07 09:40:00,485.2219363999472,OK
2024-11-07 09:45:00,482.87547940482864,OK
2024-11-07 09:50:00,486.92730231202637,OK
2024-11-07 09:55:00,488.04793022862845,OK
2024-11-07 10:00:00,484.44242341084765,OK
2024-11-07 10:05:00,485.67795253651894,OK
2024-11-07 10:10:00,484.208221783172,OK
2024-11-07 10:15:00,484.2243197879657,OK
2024-11-07 10:20:00,114.80956994891258,OK
2024-11-07 10:25:00,110.41707045468686,OK
2024-11-07 10:30:00,112.92259841605762,OK
2024-11-07 10:35:00,480.2576909397059,OK
2024-11-07 10:40:00,481.84239156107,OK
2024-11-07 10:45:00,477.12374490320883,OK
2024-11-07 10:50:00,476.1526864546844,OK
2024-11-07 10:55:00,477.27306403094974,OK
2024-11-07 11:00:00,477.873254006115,OK
2024-11-07 11:05:00,476.34528058452804,OK
2024-11-07 11:10:00,476.2764526858284,OK
2024-11-07 11:15:00,474.8770885925475,OK
2024-11-07 11:20:00,473.94301973157417,OK
2024-11-07 11:25:00,472.004201933985,OK
2024-11-07 11:30:00,469.95360255711745,OK
2024-11-07 11:35:00,474.2871912664442,OK
2024-11-07 11:40:00,472.7446213886889,OK
2024-11-07 11:45:00,473.9477989605935,OK
2024-11-07 11:50:00,120.81958921217874,OK
2024-11-07 11:55:00,119.58746478795538,OK
2024-11-07 12:00:00,120.1166283671052,OK
2024-11-07 12:05:00,470.14920716105206,OK
2024-11-07 12:10:00,462.0659405953493,OK
2024-11-07 12:15:00,467.54939852208014,OK
2024-11-07 12:20:00,465.90868430658134,OK
2024-11-07 12:25:00,463.32790756784584,OK
2024-11-07 12:30:00,466.3268202539062,OK
2024-11-07 12:35:00,463.6739516932527,OK
2024-11-07 12:40:00,462.08341681489327,OK
2024-11-07 12:45:00,127.54809657592662,OK
2024-11-07 12:50:00,123.61171958886376,OK
2024-11-07 12:55:00,125.94444184267175,OK
2024-11-07 13:00:00,455.8298959627929,OK
2024-11-07 13:05:00,458.1919295902254,OK
2024-11-07 13:10:00,460.5514159548499,OK
2024-11-07 13:15:00,455.4838356746103,OK
2024-11-07 13:20:00,460.7282128086819,OK
2024-11-07 13:25:00,453.43336169840865,OK
2024-11-07 13:30:00,455.9636342218076,OK
2024-11-07 13:35:00,461.59685553673137,OK
2024-11-07 13:40:00,455.64824359212713,OK
2024-11-07 13:45:00,452.97379639750324,OK
2024-11-07 13:50:00,455.5275675950478,OK
2024-11-07 13:55:00,452.6945286972762,OK
2024-11-07 14:00:00,455.96261364209556,OK
2024-11-07 14:05:00,457.26550776715976,OK
2024-11-07 14:10:00,453.4258933449326,OK
2024-11-07 14:15:00,452.7001767560071,OK
2024-11-07 14:20:00,453.50396960916765,OK
2024-11-07 14:25:00,130.0803173423654,OK
2024-11-07 14:30:00,127.58519731540403,OK
2024-11-07 14:35:00,129.0048063146683,OK
2024-11-07 14:40:00,449.987135632705,OK
2024-11-07 14:45:00,452.8946148995434,OK
2024-11-07 14:50:00,452.3801698817824,OK
2024-11-07 14:55:00,448.69303014380347,OK
2024-11-07 15:00:00,443.4120176525048,OK
2024-11-07 15:05:00,446.5082067296927,OK
2024-11-07 15:10:00,451.1975591770971,OK
2024-11-07 15:15:00,454.4734064875609,OK
2024-11-07 15:20:00,132.3897406668139,OK
2024-11-07 15:25:00,129.16926720693644,OK
2024-11-07 15:30:00,133.36614016336134,OK
2024-11-07 15:35:00,447.2690745395373,OK
2024-11-07 15:40:00,445.39921296954134,OK
2024-11-07 15:45:00,444.247716850218,OK
2024-11-07 15:50:00,446.3652882526426,OK
2024-11-07 15:55:00,445.9417467816471,OK
2024-11-07 16:00:00,445.1284660775449,OK
2024-11-07 16:05:00,444.2159926517021,OK
2024-11-07 16:10:00,444.47280044983535,OK
2024-11-07 16:15:00,442.9054248487459,OK
2024-11-07 16:20:00,445.4061796685825,OK
2024-11-07 16:25:00,447.0591774637978,OK
2024-11-07 16:30:00,439.5303800761757,OK
2024-11-07 16:35:00,445.5111554898779,OK
2024-11-07 16:40:00,445.770907049546,OK
2024-11-07 16:45:00,443.9909273286904,OK
2024-11-07 16:50:00,442.8997774959372,OK
2024-11-07 16:55:00,444.5724944968031,OK
2024-11-07 17:00:00,443.61299717249636,OK
2024-11-07 17:05:00,133.3242244169451,OK
2024-11-07 17:10:00,132.08423761221496,OK
2024-11-07 17:15:00,130.65898200687263,OK
2024-11-07 17:20:00,438.34303424433585,OK
2024-11-07 17:25:00,442.85819254230483,OK
2024-11-07 17:30:00,441.5450547185404,OK
2024-11-07 17:35:00,446.3161059074336,OK
2024-11-07 17:40:00,444.35695081229034,OK
2024-11-07 17:45:00,445.4126744763738,OK
2024-11-07 17:50:00,440.1447343983803,OK
2024-11-07 17:55:00,445.3230576668167,OK
2024-11-07 18:00:00,443.18078134193325,OK
2024-11-07 18:05:00,446.4948895068951,OK
2024-11-07 18:10:00,130.15879519497588,OK
2024-11-07 18:15:00,130.141270127966,OK
2024-11-07 18:20:00,131.96835128643974,OK
2024-11-07 18:25:00,451.66826843198305,OK
2024-11-07 18:30:00,449.3750467235757,OK
2024-11-07 18:35:00,450.9572643339612,OK
2024-11-07 18:40:00,448.70184094977094,OK
2024-11-07 18:45:00,448.9779173195541,OK
2024-11-07 18:50:00,451.3644197368319,OK
2024-11-07 18:55:00,449.19640006932025,OK
2024-11-07 19:00:00,453.0100818089513,OK
2024-11-07 19:05:00,127.95360093278322,OK
2024-11-07 19:10:00,131.15426505233722,OK
2024-11-07 19:15:00,129.71786424049898,OK
2024-11-07 19:20:00,448.9203372648676,OK
2024-11-07 19:25:00,451.8332652803647,OK
2024-11-07 19:30:00,453.64353091271647,OK
2024-11-07 19:35:00,453.06222755705085,OK
2024-11-07 19:40:00,450.7589549162202,OK
2024-11-07 19:45:00,449.29098663569016,OK
2024-11-07 19:50:00,449.2880532071842,OK
2024-11-07 19:55:00,450.11537869937155,OK
2024-11-07 20:00:00,453.7054032457722,OK
2024-11-07 20:05:00,452.5174413588266,OK
2024-11-07 20:10:00,453.2724914786279,OK
2024-11-07 20:15:00,453.4358001863758,OK
2024-11-07 20:20:00,448.6409760320073,OK
2024-11-07 20:25:00,458.23213638909914,OK
2024-11-07 20:30:00,125.81286707097469,OK
2024-11-07 20:35:00,128.68056297334707,OK
2024-11-07 20:40:00,123.27400908230551,OK
2024-11-07 20:45:00,457.3888219371194,OK
2024-11-07 20:50:00,457.6109771766145,OK
2024-11-07 20:55:00,456.59875845607235,OK
2024-11-07 21:00:00,460.1558366988229,OK
2024-11-07 21:05:00,455.219940817427,OK
2024-11-07 21:10:00,455.8265400856673,OK
2024-11-07 21:15:00,456.6701436845743,OK
2024-11-07 21:20:00,460.56456116280384,OK
2024-11-07 21:25:00,459.1422721438763,OK
2024-11-07 21:30:00,122.63511580020284,OK
2024-11-07 21:35:00,122.42091418856938,OK
2024-11-07 21:40:00,125.09798213189012,OK
2024-11-07 21:45:00,461.89505552127775,OK
2024-11-07 21:50:00,466.3142450682256,OK
2024-11-07 21:55:00,463.42173405741505,OK
2024-11-07 22:00:00,467.5023849776622,OK
2024-11-07 22:05:00,467.70532178001616,OK
2024-11-07 22:10:00,467.45576804962644,OK
2024-11-07 22:15:00,466.60641498355506,OK
2024-11-07 22:20:00,463.69396539807616,OK
2024-11-07 22:25:00,465.03593486677283,OK
2024-11-07 22:30:00,465.8040062523509,OK
2024-11-07 22:35:00,470.89168390675684,OK
2024-11-07 22:40:00,469.0199286416774,OK
2024-11-07 22:45:00,467.84052035620385,OK
2024-11-07 22:50:00,471.0807843619593,OK
2024-11-07 22:55:00,470.6872762159865,OK
2024-11-07 23:00:00,117.80486158219246,OK
2024-11-07 23:05:00,117.99329864962391,OK
2024-11-07 23:10:00,117.73399511167693,OK
2024-11-07 23:15:00,468.70334474349517,OK
2024-11-07 23:20:00,474.39601739275474,OK
2024-11-07 23:25:00,471.20894181976587,OK
2024-11-07 23:30:00,473.0016554763607,OK
2024-11-07 23:35:00,479.51336673205526,OK
2024-11-07 23:40:00,478.4698120176515,OK
2024-11-07 23:45:00,478.17052102745146,OK
2024-11-07 23:50:00,479.06461076787986,OK
2024-11-07 23:55:00,477.08174629101495,OK
2024-11-08 00:00:00,115.5614483424512,OK
2024-11-08 00:05:00,115.54655744030939,OK
2024-11-08 00:10:00,114.79987461676217,OK
2024-11-08 00:15:00,480.7834426163622,OK
2024-11-08 00:20:00,485.35962327774905,OK
2024-11-08 00:25:00,480.58723324310944,OK
2024-11-08 00:30:00,481.80578032839264,OK
2024-11-08 00:35:00,482.04041096530756,OK
2024-11-08 00:40:00,477.8517871473185,OK
2024-11-08 00:45:00,481.2507741829716,OK
2024-11-08 00:50:00,483.86735806479675,OK
2024-11-08 00:55:00,488.48121931662354,OK
2024-11-08 01:00:00,489.3499897746171,OK
2024-11-08 01:05:00,488.8364284838469,OK
2024-11-08 01:10:00,491.5856939632001,OK
2024-11-08 01:15:00,488.33386988051245,OK
2024-11-08 01:20:00,489.666970409684,OK
2024-11-08 01:25:00,493.65270135180134,OK
2024-11-08 01:30:00,488.7115445959081,OK
2024-11-08 01:35:00,492.14505878081656,OK
2024-11-08 01:40:00,497.07610489182366,OK
2024-11-08 01:45:00,493.73490203364133,OK
2024-11-08 01:50:00,492.9519573121916,OK
2024-11-08 01:55:00,492.3380373764971,OK
2024-11-08 02:00:00,496.2287190054886,OK
2024-11-08 02:05:00,493.453800725036,OK
2024-11-08 02:10:00,495.509841028417,OK
2024-11-08 02:15:00,495.9669211273368,OK
2024-11-08 02:20:00,494.88038771776337,OK
2024-11-08 02:25:00,494.76919009581474,OK
2024-11-08 02:30:00,495.6982083710561,OK
2024-11-08 02:35:00,497.34168337216704,OK
2024-11-08 02:40:00,495.5086231384017,OK
2024-11-08 02:45:00,496.72194698197706,OK
2024-11-08 02:50:00,497.0378733774903,OK
2024-11-08 02:55:00,493.2652399680671,OK
2024-11-08 03:00:00,497.7125492199745,OK
2024-11-08 03:05:00,497.6978246471968,OK
2024-11-08 03:10:00,494.99402926251287,OK
2024-11-08 03:15:00,494.58914331566575,OK
2024-11-08 03:20:00,494.9696423792293,OK
2024-11-08 03:25:00,490.98380128537985,OK
2024-11-08 03:30:00,494.4921855277441,OK
2024-11-08 03:35:00,491.47991204591483,OK
2024-11-08 03:40:00,492.5782445207225,OK
2024-11-08 03:45:00,493.112538767604,OK
2024-11-08 03:50:00,492.5991236560616,OK
2024-11-08 03:55:00,491.86088499236104,OK
2024-11-08 04:00:00,492.07604959271447,OK
2024-11-08 04:05:00,494.7571244373227,OK
2024-11-08 04:10:00,494.67276230213275,OK
2024-11-08 04:15:00,492.5723527128772,OK
2024-11-08 04:20:00,492.29079194254984,OK
2024-11-08 04:25:00,492.9305402497496,OK
2024-11-08 04:30:00,493.0286329572408,OK
2024-11-08 04:35:00,489.3327449365364,OK
2024-11-08 04:40:00,489.50116013563957,OK
2024-11-08 04:45:00,487.7823600706601,OK
2024-11-08 04:50:00,491.8944487022538,OK
2024-11-08 04:55:00,492.1245682922712,OK
2024-11-08 05:00:00,489.91074655743216,OK
2024-11-08 05:05:00,486.8548292695237,OK
2024-11-08 05:10:00,488.9320167256765,OK
2024-11-08 05:15:00,487.1963747043889,OK
2024-11-08 05:20:00,488.2208058753352,OK
2024-11-08 05:25:00,490.0195962515074,OK
2024-11-08 05:30:00,488.4305497225465,OK
2024-11-08 05:35:00,488.069092707768,OK
2024-11-08 05:40:00,488.4874148331764,OK
2024-11-08 05:45:00,489.58992677836545,OK
2024-11-08 05:50:00,488.3881443220601,OK
2024-11-08 05:55:00,487.13529640388913,OK
2024-11-08 06:00:00,487.98481335363954,OK
2024-11-08 06:05:00,489.58135114759335,OK
2024-11-08 06:10:00,488.80491474441243,OK
2024-11-08 06:15:00,487.5065872718362,OK
2024-11-08 06:20:00,490.6317859669845,OK
2024-11-08 06:25:00,486.10035231421034,OK
2024-11-08 06:30:00,488.9614934446893,OK
2024-11-08 06:35:00,489.316579682682,OK
2024-11-08 06:40:00,490.69341984837257,OK
2024-11-08 06:45:00,490.3267920431937,OK
2024-11-08 06:50:00,490.2836374105321,OK
2024-11-08 06:55:00,489.8856243838387,OK
2024-11-08 07:00:00,491.200416355597,OK
2024-11-08 07:05:00,489.4036470823334,OK
2024-11-08 07:10:00,487.24920311241385,OK
2024-11-08 07:15:00,493.27839828861164,OK
2024-11-08 07:20:00,488.2347208875295,OK
2024-11-08 07:25:00,490.710339901653,OK
2024-11-08 07:30:00,492.10979692688977,OK
2024-11-08 07:35:00,490.65747304145475,OK
2024-11-08 07:40:00,489.71601929170293,OK
2024-11-08 07:45:00,492.27728065722545,OK
2024-11-08 07:50:00,489.36136489457834,OK
2024-11-08 07:55:00,491.7869762956919,OK
2024-11-08 08:00:00,491.7261189008501,OK
2024-11-08 08:05:00,491.47545634370204,OK
2024-11-08 08:10:00,493.4850528374278,OK
2024-11-08 08:15:00,494.180943308424,OK
2024-11-08 08:20:00,492.63021742625176,OK
2024-11-08 08:25:00,494.4789037571159,OK
2024-11-08 08:30:00,493.8241388062082,OK
2024-11-08 08:35:00,493.23796335382815,OK
2024-11-08 08:40:00,494.4027014366993,OK
2024-11-08 08:45:00,494.37421585557667,OK
2024-11-08 08:50:00,493.4917524220165,OK
2024-11-08 08:55:00,495.79353752478994,OK
2024-11-08 09:00:00,495.76489679154014,OK
2024-11-08 09:05:00,493.69074265700544,OK
2024-11-08 09:10:00,495.42847727151957,OK
2024-11-08 09:15:00,497.12766122673406,OK
2024-11-08 09:20:00,496.3039017847369,OK
2024-11-08 09:25:00,496.41419933688945,OK
2024-11-08 09:30:00,494.0554532726457,OK
2024-11-08 09:35:00,498.42957370533287,OK
2024-11-08 09:40:00,497.12887900452375,OK
2024-11-08 09:45:00,489.06066824578534,OK
2024-11-08 09:50:00,491.557376006062,OK
2024-11-08 09:55:00,493.24452388698484,OK
2024-11-08 10:00:00,494.09295375433436,OK
2024-11-08 10:05:00,492.2853769576578,OK
2024-11-08 10:10:00,492.9441795101671,OK
2024-11-08 10:15:00,486.9428859898794,OK
2024-11-08 10:20:00,489.82157762894315,OK
2024-11-08 10:25:00,484.4261770539759,OK
2024-11-08 10:30:00,487.8797892457533,OK
2024-11-08 10:35:00,487.4802990615849,OK
2024-11-08 10:40:00,484.9620321882892,OK
2024-11-08 10:45:00,490.11245364726483,OK
2024-11-08 10:50:00,483.3416684035558,OK
2024-11-08 10:55:00,483.2942328954209,OK
2024-11-08 11:00:00,,MISSING
2024-11-08 11:05:00,485.8517704981689,OK
2024-11-08 11:10:00,477.41884225407085,OK
2024-11-08 11:15:00,477.63422031662805,OK
2024-11-08 11:20:00,475.39406940903075,OK
2024-11-08 11:25:00,478.23755846033504,OK
2024-11-08 11:30:00,475.4069977248093,OK
2024-11-08 11:35:00,480.79457893546476,OK
2024-11-08 11:40:00,474.3490607020311,OK
2024-11-08 11:45:00,477.0561887701107,OK
2024-11-08 11:50:00,478.9673608575503,OK
2024-11-08 11:55:00,114.75638908639745,OK
2024-11-08 12:00:00,116.49577805804,OK
2024-11-08 12:05:00,115.44720098909718,OK
2024-11-08 12:10:00,471.6703158152048,OK
2024-11-08 12:15:00,475.7361981490544,OK
2024-11-08 12:20:00,475.52383734612545,OK
2024-11-08 12:25:00,465.995578489552,OK
2024-11-08 12:30:00,466.0551512150983,OK
2024-11-08 12:35:00,468.54607431371915,OK
2024-11-08 12:40:00,466.0472382780582,OK
2024-11-08 12:45:00,463.1494030925671,OK
2024-11-08 12:50:00,464.12664562306594,OK
2024-11-08 12:55:00,464.4015775148783,OK
2024-11-08 13:00:00,122.42694681665867,OK
2024-11-08 13:05:00,119.78878580876359,OK
2024-11-08 13:10:00,121.94401433367302,OK
2024-11-08 13:15:00,463.03326337346726,OK
2024-11-08 13:20:00,462.98644589461156,OK
2024-11-08 13:25:00,462.3982381491299,OK
2024-11-08 13:30:00,460.40816275369866,OK
2024-11-08 13:35:00,459.497458203095,OK
2024-11-08 13:40:00,461.84930847685627,OK
2024-11-08 13:45:00,455.69888417387983,OK
2024-11-08 13:50:00,459.03895247466966,OK
2024-11-08 13:55:00,457.4029089534785,OK
2024-11-08 14:00:00,457.2877871146317,OK
2024-11-08 14:05:00,455.9643769530033,OK
2024-11-08 14:10:00,461.3053670717413,OK
2024-11-08 14:15:00,453.4627959528757,OK
2024-11-08 14:20:00,457.0635810600665,OK
2024-11-08 14:25:00,128.89020843403097,OK
2024-11-08 14:30:00,127.2478837627479,OK
2024-11-08 14:35:00,127.07982221139271,OK
2024-11-08 14:40:00,447.35461921545243,OK
2024-11-08 14:45:00,452.52600135578547,OK
2024-11-08 14:50:00,448.38088748017645,OK
2024-11-08 14:55:00,450.4300277814752,OK
2024-11-08 15:00:00,449.92773010813494,OK
2024-11-08 15:05:00,450.3369841724713,OK
2024-11-08 15:10:00,447.96697776552446,OK
2024-11-08 15:15:00,451.1543926521206,OK
2024-11-08 15:20:00,451.7455048994741,OK
2024-11-08 15:25:00,450.71240726516476,OK
2024-11-08 15:30:00,129.84410810620116,OK
2024-11-08 15:35:00,130.05348914045217,OK
2024-11-08 15:40:00,131.98671511694081,OK
2024-11-08 15:45:00,443.7556569538097,OK
2024-11-08 15:50:00,448.8512722187864,OK
2024-11-08 15:55:00,448.16674192997755,OK
2024-11-08 16:00:00,449.306836967636,OK
2024-11-08 16:05:00,440.4247446496814,OK
2024-11-08 16:10:00,444.4384011695615,OK
2024-11-08 16:15:00,443.40843508616706,OK
2024-11-08 16:20:00,447.031969633605,OK
2024-11-08 16:25:00,443.1210415507375,OK
2024-11-08 16:30:00,133.56143841198434,OK
2024-11-08 16:35:00,133.14265700346073,OK
2024-11-08 16:40:00,135.0700869612755,OK
2024-11-08 16:45:00,436.0875013845,OK
2024-11-08 16:50:00,443.45536522216634,OK
2024-11-08 16:55:00,443.57878194625766,OK
2024-11-08 17:00:00,443.7878813146747,OK
2024-11-08 17:05:00,437.6506805345405,OK
2024-11-08 17:10:00,439.18650689990415,OK
2024-11-08 17:15:00,441.6544448327012,OK
2024-11-08 17:20:00,441.3824382808519,OK
2024-11-08 17:25:00,443.831497856459,OK
2024-11-08 17:30:00,439.612044048303,OK
2024-11-08 17:35:00,442.47267264562004,OK
2024-11-08 17:40:00,442.05408600347704,OK
2024-11-08 17:45:00,438.888770139607,OK
2024-11-08 17:50:00,440.6095941271962,OK
2024-11-08 17:55:00,440.31714741755366,OK
2024-11-08 18:00:00,133.54028896574206,OK
2024-11-08 18:05:00,136.39142628971024,OK
2024-11-08 18:10:00,136.07933844674585,OK
2024-11-08 18:15:00,439.0473431103868,OK
2024-11-08 18:20:00,439.08878371854576,OK
2024-11-08 18:25:00,441.4933881408978,OK
2024-11-08 18:30:00,442.6956729700841,OK
2024-11-08 18:35:00,439.9970707011342,OK
2024-11-08 18:40:00,441.50684670105784,OK
2024-11-08 18:45:00,444.65868687970567,OK
2024-11-08 18:50:00,442.4561083356131,OK
2024-11-08 18:55:00,442.815833376009,OK
2024-11-08 19:00:00,443.553662386071,OK
2024-11-08 19:05:00,438.73609971600996,OK
2024-11-08 19:10:00,441.397380996686,OK
2024-11-08 19:15:00,440.2058683247157,OK
2024-11-08 19:20:00,443.38322759336916,OK
2024-11-08 19:25:00,444.1863699246689,OK
2024-11-08 19:30:00,446.130691698794,OK
2024-11-08 19:35:00,444.6502832904601,OK
2024-11-08 19:40:00,445.0254264871247,OK
2024-11-08 19:45:00,447.98005712169027,OK
2024-11-08 19:50:00,447.60849511899613,OK
2024-11-08 19:55:00,129.877663688856,OK
2024-11-08 20:00:00,131.50142881168944,OK
2024-11-08 20:05:00,131.39189489247707,OK
2024-11-08 20:10:00,448.8403911363327,OK
2024-11-08 20:15:00,446.22690885707357,OK
2024-11-08 20:20:00,447.61169041561294,OK
2024-11-08 20:25:00,455.52277121635126,OK
2024-11-08 20:30:00,450.62255465984333,OK
2024-11-08 20:35:00,447.22652875796837,OK
2024-11-08 20:40:00,454.3676555717114,OK
2024-11-08 20:45:00,450.35811847305223,OK
2024-11-08 20:50:00,131.1510531130666,OK
2024-11-08 20:55:00,127.38300507261485,OK
2024-11-08 21:00:00,126.90395644402037,OK
2024-11-08 21:05:00,455.72330980040294,OK
2024-11-08 21:10:00,449.47709716580266,OK
2024-11-08 21:15:00,453.73428920072575,OK
2024-11-08 21:20:00,454.5399587707243,OK
2024-11-08 21:25:00,451.7082958454922,OK
2024-11-08 21:30:00,453.44674562050415,OK
2024-11-08 21:35:00,457.3094929561981,OK
2024-11-08 21:40:00,458.71411342066426,OK
2024-11-08 21:45:00,457.34280083894566,OK
2024-11-08 21:50:00,459.60978529173866,OK
2024-11-08 21:55:00,120.1221778314316,OK
2024-11-08 22:00:00,124.28521165234284,OK
2024-11-08 22:05:00,121.57091292223646,OK
2024-11-08 22:10:00,457.2249803864422,OK
2024-11-08 22:15:00,460.7777033847674,OK
2024-11-08 22:20:00,463.9240764073262,OK
2024-11-08 22:25:00,463.84964741350626,OK
2024-11-08 22:30:00,467.26946479121085,OK
2024-11-08 22:35:00,465.841817727733,OK
2024-11-08 22:40:00,460.29965450695585,OK
2024-11-08 22:45:00,457.36681515846146,OK
2024-11-08 22:50:00,462.4904295714467,OK
2024-11-08 22:55:00,121.90952739449313,OK
2024-11-08 23:00:00,121.42651245432997,OK
2024-11-08 23:05:00,119.53077474323192,OK
2024-11-08 23:10:00,461.01402723555447,OK
2024-11-08 23:15:00,466.65962584387336,OK
2024-11-08 23:20:00,461.51244299290323,OK
2024-11-08 23:25:00,462.58185681859914,OK
2024-11-08 23:30:00,471.26635824653397,OK
2024-11-08 23:35:00,469.5385893785841,OK
2024-11-08 23:40:00,470.3468141130421,OK
2024-11-08 23:45:00,469.7559409067949,OK
2024-11-08 23:50:00,116.15417581787224,OK
2024-11-08 23:55:00,120.65879901592594,OK
2024-11-09 00:00:00,115.78030870235169,OK
2024-11-09 00:05:00,473.3427670523889,OK
2024-11-09 00:10:00,473.5008428853532,OK
2024-11-09 00:15:00,474.76062270133775,OK
2024-11-09 00:20:00,475.28777467702963,OK
2024-11-09 00:25:00,478.2317925067629,OK
2024-11-09 00:30:00,476.00731164426895,OK
2024-11-09 00:35:00,475.3075750772527,OK
2024-11-09 00:40:00,476.4333759566263,OK
2024-11-09 00:45:00,475.8403524372794,OK
2024-11-09 00:50:00,116.6850666735863,OK
2024-11-09 00:55:00,115.78297988848621,OK
2024-11-09 01:00:00,114.0237197372206,OK
2024-11-09 01:05:00,482.688404902197,OK
2024-11-09 01:10:00,481.9148920648894,OK
2024-11-09 01:15:00,480.49490376357244,OK
2024-11-09 01:20:00,480.1508729020419,OK
2024-11-09 01:25:00,482.53453258310725,OK
2024-11-09 01:30:00,483.8032809627016,OK
2024-11-09 01:35:00,484.52066481854985,OK
2024-11-09 01:40:00,486.13904882058534,OK
2024-11-09 01:45:00,484.441425841666,OK
2024-11-09 01:50:00,487.75685832837445,OK
2024-11-09 01:55:00,488.42206559075356,OK
2024-11-09 02:00:00,486.78717602425877,OK
2024-11-09 02:05:00,489.7765192047958,OK
2024-11-09 02:10:00,485.4713200679929,OK
2024-11-09 02:15:00,485.4824097421967,OK
2024-11-09 02:20:00,490.1284922983902,OK
2024-11-09 02:25:00,490.28907727341624,OK
2024-11-09 02:30:00,488.3655067543047,OK
2024-11-09 02:35:00,492.35599272428965,OK
2024-11-09 02:40:00,493.25002288047796,OK
2024-11-09 02:45:00,487.45169299428477,OK
2024-11-09 02:50:00,488.433731111865,OK
2024-11-09 02:55:00,489.2075133249,OK
2024-11-09 03:00:00,488.58762173512423,OK
2024-11-09 03:05:00,495.7198221304364,OK
2024-11-09 03:10:00,487.6623057603954,OK
2024-11-09 03:15:00,491.5894761998604,OK
2024-11-09 03:20:00,490.63419337814975,OK
2024-11-09 03:25:00,492.1900382638117,OK
2024-11-09 03:30:00,493.9626827702298,OK
2024-11-09 03:35:00,495.25473510280966,OK
2024-11-09 03:40:00,494.48265087297614,OK
2024-11-09 03:45:00,495.9223791087296,OK
2024-11-09 03:50:00,492.96928919568154,OK
2024-11-09 03:55:00,496.81915139769785,OK
2024-11-09 04:00:00,496.71086250571375,OK
2024-11-09 04:05:00,490.48801263008653,OK
2024-11-09 04:10:00,496.45129946592357,OK
2024-11-09 04:15:00,495.81114912807783,OK
2024-11-09 04:20:00,495.95591779400434,OK
2024-11-09 04:25:00,497.37720608661976,OK
2024-11-09 04:30:00,496.7407766903103,OK
2024-11-09 04:35:00,497.9117159224867,OK
2024-11-09 04:40:00,495.60066308174294,OK
2024-11-09 04:45:00,495.79114593782265,OK
2024-11-09 04:50:00,495.80778255727876,OK
2024-11-09 04:55:00,496.1291197927955,OK
2024-11-09 05:00:00,495.66091802693234,OK
2024-11-09 05:05:00,497.00907133758153,OK
2024-11-09 05:10:00,488.60716287234584,OK
2024-11-09 05:15:00,493.70916893984264,OK
2024-11-09 05:20:00,495.8224656416244,OK
2024-11-09 05:25:00,496.8619611784075,OK
2024-11-09 05:30:00,496.69864936415024,OK
2024-11-09 05:35:00,493.8187155507847,OK
2024-11-09 05:40:00,493.2593433863632,OK
2024-11-09 05:45:00,494.0625447486755,OK
2024-11-09 05:50:00,495.0309954576595,OK
2024-11-09 05:55:00,493.96047085522895,OK
2024-11-09 06:00:00,497.040544417908,OK
2024-11-09 06:05:00,494.82791166536833,OK
2024-11-09 06:10:00,494.89191915561634,OK
2024-11-09 06:15:00,497.23888254605475,OK
2024-11-09 06:20:00,496.7798756792,OK
2024-11-09 06:25:00,495.90595507889896,OK
2024-11-09 06:30:00,496.32991138457714,OK
2024-11-09 06:35:00,496.84407916683705,OK
2024-11-09 06:40:00,496.0251845389673,OK
2024-11-09 06:45:00,496.5417631896521,OK
2024-11-09 06:50:00,493.8199689090458,OK
2024-11-09 06:55:00,494.52826878379864,OK
2024-11-09 07:00:00,496.15036181549516,OK
2024-11-09 07:05:00,496.3864022201745,OK
2024-11-09 07:10:00,494.6693424342956,OK
2024-11-09 07:15:00,494.84688765467456,OK
2024-11-09 07:20:00,495.49999235754524,OK
2024-11-09 07:25:00,495.999956307433,OK
2024-11-09 07:30:00,496.00937983664926,OK
2024-11-09 07:35:00,494.13050055305723,OK
2024-11-09 07:40:00,496.94380323155116,OK
2024-11-09 07:45:00,496.74758941024777,OK
2024-11-09 07:50:00,496.605244461622,OK
2024-11-09 07:55:00,491.75697871951644,OK
2024-11-09 08:00:00,495.64049812926686,OK
2024-11-09 08:05:00,495.0020208793329,OK
2024-11-09 08:10:00,497.477259652577,OK
2024-11-09 08:15:00,492.1593199212739,OK
2024-11-09 08:20:00,493.5582452704368,OK
2024-11-09 08:25:00,493.2074130832515,OK
2024-11-09 08:30:00,496.973114301414,OK
2024-11-09 08:35:00,495.85977869781664,OK
2024-11-09 08:40:00,491.0433336019005,OK
2024-11-09 08:45:00,489.5409465452029,OK
2024-11-09 08:50:00,492.5067511876484,OK
2024-11-09 08:55:00,496.0643701674215,OK
2024-11-09 09:00:00,491.45270948974144,OK
2024-11-09 09:05:00,486.34596397754825,OK
2024-11-09 09:10:00,492.48884778155985,OK
2024-11-09 09:15:00,488.02018185623945,OK
2024-11-09 09:20:00,492.29146822139137,OK
2024-11-09 09:25:00,490.24539138766823,OK
2024-11-09 09:30:00,488.33004946297905,OK
2024-11-09 09:35:00,487.79143268989407,OK
2024-11-09 09:40:00,491.14450576860384,OK
2024-11-09 09:45:00,491.5296348055943,OK
2024-11-09 09:50:00,486.59769582300856,OK
2024-11-09 09:55:00,484.631434704885,OK
2024-11-09 10:00:00,483.4002293914946,OK
2024-11-09 10:05:00,482.05399881141966,OK
2024-11-09 10:10:00,485.1834077553244,OK
2024-11-09 10:15:00,484.5306392138968,OK
2024-11-09 10:20:00,479.9704529434396,OK
2024-11-09 10:25:00,481.0421077339738,OK
2024-11-09 10:30:00,483.56497531842723,OK
2024-11-09 10:35:00,483.83858145115227,OK
2024-11-09 10:40:00,478.7190437583586,OK
2024-11-09 10:45:00,480.20190858433233,OK
2024-11-09 10:50:00,113.90330239263679,OK
2024-11-09 10:55:00,115.02354705930118,OK
2024-11-09 11:00:00,114.78261678770357,OK
2024-11-09 11:05:00,474.47005912614713,OK
2024-11-09 11:10:00,481.81017287815496,OK
2024-11-09 11:15:00,475.1286239790453,OK
2024-11-09 11:20:00,473.3792200162396,OK
2024-11-09 11:25:00,478.1716861879558,OK
2024-11-09 11:30:00,474.9005283865634,OK
2024-11-09 11:35:00,475.1740971315098,OK
2024-11-09 11:40:00,472.01013493953934,OK
2024-11-09 11:45:00,467.1662313511314,OK
2024-11-09 11:50:00,464.1385495389886,OK
2024-11-09 11:55:00,470.49916955890257,OK
2024-11-09 12:00:00,466.77649601959297,OK
2024-11-09 12:05:00,121.3387068764638,OK
2024-11-09 12:10:00,120.70961848745027,OK
2024-11-09 12:15:00,121.07897751342027,OK
2024-11-09 12:20:00,464.1209054293408,OK
2024-11-09 12:25:00,459.6903856245217,OK
2024-11-09 12:30:00,460.7611704977621,OK
2024-11-09 12:35:00,465.5122017233241,OK
2024-11-09 12:40:00,460.3360416114597,OK
2024-11-09 12:45:00,458.83422240629454,OK
2024-11-09 12:50:00,459.64461676961,OK
2024-11-09 12:55:00,457.70003319924024,OK
2024-11-09 13:00:00,460.1135815771534,OK
2024-11-09 13:05:00,459.8864634359187,OK
2024-11-09 13:10:00,460.02464314569414,OK
2024-11-09 13:15:00,120.41825192245115,OK
2024-11-09 13:20:00,123.30845033849624,OK
2024-11-09 13:25:00,122.72131678475384,OK
2024-11-09 13:30:00,461.57011555245157,OK
2024-11-09 13:35:00,454.9366825608749,OK
2024-11-09 13:40:00,455.9149466719184,OK
2024-11-09 13:45:00,456.2171514940717,OK
2024-11-09 13:50:00,456.8045448696532,OK
2024-11-09 13:55:00,454.2864706274711,OK
2024-11-09 14:00:00,452.24581267404403,OK
2024-11-09 14:05:00,455.8737804029893,OK
2024-11-09 14:10:00,452.906631218997,OK
2024-11-09 14:15:00,450.6780432196344,OK
2024-11-09 14:20:00,456.57408755773037,OK
2024-11-09 14:25:00,452.51648759456594,OK
2024-11-09 14:30:00,452.79883755507785,OK
2024-11-09 14:35:00,451.1160343278422,OK
2024-11-09 14:40:00,451.76176582169546,OK
2024-11-09 14:45:00,448.69433833585947,OK
2024-11-09 14:50:00,444.39865277872576,OK
2024-11-09 14:55:00,129.48618602567095,OK
2024-11-09 15:00:00,130.52405867612705,OK
2024-11-09 15:05:00,133.02696179997588,OK
2024-11-09 15:10:00,448.21431883794236,OK
2024-11-09 15:15:00,442.1943332325294,OK
2024-11-09 15:20:00,445.70840583561517,OK
2024-11-09 15:25:00,440.39013625972814,OK
2024-11-09 15:30:00,442.4560512020463,OK
2024-11-09 15:35:00,442.5812602879304,OK
2024-11-09 15:40:00,443.47145449284324,OK
2024-11-09 15:45:00,443.9123090002468,OK
2024-11-09 15:50:00,442.37081936648485,OK
2024-11-09 15:55:00,439.7660233487427,OK
2024-11-09 16:00:00,440.40793777526875,OK
2024-11-09 16:05:00,440.5845661759944,OK
2024-11-09 16:10:00,441.1241673331505,OK
2024-11-09 16:15:00,438.30138009191546,OK
2024-11-09 16:20:00,436.8927520612132,OK
2024-11-09 16:25:00,440.7584242783662,OK
2024-11-09 16:30:00,440.4607049958446,OK
2024-11-09 16:35:00,437.29299834528865,OK
2024-11-09 16:40:00,434.26818152393554,OK
2024-11-09 16:45:00,434.40543729320905,OK
2024-11-09 16:50:00,136.12620506209151,OK
2024-11-09 16:55:00,137.08669630854047,OK
2024-11-09 17:00:00,136.77791425198632,OK
2024-11-09 17:05:00,435.28149206532896,OK
2024-11-09 17:10:00,430.86721705721726,OK
2024-11-09 17:15:00,438.21573037422786,OK
2024-11-09 17:20:00,437.7005223556008,OK
2024-11-09 17:25:00,435.71781712192933,OK
2024-11-09 17:30:00,432.6337005166123,OK
2024-11-09 17:35:00,431.63618277540854,OK
2024-11-09 17:40:00,432.2695863422492,OK
2024-11-09 17:45:00,430.66172532524587,OK
2024-11-09 17:50:00,436.7458582543043,OK
2024-11-09 17:55:00,429.40728684000806,OK
2024-11-09 18:00:00,433.6736134883111,OK
2024-11-09 18:05:00,431.56812567795316,OK
2024-11-09 18:10:00,435.40529097183196,OK
2024-11-09 18:15:00,432.2485137172921,OK
2024-11-09 18:20:00,432.8655636897688,OK
2024-11-09 18:25:00,429.9295631380864,OK
2024-11-09 18:30:00,435.97364193106733,OK
2024-11-09 18:35:00,432.300644695787,OK
2024-11-09 18:40:00,435.2828635631566,OK
2024-11-09 18:45:00,431.1084303740942,OK
2024-11-09 18:50:00,431.0066681771416,OK
2024-11-09 18:55:00,429.4577568626319,OK
2024-11-09 19:00:00,433.56157934308004,OK
2024-11-09 19:05:00,430.24671378018905,OK
2024-11-09 19:10:00,429.3331448478044,OK
2024-11-09 19:15:00,436.67113109767644,OK
2024-11-09 19:20:00,431.03541005393595,OK
2024-11-09 19:25:00,430.7000600020779,OK
2024-11-09 19:30:00,434.6264379649595,OK
2024-11-09 19:35:00,436.84728573010943,OK
2024-11-09 19:40:00,431.86127970053843,OK
2024-11-09 19:45:00,436.9025280386182,OK
2024-11-09 19:50:00,434.5798325129176,OK
2024-11-09 19:55:00,434.81026113085466,OK
2024-11-09 20:00:00,432.97630392359787,OK
2024-11-09 20:05:00,436.3813509264908,OK
2024-11-09 20:10:00,437.0649622477262,OK
2024-11-09 20:15:00,435.9814866530758,OK
2024-11-09 20:20:00,433.0348996890046,OK
2024-11-09 20:25:00,431.3765855363254,OK
2024-11-09 20:30:00,440.1404653043171,OK
2024-11-09 20:35:00,437.11339458905104,OK
2024-11-09 20:40:00,133.8144425486301,OK
2024-11-09 20:45:00,135.1095829825612,OK
2024-11-09 20:50:00,133.55462848214205,OK
2024-11-09 20:55:00,441.9885193605086,OK
2024-11-09 21:00:00,442.2095057761715,OK
2024-11-09 21:05:00,442.61460506543614,OK
2024-11-09 21:10:00,441.8945970499972,OK
2024-11-09 21:15:00,441.4543169634363,OK
2024-11-09 21:20:00,442.39631951547943,OK
2024-11-09 21:25:00,445.85185308216006,OK
2024-11-09 21:30:00,441.65281329115396,OK
2024-11-09 21:35:00,443.53298798080283,OK
2024-11-09 21:40:00,440.50604602649764,OK
2024-11-09 21:45:00,444.7756510907966,OK
2024-11-09 21:50:00,447.9422642985068,OK
2024-11-09 21:55:00,444.7486847883911,OK
2024-11-09 22:00:00,441.77596925364554,OK
2024-11-09 22:05:00,131.5949314067291,OK
2024-11-09 22:10:00,132.19161749034873,OK
2024-11-09 22:15:00,130.30184474956425,OK
2024-11-09 22:20:00,442.7895852891111,OK
2024-11-09 22:25:00,449.2634537433137,OK
2024-11-09 22:30:00,449.0611425147793,OK
2024-11-09 22:35:00,446.69179694163006,OK
2024-11-09 22:40:00,452.81737934149913,OK
2024-11-09 22:45:00,446.31477371520424,OK
2024-11-09 22:50:00,449.10950731875033,OK
2024-11-09 22:55:00,448.6119358154823,OK
2024-11-09 23:00:00,128.63435505301163,OK
2024-11-09 23:05:00,128.52974233368158,OK
2024-11-09 23:10:00,126.46022365290075,OK
2024-11-09 23:15:00,453.1063837129758,OK
2024-11-09 23:20:00,455.6530010447355,OK
2024-11-09 23:25:00,452.69652451800874,OK
2024-11-09 23:30:00,452.114709173702,OK
2024-11-09 23:35:00,451.29459063552554,OK
2024-11-09 23:40:00,453.9357674490433,OK
2024-11-09 23:45:00,453.2008709116783,OK
2024-11-09 23:50:00,456.41668438596673,OK
2024-11-09 23:55:00,458.1678609054805,OK
2024-11-10 00:00:00,126.37343282657442,OK
2024-11-10 00:05:00,125.18155693144726,OK
2024-11-10 00:10:00,124.15221362257608,OK
2024-11-10 00:15:00,461.3400288761802,OK
2024-11-10 00:20:00,462.12368499610324,OK
2024-11-10 00:25:00,458.54954036352126,OK
2024-11-10 00:30:00,458.295024827265,OK
2024-11-10 00:35:00,464.57633420857036,OK
2024-11-10 00:40:00,460.66564574364264,OK
2024-11-10 00:45:00,464.67441557947177,OK
2024-11-10 00:50:00,463.30236671610834,OK
2024-11-10 00:55:00,460.6411589754746,OK
2024-11-10 01:00:00,462.79865368313386,OK
2024-11-10 01:05:00,462.8185943627103,OK
2024-11-10 01:10:00,461.13174391911855,OK
2024-11-10 01:15:00,468.64239789311654,OK
2024-11-10 01:20:00,470.1677532432185,OK
2024-11-10 01:25:00,469.6403472437227,OK
2024-11-10 01:30:00,469.65464665040173,OK
2024-11-10 01:35:00,476.397469171748,OK
2024-11-10 01:40:00,471.26280024693887,OK
2024-11-10 01:45:00,116.74065569716682,OK
2024-11-10 01:50:00,116.94519075354683,OK
2024-11-10 01:55:00,116.56109167504611,OK
2024-11-10 02:00:00,476.2370278647993,OK
2024-11-10 02:05:00,473.9769883536476,OK
2024-11-10 02:10:00,473.7105991093595,OK
2024-11-10 02:15:00,478.5315916086726,OK
2024-11-10 02:20:00,477.54151276585736,OK
2024-11-10 02:25:00,482.7338150214526,OK
2024-11-10 02:30:00,480.9282386919025,OK
2024-11-10 02:35:00,479.86440515981235,OK
2024-11-10 02:40:00,478.22099951456454,OK
2024-11-10 02:45:00,481.56811420390574,OK
2024-11-10 02:50:00,481.20452494799196,OK
2024-11-10 02:55:00,482.9486331178543,OK
2024-11-10 03:00:00,479.15995157817053,OK
2024-11-10 03:05:00,113.86851371717829,OK
2024-11-10 03:10:00,113.69333728849455,OK
2024-11-10 03:15:00,112.26815012722432,OK
2024-11-10 03:20:00,486.16721227845164,OK
2024-11-10 03:25:00,484.3254044766692,OK
2024-11-10 03:30:00,484.31769055406136,OK
2024-11-10 03:35:00,484.2602292108638,OK
2024-11-10 03:40:00,482.8401298045528,OK
2024-11-10 03:45:00,480.00236551853254,OK
2024-11-10 03:50:00,482.08324871158123,OK
2024-11-10 03:55:00,486.6028169592969,OK
2024-11-10 04:00:00,483.1083616924048,OK
2024-11-10 04:05:00,483.24699333111556,OK
2024-11-10 04:10:00,487.1892879190999,OK
2024-11-10 04:15:00,483.74130898073076,OK
2024-11-10 04:20:00,487.1809923067069,OK
2024-11-10 04:25:00,489.89715376945395,OK
2024-11-10 04:30:00,485.66486346494133,OK
2024-11-10 04:35:00,485.66310058417264,OK
2024-11-10 04:40:00,487.3102072845214,OK
2024-11-10 04:45:00,487.1046115039125,OK
2024-11-10 04:50:00,487.76164955647783,OK
2024-11-10 04:55:00,484.981558559247,OK
2024-11-10 05:00:00,487.86582284468403,OK
2024-11-10 05:05:00,486.79522235228876,OK
2024-11-10 05:10:00,486.87780487371333,OK
2024-11-10 05:15:00,490.8102854615216,OK
2024-11-10 05:20:00,490.58426268732717,OK
2024-11-10 05:25:00,493.83593371779455,OK
2024-11-10 05:30:00,487.3357260533041,OK
2024-11-10 05:35:00,492.04105769238623,OK
2024-11-10 05:40:00,488.38179583752384,OK
2024-11-10 05:45:00,488.26907761673385,OK
2024-11-10 05:50:00,488.031868742203,OK
2024-11-10 05:55:00,492.6957185312277,OK
2024-11-10 06:00:00,490.47176998879485,OK
2024-11-10 06:05:00,486.2761755005854,OK
2024-11-10 06:10:00,486.035732094155,OK
2024-11-10 06:15:00,487.9965698357642,OK
2024-11-10 06:20:00,489.7066214388758,OK
2024-11-10 06:25:00,492.9956982823308,OK
2024-11-10 06:30:00,488.8929468363055,OK
2024-11-10 06:35:00,490.76316340224537,OK
2024-11-10 06:40:00,488.05424095759554,OK
2024-11-10 06:45:00,491.2014916779776,OK
2024-11-10 06:50:00,489.60720336085944,OK
2024-11-10 06:55:00,488.72021191349455,OK
2024-11-10 07:00:00,488.25604388026994,OK
2024-11-10 07:05:00,486.676934091833,OK
2024-11-10 07:10:00,488.77061966781537,OK
2024-11-10 07:15:00,491.38881909477436,OK
2024-11-10 07:20:00,483.5042280527187,OK
2024-11-10 07:25:00,113.25169987418047,OK
2024-11-10 07:30:00,111.76672689629274,OK
2024-11-10 07:35:00,108.85074131991027,OK
2024-11-10 07:40:00,487.5996595664569,OK
2024-11-10 07:45:00,484.78528390057335,OK
2024-11-10 07:50:00,482.13592075207436,OK
2024-11-10 07:55:00,489.0763779752415,OK
2024-11-10 08:00:00,486.1710925429833,OK
2024-11-10 08:05:00,484.1795483346225,OK
2024-11-10 08:10:00,482.94747332926454,OK
2024-11-10 08:15:00,486.131397184279,OK
2024-11-10 08:20:00,489.298223894792,OK
2024-11-10 08:25:00,483.3436864398213,OK
2024-11-10 08:30:00,481.9260979439453,OK
2024-11-10 08:35:00,483.86756274207903,OK
2024-11-10 08:40:00,481.7310356251088,OK
2024-11-10 08:45:00,483.2127152653831,OK
2024-11-10 08:50:00,483.60340201421826,OK
2024-11-10 08:55:00,478.1399403268121,OK
2024-11-10 09:00:00,479.7159352948607,OK
2024-11-10 09:05:00,478.40476831063285,OK
2024-11-10 09:10:00,475.97447590550246,OK
2024-11-10 09:15:00,481.47450441229716,OK
2024-11-10 09:20:00,479.07850628233814,OK
2024-11-10 09:25:00,476.6178670755305,OK
2024-11-10 09:30:00,477.95476658827977,OK
2024-11-10 09:35:00,473.57038050426274,OK
2024-11-10 09:40:00,476.835803921563,OK
2024-11-10 09:45:00,478.0673644002722,OK
2024-11-10 09:50:00,474.8719672764621,OK
2024-11-10 09:55:00,474.07533300054587,OK
2024-11-10 10:00:00,471.1979030251038,OK
2024-11-10 10:05:00,116.7573323503163,OK
2024-11-10 10:10:00,117.63194903770017,OK
2024-11-10 10:15:00,117.90221447775335,OK
2024-11-10 10:20:00,471.9165313399232,OK
2024-11-10 10:25:00,472.5095483904188,OK
2024-11-10 10:30:00,469.37772741036827,OK
2024-11-10 10:35:00,469.611901710485,OK
2024-11-10 10:40:00,464.54086081513867,OK
2024-11-10 10:45:00,464.7404179633964,OK
2024-11-10 10:50:00,464.9764616537016,OK
2024-11-10 10:55:00,465.7900568102438,OK
2024-11-10 11:00:00,466.08910202620655,OK
2024-11-10 11:05:00,118.98998906342224,OK
2024-11-10 11:10:00,120.19089077182923,OK
2024-11-10 11:15:00,121.28184915943176,OK
2024-11-10 11:20:00,463.55208344926797,OK
2024-11-10 11:25:00,461.21936099152305,OK
2024-11-10 11:30:00,459.93423061336955,OK
2024-11-10 11:35:00,463.59884598949236,OK
2024-11-10 11:40:00,463.67450848781453,OK
2024-11-10 11:45:00,456.8914219669373,OK
2024-11-10 11:50:00,458.04584450527966,OK
2024-11-10 11:55:00,460.1107563544163,OK
2024-11-10 12:00:00,123.54770788273696,OK
2024-11-10 12:05:00,124.2347958132102,OK
2024-11-10 12:10:00,126.6528940844066,OK
2024-11-10 12:15:00,455.00774120655745,OK
2024-11-10 12:20:00,448.6014210730591,OK
2024-11-10 12:25:00,453.9835970649898,OK
2024-11-10 12:30:00,451.74295601189374,OK
2024-11-10 12:35:00,456.91252891858664,OK
2024-11-10 12:40:00,454.3153357445367,OK
2024-11-10 12:45:00,449.147323503716,OK
2024-11-10 12:50:00,449.951369018188,OK
2024-11-10 12:55:00,460.18107923605163,OK
2024-11-10 13:00:00,447.5875440114307,OK
2024-11-10 13:05:00,444.1395752533635,OK
2024-11-10 13:10:00,452.41338114235356,OK
2024-11-10 13:15:00,443.17897186898807,OK
2024-11-10 13:20:00,452.72504051056285,OK
2024-11-10 13:25:00,444.08167663297,OK
2024-11-10 13:30:00,132.21656441502986,OK
2024-11-10 13:35:00,128.10227327227398,OK
2024-11-10 13:40:00,133.19612537287003,OK
2024-11-10 13:45:00,440.8089428815928,OK
2024-11-10 13:50:00,441.94916044563297,OK
2024-11-10 13:55:00,440.5393632850722,OK
2024-11-10 14:00:00,441.75594064356306,OK
2024-11-10 14:05:00,444.7396104138458,OK
2024-11-10 14:10:00,438.9015186756336,OK
2024-11-10 14:15:00,436.2240792123991,OK
2024-11-10 14:20:00,436.58865926604165,OK
2024-11-10 14:25:00,443.51234661306347,OK
2024-11-10 14:30:00,441.98937040138065,OK
2024-11-10 14:35:00,135.43751065538333,OK
2024-11-10 14:40:00,134.4659045028448,OK
2024-11-10 14:45:00,137.12161328377258,OK
2024-11-10 14:50:00,435.12122661743643,OK
2024-11-10 14:55:00,438.43469238015444,OK
2024-11-10 15:00:00,432.5015746975131,OK
2024-11-10 15:05:00,432.5283911371001,OK
2024-11-10 15:10:00,434.7471911458528,OK
2024-11-10 15:15:00,433.93096749852197,OK
2024-11-10 15:20:00,436.34207293162433,OK
2024-11-10 15:25:00,431.82673110985047,OK
2024-11-10 15:30:00,430.90365316997713,OK
2024-11-10 15:35:00,429.7677785810849,OK
2024-11-10 15:40:00,429.56555231131284,OK
2024-11-10 15:45:00,428.6553607922944,OK
2024-11-10 15:50:00,429.8348561854133,OK
2024-11-10 15:55:00,428.0828914485097,OK
2024-11-10 16:00:00,425.60950329716985,OK
2024-11-10 16:05:00,427.5974051221293,OK
2024-11-10 16:10:00,426.2810899397561,OK
2024-11-10 16:15:00,427.10740980350107,OK
2024-11-10 16:20:00,427.821382638939,OK
2024-11-10 16:25:00,425.0962810175389,OK
2024-11-10 16:30:00,427.6865585360631,OK
2024-11-10 16:35:00,424.5268906709045,OK
2024-11-10 16:40:00,425.0568219830018,OK
2024-11-10 16:45:00,425.91364321877654,OK
2024-11-10 16:50:00,426.1406221428313,OK
2024-11-10 16:55:00,425.87793201536556,OK
2024-11-10 17:00:00,428.01617117788686,OK
2024-11-10 17:05:00,422.90299480955053,OK
2024-11-10 17:10:00,423.28337101708564,OK
2024-11-10 17:15:00,421.36867207269785,OK
2024-11-10 17:20:00,424.66262290967484,OK
2024-11-10 17:25:00,419.29378867074917,OK
2024-11-10 17:30:00,423.9610107723896,OK
2024-11-10 17:35:00,424.4417395447334,OK
2024-11-10 17:40:00,425.0232383108757,OK
2024-11-10 17:45:00,427.0915173814312,OK
2024-11-10 17:50:00,419.7826920574894,OK
2024-11-10 17:55:00,419.0134060627872,OK
2024-11-10 18:00:00,421.72871872717815,OK
2024-11-10 18:05:00,424.8198467559939,OK
2024-11-10 18:10:00,419.2975280901578,OK
2024-11-10 18:15:00,424.49781025504046,OK
2024-11-10 18:20:00,424.47928239946424,OK
2024-11-10 18:25:00,420.8036183067156,OK
2024-11-10 18:30:00,422.90231219723444,OK
2024-11-10 18:35:00,419.42271050275895,OK
2024-11-10 18:40:00,424.03368768470324,OK
2024-11-10 18:45:00,426.44077930869156,OK
2024-11-10 18:50:00,426.75547490682146,OK
2024-11-10 18:55:00,429.4459904575659,OK
2024-11-10 19:00:00,425.4047463428439,OK
2024-11-10 19:05:00,423.13661975336686,OK
2024-11-10 19:10:00,424.48941104138135,OK
2024-11-10 19:15:00,425.54036875715104,OK
2024-11-10 19:20:00,428.58910433483663,OK
2024-11-10 19:25:00,425.9981610328775,OK
2024-11-10 19:30:00,424.72296867111754,OK
2024-11-10 19:35:00,425.6080079001661,OK
2024-11-10 19:40:00,425.310417726301,OK
2024-11-10 19:45:00,428.91974799135784,OK
2024-11-10 19:50:00,424.05375097256484,OK
2024-11-10 19:55:00,434.1079303981793,OK
2024-11-10 20:00:00,425.97576613671447,OK
2024-11-10 20:05:00,420.7259986094245,OK
2024-11-10 20:10:00,430.93241843892696,OK
2024-11-10 20:15:00,428.118533037435,OK
2024-11-10 20:20:00,428.0693392709767,OK
2024-11-10 20:25:00,429.23996133258703,OK
2024-11-10 20:30:00,426.2258375003325,OK
2024-11-10 20:35:00,427.32500046971825,OK
2024-11-10 20:40:00,428.4126823723226,OK
2024-11-10 20:45:00,427.5728399613997,OK
2024-11-10 20:50:00,429.31556616893903,OK
2024-11-10 20:55:00,422.34237357484176,OK
2024-11-10 21:00:00,429.26077756107645,OK
2024-11-10 21:05:00,429.83687610103163,OK
2024-11-10 21:10:00,136.96609891367373,OK
2024-11-10 21:15:00,138.10174913013273,OK
2024-11-10 21:20:00,141.01397578804904,OK
2024-11-10 21:25:00,436.1373654777938,OK
2024-11-10 21:30:00,438.0650068203912,OK
2024-11-10 21:35:00,433.7503847872272,OK
2024-11-10 21:40:00,430.6426076429105,OK
2024-11-10 21:45:00,433.5915429866004,OK
2024-11-10 21:50:00,434.80563615811707,OK
2024-11-10 21:55:00,439.4988643174528,OK
2024-11-10 22:00:00,433.9046128911531,OK
2024-11-10 22:05:00,434.0412179133071,OK
2024-11-10 22:10:00,440.2120974264718,OK
2024-11-10 22:15:00,434.08456794836235,OK
2024-11-10 22:20:00,135.87781272386263,OK
2024-11-10 22:25:00,137.21597814091115,OK
2024-11-10 22:30:00,135.23292422740315,OK
2024-11-10 22:35:00,439.0476825944165,OK
2024-11-10 22:40:00,438.33101856342614,OK
2024-11-10 22:45:00,438.55236825813404,OK
2024-11-10 22:50:00,446.18717446216004,OK
2024-11-10 22:55:00,445.991644487772,OK
2024-11-10 23:00:00,444.08052499812976,OK
2024-11-10 23:05:00,443.33647263627864,OK
2024-11-10 23:10:00,442.2886875797549,OK
2024-11-10 23:15:00,131.8430710623164,OK
2024-11-10 23:20:00,132.08591129104806,OK
2024-11-10 23:25:00,130.92372132065117,OK
2024-11-10 23:30:00,450.3085219060661,OK
2024-11-10 23:35:00,448.0515910376197,OK
2024-11-10 23:40:00,452.30444301684776,OK
2024-11-10 23:45:00,452.0165409813388,OK
2024-11-10 23:50:00,451.6644913006797,OK
2024-11-10 23:55:00,461.78260583393336,OK
