timestamp,suction_line_temp_c,data_quality_flag
2024-11-01 00:00:00,30.73182753361703,OK
2024-11-01 00:05:00,31.220708778149078,OK
2024-11-01 00:10:00,29.967017830647276,OK
2024-11-01 00:15:00,3.4040479370971517,OK
2024-11-01 00:20:00,4.055246009982853,OK
2024-11-01 00:25:00,3.5980454916912272,OK
2024-11-01 00:30:00,3.692473746322352,OK
2024-11-01 00:35:00,3.8340980824370074,OK
2024-11-01 00:40:00,3.087977832323154,OK
2024-11-01 00:45:00,3.084025535011826,OK
2024-11-01 00:50:00,2.9866556006378038,OK
2024-11-01 00:55:00,4.098363468862298,OK
2024-11-01 01:00:00,3.1432893510330944,OK
2024-11-01 01:05:00,28.30855684581212,OK
2024-11-01 01:10:00,28.264065581285692,OK
2024-11-01 01:15:00,28.639990771150963,OK
2024-11-01 01:20:00,2.596331550203251,OK
2024-11-01 01:25:00,1.9809037961770772,OK
2024-11-01 01:30:00,2.7586473299049934,OK
2024-11-01 01:35:00,3.2003857023899434,OK
2024-11-01 01:40:00,2.1738152977545377,OK
2024-11-01 01:45:00,2.138967438642994,OK
2024-11-01 01:50:00,2.795873742774282,OK
2024-11-01 01:55:00,2.4493933076535015,OK
2024-11-01 02:00:00,2.3910825651711223,OK
2024-11-01 02:05:00,26.82837693233314,OK
2024-11-01 02:10:00,28.293190650864307,OK
2024-11-01 02:15:00,28.27945442057759,OK
2024-11-01 02:20:00,1.3961599127096858,OK
2024-11-01 02:25:00,2.090430297649,OK
2024-11-01 02:30:00,2.170439793283657,OK
2024-11-01 02:35:00,2.453604114133135,OK
2024-11-01 02:40:00,2.5035361977139683,OK
2024-11-01 02:45:00,1.5336094771053599,OK
2024-11-01 02:50:00,1.651266981365696,OK
2024-11-01 02:55:00,2.0759489012871257,OK
2024-11-01 03:00:00,26.567027719266477,OK
2024-11-01 03:05:00,27.79962724756004,OK
2024-11-01 03:10:00,26.32856677078073,OK
2024-11-01 03:15:00,1.667350312775041,OK
2024-11-01 03:20:00,1.120158500634078,OK
2024-11-01 03:25:00,1.643722877570195,OK
2024-11-01 03:30:00,1.4551376885832932,OK
2024-11-01 03:35:00,0.8886481651661784,OK
2024-11-01 03:40:00,1.9846420128795137,OK
2024-11-01 03:45:00,1.391832798537639,OK
2024-11-01 03:50:00,0.5832982985113492,OK
2024-11-01 03:55:00,0.7614876447872994,OK
2024-11-01 04:00:00,0.3531210495090188,OK
2024-11-01 04:05:00,1.1035240883796529,OK
2024-11-01 04:10:00,26.172452983811613,OK
2024-11-01 04:15:00,26.96914596877114,OK
2024-11-01 04:20:00,27.01632580186436,OK
2024-11-01 04:25:00,0.7814207982543921,OK
2024-11-01 04:30:00,0.8076203120959078,OK
2024-11-01 04:35:00,0.06117816718745245,OK
2024-11-01 04:40:00,0.5697315212121827,OK
2024-11-01 04:45:00,0.8207219175241701,OK
2024-11-01 04:50:00,0.9684291915325591,OK
2024-11-01 04:55:00,-0.39910546262185176,OK
2024-11-01 05:00:00,0.19801711907717323,OK
2024-11-01 05:05:00,0.13290118952673557,OK
2024-11-01 05:10:00,0.35966308280775044,OK
2024-11-01 05:15:00,0.8709601217426769,OK
2024-11-01 05:20:00,0.03476980298796245,OK
2024-11-01 05:25:00,0.22838674307866436,OK
2024-11-01 05:30:00,26.73881128399247,OK
2024-11-01 05:35:00,26.744787046643204,OK
2024-11-01 05:40:00,26.34278928782202,OK
2024-11-01 05:45:00,0.4296578550086997,OK
2024-11-01 05:50:00,-0.7475881427876981,OK
2024-11-01 05:55:00,0.15687487400938854,OK
2024-11-01 06:00:00,0.6701324366859093,OK
2024-11-01 06:05:00,-0.5137108744498329,OK
2024-11-01 06:10:00,-0.8027712498834201,OK
2024-11-01 06:15:00,0.5570470841654017,OK
2024-11-01 06:20:00,0.09627677042684962,OK
2024-11-01 06:25:00,0.989829734589928,OK
2024-11-01 06:30:00,1.0438773711906935,OK
2024-11-01 06:35:00,0.8964553548620074,OK
2024-11-01 06:40:00,-0.8105153262493309,OK
2024-11-01 06:45:00,1.4386877650254046,OK
2024-11-01 06:50:00,0.5868543338119812,OK
2024-11-01 06:55:00,-0.08006788184773986,OK
2024-11-01 07:00:00,26.752035669233813,OK
2024-11-01 07:05:00,26.185033193054924,OK
2024-11-01 07:10:00,27.394966885708335,OK
2024-11-01 07:15:00,-0.19058790486887622,OK
2024-11-01 07:20:00,1.1671995551683607,OK
2024-11-01 07:25:00,-0.1508428241505182,OK
2024-11-01 07:30:00,1.1590561139884314,OK
2024-11-01 07:35:00,0.5192695587820744,OK
2024-11-01 07:40:00,0.6930062189026347,OK
2024-11-01 07:45:00,0.34727652086321864,OK
2024-11-01 07:50:00,0.46204929006800916,OK
2024-11-01 07:55:00,0.1836681642283231,OK
2024-11-01 08:00:00,26.661433813466743,OK
2024-11-01 08:05:00,27.20632740130888,OK
2024-11-01 08:10:00,26.1063354317082,OK
2024-11-01 08:15:00,1.5398222146090972,OK
2024-11-01 08:20:00,0.7958545653366189,OK
2024-11-01 08:25:00,1.1925598319423938,OK
2024-11-01 08:30:00,-0.059898287030020536,OK
2024-11-01 08:35:00,0.2820138009157914,OK
2024-11-01 08:40:00,0.07939685109940164,OK
2024-11-01 08:45:00,-0.28814083163123105,OK
2024-11-01 08:50:00,1.6964420460318923,OK
2024-11-01 08:55:00,27.63475585213687,OK
2024-11-01 09:00:00,27.13245350622926,OK
2024-11-01 09:05:00,26.380274455391856,OK
2024-11-01 09:10:00,0.4291428608282698,OK
2024-11-01 09:15:00,1.7157815849359213,OK
2024-11-01 09:20:00,2.2360071501158925,OK
2024-11-01 09:25:00,1.6351686228465652,OK
2024-11-01 09:30:00,1.6296567518178173,OK
2024-11-01 09:35:00,0.9206818584641108,OK
2024-11-01 09:40:00,1.1414391056038202,OK
2024-11-01 09:45:00,2.8602272156569617,OK
2024-11-01 09:50:00,27.782498984942773,OK
2024-11-01 09:55:00,27.32943221373662,OK
2024-11-01 10:00:00,28.88569816459164,OK
2024-11-01 10:05:00,2.119240532103258,OK
2024-11-01 10:10:00,3.116603104970877,OK
2024-11-01 10:15:00,1.3224377687868953,OK
2024-11-01 10:20:00,2.875655834388576,OK
2024-11-01 10:25:00,2.3492166554299034,OK
2024-11-01 10:30:00,2.1311633791890587,OK
2024-11-01 10:35:00,2.9130714695610567,OK
2024-11-01 10:40:00,2.246948033302753,OK
2024-11-01 10:45:00,2.84013439102352,OK
2024-11-01 10:50:00,29.171568948461815,OK
2024-11-01 10:55:00,29.076292204706146,OK
2024-11-01 11:00:00,28.593019993441654,OK
2024-11-01 11:05:00,2.1843103946160105,OK
2024-11-01 11:10:00,2.368026205844213,OK
2024-11-01 11:15:00,1.9162903960744506,OK
2024-11-01 11:20:00,3.1741206049988326,OK
2024-11-01 11:25:00,2.9267981529889187,OK
2024-11-01 11:30:00,3.63745696035418,OK
2024-11-01 11:35:00,3.0621527324185753,OK
2024-11-01 11:40:00,3.3158453995891795,OK
2024-11-01 11:45:00,4.424227221131533,OK
2024-11-01 11:50:00,3.936947088420285,OK
2024-11-01 11:55:00,2.2562059336516165,OK
2024-11-01 12:00:00,29.675569710271073,OK
2024-11-01 12:05:00,30.173795245340877,OK
2024-11-01 12:10:00,31.057200264086863,OK
2024-11-01 12:15:00,4.534651484159209,OK
2024-11-01 12:20:00,3.307427750877217,OK
2024-11-01 12:25:00,4.245005334818754,OK
2024-11-01 12:30:00,3.605701640284524,OK
2024-11-01 12:35:00,5.387152499471609,OK
2024-11-01 12:40:00,4.598446545206415,OK
2024-11-01 12:45:00,4.80773065772458,OK
2024-11-01 12:50:00,5.0214819086741445,OK
2024-11-01 12:55:00,5.623050850190841,OK
2024-11-01 13:00:00,5.527409517883486,OK
2024-11-01 13:05:00,5.565385022501309,OK
2024-11-01 13:10:00,5.053624846133086,OK
2024-11-01 13:15:00,4.905628572735744,OK
2024-11-01 13:20:00,5.900067640480419,OK
2024-11-01 13:25:00,31.559191136032737,OK
2024-11-01 13:30:00,31.014210676125447,OK
2024-11-01 13:35:00,31.094766281446827,OK
2024-11-01 13:40:00,6.168514596332263,OK
2024-11-01 13:45:00,6.297515676185066,OK
2024-11-01 13:50:00,5.474889511353127,OK
2024-11-01 13:55:00,5.827296464671565,OK
2024-11-01 14:00:00,6.3144568190146915,OK
2024-11-01 14:05:00,6.617657237082377,OK
2024-11-01 14:10:00,6.02833878598801,OK
2024-11-01 14:15:00,6.749593299937571,OK
2024-11-01 14:20:00,6.079430794731589,OK
2024-11-01 14:25:00,6.394447940870655,OK
2024-11-01 14:30:00,6.904216772979648,OK
2024-11-01 14:35:00,5.674025446481301,OK
2024-11-01 14:40:00,6.211915275406483,OK
2024-11-01 14:45:00,5.695960160212345,OK
2024-11-01 14:50:00,6.238404881917837,OK
2024-11-01 14:55:00,5.766927282269308,OK
2024-11-01 15:00:00,7.462890569243005,OK
2024-11-01 15:05:00,7.078747873915271,OK
2024-11-01 15:10:00,7.452738233827005,OK
2024-11-01 15:15:00,6.965561523448532,OK
2024-11-01 15:20:00,7.337786980293593,OK
2024-11-01 15:25:00,6.610333804372338,OK
2024-11-01 15:30:00,7.419773945573643,OK
2024-11-01 15:35:00,7.713246466175871,OK
2024-11-01 15:40:00,6.948595921222951,OK
2024-11-01 15:45:00,7.438342474289095,OK
2024-11-01 15:50:00,6.904495201924679,OK
2024-11-01 15:55:00,7.524960506444088,OK
2024-11-01 16:00:00,6.494310617545433,OK
2024-11-01 16:05:00,8.610271265272782,OK
2024-11-01 16:10:00,7.451455682129296,OK
2024-11-01 16:15:00,6.562922406026089,OK
2024-11-01 16:20:00,7.779631864476449,OK
2024-11-01 16:25:00,7.008115856460986,OK
2024-11-01 16:30:00,6.637293074398146,OK
2024-11-01 16:35:00,8.369577564899515,OK
2024-11-01 16:40:00,6.704795843246581,OK
2024-11-01 16:45:00,7.089270333144757,OK
2024-11-01 16:50:00,7.753149825075926,OK
2024-11-01 16:55:00,8.273889567950821,OK
2024-11-01 17:00:00,8.457537294043785,OK
2024-11-01 17:05:00,8.744026280699417,OK
2024-11-01 17:10:00,7.524091650459557,OK
2024-11-01 17:15:00,6.422043980973789,OK
2024-11-01 17:20:00,8.12238322777188,OK
2024-11-01 17:25:00,8.905661881592193,OK
2024-11-01 17:30:00,8.92710493700755,OK
2024-11-01 17:35:00,7.916227570088058,OK
2024-11-01 17:40:00,7.582181787831429,OK
2024-11-01 17:45:00,7.3817361843364875,OK
2024-11-01 17:50:00,9.384302367331058,OK
2024-11-01 17:55:00,6.875309599552188,OK
2024-11-01 18:00:00,7.777430775783517,OK
2024-11-01 18:05:00,8.293882870583966,OK
2024-11-01 18:10:00,8.398221623096966,OK
2024-11-01 18:15:00,7.55779692769391,OK
2024-11-01 18:20:00,8.413655893472757,OK
2024-11-01 18:25:00,8.032885895120698,OK
2024-11-01 18:30:00,8.00180037203804,OK
2024-11-01 18:35:00,7.635867783189122,OK
2024-11-01 18:40:00,8.886897538090182,OK
2024-11-01 18:45:00,7.881979072991156,OK
2024-11-01 18:50:00,8.915407087149363,OK
2024-11-01 18:55:00,8.549716878093927,OK
2024-11-01 19:00:00,7.350813598603206,OK
2024-11-01 19:05:00,7.461422436815884,OK
2024-11-01 19:10:00,8.657631136790522,OK
2024-11-01 19:15:00,8.903936328740548,OK
2024-11-01 19:20:00,7.341903356949221,OK
2024-11-01 19:25:00,8.334309040901537,OK
2024-11-01 19:30:00,7.782763543856323,OK
2024-11-01 19:35:00,7.398911519772733,OK
2024-11-01 19:40:00,7.479569159539661,OK
2024-11-01 19:45:00,6.783276184944202,OK
2024-11-01 19:50:00,6.932416854328117,OK
2024-11-01 19:55:00,6.57292261535467,OK
2024-11-01 20:00:00,7.111979104688599,OK
2024-11-01 20:05:00,7.23423935590444,OK
2024-11-01 20:10:00,6.780898574018149,OK
2024-11-01 20:15:00,7.914083282281756,OK
2024-11-01 20:20:00,7.342147428280148,OK
2024-11-01 20:25:00,7.973884930442812,OK
2024-11-01 20:30:00,6.711880906287004,OK
2024-11-01 20:35:00,6.6940912541909405,OK
2024-11-01 20:40:00,7.597200460643788,OK
2024-11-01 20:45:00,6.643868688475515,OK
2024-11-01 20:50:00,6.858312449566257,OK
2024-11-01 20:55:00,6.8650048786599385,OK
2024-11-01 21:00:00,6.129152934189389,OK
2024-11-01 21:05:00,6.790674506271193,OK
2024-11-01 21:10:00,6.681271050823818,OK
2024-11-01 21:15:00,6.819856845835356,OK
2024-11-01 21:20:00,7.304073173200246,OK
2024-11-01 21:25:00,7.363952849654018,OK
2024-11-01 21:30:00,6.426158573129931,OK
2024-11-01 21:35:00,6.343386661651642,OK
2024-11-01 21:40:00,7.099950399567035,OK
2024-11-01 21:45:00,6.164117343107538,OK
2024-11-01 21:50:00,5.176440350898147,OK
2024-11-01 21:55:00,6.2167931346428045,OK
2024-11-01 22:00:00,6.500800859791684,OK
2024-11-01 22:05:00,5.989989840358199,OK
2024-11-01 22:10:00,6.465909864541556,OK
2024-11-01 22:15:00,4.624416402044162,OK
2024-11-01 22:20:00,5.864864642584913,OK
2024-11-01 22:25:00,4.63805386369928,OK
2024-11-01 22:30:00,5.859571712258565,OK
2024-11-01 22:35:00,30.277949842711347,OK
2024-11-01 22:40:00,30.725579283328464,OK
2024-11-01 22:45:00,31.478898405230552,OK
2024-11-01 22:50:00,5.606794566845261,OK
2024-11-01 22:55:00,4.882166657076756,OK
2024-11-01 23:00:00,6.159603562996028,OK
2024-11-01 23:05:00,5.1234698640635274,OK
2024-11-01 23:10:00,4.3639466917697805,OK
2024-11-01 23:15:00,4.080190666384708,OK
2024-11-01 23:20:00,5.042648502832118,OK
2024-11-01 23:25:00,5.0736236654703095,OK
2024-11-01 23:30:00,5.177072016242332,OK
2024-11-01 23:35:00,4.859200221548803,OK
2024-11-01 23:40:00,29.580778028711627,OK
2024-11-01 23:45:00,30.695948845454982,OK
2024-11-01 23:50:00,29.911885242779213,OK
2024-11-01 23:55:00,3.664219490472809,OK
2024-11-02 00:00:00,3.5677103798342285,OK
2024-11-02 00:05:00,3.197002596570542,OK
2024-11-02 00:10:00,4.5632947085414965,OK
2024-11-02 00:15:00,3.2183768232587475,OK
2024-11-02 00:20:00,3.504162806507426,OK
2024-11-02 00:25:00,3.3410606926055904,OK
2024-11-02 00:30:00,4.436049545193949,OK
2024-11-02 00:35:00,3.3182441969152827,OK
2024-11-02 00:40:00,2.6875631783063483,OK
2024-11-02 00:45:00,3.874425147987902,OK
2024-11-02 00:50:00,3.8364356175939416,OK
2024-11-02 00:55:00,28.433157613530717,OK
2024-11-02 01:00:00,27.35199694209045,OK
2024-11-02 01:05:00,28.26368817329079,OK
2024-11-02 01:10:00,3.057442555177144,OK
2024-11-02 01:15:00,3.576591044203046,OK
2024-11-02 01:20:00,2.2987124378498165,OK
2024-11-02 01:25:00,2.859557197811583,OK
2024-11-02 01:30:00,0.8891649855268904,OK
2024-11-02 01:35:00,1.8822102945285464,OK
2024-11-02 01:40:00,1.9179513147765055,OK
2024-11-02 01:45:00,2.4098455009161417,OK
2024-11-02 01:50:00,2.4462758284537887,OK
2024-11-02 01:55:00,2.399639021123626,OK
2024-11-02 02:00:00,27.53089387507705,OK
2024-11-02 02:05:00,28.204273446428704,OK
2024-11-02 02:10:00,28.314077649080748,OK
2024-11-02 02:15:00,1.4882446033462338,OK
2024-11-02 02:20:00,0.5134569489037069,OK
2024-11-02 02:25:00,2.288764309534105,OK
2024-11-02 02:30:00,2.0286073148842463,OK
2024-11-02 02:35:00,0.9156345265545595,OK
2024-11-02 02:40:00,1.379097576369169,OK
2024-11-02 02:45:00,2.1105358665802094,OK
2024-11-02 02:50:00,1.4395317050239138,OK
2024-11-02 02:55:00,1.101677471879794,OK
2024-11-02 03:00:00,2.6458216498915537,OK
2024-11-02 03:05:00,1.9483850717445494,OK
2024-11-02 03:10:00,27.386603159059376,OK
2024-11-02 03:15:00,27.296898654457998,OK
2024-11-02 03:20:00,27.718605724134648,OK
2024-11-02 03:25:00,0.42179393904936624,OK
2024-11-02 03:30:00,1.3460526144907559,OK
2024-11-02 03:35:00,0.46750822035958794,OK
2024-11-02 03:40:00,1.2411032852007784,OK
2024-11-02 03:45:00,0.07305770291277602,OK
2024-11-02 03:50:00,0.6646242401146747,OK
2024-11-02 03:55:00,1.7743301611772804,OK
2024-11-02 04:00:00,0.3681014430217798,OK
2024-11-02 04:05:00,1.1725039194459008,OK
2024-11-02 04:10:00,26.38727969155494,OK
2024-11-02 04:15:00,26.71548373464164,OK
2024-11-02 04:20:00,27.21987125243212,OK
2024-11-02 04:25:00,0.663048143845017,OK
2024-11-02 04:30:00,-1.0657835326691276,OK
2024-11-02 04:35:00,,MISSING
2024-11-02 04:40:00,,MISSING
2024-11-02 04:45:00,0.8797174230394947,OK
2024-11-02 04:50:00,-0.24318473906955718,OK
2024-11-02 04:55:00,-0.7768502035160982,OK
2024-11-02 05:00:00,-0.05306783670319104,OK
2024-11-02 05:05:00,-0.6715800457743059,OK
2024-11-02 05:10:00,0.5450257757558918,OK
2024-11-02 05:15:00,-0.5698675415466588,OK
2024-11-02 05:20:00,-0.255947633883534,OK
2024-11-02 05:25:00,1.2909165377577922,OK
2024-11-02 05:30:00,0.21601843866679685,OK
2024-11-02 05:35:00,26.970546036207168,OK
2024-11-02 05:40:00,25.869704560741003,OK
2024-11-02 05:45:00,25.789209416845676,OK
2024-11-02 05:50:00,1.3109409312240747,OK
2024-11-02 05:55:00,0.014168709950553866,OK
2024-11-02 06:00:00,0.6859178764091775,OK
2024-11-02 06:05:00,-0.4949096832374469,OK
2024-11-02 06:10:00,0.5006088904239309,OK
2024-11-02 06:15:00,-0.17162668421862182,OK
2024-11-02 06:20:00,1.0629479083653819,OK
2024-11-02 06:25:00,1.8711049622141993,OK
2024-11-02 06:30:00,26.367801133565614,OK
2024-11-02 06:35:00,25.627479454715015,OK
2024-11-02 06:40:00,25.368811131071055,OK
2024-11-02 06:45:00,-0.35465680379006814,OK
2024-11-02 06:50:00,1.5721780059197288,OK
2024-11-02 06:55:00,0.007586407190186439,OK
2024-11-02 07:00:00,-0.007567132657294612,OK
2024-11-02 07:05:00,1.2816803723997927,OK
2024-11-02 07:10:00,1.3463640806127648,OK
2024-11-02 07:15:00,0.8614775059782053,OK
2024-11-02 07:20:00,0.47963376658154344,OK
2024-11-02 07:25:00,1.3349832359985392,OK
2024-11-02 07:30:00,0.3407272364559925,OK
2024-11-02 07:35:00,26.539737598933517,OK
2024-11-02 07:40:00,27.20642411169877,OK
2024-11-02 07:45:00,26.835256758113733,OK
2024-11-02 07:50:00,2.193572850696068,OK
2024-11-02 07:55:00,1.7093479351206753,OK
2024-11-02 08:00:00,1.3969203228104794,OK
2024-11-02 08:05:00,0.5556340805606806,OK
2024-11-02 08:10:00,0.4779914722447144,OK
2024-11-02 08:15:00,0.7403521310904807,OK
2024-11-02 08:20:00,1.279768556407693,OK
2024-11-02 08:25:00,1.2543876217027465,OK
2024-11-02 08:30:00,1.44174037296893,OK
2024-11-02 08:35:00,2.2545789247741554,OK
2024-11-02 08:40:00,1.8411933272522705,OK
2024-11-02 08:45:00,1.735527766208949,OK
2024-11-02 08:50:00,27.160249316889647,OK
2024-11-02 08:55:00,27.961525341798993,OK
2024-11-02 09:00:00,27.087949606148943,OK
2024-11-02 09:05:00,1.6437010746973817,OK
2024-11-02 09:10:00,0.9557611728978569,OK
2024-11-02 09:15:00,1.3085652515281538,OK
2024-11-02 09:20:00,2.571339094252347,OK
2024-11-02 09:25:00,2.6916733629735883,OK
2024-11-02 09:30:00,1.2097477880645893,OK
2024-11-02 09:35:00,2.1384705657929497,OK
2024-11-02 09:40:00,1.9265106906274576,OK
2024-11-02 09:45:00,2.367733613999107,OK
2024-11-02 09:50:00,2.2443159531072974,OK
2024-11-02 09:55:00,4.379957083402432,OK
2024-11-02 10:00:00,2.4029939122226796,OK
2024-11-02 10:05:00,27.65012266319231,OK
2024-11-02 10:10:00,27.61578436533114,OK
2024-11-02 10:15:00,28.211257828687145,OK
2024-11-02 10:20:00,1.717322045073417,OK
2024-11-02 10:25:00,2.8531193937798984,OK
2024-11-02 10:30:00,2.5706416097742113,OK
2024-11-02 10:35:00,2.56526382593979,OK
2024-11-02 10:40:00,3.87221674885529,OK
2024-11-02 10:45:00,2.509823234675972,OK
2024-11-02 10:50:00,2.7832235576824584,OK
2024-11-02 10:55:00,3.491474611773515,OK
2024-11-02 11:00:00,3.8260612141848793,OK
2024-11-02 11:05:00,30.51492853119446,OK
2024-11-02 11:10:00,29.808990520680382,OK
2024-11-02 11:15:00,30.142764719342782,OK
2024-11-02 11:20:00,3.960201156500887,OK
2024-11-02 11:25:00,4.048597233460731,OK
2024-11-02 11:30:00,4.159367336287269,OK
2024-11-02 11:35:00,4.702003999154392,OK
2024-11-02 11:40:00,2.6154152373235546,OK
2024-11-02 11:45:00,3.272397486003482,OK
2024-11-02 11:50:00,4.154291546206962,OK
2024-11-02 11:55:00,2.8743748431195333,OK
2024-11-02 12:00:00,4.2804909910205,OK
2024-11-02 12:05:00,4.654295662710814,OK
2024-11-02 12:10:00,4.254971074274731,OK
2024-11-02 12:15:00,4.318088211418702,OK
2024-11-02 12:20:00,29.749458319127726,OK
2024-11-02 12:25:00,29.907237855272882,OK
2024-11-02 12:30:00,30.51791270290872,OK
2024-11-02 12:35:00,4.422774312330894,OK
2024-11-02 12:40:00,3.758596772960443,OK
2024-11-02 12:45:00,4.482674261195298,OK
2024-11-02 12:50:00,4.724283231913596,OK
2024-11-02 12:55:00,6.13832720132008,OK
2024-11-02 13:00:00,5.111393562897481,OK
2024-11-02 13:05:00,5.30351317432848,OK
2024-11-02 13:10:00,5.070758778304507,OK
2024-11-02 13:15:00,4.974955685421281,OK
2024-11-02 13:20:00,30.33462390389058,OK
2024-11-02 13:25:00,30.626098111347574,OK
2024-11-02 13:30:00,30.967151868717323,OK
2024-11-02 13:35:00,5.7444183082806015,OK
2024-11-02 13:40:00,5.812536933920688,OK
2024-11-02 13:45:00,5.009957617140829,OK
2024-11-02 13:50:00,5.8460419818944835,OK
2024-11-02 13:55:00,5.420690526791145,OK
2024-11-02 14:00:00,6.111959036211068,OK
2024-11-02 14:05:00,7.035071224195289,OK
2024-11-02 14:10:00,5.89421843127664,OK
2024-11-02 14:15:00,6.0007674828721,OK
2024-11-02 14:20:00,7.223591417108168,OK
2024-11-02 14:25:00,7.087737840061603,OK
2024-11-02 14:30:00,6.746134536446013,OK
2024-11-02 14:35:00,6.899265660158491,OK
2024-11-02 14:40:00,5.742878296100899,OK
2024-11-02 14:45:00,6.781384466087974,OK
2024-11-02 14:50:00,7.026284238908995,OK
2024-11-02 14:55:00,6.222117606721168,OK
2024-11-02 15:00:00,7.2195851427707565,OK
2024-11-02 15:05:00,6.6494681199821635,OK
2024-11-02 15:10:00,7.352418304218912,OK
2024-11-02 15:15:00,7.640493674201179,OK
2024-11-02 15:20:00,7.628009472343446,OK
2024-11-02 15:25:00,6.813136788813338,OK
2024-11-02 15:30:00,7.654573756622127,OK
2024-11-02 15:35:00,6.079389062029002,OK
2024-11-02 15:40:00,6.584483933920963,OK
2024-11-02 15:45:00,5.668603551721339,OK
2024-11-02 15:50:00,7.130842743769623,OK
2024-11-02 15:55:00,7.286605828024949,OK
2024-11-02 16:00:00,7.88531562985675,OK
2024-11-02 16:05:00,6.1540804577871056,OK
2024-11-02 16:10:00,7.6039953934070805,OK
2024-11-02 16:15:00,7.887759108458343,OK
2024-11-02 16:20:00,7.596520740365577,OK
2024-11-02 16:25:00,7.813027950026072,OK
2024-11-02 16:30:00,7.718553287027189,OK
2024-11-02 16:35:00,7.94050415587149,OK
2024-11-02 16:40:00,8.418383321253184,OK
2024-11-02 16:45:00,8.605697718491236,OK
2024-11-02 16:50:00,8.142675936149267,OK
2024-11-02 16:55:00,7.348391712941674,OK
2024-11-02 17:00:00,7.552960058119675,OK
2024-11-02 17:05:00,8.412443984561545,OK
2024-11-02 17:10:00,7.760063662754283,OK
2024-11-02 17:15:00,8.065968187110206,OK
2024-11-02 17:20:00,8.256369974855048,OK
2024-11-02 17:25:00,8.123523615432733,OK
2024-11-02 17:30:00,7.377606512398186,OK
2024-11-02 17:35:00,7.098180958122077,OK
2024-11-02 17:40:00,8.512458730608957,OK
2024-11-02 17:45:00,8.815188482022114,OK
2024-11-02 17:50:00,7.8718504002695395,OK
2024-11-02 17:55:00,8.11607719310409,OK
2024-11-02 18:00:00,8.504985941465995,OK
2024-11-02 18:05:00,8.383581863370276,OK
2024-11-02 18:10:00,7.860829863681668,OK
2024-11-02 18:15:00,7.471438651268716,OK
2024-11-02 18:20:00,7.63469627859523,OK
2024-11-02 18:25:00,8.044528184116727,OK
2024-11-02 18:30:00,7.711538237441405,OK
2024-11-02 18:35:00,7.35087697938308,OK
2024-11-02 18:40:00,7.170025113170634,OK
2024-11-02 18:45:00,7.827252757120807,OK
2024-11-02 18:50:00,8.362480735302146,OK
2024-11-02 18:55:00,8.230336282800957,OK
2024-11-02 19:00:00,7.7458800087036455,OK
2024-11-02 19:05:00,8.665444284219646,OK
2024-11-02 19:10:00,7.053961241897561,OK
2024-11-02 19:15:00,8.47035740025024,OK
2024-11-02 19:20:00,7.653278534979768,OK
2024-11-02 19:25:00,8.627625537251827,OK
2024-11-02 19:30:00,8.262782422080381,OK
2024-11-02 19:35:00,7.9852902314344485,OK
2024-11-02 19:40:00,8.22616161820069,OK
2024-11-02 19:45:00,7.650744543693419,OK
2024-11-02 19:50:00,7.597938136624383,OK
2024-11-02 19:55:00,8.103216155222153,OK
2024-11-02 20:00:00,8.473295353593434,OK
2024-11-02 20:05:00,8.241769556964742,OK
2024-11-02 20:10:00,6.540303217878288,OK
2024-11-02 20:15:00,6.95657072052592,OK
2024-11-02 20:20:00,7.701660588888088,OK
2024-11-02 20:25:00,7.171441545215584,OK
2024-11-02 20:30:00,8.24910548718059,OK
2024-11-02 20:35:00,7.516333225332472,OK
2024-11-02 20:40:00,7.301114036038018,OK
2024-11-02 20:45:00,8.176634518974152,OK
2024-11-02 20:50:00,6.978349407997033,OK
2024-11-02 20:55:00,7.893352600315829,OK
2024-11-02 21:00:00,6.044582543400317,OK
2024-11-02 21:05:00,6.511293993881736,OK
2024-11-02 21:10:00,7.56557551938585,OK
2024-11-02 21:15:00,7.139722833659251,OK
2024-11-02 21:20:00,7.027311367947537,OK
2024-11-02 21:25:00,6.162259291832905,OK
2024-11-02 21:30:00,6.834449774390767,OK
2024-11-02 21:35:00,6.162710073363424,OK
2024-11-02 21:40:00,6.7103481849314,OK
2024-11-02 21:45:00,6.91888610635651,OK
2024-11-02 21:50:00,5.435823442544812,OK
2024-11-02 21:55:00,5.581679933097242,OK
2024-11-02 22:00:00,5.330479798562319,OK
2024-11-02 22:05:00,6.146151040931781,OK
2024-11-02 22:10:00,30.712258373289448,OK
2024-11-02 22:15:00,31.943894917652806,OK
2024-11-02 22:20:00,30.926925535607893,OK
2024-11-02 22:25:00,6.537528739290814,OK
2024-11-02 22:30:00,6.542705524823322,OK
2024-11-02 22:35:00,5.468758150815044,OK
2024-11-02 22:40:00,6.058619903505829,OK
2024-11-02 22:45:00,4.804090594558344,OK
2024-11-02 22:50:00,5.054874547307259,OK
2024-11-02 22:55:00,5.8587015148049275,OK
2024-11-02 23:00:00,5.128790082182143,OK
2024-11-02 23:05:00,30.74137257110861,OK
2024-11-02 23:10:00,30.29274372213759,OK
2024-11-02 23:15:00,31.639405299051784,OK
2024-11-02 23:20:00,2.92157919841529,OK
2024-11-02 23:25:00,4.405575728976812,OK
2024-11-02 23:30:00,3.982594346619521,OK
2024-11-02 23:35:00,4.271042108175473,OK
2024-11-02 23:40:00,5.331018727299482,OK
2024-11-02 23:45:00,5.002853871654724,OK
2024-11-02 23:50:00,3.840813549018283,OK
2024-11-02 23:55:00,4.741835519304174,OK
2024-11-03 00:00:00,3.288211055317971,OK
2024-11-03 00:05:00,4.265809507808137,OK
2024-11-03 00:10:00,29.811564015463684,OK
2024-11-03 00:15:00,29.71617938757901,OK
2024-11-03 00:20:00,29.355277766527966,OK
2024-11-03 00:25:00,2.944856975757431,OK
2024-11-03 00:30:00,2.9944551604042453,OK
2024-11-03 00:35:00,2.271098156654432,OK
2024-11-03 00:40:00,3.1263122709216584,OK
2024-11-03 00:45:00,3.344303162603327,OK
2024-11-03 00:50:00,2.7680829328909864,OK
2024-11-03 00:55:00,1.8632565225312443,OK
2024-11-03 01:00:00,2.619956849484576,OK
2024-11-03 01:05:00,2.8365148096443935,OK
2024-11-03 01:10:00,2.3743301831282286,OK
2024-11-03 01:15:00,2.5212077961459336,OK
2024-11-03 01:20:00,29.87684205859689,OK
2024-11-03 01:25:00,27.457252064477487,OK
2024-11-03 01:30:00,28.094956209770036,OK
2024-11-03 01:35:00,2.3387475949929453,OK
2024-11-03 01:40:00,1.814159201679273,OK
2024-11-03 01:45:00,2.3016130621954534,OK
2024-11-03 01:50:00,2.204043591061717,OK
2024-11-03 01:55:00,1.8721152853807654,OK
2024-11-03 02:00:00,1.2090631376406085,OK
2024-11-03 02:05:00,2.201280303095603,OK
2024-11-03 02:10:00,0.9709599012084124,OK
2024-11-03 02:15:00,2.2957041916352585,OK
2024-11-03 02:20:00,1.6619581227534659,OK
2024-11-03 02:25:00,1.4490185478915,OK
2024-11-03 02:30:00,27.44078819215741,OK
2024-11-03 02:35:00,27.291666219775063,OK
2024-11-03 02:40:00,27.816176829834394,OK
2024-11-03 02:45:00,2.6476662553934642,OK
2024-11-03 02:50:00,1.2324676458421617,OK
2024-11-03 02:55:00,0.36587518221337334,OK
2024-11-03 03:00:00,1.0327863300066704,OK
2024-11-03 03:05:00,1.173777860960588,OK
2024-11-03 03:10:00,0.6353107689988144,OK
2024-11-03 03:15:00,-0.09861890108955651,OK
2024-11-03 03:20:00,0.7935877200470745,OK
2024-11-03 03:25:00,1.2095260149537845,OK
2024-11-03 03:30:00,-0.47701831238740744,OK
2024-11-03 03:35:00,0.23736817981060815,OK
2024-11-03 03:40:00,0.5607440066177247,OK
2024-11-03 03:45:00,0.7182375789156631,OK
2024-11-03 03:50:00,1.1662819356784335,OK
2024-11-03 03:55:00,-0.8715561721832927,OK
2024-11-03 04:00:00,1.3958200626904982,OK
2024-11-03 04:05:00,25.828184156028126,OK
2024-11-03 04:10:00,24.97305170058169,OK
2024-11-03 04:15:00,26.176408261563807,OK
2024-11-03 04:20:00,-0.42074240763222326,OK
2024-11-03 04:25:00,-0.5031638363007136,OK
2024-11-03 04:30:00,-0.009175542966543049,OK
2024-11-03 04:35:00,-0.5458139312075923,OK
2024-11-03 04:40:00,-0.6888468392394869,OK
2024-11-03 04:45:00,0.3342737420933296,OK
2024-11-03 04:50:00,-0.2980881976049453,OK
2024-11-03 04:55:00,0.17541535380962836,OK
2024-11-03 05:00:00,-0.2732943695457054,OK
2024-11-03 05:05:00,-0.8936210065191024,OK
2024-11-03 05:10:00,-1.2231265603249377,OK
2024-11-03 05:15:00,-0.2627675368141588,OK
2024-11-03 05:20:00,-1.316249586589033,OK
2024-11-03 05:25:00,-1.1044985851805078,OK
2024-11-03 05:30:00,-0.1803589032050087,OK
2024-11-03 05:35:00,-1.7158765771719546,OK
2024-11-03 05:40:00,0.05409756218938555,OK
2024-11-03 05:45:00,26.16162664597255,OK
2024-11-03 05:50:00,25.73168341528554,OK
2024-11-03 05:55:00,24.635345882344247,OK
2024-11-03 06:00:00,-0.5218565355268436,OK
2024-11-03 06:05:00,-0.49459168346318244,OK
2024-11-03 06:10:00,-0.23806335370727805,OK
2024-11-03 06:15:00,-0.3225542658473304,OK
2024-11-03 06:20:00,-0.7249279072727747,OK
2024-11-03 06:25:00,-1.0335180469395868,OK
2024-11-03 06:30:00,-0.6995552017423988,OK
2024-11-03 06:35:00,-0.47772559398764713,OK
2024-11-03 06:40:00,25.99944193422249,OK
2024-11-03 06:45:00,26.169592576126515,OK
2024-11-03 06:50:00,25.62381258824805,OK
2024-11-03 06:55:00,-0.12767457788391273,OK
2024-11-03 07:00:00,-0.23664882315928767,OK
2024-11-03 07:05:00,-0.575263284109999,OK
2024-11-03 07:10:00,-0.0817607820621174,OK
2024-11-03 07:15:00,-0.12886727684885804,OK
2024-11-03 07:20:00,-0.5858802213718781,OK
2024-11-03 07:25:00,-0.4185855404776113,OK
2024-11-03 07:30:00,0.12493892383420101,OK
2024-11-03 07:35:00,0.005432649763732089,OK
2024-11-03 07:40:00,-0.6558945632632662,OK
2024-11-03 07:45:00,-0.7923969587807052,OK
2024-11-03 07:50:00,-0.41587007066051085,OK
2024-11-03 07:55:00,-0.931164066263829,OK
2024-11-03 08:00:00,-0.36596938822273906,OK
2024-11-03 08:05:00,-0.8174792362719232,OK
2024-11-03 08:10:00,0.5484122865538262,OK
2024-11-03 08:15:00,-0.013173153230278192,OK
2024-11-03 08:20:00,25.810361843542264,OK
2024-11-03 08:25:00,26.04961380291298,OK
2024-11-03 08:30:00,26.777471436624953,OK
2024-11-03 08:35:00,-1.114434102561707,OK
2024-11-03 08:40:00,1.0430751998158994,OK
2024-11-03 08:45:00,-0.3848584419806047,OK
2024-11-03 08:50:00,-0.44465005063101204,OK
2024-11-03 08:55:00,0.3662938467042335,OK
2024-11-03 09:00:00,2.2140537084512744,OK
2024-11-03 09:05:00,2.0957083897706483,OK
2024-11-03 09:10:00,1.4266323147356956,OK
2024-11-03 09:15:00,0.820068881637034,OK
2024-11-03 09:20:00,0.2590865856935889,OK
2024-11-03 09:25:00,27.423777990904156,OK
2024-11-03 09:30:00,27.118448810972623,OK
2024-11-03 09:35:00,27.06088763335982,OK
2024-11-03 09:40:00,1.5394506028031194,OK
2024-11-03 09:45:00,1.0561858966152604,OK
2024-11-03 09:50:00,1.5983666105495429,OK
2024-11-03 09:55:00,-0.15507784124778556,OK
2024-11-03 10:00:00,1.4819855860531597,OK
2024-11-03 10:05:00,0.9880150017434102,OK
2024-11-03 10:10:00,1.366764578786286,OK
2024-11-03 10:15:00,1.2245139458286154,OK
2024-11-03 10:20:00,27.24393128055966,OK
2024-11-03 10:25:00,28.37609320021846,OK
2024-11-03 10:30:00,27.625061641406454,OK
2024-11-03 10:35:00,1.4384064380399426,OK
2024-11-03 10:40:00,1.780035807709696,OK
2024-11-03 10:45:00,2.4899283535140664,OK
2024-11-03 10:50:00,1.3053141605434808,OK
2024-11-03 10:55:00,2.1736448373484083,OK
2024-11-03 11:00:00,1.8044989832854152,OK
2024-11-03 11:05:00,1.831985111329585,OK
2024-11-03 11:10:00,3.167408224728111,OK
2024-11-03 11:15:00,3.120942093776127,OK
2024-11-03 11:20:00,2.8934304993285394,OK
2024-11-03 11:25:00,2.838703897191252,OK
2024-11-03 11:30:00,2.082154464506735,OK
2024-11-03 11:35:00,3.265260282222349,OK
2024-11-03 11:40:00,2.45773375546713,OK
2024-11-03 11:45:00,2.074090715795541,OK
2024-11-03 11:50:00,2.601121874346223,OK
2024-11-03 11:55:00,3.143631640514956,OK
2024-11-03 12:00:00,3.174382510873702,OK
2024-11-03 12:05:00,3.6477829364146315,OK
2024-11-03 12:10:00,4.244322749095787,OK
2024-11-03 12:15:00,29.30183209191477,OK
2024-11-03 12:20:00,28.22506648483717,OK
2024-11-03 12:25:00,28.841835989431747,OK
2024-11-03 12:30:00,3.3877367060895693,OK
2024-11-03 12:35:00,4.7374467604325075,OK
2024-11-03 12:40:00,3.5546398587771013,OK
2024-11-03 12:45:00,4.318945511154959,OK
2024-11-03 12:50:00,4.364993351873035,OK
2024-11-03 12:55:00,3.5658990098286614,OK
2024-11-03 13:00:00,3.6998842042333333,OK
2024-11-03 13:05:00,4.031687781792175,OK
2024-11-03 13:10:00,4.062276767222361,OK
2024-11-03 13:15:00,4.729034225691519,OK
2024-11-03 13:20:00,4.413738724454167,OK
2024-11-03 13:25:00,30.220715335512768,OK
2024-11-03 13:30:00,31.61494347542385,OK
2024-11-03 13:35:00,30.53547337244084,OK
2024-11-03 13:40:00,5.1539628258240455,OK
2024-11-03 13:45:00,4.842186303715368,OK
2024-11-03 13:50:00,4.660672230854247,OK
2024-11-03 13:55:00,5.144777487505382,OK
2024-11-03 14:00:00,5.28714066648792,OK
2024-11-03 14:05:00,5.946932342667181,OK
2024-11-03 14:10:00,5.2924154898013605,OK
2024-11-03 14:15:00,4.622341736225542,OK
2024-11-03 14:20:00,5.862940940961422,OK
2024-11-03 14:25:00,5.4857408505720375,OK
2024-11-03 14:30:00,5.465962383144519,OK
2024-11-03 14:35:00,7.153941156857993,OK
2024-11-03 14:40:00,4.510434120685802,OK
2024-11-03 14:45:00,6.0871318177736375,OK
2024-11-03 14:50:00,5.318976649479368,OK
2024-11-03 14:55:00,5.6019953843049946,OK
2024-11-03 15:00:00,7.146608574266884,OK
2024-11-03 15:05:00,5.966278573199433,OK
2024-11-03 15:10:00,5.8487810738333845,OK
2024-11-03 15:15:00,5.808617164559815,OK
2024-11-03 15:20:00,31.451347711084928,OK
2024-11-03 15:25:00,33.371466622748535,OK
2024-11-03 15:30:00,32.22763869068895,OK
2024-11-03 15:35:00,6.740063974443295,OK
2024-11-03 15:40:00,5.92940710692238,OK
2024-11-03 15:45:00,5.290842184523415,OK
2024-11-03 15:50:00,7.0029075697653385,OK
2024-11-03 15:55:00,5.807759888334794,OK
2024-11-03 16:00:00,7.861012890552943,OK
2024-11-03 16:05:00,6.07030168853858,OK
2024-11-03 16:10:00,6.8583488303050455,OK
2024-11-03 16:15:00,7.3405073999855475,OK
2024-11-03 16:20:00,7.070906686148324,OK
2024-11-03 16:25:00,6.6690380675665875,OK
2024-11-03 16:30:00,8.455184719723261,OK
2024-11-03 16:35:00,6.895253058588771,OK
2024-11-03 16:40:00,7.100660273666134,OK
2024-11-03 16:45:00,7.78833967768039,OK
2024-11-03 16:50:00,7.432401042331156,OK
2024-11-03 16:55:00,7.5429318536844,OK
2024-11-03 17:00:00,6.923410245215245,OK
2024-11-03 17:05:00,7.308782453299496,OK
2024-11-03 17:10:00,7.219177782954616,OK
2024-11-03 17:15:00,7.993816214962258,OK
2024-11-03 17:20:00,6.907522349160243,OK
2024-11-03 17:25:00,8.104203582752232,OK
2024-11-03 17:30:00,7.208290957844535,OK
2024-11-03 17:35:00,7.251522759040057,OK
2024-11-03 17:40:00,6.441005265864451,OK
2024-11-03 17:45:00,6.933226582009969,OK
2024-11-03 17:50:00,7.218716318794962,OK
2024-11-03 17:55:00,7.123598657379443,OK
2024-11-03 18:00:00,7.441297804823507,OK
2024-11-03 18:05:00,6.428511560034424,OK
2024-11-03 18:10:00,7.34604579680039,OK
2024-11-03 18:15:00,7.5972474116748225,OK
2024-11-03 18:20:00,6.679675437048116,OK
2024-11-03 18:25:00,7.472787441300587,OK
2024-11-03 18:30:00,7.818003293602722,OK
2024-11-03 18:35:00,7.649412516866167,OK
2024-11-03 18:40:00,7.222630261090881,OK
2024-11-03 18:45:00,6.845027843579647,OK
2024-11-03 18:50:00,6.862926739413819,OK
2024-11-03 18:55:00,6.619566989121952,OK
2024-11-03 19:00:00,7.775114253411267,OK
2024-11-03 19:05:00,7.8145588260078025,OK
2024-11-03 19:10:00,6.643092130364633,OK
2024-11-03 19:15:00,7.195210223525713,OK
2024-11-03 19:20:00,7.680355806001584,OK
2024-11-03 19:25:00,7.248092028624275,OK
2024-11-03 19:30:00,7.689813141744474,OK
2024-11-03 19:35:00,7.012378793322518,OK
2024-11-03 19:40:00,7.618236787980095,OK
2024-11-03 19:45:00,7.325683707365551,OK
2024-11-03 19:50:00,8.066802330400263,OK
2024-11-03 19:55:00,7.101276571138931,OK
2024-11-03 20:00:00,6.519401464861509,OK
2024-11-03 20:05:00,7.158327685767592,OK
2024-11-03 20:10:00,6.38452652977515,OK
2024-11-03 20:15:00,7.220923644472554,OK
2024-11-03 20:20:00,6.8884267210703,OK
2024-11-03 20:25:00,6.587065265226893,OK
2024-11-03 20:30:00,6.45502975313367,OK
2024-11-03 20:35:00,7.0909170503107575,OK
2024-11-03 20:40:00,5.747682216931133,OK
2024-11-03 20:45:00,7.103148501680949,OK
2024-11-03 20:50:00,6.05144113771388,OK
2024-11-03 20:55:00,5.6097205479615555,OK
2024-11-03 21:00:00,5.715754942659907,OK
2024-11-03 21:05:00,5.030813374642102,OK
2024-11-03 21:10:00,6.364973183477428,OK
2024-11-03 21:15:00,5.5925314402242945,OK
2024-11-03 21:20:00,31.829988021979425,OK
2024-11-03 21:25:00,32.29581968874777,OK
2024-11-03 21:30:00,31.028932227408788,OK
2024-11-03 21:35:00,5.09398878351196,OK
2024-11-03 21:40:00,4.979369149803331,OK
2024-11-03 21:45:00,5.340182033490622,OK
2024-11-03 21:50:00,6.844374055037866,OK
2024-11-03 21:55:00,5.804218500651586,OK
2024-11-03 22:00:00,5.233660692814296,OK
2024-11-03 22:05:00,5.1819831856062955,OK
2024-11-03 22:10:00,5.5497419141361775,OK
2024-11-03 22:15:00,5.547316953591505,OK
2024-11-03 22:20:00,4.897918052418008,OK
2024-11-03 22:25:00,5.7584693524636155,OK
2024-11-03 22:30:00,4.748524564011775,OK
2024-11-03 22:35:00,4.829438548143692,OK
2024-11-03 22:40:00,5.27227571466385,OK
2024-11-03 22:45:00,4.459068264082045,OK
2024-11-03 22:50:00,5.012672025809589,OK
2024-11-03 22:55:00,4.964814715263295,OK
2024-11-03 23:00:00,4.6631742999789445,OK
2024-11-03 23:05:00,4.583470701494401,OK
2024-11-03 23:10:00,29.749408159239035,OK
2024-11-03 23:15:00,30.699382118052068,OK
2024-11-03 23:20:00,30.147416693473275,OK
2024-11-03 23:25:00,5.742736404076826,OK
2024-11-03 23:30:00,4.5050294519087934,OK
2024-11-03 23:35:00,3.445987061780493,OK
2024-11-03 23:40:00,2.4966515663941653,OK
2024-11-03 23:45:00,3.2200493115451954,OK
2024-11-03 23:50:00,2.612419851422991,OK
2024-11-03 23:55:00,4.755695232105234,OK
2024-11-04 00:00:00,4.3668747733080195,OK
2024-11-04 00:05:00,3.843843992712063,OK
2024-11-04 00:10:00,2.69106759951462,OK
2024-11-04 00:15:00,3.4071150110955712,OK
2024-11-04 00:20:00,2.8771560348609277,OK
2024-11-04 00:25:00,3.9662999370566947,OK
2024-11-04 00:30:00,3.0225708965077427,OK
2024-11-04 00:35:00,2.097263147520312,OK
2024-11-04 00:40:00,3.5243069890459564,OK
2024-11-04 00:45:00,2.765585905829508,OK
2024-11-04 00:50:00,2.209627981691932,OK
2024-11-04 00:55:00,0.759987198659418,OK
2024-11-04 01:00:00,2.497215003131565,OK
2024-11-04 01:05:00,1.814592392981524,OK
2024-11-04 01:10:00,28.22710642850864,OK
2024-11-04 01:15:00,27.23733881729456,OK
2024-11-04 01:20:00,27.48393262433786,OK
2024-11-04 01:25:00,1.9145116897527439,OK
2024-11-04 01:30:00,2.058502555957003,OK
2024-11-04 01:35:00,2.094933094730347,OK
2024-11-04 01:40:00,1.3302773044091394,OK
2024-11-04 01:45:00,2.227625794809388,OK
2024-11-04 01:50:00,1.6256530141424015,OK
2024-11-04 01:55:00,1.1720431519370627,OK
2024-11-04 02:00:00,1.46790517549185,OK
2024-11-04 02:05:00,0.476917269840347,OK
2024-11-04 02:10:00,26.80163244408312,OK
2024-11-04 02:15:00,25.54329699670823,OK
2024-11-04 02:20:00,26.238792657077305,OK
2024-11-04 02:25:00,-0.2865465715491404,OK
2024-11-04 02:30:00,0.7146039230590017,OK
2024-11-04 02:35:00,0.984141179525967,OK
2024-11-04 02:40:00,0.029911351019285312,OK
2024-11-04 02:45:00,0.7122536133106591,OK
2024-11-04 02:50:00,1.3676945834544247,OK
2024-11-04 02:55:00,-0.2897735087736771,OK
2024-11-04 03:00:00,-0.23754900772590665,OK
2024-11-04 03:05:00,-0.8914088270013099,OK
2024-11-04 03:10:00,-0.37068739973089493,OK
2024-11-04 03:15:00,0.024174080250566388,OK
2024-11-04 03:20:00,0.11703218677326244,OK
2024-11-04 03:25:00,0.025503832928179704,OK
2024-11-04 03:30:00,0.24800407077313447,OK
2024-11-04 03:35:00,-1.0917479463377975,OK
2024-11-04 03:40:00,-0.2017617907629647,OK
2024-11-04 03:45:00,-0.8085572790901228,OK
2024-11-04 03:50:00,-0.35601890727056373,OK
2024-11-04 03:55:00,0.4988736143532986,OK
2024-11-04 04:00:00,0.6860031117626195,OK
2024-11-04 04:05:00,-0.6411903277814917,OK
2024-11-04 04:10:00,-1.2664008939470746,OK
2024-11-04 04:15:00,-0.3527303206934959,OK
2024-11-04 04:20:00,-1.3993188180253056,OK
2024-11-04 04:25:00,-0.9557789125529634,OK
2024-11-04 04:30:00,-0.48939642404241335,OK
2024-11-04 04:35:00,-1.984759014733576,OK
2024-11-04 04:40:00,-0.7384646823241385,OK
2024-11-04 04:45:00,-1.0911657285017315,OK
2024-11-04 04:50:00,-0.2258473920047369,OK
2024-11-04 04:55:00,-0.7547826068670789,OK
2024-11-04 05:00:00,-1.2108578552775047,OK
2024-11-04 05:05:00,-1.7212985559886247,OK
2024-11-04 05:10:00,-2.1268599898131906,OK
2024-11-04 05:15:00,-1.3855960177392663,OK
2024-11-04 05:20:00,-0.5662736245549029,OK
2024-11-04 05:25:00,-0.86625938541343,OK
2024-11-04 05:30:00,-0.3329262914019532,OK
2024-11-04 05:35:00,-1.9362131845112978,OK
2024-11-04 05:40:00,-1.0897808673095737,OK
2024-11-04 05:45:00,-1.0451781005517211,OK
2024-11-04 05:50:00,0.10049069099578872,OK
2024-11-04 05:55:00,-0.577697501306308,OK
2024-11-04 06:00:00,-0.44967051906815597,OK
2024-11-04 06:05:00,0.07133072184130607,OK
2024-11-04 06:10:00,-0.41947822088654074,OK
2024-11-04 06:15:00,-0.07711717906527749,OK
2024-11-04 06:20:00,-0.870882807530175,OK
2024-11-04 06:25:00,-0.7535366143020353,OK
2024-11-04 06:30:00,-0.18963111949805078,OK
2024-11-04 06:35:00,-1.289351612640988,OK
2024-11-04 06:40:00,-0.2566689165913402,OK
2024-11-04 06:45:00,-0.47135684410081524,OK
2024-11-04 06:50:00,0.38242578593969934,OK
2024-11-04 06:55:00,-0.49600769139074175,OK
2024-11-04 07:00:00,-0.3952923164595882,OK
2024-11-04 07:05:00,-0.7346890957753991,OK
2024-11-04 07:10:00,-1.3330136047610615,OK
2024-11-04 07:15:00,-0.3706470616644893,OK
2024-11-04 07:20:00,-0.42278373676266756,OK
2024-11-04 07:25:00,-0.8799493444140017,OK
2024-11-04 07:30:00,-0.40909861933001035,OK
2024-11-04 07:35:00,-0.48770162608270623,OK
2024-11-04 07:40:00,0.4528303046789084,OK
2024-11-04 07:45:00,-0.6299095466049408,OK
2024-11-04 07:50:00,-0.6582248421234919,OK
2024-11-04 07:55:00,-1.1686749220309254,OK
2024-11-04 08:00:00,-0.5755138006417045,OK
2024-11-04 08:05:00,0.2144563244739453,OK
2024-11-04 08:10:00,0.41621962394690787,OK
2024-11-04 08:15:00,0.5617164396784172,OK
2024-11-04 08:20:00,0.5046318358194237,OK
2024-11-04 08:25:00,-0.35010432105792205,OK
2024-11-04 08:30:00,0.5534232183920602,OK
2024-11-04 08:35:00,1.3569850099706677,OK
2024-11-04 08:40:00,27.190482432532797,OK
2024-11-04 08:45:00,25.877038414414677,OK
2024-11-04 08:50:00,25.764096252849157,OK
2024-11-04 08:55:00,0.41492794970488944,OK
2024-11-04 09:00:00,0.3630130588227298,OK
2024-11-04 09:05:00,1.153568748551912,OK
2024-11-04 09:10:00,1.1559275227184502,OK
2024-11-04 09:15:00,0.912900184784752,OK
2024-11-04 09:20:00,0.5894858378100963,OK
2024-11-04 09:25:00,0.7897005267559023,OK
2024-11-04 09:30:00,-0.1438244426429266,OK
2024-11-04 09:35:00,1.0367019923423924,OK
2024-11-04 09:40:00,0.21872717373470169,OK
2024-11-04 09:45:00,27.176000964559314,OK
2024-11-04 09:50:00,26.613826715296838,OK
2024-11-04 09:55:00,27.782359252365506,OK
2024-11-04 10:00:00,0.5851602261356883,OK
2024-11-04 10:05:00,1.396975207438232,OK
2024-11-04 10:10:00,0.028716016298385272,OK
2024-11-04 10:15:00,1.9548247788866213,OK
2024-11-04 10:20:00,2.120964032817151,OK
2024-11-04 10:25:00,2.5855542990769917,OK
2024-11-04 10:30:00,1.9777686929920126,OK
2024-11-04 10:35:00,2.2969909798019557,OK
2024-11-04 10:40:00,1.8721899717918795,OK
2024-11-04 10:45:00,1.7215213901784896,OK
2024-11-04 10:50:00,2.043046070769688,OK
2024-11-04 10:55:00,2.3828427969302344,OK
2024-11-04 11:00:00,1.6589449230951214,OK
2024-11-04 11:05:00,2.3166877743902843,OK
2024-11-04 11:10:00,27.624106780251104,OK
2024-11-04 11:15:00,29.051140660533566,OK
2024-11-04 11:20:00,28.64065662951814,OK
2024-11-04 11:25:00,3.0738007033273687,OK
2024-11-04 11:30:00,2.7121759516493014,OK
2024-11-04 11:35:00,3.640742809029047,OK
2024-11-04 11:40:00,3.2687472235180297,OK
2024-11-04 11:45:00,2.6615489054532437,OK
2024-11-04 11:50:00,2.3931234388686407,OK
2024-11-04 11:55:00,3.7536485764465075,OK
2024-11-04 12:00:00,2.7600176706590664,OK
2024-11-04 12:05:00,3.6890515364688605,OK
2024-11-04 12:10:00,4.103054827478154,OK
2024-11-04 12:15:00,30.20469898277352,OK
2024-11-04 12:20:00,29.54878080232803,OK
2024-11-04 12:25:00,29.924098780760264,OK
2024-11-04 12:30:00,5.235974222728508,OK
2024-11-04 12:35:00,2.3111994324886442,OK
2024-11-04 12:40:00,3.404883727530298,OK
2024-11-04 12:45:00,5.081925543914831,OK
2024-11-04 12:50:00,3.830233742832007,OK
2024-11-04 12:55:00,5.022827610288569,OK
2024-11-04 13:00:00,4.581979258975318,OK
2024-11-04 13:05:00,4.774226248736687,OK
2024-11-04 13:10:00,4.020334927108814,OK
2024-11-04 13:15:00,30.398274434151812,OK
2024-11-04 13:20:00,29.94759097591289,OK
2024-11-04 13:25:00,31.640399707702898,OK
2024-11-04 13:30:00,3.8781090835357626,OK
2024-11-04 13:35:00,4.989118793758708,OK
2024-11-04 13:40:00,4.921512370787874,OK
2024-11-04 13:45:00,5.139652066922073,OK
2024-11-04 13:50:00,5.01832404307961,OK
2024-11-04 13:55:00,5.141936705940675,OK
2024-11-04 14:00:00,5.172005657255985,OK
2024-11-04 14:05:00,6.470278397561181,OK
2024-11-04 14:10:00,5.427595866940001,OK
2024-11-04 14:15:00,31.18897921507281,OK
2024-11-04 14:20:00,31.7789168529076,OK
2024-11-04 14:25:00,31.873848426642272,OK
2024-11-04 14:30:00,5.198542070813245,OK
2024-11-04 14:35:00,6.722961398900698,OK
2024-11-04 14:40:00,5.95332546955069,OK
2024-11-04 14:45:00,5.915613008941046,OK
2024-11-04 14:50:00,5.8378184421715105,OK
2024-11-04 14:55:00,6.997929975590427,OK
2024-11-04 15:00:00,5.877076498934935,OK
2024-11-04 15:05:00,5.682788519777354,OK
2024-11-04 15:10:00,6.701845516093048,OK
2024-11-04 15:15:00,4.941148286553718,OK
2024-11-04 15:20:00,31.81854997448947,OK
2024-11-04 15:25:00,32.84418192995291,OK
2024-11-04 15:30:00,32.44272232356409,OK
2024-11-04 15:35:00,7.260838591384578,OK
2024-11-04 15:40:00,6.98582730785295,OK
2024-11-04 15:45:00,8.277451865492129,OK
2024-11-04 15:50:00,6.546984992173879,OK
2024-11-04 15:55:00,7.1042384606006035,OK
2024-11-04 16:00:00,7.0361107763899895,OK
2024-11-04 16:05:00,7.578642187684829,OK
2024-11-04 16:10:00,6.996720253235235,OK
2024-11-04 16:15:00,8.372997773240641,OK
2024-11-04 16:20:00,6.869325648501714,OK
2024-11-04 16:25:00,7.821771984900746,OK
2024-11-04 16:30:00,7.266816927540825,OK
2024-11-04 16:35:00,7.505976499464207,OK
2024-11-04 16:40:00,7.952765720911756,OK
2024-11-04 16:45:00,7.452433831252234,OK
2024-11-04 16:50:00,7.88153915577857,OK
2024-11-04 16:55:00,6.665467457375622,OK
2024-11-04 17:00:00,7.0888062119171815,OK
2024-11-04 17:05:00,7.2950409504115035,OK
2024-11-04 17:10:00,6.425485113146975,OK
2024-11-04 17:15:00,8.584145008650736,OK
2024-11-04 17:20:00,6.81583789470216,OK
2024-11-04 17:25:00,7.157423071028489,OK
2024-11-04 17:30:00,7.687820465103778,OK
2024-11-04 17:35:00,7.197390793114925,OK
2024-11-04 17:40:00,6.338433732062316,OK
2024-11-04 17:45:00,7.850433339677239,OK
2024-11-04 17:50:00,7.618576099923776,OK
2024-11-04 17:55:00,7.42985961129644,OK
2024-11-04 18:00:00,8.731043098470339,OK
2024-11-04 18:05:00,7.649306908033859,OK
2024-11-04 18:10:00,6.807964601785578,OK
2024-11-04 18:15:00,7.9448302105599895,OK
2024-11-04 18:20:00,7.335150690767968,OK
2024-11-04 18:25:00,6.526537401968282,OK
2024-11-04 18:30:00,7.189564297707678,OK
2024-11-04 18:35:00,7.780312861824109,OK
2024-11-04 18:40:00,6.680353325676674,OK
2024-11-04 18:45:00,8.325654273611677,OK
2024-11-04 18:50:00,6.532886470808892,OK
2024-11-04 18:55:00,7.511500772478155,OK
2024-11-04 19:00:00,6.881657346572756,OK
2024-11-04 19:05:00,7.937981571278871,OK
2024-11-04 19:10:00,7.082037063889448,OK
2024-11-04 19:15:00,6.7282142970055885,OK
2024-11-04 19:20:00,8.941345810667055,OK
2024-11-04 19:25:00,7.105242375221106,OK
2024-11-04 19:30:00,7.42171057797293,OK
2024-11-04 19:35:00,8.190906787779328,OK
2024-11-04 19:40:00,8.499961623674098,OK
2024-11-04 19:45:00,7.974374308245378,OK
2024-11-04 19:50:00,6.770712948989146,OK
2024-11-04 19:55:00,7.160257656980483,OK
2024-11-04 20:00:00,6.183765269778624,OK
2024-11-04 20:05:00,7.621296801376064,OK
2024-11-04 20:10:00,6.088686978681896,OK
2024-11-04 20:15:00,6.886765573512636,OK
2024-11-04 20:20:00,7.5299590367257085,OK
2024-11-04 20:25:00,7.114073286191797,OK
2024-11-04 20:30:00,7.140727407585078,OK
2024-11-04 20:35:00,7.568192243916244,OK
2024-11-04 20:40:00,7.27628633075065,OK
2024-11-04 20:45:00,7.052808712305454,OK
2024-11-04 20:50:00,6.450502545077364,OK
2024-11-04 20:55:00,7.475211180810375,OK
2024-11-04 21:00:00,6.72696681784362,OK
2024-11-04 21:05:00,7.539815939545288,OK
2024-11-04 21:10:00,7.515069729848247,OK
2024-11-04 21:15:00,6.465006912488217,OK
2024-11-04 21:20:00,7.133126519027024,OK
2024-11-04 21:25:00,5.201167979008556,OK
2024-11-04 21:30:00,6.352656534309842,OK
2024-11-04 21:35:00,7.509543026512125,OK
2024-11-04 21:40:00,7.098116118193979,OK
2024-11-04 21:45:00,5.419539399179856,OK
2024-11-04 21:50:00,5.895062869351646,OK
2024-11-04 21:55:00,4.931222870299787,OK
2024-11-04 22:00:00,5.9265020843142855,OK
2024-11-04 22:05:00,5.199011335843704,OK
2024-11-04 22:10:00,6.343171240329572,OK
2024-11-04 22:15:00,6.247104040487453,OK
2024-11-04 22:20:00,5.43510707791511,OK
2024-11-04 22:25:00,32.233603619937085,OK
2024-11-04 22:30:00,31.31067394141661,OK
2024-11-04 22:35:00,31.438682074067135,OK
2024-11-04 22:40:00,5.152299293460377,OK
2024-11-04 22:45:00,5.794620620932468,OK
2024-11-04 22:50:00,4.189108964453891,OK
2024-11-04 22:55:00,4.109529264445823,OK
2024-11-04 23:00:00,5.022672834761046,OK
2024-11-04 23:05:00,4.827717483446189,OK
2024-11-04 23:10:00,4.369276474914105,OK
2024-11-04 23:15:00,3.7404465424097757,OK
2024-11-04 23:20:00,5.119926801265879,OK
2024-11-04 23:25:00,30.182948682766074,OK
2024-11-04 23:30:00,30.25296942377673,OK
2024-11-04 23:35:00,30.51321487750798,OK
2024-11-04 23:40:00,4.639382193626932,OK
2024-11-04 23:45:00,4.500300678009076,OK
2024-11-04 23:50:00,3.9294192456275816,OK
2024-11-04 23:55:00,4.26633315199808,OK
2024-11-05 00:00:00,3.227281835128322,OK
2024-11-05 00:05:00,3.1333694192221575,OK
2024-11-05 00:10:00,3.5407775563401236,OK
2024-11-05 00:15:00,3.6644301503065884,OK
2024-11-05 00:20:00,4.577577409109906,OK
2024-11-05 00:25:00,3.6196796378483804,OK
2024-11-05 00:30:00,3.4889808664104742,OK
2024-11-05 00:35:00,2.5741006427016155,OK
2024-11-05 00:40:00,29.12620126349102,OK
2024-11-05 00:45:00,28.284471067972824,OK
2024-11-05 00:50:00,29.086616401586465,OK
2024-11-05 00:55:00,1.3705014674224354,OK
2024-11-05 01:00:00,2.4947305344167043,OK
2024-11-05 01:05:00,1.7034956151033556,OK
2024-11-05 01:10:00,2.2812226927797687,OK
2024-11-05 01:15:00,2.8076556925169536,OK
2024-11-05 01:20:00,2.48807062735322,OK
2024-11-05 01:25:00,1.5234695177380226,OK
2024-11-05 01:30:00,2.1205901722670015,OK
2024-11-05 01:35:00,27.234341090381434,OK
2024-11-05 01:40:00,27.202309801308434,OK
2024-11-05 01:45:00,27.698271442279445,OK
2024-11-05 01:50:00,2.1721544810856934,OK
2024-11-05 01:55:00,1.8970337124325558,OK
2024-11-05 02:00:00,2.0115638493372168,OK
2024-11-05 02:05:00,1.591556311250175,OK
2024-11-05 02:10:00,1.3682175903772322,OK
2024-11-05 02:15:00,0.7106178327475603,OK
2024-11-05 02:20:00,0.9927198939134992,OK
2024-11-05 02:25:00,0.7700701381248991,OK
2024-11-05 02:30:00,0.3843138487831307,OK
2024-11-05 02:35:00,0.8220720311214922,OK
2024-11-05 02:40:00,0.8942854517626333,OK
2024-11-05 02:45:00,28.421328422649673,OK
2024-11-05 02:50:00,25.764149094086974,OK
2024-11-05 02:55:00,26.55454677709351,OK
2024-11-05 03:00:00,-0.13162504673005837,OK
2024-11-05 03:05:00,-0.31746723843770086,OK
2024-11-05 03:10:00,0.31910221011898965,OK
2024-11-05 03:15:00,0.9264358977245966,OK
2024-11-05 03:20:00,0.20916726802858915,OK
2024-11-05 03:25:00,0.793864937155891,OK
2024-11-05 03:30:00,-0.07189944252992828,OK
2024-11-05 03:35:00,-0.3939027993744604,OK
2024-11-05 03:40:00,-0.6675274865207337,OK
2024-11-05 03:45:00,0.011782501143803886,OK
2024-11-05 03:50:00,0.2921820288340532,OK
2024-11-05 03:55:00,0.4018680471952729,OK
2024-11-05 04:00:00,0.380286828115312,OK
2024-11-05 04:05:00,26.230758838539227,OK
2024-11-05 04:10:00,25.241963835750504,OK
2024-11-05 04:15:00,26.19360939038953,OK
2024-11-05 04:20:00,-0.07492804203455783,OK
2024-11-05 04:25:00,0.2636062999378996,OK
2024-11-05 04:30:00,0.23938398800532912,OK
2024-11-05 04:35:00,-0.8580783925974628,OK
2024-11-05 04:40:00,-0.8094514487447492,OK
2024-11-05 04:45:00,0.039056891207024116,OK
2024-11-05 04:50:00,0.6959680198833444,OK
2024-11-05 04:55:00,-0.349935905814151,OK
2024-11-05 05:00:00,-0.7546086363855082,OK
2024-11-05 05:05:00,-0.37354235295495464,OK
2024-11-05 05:10:00,-0.037229611080405844,OK
2024-11-05 05:15:00,-1.2403219153934588,OK
2024-11-05 05:20:00,-1.3055988746531475,OK
2024-11-05 05:25:00,-0.2960360507503935,OK
2024-11-05 05:30:00,-1.093537162090498,OK
2024-11-05 05:35:00,-0.7428566606513028,OK
2024-11-05 05:40:00,-0.5490158393872624,OK
2024-11-05 05:45:00,-1.6286244320082086,OK
2024-11-05 05:50:00,-0.9117815373238625,OK
2024-11-05 05:55:00,0.13049931806116155,OK
2024-11-05 06:00:00,-0.5140575299240906,OK
2024-11-05 06:05:00,-0.4078370635039774,OK
2024-11-05 06:10:00,-2.3734280399200376,OK
2024-11-05 06:15:00,0.3388821865128434,OK
2024-11-05 06:20:00,-0.001122884147620462,OK
2024-11-05 06:25:00,-1.2024318512682677,OK
2024-11-05 06:30:00,-0.8523048453175861,OK
2024-11-05 06:35:00,-0.38594915230224547,OK
2024-11-05 06:40:00,-0.5662595186064017,OK
2024-11-05 06:45:00,-0.7719602460676898,OK
2024-11-05 06:50:00,-0.486863004845077,OK
2024-11-05 06:55:00,-1.7550554341740556,OK
2024-11-05 07:00:00,-0.8353974681572773,OK
2024-11-05 07:05:00,-1.3392294028408458,OK
2024-11-05 07:10:00,-1.203069514807344,OK
2024-11-05 07:15:00,0.09693816531205135,OK
2024-11-05 07:20:00,0.49162661251248707,OK
2024-11-05 07:25:00,-0.025161771754705728,OK
2024-11-05 07:30:00,-0.8641628465599016,OK
2024-11-05 07:35:00,-0.24041179810595886,OK
2024-11-05 07:40:00,0.31295757429979054,OK
2024-11-05 07:45:00,-0.9140138062501251,OK
2024-11-05 07:50:00,-0.0698473041667842,OK
2024-11-05 07:55:00,0.4909523574721416,OK
2024-11-05 08:00:00,-0.6873156277945581,OK
2024-11-05 08:05:00,-0.8007739239542748,OK
2024-11-05 08:10:00,0.27380059544807867,OK
2024-11-05 08:15:00,-0.0021776467790965426,OK
2024-11-05 08:20:00,-0.1112777753329976,OK
2024-11-05 08:25:00,0.1799558995282287,OK
2024-11-05 08:30:00,0.1677742522995619,OK
2024-11-05 08:35:00,1.0007849057278768,OK
2024-11-05 08:40:00,26.649281734439086,OK
2024-11-05 08:45:00,26.392950378040236,OK
2024-11-05 08:50:00,26.959912869808832,OK
2024-11-05 08:55:00,0.352105160301384,OK
2024-11-05 09:00:00,-0.05935025519184567,OK
2024-11-05 09:05:00,1.8758150074844258,OK
2024-11-05 09:10:00,1.4421197061535533,OK
2024-11-05 09:15:00,0.9280058276510683,OK
2024-11-05 09:20:00,1.303481207678014,OK
2024-11-05 09:25:00,-0.2882855193229914,OK
2024-11-05 09:30:00,1.0147706189316115,OK
2024-11-05 09:35:00,2.334041224934155,OK
2024-11-05 09:40:00,0.5712004943252358,OK
2024-11-05 09:45:00,0.6829715608544978,OK
2024-11-05 09:50:00,1.1632013080038608,OK
2024-11-05 09:55:00,27.710189968967573,OK
2024-11-05 10:00:00,27.916224265106028,OK
2024-11-05 10:05:00,27.744529172329866,OK
2024-11-05 10:10:00,1.8315723803862527,OK
2024-11-05 10:15:00,1.2438404921420294,OK
2024-11-05 10:20:00,1.2346562729501669,OK
2024-11-05 10:25:00,2.642806604047036,OK
2024-11-05 10:30:00,2.271719050061114,OK
2024-11-05 10:35:00,3.335359768906013,OK
2024-11-05 10:40:00,2.9638348262984886,OK
2024-11-05 10:45:00,2.992235621010596,OK
2024-11-05 10:50:00,2.067903157793318,OK
2024-11-05 10:55:00,28.38277653815202,OK
2024-11-05 11:00:00,28.9570509669572,OK
2024-11-05 11:05:00,29.15715974932226,OK
2024-11-05 11:10:00,2.1874142445622105,OK
2024-11-05 11:15:00,3.1229193999971225,OK
2024-11-05 11:20:00,2.948971147970507,OK
2024-11-05 11:25:00,3.3198049653882697,OK
2024-11-05 11:30:00,2.7494403628444135,OK
2024-11-05 11:35:00,3.7694715022649947,OK
2024-11-05 11:40:00,3.224381609552487,OK
2024-11-05 11:45:00,3.322055318613244,OK
2024-11-05 11:50:00,29.210298625599705,OK
2024-11-05 11:55:00,29.4811504251211,OK
2024-11-05 12:00:00,29.653047014040865,OK
2024-11-05 12:05:00,4.101922796323864,OK
2024-11-05 12:10:00,2.908131472631268,OK
2024-11-05 12:15:00,2.713717923820624,OK
2024-11-05 12:20:00,4.413135359707299,OK
2024-11-05 12:25:00,3.369871600141402,OK
2024-11-05 12:30:00,2.78138256557854,OK
2024-11-05 12:35:00,4.188947987952691,OK
2024-11-05 12:40:00,4.2004852793517315,OK
2024-11-05 12:45:00,4.09700382203468,OK
2024-11-05 12:50:00,29.119820462793818,OK
2024-11-05 12:55:00,29.911545128910912,OK
2024-11-05 13:00:00,30.5264501403625,OK
2024-11-05 13:05:00,4.638459001944178,OK
2024-11-05 13:10:00,4.471212664923417,OK
2024-11-05 13:15:00,5.1450749739239185,OK
2024-11-05 13:20:00,4.997066652512633,OK
2024-11-05 13:25:00,4.739038334368812,OK
2024-11-05 13:30:00,3.6362255198828097,OK
2024-11-05 13:35:00,5.4258889457939254,OK
2024-11-05 13:40:00,5.285358857229551,OK
2024-11-05 13:45:00,5.719328525218628,OK
2024-11-05 13:50:00,3.981379451128908,OK
2024-11-05 13:55:00,4.335803081836209,OK
2024-11-05 14:00:00,30.92172719054656,OK
2024-11-05 14:05:00,30.47427388464692,OK
2024-11-05 14:10:00,31.77152504921325,OK
2024-11-05 14:15:00,6.451801568626858,OK
2024-11-05 14:20:00,5.735852223993326,OK
2024-11-05 14:25:00,5.285204961309882,OK
2024-11-05 14:30:00,5.8320263658102105,OK
2024-11-05 14:35:00,5.696227014268231,OK
2024-11-05 14:40:00,5.786859581215964,OK
2024-11-05 14:45:00,6.139890717460958,OK
2024-11-05 14:50:00,6.336511099586993,OK
2024-11-05 14:55:00,6.339435255803793,OK
2024-11-05 15:00:00,31.896429259259744,OK
2024-11-05 15:05:00,30.779997244133767,OK
2024-11-05 15:10:00,31.86082130998092,OK
2024-11-05 15:15:00,6.157946506324496,OK
2024-11-05 15:20:00,6.50202022283497,OK
2024-11-05 15:25:00,6.100726563190226,OK
2024-11-05 15:30:00,6.988489721920096,OK
2024-11-05 15:35:00,5.889902584004882,OK
2024-11-05 15:40:00,6.383644182819272,OK
2024-11-05 15:45:00,7.382555466650953,OK
2024-11-05 15:50:00,7.175237779058623,OK
2024-11-05 15:55:00,6.341611287624388,OK
2024-11-05 16:00:00,6.963200916173045,OK
2024-11-05 16:05:00,7.434471965019627,OK
2024-11-05 16:10:00,7.426376134927977,OK
2024-11-05 16:15:00,7.649739151072452,OK
2024-11-05 16:20:00,7.158904251910443,OK
2024-11-05 16:25:00,7.986609374854092,OK
2024-11-05 16:30:00,7.612093777449193,OK
2024-11-05 16:35:00,6.404867711155977,OK
2024-11-05 16:40:00,6.526304735633742,OK
2024-11-05 16:45:00,7.8966011445401305,OK
2024-11-05 16:50:00,7.304698307115985,OK
2024-11-05 16:55:00,8.288564996756643,OK
2024-11-05 17:00:00,7.333604579750499,OK
2024-11-05 17:05:00,7.411234866396347,OK
2024-11-05 17:10:00,7.839420616237695,OK
2024-11-05 17:15:00,7.407339697154647,OK
2024-11-05 17:20:00,7.40182153164831,OK
2024-11-05 17:25:00,7.559956757835694,OK
2024-11-05 17:30:00,6.240554734769166,OK
2024-11-05 17:35:00,6.977163028280612,OK
2024-11-05 17:40:00,7.816830973599314,OK
2024-11-05 17:45:00,7.386440111609199,OK
2024-11-05 17:50:00,8.109052807506323,OK
2024-11-05 17:55:00,6.742950468330971,OK
2024-11-05 18:00:00,6.411256984901824,OK
2024-11-05 18:05:00,8.316539561843635,OK
2024-11-05 18:10:00,7.7665666126449455,OK
2024-11-05 18:15:00,7.224561927581523,OK
2024-11-05 18:20:00,7.810238334487549,OK
2024-11-05 18:25:00,7.198740725262664,OK
2024-11-05 18:30:00,6.721919655406823,OK
2024-11-05 18:35:00,7.3133705466307175,OK
2024-11-05 18:40:00,6.960245103265228,OK
2024-11-05 18:45:00,8.167238247603954,OK
2024-11-05 18:50:00,7.247416888984759,OK
2024-11-05 18:55:00,7.221583023788656,OK
2024-11-05 19:00:00,7.436884839182327,OK
2024-11-05 19:05:00,7.849840637183558,OK
2024-11-05 19:10:00,7.120088451914692,OK
2024-11-05 19:15:00,7.217033561344165,OK
2024-11-05 19:20:00,7.536636586717305,OK
2024-11-05 19:25:00,6.675365375474084,OK
2024-11-05 19:30:00,6.732910656722479,OK
2024-11-05 19:35:00,6.337803278449222,OK
2024-11-05 19:40:00,7.002726786648772,OK
2024-11-05 19:45:00,7.132039706425339,OK
2024-11-05 19:50:00,6.635759701666383,OK
2024-11-05 19:55:00,6.865100461304366,OK
2024-11-05 20:00:00,7.2146974847211025,OK
2024-11-05 20:05:00,8.397163302789702,OK
2024-11-05 20:10:00,6.405271419966017,OK
2024-11-05 20:15:00,5.781317979815413,OK
2024-11-05 20:20:00,6.393104388006589,OK
2024-11-05 20:25:00,6.205465683727181,OK
2024-11-05 20:30:00,6.005453291798184,OK
2024-11-05 20:35:00,6.241627047194157,OK
2024-11-05 20:40:00,7.535518210944447,OK
2024-11-05 20:45:00,6.422271619534092,OK
2024-11-05 20:50:00,6.837835711195949,OK
2024-11-05 20:55:00,7.194189340578857,OK
2024-11-05 21:00:00,5.871935791492972,OK
2024-11-05 21:05:00,5.837601742413342,OK
2024-11-05 21:10:00,6.408193997552122,OK
2024-11-05 21:15:00,4.9406858517695795,OK
2024-11-05 21:20:00,5.581260652144196,OK
2024-11-05 21:25:00,6.340824427536356,OK
2024-11-05 21:30:00,5.683820321552828,OK
2024-11-05 21:35:00,5.342077788251758,OK
2024-11-05 21:40:00,4.910797417133232,OK
2024-11-05 21:45:00,6.131396988449598,OK
2024-11-05 21:50:00,32.27240026071024,OK
2024-11-05 21:55:00,31.777187351423706,OK
2024-11-05 22:00:00,31.17508382011454,OK
2024-11-05 22:05:00,4.821073807714441,OK
2024-11-05 22:10:00,5.71306715507731,OK
2024-11-05 22:15:00,5.6781678689095205,OK
2024-11-05 22:20:00,5.488016432485524,OK
2024-11-05 22:25:00,5.288176359200163,OK
2024-11-05 22:30:00,3.9770763755320857,OK
2024-11-05 22:35:00,5.320083979850942,OK
2024-11-05 22:40:00,4.770357389252524,OK
2024-11-05 22:45:00,5.4331332237648695,OK
2024-11-05 22:50:00,4.746885711583957,OK
2024-11-05 22:55:00,5.143374906413008,OK
2024-11-05 23:00:00,5.136171607642672,OK
2024-11-05 23:05:00,5.377054276218756,OK
2024-11-05 23:10:00,5.285670576780462,OK
2024-11-05 23:15:00,4.76110167848909,OK
2024-11-05 23:20:00,30.74514931700104,OK
2024-11-05 23:25:00,29.58333792666695,OK
2024-11-05 23:30:00,29.741083431198582,OK
2024-11-05 23:35:00,2.9490886235702662,OK
2024-11-05 23:40:00,5.16064717696807,OK
2024-11-05 23:45:00,4.478480888567421,OK
2024-11-05 23:50:00,3.6404639510041417,OK
2024-11-05 23:55:00,4.6722863734200795,OK
2024-11-06 00:00:00,2.5869835783634025,OK
2024-11-06 00:05:00,3.429117914183845,OK
2024-11-06 00:10:00,3.7999373741049896,OK
2024-11-06 00:15:00,3.438304647685769,OK
2024-11-06 00:20:00,2.681574103387295,OK
2024-11-06 00:25:00,2.160155383989801,OK
2024-11-06 00:30:00,30.20558575189484,OK
2024-11-06 00:35:00,29.29818404085778,OK
2024-11-06 00:40:00,28.382638105070562,OK
2024-11-06 00:45:00,1.9818649063060276,OK
2024-11-06 00:50:00,2.786301729318361,OK
2024-11-06 00:55:00,2.391375240556359,OK
2024-11-06 01:00:00,3.28755792754533,OK
2024-11-06 01:05:00,2.6766885380720016,OK
2024-11-06 01:10:00,3.173673894086048,OK
2024-11-06 01:15:00,2.3064798018458488,OK
2024-11-06 01:20:00,3.133053221113584,OK
2024-11-06 01:25:00,2.15959800629974,OK
2024-11-06 01:30:00,4.019254886818911,OK
2024-11-06 01:35:00,2.0683991211148682,OK
2024-11-06 01:40:00,1.331097645068042,OK
2024-11-06 01:45:00,2.1029220614590707,OK
2024-11-06 01:50:00,2.0293395293544023,OK
2024-11-06 01:55:00,1.100075269414737,OK
2024-11-06 02:00:00,2.0579322462893472,OK
2024-11-06 02:05:00,1.1606361105402747,OK
2024-11-06 02:10:00,1.6801586846503243,OK
2024-11-06 02:15:00,0.37434739664270145,OK
2024-11-06 02:20:00,1.514856111174455,OK
2024-11-06 02:25:00,27.882330414727072,OK
2024-11-06 02:30:00,28.45240104993765,OK
2024-11-06 02:35:00,26.46474136122814,OK
2024-11-06 02:40:00,1.23174392175973,OK
2024-11-06 02:45:00,0.3000425710467791,OK
2024-11-06 02:50:00,0.2839809215924576,OK
2024-11-06 02:55:00,0.3728821917766988,OK
2024-11-06 03:00:00,1.663471157270774,OK
2024-11-06 03:05:00,0.5118612383712883,OK
2024-11-06 03:10:00,1.7760961779346363,OK
2024-11-06 03:15:00,1.607496506704973,OK
2024-11-06 03:20:00,26.37975399940484,OK
2024-11-06 03:25:00,26.670393588367578,OK
2024-11-06 03:30:00,26.192285490131876,OK
2024-11-06 03:35:00,0.8895803353405943,OK
2024-11-06 03:40:00,-0.8186238151074974,OK
2024-11-06 03:45:00,0.18729654134112883,OK
2024-11-06 03:50:00,0.4022624315112972,OK
2024-11-06 03:55:00,0.7367571378212616,OK
2024-11-06 04:00:00,0.9965714168789911,OK
2024-11-06 04:05:00,1.2986605072711521,OK
2024-11-06 04:10:00,0.11430850153007599,OK
2024-11-06 04:15:00,0.057055751042101005,OK
2024-11-06 04:20:00,0.2632663745342064,OK
2024-11-06 04:25:00,0.07672910353456497,OK
2024-11-06 04:30:00,-0.5937646905201155,OK
2024-11-06 04:35:00,-0.4640044318205274,OK
2024-11-06 04:40:00,-0.9927633905777941,OK
2024-11-06 04:45:00,-0.1942502428837041,OK
2024-11-06 04:50:00,-0.19502756006867775,OK
2024-11-06 04:55:00,-0.4703979117280013,OK
2024-11-06 05:00:00,0.8037526905685373,OK
2024-11-06 05:05:00,0.20874285934014092,OK
2024-11-06 05:10:00,-0.014304635057703477,OK
2024-11-06 05:15:00,-0.6839501965701409,OK
2024-11-06 05:20:00,-0.011090710055894216,OK
2024-11-06 05:25:00,-0.6828244760727813,OK
2024-11-06 05:30:00,-0.5710867992169839,OK
2024-11-06 05:35:00,1.092329283404674,OK
2024-11-06 05:40:00,-0.7059929446883776,OK
2024-11-06 05:45:00,0.39614514467280926,OK
2024-11-06 05:50:00,-0.6071311382099982,OK
2024-11-06 05:55:00,0.6100846930820143,OK
2024-11-06 06:00:00,-0.18260554104052962,OK
2024-11-06 06:05:00,-0.23195386432145,OK
2024-11-06 06:10:00,-0.6606544342482137,OK
2024-11-06 06:15:00,0.18833035296929146,OK
2024-11-06 06:20:00,0.22312393041466827,OK
2024-11-06 06:25:00,-0.3557495547621757,OK
2024-11-06 06:30:00,-0.7244218614281909,OK
2024-11-06 06:35:00,-0.3795249680756734,OK
2024-11-06 06:40:00,-0.9621275133141715,OK
2024-11-06 06:45:00,-1.1149825390915427,OK
2024-11-06 06:50:00,-0.8418136670855204,OK
2024-11-06 06:55:00,-1.0050369918927768,OK
2024-11-06 07:00:00,-0.20833084950965058,OK
2024-11-06 07:05:00,-0.6198504776462667,OK
2024-11-06 07:10:00,-0.8293334434703991,OK
2024-11-06 07:15:00,-0.4476499236969639,OK
2024-11-06 07:20:00,-0.4886165518749349,OK
2024-11-06 07:25:00,-1.1105378727049693,OK
2024-11-06 07:30:00,26.026243408947447,OK
2024-11-06 07:35:00,25.611369115687896,OK
2024-11-06 07:40:00,25.767754796058224,OK
2024-11-06 07:45:00,-0.8647979403168615,OK
2024-11-06 07:50:00,0.3790751076975982,OK
2024-11-06 07:55:00,-1.4307734421285312,OK
2024-11-06 08:00:00,0.2301973102125724,OK
2024-11-06 08:05:00,-0.2181269649550161,OK
2024-11-06 08:10:00,0.24256760537607358,OK
2024-11-06 08:15:00,-0.2725922071311655,OK
2024-11-06 08:20:00,0.1808790907972946,OK
2024-11-06 08:25:00,0.3556353590803809,OK
2024-11-06 08:30:00,0.3504527454070996,OK
2024-11-06 08:35:00,0.24846200639402832,OK
2024-11-06 08:40:00,-0.4778178175274187,OK
2024-11-06 08:45:00,0.43507392251688304,OK
2024-11-06 08:50:00,0.9245171956574416,OK
2024-11-06 08:55:00,-0.5671976874516202,OK
2024-11-06 09:00:00,0.44352392203379293,OK
2024-11-06 09:05:00,0.16934983272485293,OK
2024-11-06 09:10:00,0.3992176879964363,OK
2024-11-06 09:15:00,27.48867726937605,OK
2024-11-06 09:20:00,26.627456883099374,OK
2024-11-06 09:25:00,27.06325425220465,OK
2024-11-06 09:30:00,0.9147382526324861,OK
2024-11-06 09:35:00,1.2828170336398466,OK
2024-11-06 09:40:00,1.1083136289997917,OK
2024-11-06 09:45:00,0.8625196532464945,OK
2024-11-06 09:50:00,0.5786273671323651,OK
2024-11-06 09:55:00,0.3563727114895831,OK
2024-11-06 10:00:00,0.6766600437353928,OK
2024-11-06 10:05:00,1.1035515755252352,OK
2024-11-06 10:10:00,26.98130561180965,OK
2024-11-06 10:15:00,25.777796727417364,OK
2024-11-06 10:20:00,28.23618130547096,OK
2024-11-06 10:25:00,0.647266048776238,OK
2024-11-06 10:30:00,1.3986158862031461,OK
2024-11-06 10:35:00,2.3106718041080963,OK
2024-11-06 10:40:00,1.952599935025348,OK
2024-11-06 10:45:00,1.5275141289253207,OK
2024-11-06 10:50:00,0.8475050101566083,OK
2024-11-06 10:55:00,0.8740492627564909,OK
2024-11-06 11:00:00,1.3810083514536413,OK
2024-11-06 11:05:00,28.255428725000385,OK
2024-11-06 11:10:00,28.295075274016902,OK
2024-11-06 11:15:00,28.488672101206006,OK
2024-11-06 11:20:00,1.900268235519937,OK
2024-11-06 11:25:00,1.2161577749730013,OK
2024-11-06 11:30:00,2.249078312986262,OK
2024-11-06 11:35:00,2.440912666183489,OK
2024-11-06 11:40:00,3.5451297460889015,OK
2024-11-06 11:45:00,2.5117732555149646,OK
2024-11-06 11:50:00,2.494130154877561,OK
2024-11-06 11:55:00,2.4820733576732628,OK
2024-11-06 12:00:00,2.90667211848126,OK
2024-11-06 12:05:00,3.160786722928124,OK
2024-11-06 12:10:00,28.762743759269046,OK
2024-11-06 12:15:00,28.163717075412073,OK
2024-11-06 12:20:00,28.83708201191749,OK
2024-11-06 12:25:00,2.8784072134452385,OK
2024-11-06 12:30:00,3.7913846018674984,OK
2024-11-06 12:35:00,2.84206533456644,OK
2024-11-06 12:40:00,4.048322791553404,OK
2024-11-06 12:45:00,3.9288750543797386,OK
2024-11-06 12:50:00,3.191740942091196,OK
2024-11-06 12:55:00,3.117110862644096,OK
2024-11-06 13:00:00,3.647220608949473,OK
2024-11-06 13:05:00,4.017872580443528,OK
2024-11-06 13:10:00,4.225158750577507,OK
2024-11-06 13:15:00,4.254310623270471,OK
2024-11-06 13:20:00,3.677486315843813,OK
2024-11-06 13:25:00,3.8696439217719116,OK
2024-11-06 13:30:00,4.198558054269058,OK
2024-11-06 13:35:00,30.181960659088634,OK
2024-11-06 13:40:00,30.805440618551277,OK
2024-11-06 13:45:00,28.9854375813698,OK
2024-11-06 13:50:00,4.978962820358917,OK
2024-11-06 13:55:00,4.188397023369265,OK
2024-11-06 14:00:00,4.051961344827574,OK
2024-11-06 14:05:00,4.90613527836523,OK
2024-11-06 14:10:00,4.921444001410214,OK
2024-11-06 14:15:00,4.367728893135554,OK
2024-11-06 14:20:00,5.591994191148664,OK
2024-11-06 14:25:00,5.17807908994928,OK
2024-11-06 14:30:00,5.38523666376989,OK
2024-11-06 14:35:00,4.875676320927766,OK
2024-11-06 14:40:00,5.085376662386,OK
2024-11-06 14:45:00,5.643594782069687,OK
2024-11-06 14:50:00,5.844950309985816,OK
2024-11-06 14:55:00,4.873550851929097,OK
2024-11-06 15:00:00,4.344116420263169,OK
2024-11-06 15:05:00,6.163989681417932,OK
2024-11-06 15:10:00,5.233321505447874,OK
2024-11-06 15:15:00,5.296080090381244,OK
2024-11-06 15:20:00,31.842764206865837,OK
2024-11-06 15:25:00,32.29754579410264,OK
2024-11-06 15:30:00,32.37935894356943,OK
2024-11-06 15:35:00,5.940367591870365,OK
2024-11-06 15:40:00,5.513088221595824,OK
2024-11-06 15:45:00,6.694403560186267,OK
2024-11-06 15:50:00,5.856203756936875,OK
2024-11-06 15:55:00,5.922046236078901,OK
2024-11-06 16:00:00,6.357448366613023,OK
2024-11-06 16:05:00,6.625617370694587,OK
2024-11-06 16:10:00,6.227989668050473,OK
2024-11-06 16:15:00,7.40799802449962,OK
2024-11-06 16:20:00,7.520224824180623,OK
2024-11-06 16:25:00,6.054058575812462,OK
2024-11-06 16:30:00,4.959666623217698,OK
2024-11-06 16:35:00,6.530623401961797,OK
2024-11-06 16:40:00,6.0002338212956206,OK
2024-11-06 16:45:00,6.2054906413970805,OK
2024-11-06 16:50:00,6.1147470014815655,OK
2024-11-06 16:55:00,6.324225098967316,OK
2024-11-06 17:00:00,7.419401189684265,OK
2024-11-06 17:05:00,6.208098387767436,OK
2024-11-06 17:10:00,7.070117938109444,OK
2024-11-06 17:15:00,6.880269100754228,OK
2024-11-06 17:20:00,6.218782856855899,OK
2024-11-06 17:25:00,6.799382041557173,OK
2024-11-06 17:30:00,7.106478576264984,OK
2024-11-06 17:35:00,7.125378692848576,OK
2024-11-06 17:40:00,7.701080362018471,OK
2024-11-06 17:45:00,6.072282909344932,OK
2024-11-06 17:50:00,6.73187754568385,OK
2024-11-06 17:55:00,6.973993231757469,OK
2024-11-06 18:00:00,6.127068669561711,OK
2024-11-06 18:05:00,6.028241423704908,OK
2024-11-06 18:10:00,5.806119566171467,OK
2024-11-06 18:15:00,6.630546299660314,OK
2024-11-06 18:20:00,7.305961557804535,OK
2024-11-06 18:25:00,7.306088141214718,OK
2024-11-06 18:30:00,5.346411386451141,OK
2024-11-06 18:35:00,6.07004354594816,OK
2024-11-06 18:40:00,6.695452249293406,OK
2024-11-06 18:45:00,7.058669908442025,OK
2024-11-06 18:50:00,5.576811044285104,OK
2024-11-06 18:55:00,6.788207175416447,OK
2024-11-06 19:00:00,5.958521129272021,OK
2024-11-06 19:05:00,6.561947118855372,OK
2024-11-06 19:10:00,6.75484028631191,OK
2024-11-06 19:15:00,5.900650368291363,OK
2024-11-06 19:20:00,6.073375276872432,OK
2024-11-06 19:25:00,7.073345046904527,OK
2024-11-06 19:30:00,6.391242914855854,OK
2024-11-06 19:35:00,6.311561145976612,OK
2024-11-06 19:40:00,6.993700417571529,OK
2024-11-06 19:45:00,6.417672061682481,OK
2024-11-06 19:50:00,6.738589947689893,OK
2024-11-06 19:55:00,31.93582762686109,OK
2024-11-06 20:00:00,32.170778514687164,OK
2024-11-06 20:05:00,31.506127744553254,OK
2024-11-06 20:10:00,6.339886965246338,OK
2024-11-06 20:15:00,6.356225986879217,OK
2024-11-06 20:20:00,6.455526761731316,OK
2024-11-06 20:25:00,5.1879435828622675,OK
2024-11-06 20:30:00,5.39752604147224,OK
2024-11-06 20:35:00,5.501205025506555,OK
2024-11-06 20:40:00,5.380212894465091,OK
2024-11-06 20:45:00,5.602010273278258,OK
2024-11-06 20:50:00,5.853687808420778,OK
2024-11-06 20:55:00,6.094539564160164,OK
2024-11-06 21:00:00,31.168330609341492,OK
2024-11-06 21:05:00,31.66487153559373,OK
2024-11-06 21:10:00,31.37299914651765,OK
2024-11-06 21:15:00,4.768662127848383,OK
2024-11-06 21:20:00,4.23455381381412,OK
2024-11-06 21:25:00,4.383923555077898,OK
2024-11-06 21:30:00,4.571485009532479,OK
2024-11-06 21:35:00,4.237885167757602,OK
2024-11-06 21:40:00,4.888806699815064,OK
2024-11-06 21:45:00,4.4758204003791855,OK
2024-11-06 21:50:00,5.25141008931311,OK
2024-11-06 21:55:00,3.9064885020653275,OK
2024-11-06 22:00:00,3.9805901074291072,OK
2024-11-06 22:05:00,3.9700457684389123,OK
2024-11-06 22:10:00,3.745324126048429,OK
2024-11-06 22:15:00,30.22464905806118,OK
2024-11-06 22:20:00,30.364532801044213,OK
2024-11-06 22:25:00,29.838834285022973,OK
2024-11-06 22:30:00,3.655202584965088,OK
2024-11-06 22:35:00,3.15238438765056,OK
2024-11-06 22:40:00,2.7658239519983283,OK
2024-11-06 22:45:00,3.1116379126462053,OK
2024-11-06 22:50:00,3.2456096424675547,OK
2024-11-06 22:55:00,3.4079274180790002,OK
2024-11-06 23:00:00,1.9033444202965535,OK
2024-11-06 23:05:00,3.0908630142615316,OK
2024-11-06 23:10:00,3.8521757734714583,OK
2024-11-06 23:15:00,4.21164388295044,OK
2024-11-06 23:20:00,28.076458425202173,OK
2024-11-06 23:25:00,28.258718259347063,OK
2024-11-06 23:30:00,28.084583845620788,OK
2024-11-06 23:35:00,2.778730007223446,OK
2024-11-06 23:40:00,1.8647683185230608,OK
2024-11-06 23:45:00,3.3264285959574442,OK
2024-11-06 23:50:00,1.9998462364458063,OK
2024-11-06 23:55:00,2.510528726363899,OK
2024-11-07 00:00:00,2.554905314722285,OK
2024-11-07 00:05:00,1.8787755865670666,OK
2024-11-07 00:10:00,2.1553147156915817,OK
2024-11-07 00:15:00,2.0603185202156795,OK
2024-11-07 00:20:00,0.9298543922557351,OK
2024-11-07 00:25:00,1.0792394067747992,OK
2024-11-07 00:30:00,2.4012765508455263,OK
2024-11-07 00:35:00,28.247799496484664,OK
2024-11-07 00:40:00,26.57394900624801,OK
2024-11-07 00:45:00,26.39741690686372,OK
2024-11-07 00:50:00,2.336359918603133,OK
2024-11-07 00:55:00,0.4816513591585836,OK
2024-11-07 01:00:00,-0.23474188025197495,OK
2024-11-07 01:05:00,0.5796614938675629,OK
2024-11-07 01:10:00,1.81223711678552,OK
2024-11-07 01:15:00,1.8703041569848042,OK
2024-11-07 01:20:00,0.9462585794903968,OK
2024-11-07 01:25:00,0.2803772834936278,OK
2024-11-07 01:30:00,-0.5897335615572604,OK
2024-11-07 01:35:00,0.604256153787009,OK
2024-11-07 01:40:00,0.09787853328670729,OK
2024-11-07 01:45:00,0.2783650850966909,OK
2024-11-07 01:50:00,0.0057039254260544126,OK
2024-11-07 01:55:00,-0.5965185983152594,OK
2024-11-07 02:00:00,-0.12671898077092514,OK
2024-11-07 02:05:00,-0.941482882739795,OK
2024-11-07 02:10:00,0.10683485430647488,OK
2024-11-07 02:15:00,-0.9094410724599952,OK
2024-11-07 02:20:00,-0.9946573005424597,OK
2024-11-07 02:25:00,-0.3615806540560136,OK
2024-11-07 02:30:00,-0.4649493612627113,OK
2024-11-07 02:35:00,-0.206081377383792,OK
2024-11-07 02:40:00,-0.8760889535230993,OK
2024-11-07 02:45:00,-1.3671240193669512,OK
2024-11-07 02:50:00,-0.6165643947909766,OK
2024-11-07 02:55:00,-1.588385444894488,OK
2024-11-07 03:00:00,-1.1908218257790573,OK
2024-11-07 03:05:00,-1.4795376630603265,OK
2024-11-07 03:10:00,-0.5235251660382982,OK
2024-11-07 03:15:00,-1.3337975612358761,OK
2024-11-07 03:20:00,-0.711155062468717,OK
2024-11-07 03:25:00,-1.1105126459151575,OK
2024-11-07 03:30:00,-1.8168467477751524,OK
2024-11-07 03:35:00,-0.9486706593193639,OK
2024-11-07 03:40:00,-0.9346022597863478,OK
2024-11-07 03:45:00,-0.9277743799068264,OK
2024-11-07 03:50:00,-1.4030315823617983,OK
2024-11-07 03:55:00,-2.259428151488255,OK
2024-11-07 04:00:00,-2.6402279388805248,OK
2024-11-07 04:05:00,-1.6941155788844091,OK
2024-11-07 04:10:00,-3.003226733293782,OK
2024-11-07 04:15:00,-0.9989792267211987,OK
2024-11-07 04:20:00,-1.797468442363695,OK
2024-11-07 04:25:00,-2.0645405457074006,OK
2024-11-07 04:30:00,-2.1786586395606915,OK
2024-11-07 04:35:00,-1.56863253712774,OK
2024-11-07 04:40:00,-1.6699560307881072,OK
2024-11-07 04:45:00,-2.0798038343072793,OK
2024-11-07 04:50:00,-1.798531555326137,OK
2024-11-07 04:55:00,-1.6149028143945967,OK
2024-11-07 05:00:00,-1.0514268693145932,OK
2024-11-07 05:05:00,-1.5271079316270417,OK
2024-11-07 05:10:00,-2.234535783789019,OK
2024-11-07 05:15:00,-2.1393288044138044,OK
2024-11-07 05:20:00,-1.329283685699132,OK
2024-11-07 05:25:00,-2.325035746267981,OK
2024-11-07 05:30:00,-2.9664011031827204,OK
2024-11-07 05:35:00,-2.1033029848002958,OK
2024-11-07 05:40:00,-2.4761042766608545,OK
2024-11-07 05:45:00,-2.276630971900497,OK
2024-11-07 05:50:00,-2.993443597287365,OK
2024-11-07 05:55:00,-2.8147006658020697,OK
2024-11-07 06:00:00,-1.4628571365795726,OK
2024-11-07 06:05:00,-1.3447750230278508,OK
2024-11-07 06:10:00,-3.2933239361929836,OK
2024-11-07 06:15:00,-3.088324803432027,OK
2024-11-07 06:20:00,-2.8358606242496314,OK
2024-11-07 06:25:00,-2.161294030778718,OK
2024-11-07 06:30:00,-2.783196776164846,OK
2024-11-07 06:35:00,-3.094254845896221,OK
2024-11-07 06:40:00,-1.9646125097307137,OK
2024-11-07 06:45:00,-1.8986650981022035,OK
2024-11-07 06:50:00,-1.9544773193948208,OK
2024-11-07 06:55:00,-2.674833761531476,OK
2024-11-07 07:00:00,-2.1030921418946025,OK
2024-11-07 07:05:00,-2.6327860816423363,OK
2024-11-07 07:10:00,-2.4147335110905837,OK
2024-11-07 07:15:00,-2.4003090633404103,OK
2024-11-07 07:20:00,-1.5114429705466037,OK
2024-11-07 07:25:00,-2.0132287956609027,OK
2024-11-07 07:30:00,-1.2102951831836402,OK
2024-11-07 07:35:00,-1.3586803403007683,OK
2024-11-07 07:40:00,-1.6297973039842055,OK
2024-11-07 07:45:00,-2.4196886899578596,OK
2024-11-07 07:50:00,-1.9411635298897485,OK
2024-11-07 07:55:00,-1.5294548059832256,OK
2024-11-07 08:00:00,-0.3232768324852566,OK
2024-11-07 08:05:00,-1.4353648148861566,OK
2024-11-07 08:10:00,-1.1970437028118335,OK
2024-11-07 08:15:00,-1.504955299898678,OK
2024-11-07 08:20:00,-1.8303526304525526,OK
2024-11-07 08:25:00,-1.4617980862349655,OK
2024-11-07 08:30:00,-1.1318062329411127,OK
2024-11-07 08:35:00,-1.2564715641132915,OK
2024-11-07 08:40:00,-0.4379189608947385,OK
2024-11-07 08:45:00,-1.3794822024619149,OK
2024-11-07 08:50:00,-1.587040711908671,OK
2024-11-07 08:55:00,-0.7876649886914707,OK
2024-11-07 09:00:00,-1.442736977662309,OK
2024-11-07 09:05:00,-0.2678792469216176,OK
2024-11-07 09:10:00,-1.0365721554409442,OK
2024-11-07 09:15:00,-0.30079713567276195,OK
2024-11-07 09:20:00,-1.4781808875950586,OK
2024-11-07 09:25:00,-0.8435282289834483,OK
2024-11-07 09:30:00,-0.6835449087486066,OK
2024-11-07 09:35:00,-1.1141831066207208,OK
2024-11-07 09:40:00,-1.0166567675077127,OK
2024-11-07 09:45:00,0.5681120286356683,OK
2024-11-07 09:50:00,-0.5983146250380765,OK
2024-11-07 09:55:00,-0.29386448703635115,OK
2024-11-07 10:00:00,0.3080238087809518,OK
2024-11-07 10:05:00,-0.6747499963313587,OK
2024-11-07 10:10:00,-0.16007463665177382,OK
2024-11-07 10:15:00,-0.29919163639523977,OK
2024-11-07 10:20:00,25.924940639528295,OK
2024-11-07 10:25:00,25.18056354272277,OK
2024-11-07 10:30:00,26.228189626349586,OK
2024-11-07 10:35:00,-0.15187056303643273,OK
2024-11-07 10:40:00,-0.22334220104386432,OK
2024-11-07 10:45:00,0.492599098578262,OK
2024-11-07 10:50:00,1.7130709134609912,OK
2024-11-07 10:55:00,-0.5029361526447369,OK
2024-11-07 11:00:00,0.7162625734429662,OK
2024-11-07 11:05:00,0.41812372491807326,OK
2024-11-07 11:10:00,0.3836233634563611,OK
2024-11-07 11:15:00,0.7109059263739781,OK
2024-11-07 11:20:00,1.252264458523983,OK
2024-11-07 11:25:00,1.5082853258978564,OK
2024-11-07 11:30:00,1.4665540875378464,OK
2024-11-07 11:35:00,1.4467743835412938,OK
2024-11-07 11:40:00,1.6583496020893416,OK
2024-11-07 11:45:00,1.32289093177455,OK
2024-11-07 11:50:00,27.55812546706371,OK
2024-11-07 11:55:00,27.95407393770261,OK
2024-11-07 12:00:00,28.09072771650925,OK
2024-11-07 12:05:00,0.8817946993331887,OK
2024-11-07 12:10:00,1.504617661940423,OK
2024-11-07 12:15:00,0.5569704436545178,OK
2024-11-07 12:20:00,1.961329578540277,OK
2024-11-07 12:25:00,2.459940595668122,OK
2024-11-07 12:30:00,1.3268599428747334,OK
2024-11-07 12:35:00,2.5794254964474774,OK
2024-11-07 12:40:00,2.4738658397069435,OK
2024-11-07 12:45:00,30.034164829592278,OK
2024-11-07 12:50:00,28.84168682842989,OK
2024-11-07 12:55:00,28.606204615030308,OK
2024-11-07 13:00:00,3.233819519543745,OK
2024-11-07 13:05:00,3.1871794362298664,OK
2024-11-07 13:10:00,2.2028738651482636,OK
2024-11-07 13:15:00,2.4646277807719232,OK
2024-11-07 13:20:00,2.4741529389416383,OK
2024-11-07 13:25:00,2.963504095261465,OK
2024-11-07 13:30:00,3.737699303480776,OK
2024-11-07 13:35:00,2.161094540957636,OK
2024-11-07 13:40:00,3.9439694059151598,OK
2024-11-07 13:45:00,2.290292239387207,OK
2024-11-07 13:50:00,3.2184883273568317,OK
2024-11-07 13:55:00,4.200781885672926,OK
2024-11-07 14:00:00,2.5714628707892837,OK
2024-11-07 14:05:00,2.8995020112576455,OK
2024-11-07 14:10:00,3.201093771061763,OK
2024-11-07 14:15:00,3.1124946921762584,OK
2024-11-07 14:20:00,3.5085818213156914,OK
2024-11-07 14:25:00,29.337311399704927,OK
2024-11-07 14:30:00,29.40777572613119,OK
2024-11-07 14:35:00,30.133951307091404,OK
2024-11-07 14:40:00,3.794777888376804,OK
2024-11-07 14:45:00,2.924550398521185,OK
2024-11-07 14:50:00,4.079190840617529,OK
2024-11-07 14:55:00,4.4011048495288,OK
2024-11-07 15:00:00,4.146601606367618,OK
2024-11-07 15:05:00,3.6839000246606615,OK
2024-11-07 15:10:00,3.185706877166072,OK
2024-11-07 15:15:00,3.604130498277115,OK
2024-11-07 15:20:00,30.708278194062206,OK
2024-11-07 15:25:00,30.62785360788678,OK
2024-11-07 15:30:00,30.555937408449108,OK
2024-11-07 15:35:00,3.5516772721672005,OK
2024-11-07 15:40:00,4.864432035649377,OK
2024-11-07 15:45:00,4.379240005716075,OK
2024-11-07 15:50:00,4.394606234151205,OK
2024-11-07 15:55:00,3.507228161430444,OK
2024-11-07 16:00:00,4.124156449212315,OK
2024-11-07 16:05:00,5.164805369366374,OK
2024-11-07 16:10:00,4.081646924886397,OK
2024-11-07 16:15:00,5.24112030477642,OK
2024-11-07 16:20:00,3.274251737160849,OK
2024-11-07 16:25:00,3.8782395274472705,OK
2024-11-07 16:30:00,5.07071578973383,OK
2024-11-07 16:35:00,5.236587371922807,OK
2024-11-07 16:40:00,3.8674239790968037,OK
2024-11-07 16:45:00,5.005524789883188,OK
2024-11-07 16:50:00,5.181331003285975,OK
2024-11-07 16:55:00,4.162873915825512,OK
2024-11-07 17:00:00,4.429757842555453,OK
2024-11-07 17:05:00,30.76872244170146,OK
2024-11-07 17:10:00,29.97563017908838,OK
2024-11-07 17:15:00,29.829033646647826,OK
2024-11-07 17:20:00,5.982310700537643,OK
2024-11-07 17:25:00,4.955014340077793,OK
2024-11-07 17:30:00,4.813933241180574,OK
2024-11-07 17:35:00,4.333390647142699,OK
2024-11-07 17:40:00,4.78608877730709,OK
2024-11-07 17:45:00,4.8346691905274435,OK
2024-11-07 17:50:00,4.758084528409485,OK
2024-11-07 17:55:00,5.082736126115128,OK
2024-11-07 18:00:00,5.360602051577335,OK
2024-11-07 18:05:00,4.529372435775067,OK
2024-11-07 18:10:00,29.79011868121669,OK
2024-11-07 18:15:00,29.71539406398052,OK
2024-11-07 18:20:00,30.472824410096635,OK
2024-11-07 18:25:00,3.8078602667364705,OK
2024-11-07 18:30:00,3.0598257557850377,OK
2024-11-07 18:35:00,4.003815191650799,OK
2024-11-07 18:40:00,4.557103475958027,OK
2024-11-07 18:45:00,4.237604426598167,OK
2024-11-07 18:50:00,3.365289506748454,OK
2024-11-07 18:55:00,3.501201080210146,OK
2024-11-07 19:00:00,3.6899008381954372,OK
2024-11-07 19:05:00,29.680734223749884,OK
2024-11-07 19:10:00,30.606817123420978,OK
2024-11-07 19:15:00,30.392708166883942,OK
2024-11-07 19:20:00,4.554266852909996,OK
2024-11-07 19:25:00,3.0244809635941636,OK
2024-11-07 19:30:00,3.497365473174592,OK
2024-11-07 19:35:00,3.279885624994902,OK
2024-11-07 19:40:00,3.670439086937902,OK
2024-11-07 19:45:00,4.413960835297899,OK
2024-11-07 19:50:00,4.45310946498051,OK
2024-11-07 19:55:00,4.540736129763459,OK
2024-11-07 20:00:00,3.581600474217126,OK
2024-11-07 20:05:00,3.5398498499535402,OK
2024-11-07 20:10:00,3.3088296131750727,OK
2024-11-07 20:15:00,2.5429723966106756,OK
2024-11-07 20:20:00,4.709729627570751,OK
2024-11-07 20:25:00,2.775181658802685,OK
2024-11-07 20:30:00,29.52993308244479,OK
2024-11-07 20:35:00,30.037045930356037,OK
2024-11-07 20:40:00,28.123642895018758,OK
2024-11-07 20:45:00,2.487372031262211,OK
2024-11-07 20:50:00,3.7794864867223383,OK
2024-11-07 20:55:00,3.2096988447702044,OK
2024-11-07 21:00:00,2.3118842220904012,OK
2024-11-07 21:05:00,3.1079849344535964,OK
2024-11-07 21:10:00,3.6754412154716354,OK
2024-11-07 21:15:00,3.4765330271159405,OK
2024-11-07 21:20:00,1.759203651968722,OK
2024-11-07 21:25:00,3.5165318199504116,OK
2024-11-07 21:30:00,28.829972810506124,OK
2024-11-07 21:35:00,28.33458684930751,OK
2024-11-07 21:40:00,28.451594487728393,OK
2024-11-07 21:45:00,2.819182185046633,OK
2024-11-07 21:50:00,2.093957774885629,OK
2024-11-07 21:55:00,1.4924273910563164,OK
2024-11-07 22:00:00,1.584193487658771,OK
2024-11-07 22:05:00,3.2833973294156884,OK
2024-11-07 22:10:00,1.7053855087620389,OK
2024-11-07 22:15:00,1.4489672799589906,OK
2024-11-07 22:20:00,1.6686013199617178,OK
2024-11-07 22:25:00,2.869268245765481,OK
2024-11-07 22:30:00,2.285698438266659,OK
2024-11-07 22:35:00,2.110645889750943,OK
2024-11-07 22:40:00,1.5968085734051913,OK
2024-11-07 22:45:00,2.230869901760354,OK
2024-11-07 22:50:00,0.851143812335033,OK
2024-11-07 22:55:00,1.3934625804414176,OK
2024-11-07 23:00:00,27.520109718611224,OK
2024-11-07 23:05:00,27.80508547950791,OK
2024-11-07 23:10:00,27.358761086228185,OK
2024-11-07 23:15:00,1.1583832139454833,OK
2024-11-07 23:20:00,0.9501828974899669,OK
2024-11-07 23:25:00,0.43315844549305194,OK
2024-11-07 23:30:00,-0.2219964462034203,OK
2024-11-07 23:35:00,0.7511009469244883,OK
2024-11-07 23:40:00,0.20637441595478662,OK
2024-11-07 23:45:00,0.2587974975272217,OK
2024-11-07 23:50:00,0.7936733855297031,OK
2024-11-07 23:55:00,1.2294798408947347,OK
2024-11-08 00:00:00,26.92370916240572,OK
2024-11-08 00:05:00,27.695047992442596,OK
2024-11-08 00:10:00,26.64280970130147,OK
2024-11-08 00:15:00,0.25577153300513567,OK
2024-11-08 00:20:00,-0.3497298499748992,OK
2024-11-08 00:25:00,-0.5905080253639762,OK
2024-11-08 00:30:00,0.4393383998557319,OK
2024-11-08 00:35:00,-1.3014412458401705,OK
2024-11-08 00:40:00,0.055092359942726044,OK
2024-11-08 00:45:00,-0.05663392157304355,OK
2024-11-08 00:50:00,-0.6540468318200838,OK
2024-11-08 00:55:00,-1.221456778267886,OK
2024-11-08 01:00:00,-0.012615423877347931,OK
2024-11-08 01:05:00,-0.35995454718432296,OK
2024-11-08 01:10:00,-1.4742873592904646,OK
2024-11-08 01:15:00,-1.0881446391363163,OK
2024-11-08 01:20:00,-1.5814491410163178,OK
2024-11-08 01:25:00,-1.1227135387666543,OK
2024-11-08 01:30:00,-0.9870069196534207,OK
2024-11-08 01:35:00,-2.214290687188638,OK
2024-11-08 01:40:00,-1.8298440994176925,OK
2024-11-08 01:45:00,-1.1834777805468952,OK
2024-11-08 01:50:00,-0.9463481408388227,OK
2024-11-08 01:55:00,-1.3165339471111974,OK
2024-11-08 02:00:00,-1.8863728968473727,OK
2024-11-08 02:05:00,-0.3965618522500334,OK
2024-11-08 02:10:00,-1.5541778245813498,OK
2024-11-08 02:15:00,-1.7568332091399292,OK
2024-11-08 02:20:00,-2.554592254985984,OK
2024-11-08 02:25:00,-1.2963612754049214,OK
2024-11-08 02:30:00,-2.3810450820926494,OK
2024-11-08 02:35:00,-2.1871025101999093,OK
2024-11-08 02:40:00,-2.267859551494986,OK
2024-11-08 02:45:00,-2.2174382897111373,OK
2024-11-08 02:50:00,-1.425376554866157,OK
2024-11-08 02:55:00,-2.957268221762245,OK
2024-11-08 03:00:00,-1.5007329726925962,OK
2024-11-08 03:05:00,-1.3751532778759443,OK
2024-11-08 03:10:00,-2.462798285511775,OK
2024-11-08 03:15:00,-2.0632312270189894,OK
2024-11-08 03:20:00,-2.0957930582352695,OK
2024-11-08 03:25:00,-3.0245344918011265,OK
2024-11-08 03:30:00,-2.0775866630484097,OK
2024-11-08 03:35:00,-2.1329067400714994,OK
2024-11-08 03:40:00,-3.0945907321894346,OK
2024-11-08 03:45:00,-3.4835831449731014,OK
2024-11-08 03:50:00,-3.4670320513398347,OK
2024-11-08 03:55:00,-2.6329086615738313,OK
2024-11-08 04:00:00,-2.443817646393102,OK
2024-11-08 04:05:00,-2.710439731105974,OK
2024-11-08 04:10:00,-3.6513191603407726,OK
2024-11-08 04:15:00,-3.268126566638663,OK
2024-11-08 04:20:00,-2.7791474970952135,OK
2024-11-08 04:25:00,-2.868591322375751,OK
2024-11-08 04:30:00,-2.707917135461558,OK
2024-11-08 04:35:00,-3.747764224439265,OK
2024-11-08 04:40:00,-2.8801389184869324,OK
2024-11-08 04:45:00,-3.7781314111513917,OK
2024-11-08 04:50:00,-2.7944576688008604,OK
2024-11-08 04:55:00,-2.8123263647288277,OK
2024-11-08 05:00:00,-3.2475033937740503,OK
2024-11-08 05:05:00,-3.958022331165553,OK
2024-11-08 05:10:00,-3.9558374353210457,OK
2024-11-08 05:15:00,-3.8199066489490745,OK
2024-11-08 05:20:00,-3.53121849574202,OK
2024-11-08 05:25:00,-2.9543420238252946,OK
2024-11-08 05:30:00,-3.502519077273438,OK
2024-11-08 05:35:00,-4.4155698563190295,OK
2024-11-08 05:40:00,-4.341590423714155,OK
2024-11-08 05:45:00,-3.8857888249420034,OK
2024-11-08 05:50:00,-3.740716427302029,OK
2024-11-08 05:55:00,-4.129861564259976,OK
2024-11-08 06:00:00,-4.427108344653027,OK
2024-11-08 06:05:00,-4.201195106936052,OK
2024-11-08 06:10:00,-4.825365026763436,OK
2024-11-08 06:15:00,-5.667324587390275,OK
2024-11-08 06:20:00,-3.436558199501992,OK
2024-11-08 06:25:00,-3.276548462706584,OK
2024-11-08 06:30:00,-2.8325341996929767,OK
2024-11-08 06:35:00,-4.2178473430338235,OK
2024-11-08 06:40:00,-3.3627909832252407,OK
2024-11-08 06:45:00,-4.06740913006285,OK
2024-11-08 06:50:00,-3.8913233326041334,OK
2024-11-08 06:55:00,-4.286056585809039,OK
2024-11-08 07:00:00,-3.3731826332710364,OK
2024-11-08 07:05:00,-3.5283444231934795,OK
2024-11-08 07:10:00,-3.8905531180649584,OK
2024-11-08 07:15:00,-2.5331546749195324,OK
2024-11-08 07:20:00,-4.017271756632085,OK
2024-11-08 07:25:00,-3.2653449927358817,OK
2024-11-08 07:30:00,-3.733947100386221,OK
2024-11-08 07:35:00,-3.908951855772405,OK
2024-11-08 07:40:00,-4.218378958324613,OK
2024-11-08 07:45:00,-2.696691429402793,OK
2024-11-08 07:50:00,-3.8448647227231025,OK
2024-11-08 07:55:00,-4.094442139303893,OK
2024-11-08 08:00:00,-3.248796851769693,OK
2024-11-08 08:05:00,-3.818671984500494,OK
2024-11-08 08:10:00,-1.9590827522436478,OK
2024-11-08 08:15:00,-2.8467191403203596,OK
2024-11-08 08:20:00,-2.58774835677286,OK
2024-11-08 08:25:00,-1.9880124194278381,OK
2024-11-08 08:30:00,-3.1634657650837994,OK
2024-11-08 08:35:00,-2.8355881616825656,OK
2024-11-08 08:40:00,-2.3207364954756815,OK
2024-11-08 08:45:00,-2.4905349345608303,OK
2024-11-08 08:50:00,-2.466497364166013,OK
2024-11-08 08:55:00,-2.9086313384088287,OK
2024-11-08 09:00:00,-1.9626489536448168,OK
2024-11-08 09:05:00,-2.9556270873714823,OK
2024-11-08 09:10:00,-2.379406331869547,OK
2024-11-08 09:15:00,-1.429843801982909,OK
2024-11-08 09:20:00,-1.8374628609188624,OK
2024-11-08 09:25:00,-1.538864097272544,OK
2024-11-08 09:30:00,-1.1723913857888437,OK
2024-11-08 09:35:00,-1.575655785506445,OK
2024-11-08 09:40:00,-1.1597696761450011,OK
2024-11-08 09:45:00,-0.908053811531623,OK
2024-11-08 09:50:00,-1.170310983972663,OK
2024-11-08 09:55:00,-0.9585319059773658,OK
2024-11-08 10:00:00,-1.7341892733476174,OK
2024-11-08 10:05:00,-1.9087793480531436,OK
2024-11-08 10:10:00,-1.1031728170523605,OK
2024-11-08 10:15:00,-0.6872858012756434,OK
2024-11-08 10:20:00,-1.6096173226077182,OK
2024-11-08 10:25:00,-0.12909961055506342,OK
2024-11-08 10:30:00,0.10579772234049856,OK
2024-11-08 10:35:00,-1.5143675847017035,OK
2024-11-08 10:40:00,0.04487132475010569,OK
2024-11-08 10:45:00,-2.3441749334523143,OK
2024-11-08 10:50:00,-0.486556068227814,OK
2024-11-08 10:55:00,0.7517569890525005,OK
2024-11-08 11:00:00,,MISSING
2024-11-08 11:05:00,-0.4768307627900415,OK
2024-11-08 11:10:00,0.8583096898261574,OK
2024-11-08 11:15:00,-0.35939719426431527,OK
2024-11-08 11:20:00,0.7101022230789393,OK
2024-11-08 11:25:00,0.34941776646936323,OK
2024-11-08 11:30:00,1.6684192075268203,OK
2024-11-08 11:35:00,-0.5070811611831605,OK
2024-11-08 11:40:00,0.6811607241602945,OK
2024-11-08 11:45:00,0.011454465192467567,OK
2024-11-08 11:50:00,-0.18223816349046051,OK
2024-11-08 11:55:00,27.109259321346475,OK
2024-11-08 12:00:00,26.961343586511745,OK
2024-11-08 12:05:00,26.4637282380928,OK
2024-11-08 12:10:00,0.9973785581957435,OK
2024-11-08 12:15:00,0.44056624232069164,OK
2024-11-08 12:20:00,0.5092517092814203,OK
2024-11-08 12:25:00,1.315298856099261,OK
2024-11-08 12:30:00,1.9071209079734974,OK
2024-11-08 12:35:00,1.2742036794967198,OK
2024-11-08 12:40:00,1.4403156751626935,OK
2024-11-08 12:45:00,2.2608008845648215,OK
2024-11-08 12:50:00,2.1683435420234813,OK
2024-11-08 12:55:00,1.72228277830125,OK
2024-11-08 13:00:00,28.284559566187674,OK
2024-11-08 13:05:00,28.913779005647626,OK
2024-11-08 13:10:00,29.22586076206059,OK
2024-11-08 13:15:00,1.7117639662470236,OK
2024-11-08 13:20:00,1.8138663274695082,OK
2024-11-08 13:25:00,1.8157056690732472,OK
2024-11-08 13:30:00,3.126222513713864,OK
2024-11-08 13:35:00,2.4508459277841537,OK
2024-11-08 13:40:00,2.6329909101958924,OK
2024-11-08 13:45:00,4.159457709012836,OK
2024-11-08 13:50:00,2.6093889717949357,OK
2024-11-08 13:55:00,3.224472018299945,OK
2024-11-08 14:00:00,3.099956854032652,OK
2024-11-08 14:05:00,2.820143909323961,OK
2024-11-08 14:10:00,2.9712250667900197,OK
2024-11-08 14:15:00,2.971978977693409,OK
2024-11-08 14:20:00,3.771405709500348,OK
2024-11-08 14:25:00,29.47767133062235,OK
2024-11-08 14:30:00,29.131574379485652,OK
2024-11-08 14:35:00,28.97971186839794,OK
2024-11-08 14:40:00,3.6706363074451134,OK
2024-11-08 14:45:00,3.3326773290673364,OK
2024-11-08 14:50:00,2.8613952204687,OK
2024-11-08 14:55:00,3.5738873971352407,OK
2024-11-08 15:00:00,3.605408407562026,OK
2024-11-08 15:05:00,4.215055398496861,OK
2024-11-08 15:10:00,4.316369488467662,OK
2024-11-08 15:15:00,3.3112073610583357,OK
2024-11-08 15:20:00,3.3786409020590127,OK
2024-11-08 15:25:00,3.6434092657973887,OK
2024-11-08 15:30:00,30.786241060178344,OK
2024-11-08 15:35:00,29.62120040576099,OK
2024-11-08 15:40:00,30.059238883324863,OK
2024-11-08 15:45:00,4.0702890144785595,OK
2024-11-08 15:50:00,3.2368321284398123,OK
2024-11-08 15:55:00,4.274405879807718,OK
2024-11-08 16:00:00,4.089148551890115,OK
2024-11-08 16:05:00,5.692643051548621,OK
2024-11-08 16:10:00,5.137400832987543,OK
2024-11-08 16:15:00,5.958653051446252,OK
2024-11-08 16:20:00,4.281879696111144,OK
2024-11-08 16:25:00,4.717537160126872,OK
2024-11-08 16:30:00,30.344122566363627,OK
2024-11-08 16:35:00,31.149513097472248,OK
2024-11-08 16:40:00,31.29272791058774,OK
2024-11-08 16:45:00,5.95640872649577,OK
2024-11-08 16:50:00,4.080672563983948,OK
2024-11-08 16:55:00,4.757045843727494,OK
2024-11-08 17:00:00,4.757735745669551,OK
2024-11-08 17:05:00,5.455567460163581,OK
2024-11-08 17:10:00,4.901861765727709,OK
2024-11-08 17:15:00,5.465522270325858,OK
2024-11-08 17:20:00,5.911251957668341,OK
2024-11-08 17:25:00,4.103429968269676,OK
2024-11-08 17:30:00,5.5532387027515995,OK
2024-11-08 17:35:00,3.415119404145627,OK
2024-11-08 17:40:00,5.344664145529919,OK
2024-11-08 17:45:00,4.358969493916957,OK
2024-11-08 17:50:00,4.823996644942359,OK
2024-11-08 17:55:00,4.367323646158861,OK
2024-11-08 18:00:00,30.92880899095356,OK
2024-11-08 18:05:00,31.77213568838468,OK
2024-11-08 18:10:00,30.632899612389163,OK
2024-11-08 18:15:00,5.009075012051423,OK
2024-11-08 18:20:00,4.991329380888041,OK
2024-11-08 18:25:00,5.726985107251764,OK
2024-11-08 18:30:00,4.946843444390804,OK
2024-11-08 18:35:00,4.5257584844213445,OK
2024-11-08 18:40:00,4.783548265931488,OK
2024-11-08 18:45:00,5.265113235651925,OK
2024-11-08 18:50:00,5.087377737589312,OK
2024-11-08 18:55:00,4.374290791326839,OK
2024-11-08 19:00:00,4.576941527054795,OK
2024-11-08 19:05:00,5.138421424550178,OK
2024-11-08 19:10:00,4.584359219744886,OK
2024-11-08 19:15:00,4.204314072263242,OK
2024-11-08 19:20:00,4.358520789108839,OK
2024-11-08 19:25:00,5.367327889612103,OK
2024-11-08 19:30:00,4.094897778396119,OK
2024-11-08 19:35:00,4.48239378346859,OK
2024-11-08 19:40:00,4.604880122530896,OK
2024-11-08 19:45:00,5.075385882779714,OK
2024-11-08 19:50:00,4.2337899720444,OK
2024-11-08 19:55:00,30.743508682368454,OK
2024-11-08 20:00:00,30.094840294925564,OK
2024-11-08 20:05:00,30.24902774075523,OK
2024-11-08 20:10:00,4.082876108917143,OK
2024-11-08 20:15:00,3.9869257756958696,OK
2024-11-08 20:20:00,3.9112446669330616,OK
2024-11-08 20:25:00,3.5633416006611456,OK
2024-11-08 20:30:00,3.391700426377017,OK
2024-11-08 20:35:00,4.199946967984981,OK
2024-11-08 20:40:00,3.6970881011385828,OK
2024-11-08 20:45:00,3.4540295722184973,OK
2024-11-08 20:50:00,30.830444274626927,OK
2024-11-08 20:55:00,29.54759484608854,OK
2024-11-08 21:00:00,29.506667572056156,OK
2024-11-08 21:05:00,2.1107604861205305,OK
2024-11-08 21:10:00,3.7671050549186913,OK
2024-11-08 21:15:00,3.5096492467448233,OK
2024-11-08 21:20:00,4.20343691586403,OK
2024-11-08 21:25:00,3.987596416562294,OK
2024-11-08 21:30:00,3.999266903825979,OK
2024-11-08 21:35:00,2.1502228813223896,OK
2024-11-08 21:40:00,2.6277894066581906,OK
2024-11-08 21:45:00,3.669203833832766,OK
2024-11-08 21:50:00,2.181564728267078,OK
2024-11-08 21:55:00,28.489575738262968,OK
2024-11-08 22:00:00,28.98225672862314,OK
2024-11-08 22:05:00,28.252210250246122,OK
2024-11-08 22:10:00,2.8604467352092993,OK
2024-11-08 22:15:00,2.038529809628354,OK
2024-11-08 22:20:00,3.0417045759467154,OK
2024-11-08 22:25:00,2.4732323993230096,OK
2024-11-08 22:30:00,1.9276494362627747,OK
2024-11-08 22:35:00,1.8233799319689805,OK
2024-11-08 22:40:00,2.652916080904016,OK
2024-11-08 22:45:00,2.9222362235502275,OK
2024-11-08 22:50:00,2.5301776053930034,OK
2024-11-08 22:55:00,28.428001016852466,OK
2024-11-08 23:00:00,27.54627787159541,OK
2024-11-08 23:05:00,26.943500507211333,OK
2024-11-08 23:10:00,2.5995541403727547,OK
2024-11-08 23:15:00,0.9726959394518145,OK
2024-11-08 23:20:00,2.4210433730107113,OK
2024-11-08 23:25:00,1.9904544671378859,OK
2024-11-08 23:30:00,1.4412465188205195,OK
2024-11-08 23:35:00,2.4095734096191945,OK
2024-11-08 23:40:00,0.33614404516544316,OK
2024-11-08 23:45:00,2.493211832406937,OK
2024-11-08 23:50:00,27.022695114499225,OK
2024-11-08 23:55:00,28.12367519730191,OK
2024-11-09 00:00:00,25.95403742284109,OK
2024-11-09 00:05:00,1.4423283790301211,OK
2024-11-09 00:10:00,1.0928848896891183,OK
2024-11-09 00:15:00,0.7720006174360414,OK
2024-11-09 00:20:00,-0.15243336798084606,OK
2024-11-09 00:25:00,0.4353821123431847,OK
2024-11-09 00:30:00,1.1239731304932812,OK
2024-11-09 00:35:00,0.6344744297306766,OK
2024-11-09 00:40:00,1.2694309777564068,OK
2024-11-09 00:45:00,1.2411139685732537,OK
2024-11-09 00:50:00,26.548784546368772,OK
2024-11-09 00:55:00,27.460046608432208,OK
2024-11-09 01:00:00,26.32901588522174,OK
2024-11-09 01:05:00,-0.10296599451979492,OK
2024-11-09 01:10:00,0.12385859130722741,OK
2024-11-09 01:15:00,0.12912939069835183,OK
2024-11-09 01:20:00,-1.137896654750792,OK
2024-11-09 01:25:00,-0.1511507155871398,OK
2024-11-09 01:30:00,-0.8991403509918476,OK
2024-11-09 01:35:00,0.44303180360755856,OK
2024-11-09 01:40:00,0.08789902930532001,OK
2024-11-09 01:45:00,0.0953966196741044,OK
2024-11-09 01:50:00,-1.006469529458978,OK
2024-11-09 01:55:00,-1.2514389729197957,OK
2024-11-09 02:00:00,-0.9593134896631397,OK
2024-11-09 02:05:00,0.035538655689968834,OK
2024-11-09 02:10:00,-0.8838761114660493,OK
2024-11-09 02:15:00,-1.7555719665868152,OK
2024-11-09 02:20:00,-0.5060279077681424,OK
2024-11-09 02:25:00,-0.3072309679324008,OK
2024-11-09 02:30:00,-0.02738736998097313,OK
2024-11-09 02:35:00,-0.7751619591113637,OK
2024-11-09 02:40:00,-0.640866665534917,OK
2024-11-09 02:45:00,-0.6434935005772097,OK
2024-11-09 02:50:00,-1.8118987717263886,OK
2024-11-09 02:55:00,-0.863696748380789,OK
2024-11-09 03:00:00,-0.45571900057265985,OK
2024-11-09 03:05:00,-1.7732320742138734,OK
2024-11-09 03:10:00,-0.9567015661477011,OK
2024-11-09 03:15:00,-1.7021678608751707,OK
2024-11-09 03:20:00,-1.5491881941859007,OK
2024-11-09 03:25:00,-0.417801966582375,OK
2024-11-09 03:30:00,-0.5614995604082906,OK
2024-11-09 03:35:00,-1.681819706971746,OK
2024-11-09 03:40:00,-1.3204032919454791,OK
2024-11-09 03:45:00,-2.164717800154595,OK
2024-11-09 03:50:00,-1.0118900967078535,OK
2024-11-09 03:55:00,-1.2023144181962806,OK
2024-11-09 04:00:00,-2.5772801217385606,OK
2024-11-09 04:05:00,-0.8353889047310891,OK
2024-11-09 04:10:00,-1.697087706711986,OK
2024-11-09 04:15:00,-1.7328874187206613,OK
2024-11-09 04:20:00,-1.3962261607596353,OK
2024-11-09 04:25:00,-0.8514535333545357,OK
2024-11-09 04:30:00,-2.2792388187861974,OK
2024-11-09 04:35:00,-1.6122956714207397,OK
2024-11-09 04:40:00,-1.546339716138848,OK
2024-11-09 04:45:00,-2.4452981019848368,OK
2024-11-09 04:50:00,-1.5899914357350609,OK
2024-11-09 04:55:00,-1.3785265458777034,OK
2024-11-09 05:00:00,-1.4306173653238665,OK
2024-11-09 05:05:00,-2.199371600645036,OK
2024-11-09 05:10:00,-1.0219531009918967,OK
2024-11-09 05:15:00,-1.7092627763969297,OK
2024-11-09 05:20:00,-2.1794227799681014,OK
2024-11-09 05:25:00,-1.9341849145257592,OK
2024-11-09 05:30:00,-1.713321390998925,OK
2024-11-09 05:35:00,-0.995647201332362,OK
2024-11-09 05:40:00,-1.8411996003876125,OK
2024-11-09 05:45:00,-1.6951718766307589,OK
2024-11-09 05:50:00,-0.8572293403617862,OK
2024-11-09 05:55:00,-2.451364719800641,OK
2024-11-09 06:00:00,-1.8044813289660273,OK
2024-11-09 06:05:00,-2.457246780305872,OK
2024-11-09 06:10:00,-1.8695539573258058,OK
2024-11-09 06:15:00,-1.3293039551733987,OK
2024-11-09 06:20:00,-1.277960626583785,OK
2024-11-09 06:25:00,-1.6566844379681944,OK
2024-11-09 06:30:00,-2.291784891909064,OK
2024-11-09 06:35:00,-0.8936901796917693,OK
2024-11-09 06:40:00,-1.8322014401226634,OK
2024-11-09 06:45:00,-2.2370060631100457,OK
2024-11-09 06:50:00,-1.7774502760484547,OK
2024-11-09 06:55:00,-2.85035780756946,OK
2024-11-09 07:00:00,-0.9737610251440959,OK
2024-11-09 07:05:00,-1.3644632643632264,OK
2024-11-09 07:10:00,-2.1469963013916686,OK
2024-11-09 07:15:00,-1.2598171192793726,OK
2024-11-09 07:20:00,-1.7295568963053956,OK
2024-11-09 07:25:00,-0.40173853573316465,OK
2024-11-09 07:30:00,-2.465212532857396,OK
2024-11-09 07:35:00,-1.7544629254629476,OK
2024-11-09 07:40:00,-1.8548919480619825,OK
2024-11-09 07:45:00,-2.631422561515651,OK
2024-11-09 07:50:00,-2.0517278477751004,OK
2024-11-09 07:55:00,-1.192799579167944,OK
2024-11-09 08:00:00,-2.7508272954137,OK
2024-11-09 08:05:00,-1.3967250110729994,OK
2024-11-09 08:10:00,-1.4245685960026897,OK
2024-11-09 08:15:00,-1.1981334829057122,OK
2024-11-09 08:20:00,-1.762587604833153,OK
2024-11-09 08:25:00,-1.570594150015107,OK
2024-11-09 08:30:00,-1.8264299110322513,OK
2024-11-09 08:35:00,-1.622962895092611,OK
2024-11-09 08:40:00,-0.7294989785741308,OK
2024-11-09 08:45:00,-0.8627590992451619,OK
2024-11-09 08:50:00,-2.071452188655708,OK
2024-11-09 08:55:00,-1.9236694337309768,OK
2024-11-09 09:00:00,-1.210199034172903,OK
2024-11-09 09:05:00,-0.11172335708641268,OK
2024-11-09 09:10:00,-0.6006656035371385,OK
2024-11-09 09:15:00,0.1808876852213387,OK
2024-11-09 09:20:00,-1.2702766284286535,OK
2024-11-09 09:25:00,-0.7060164408320706,OK
2024-11-09 09:30:00,-1.5143760647556674,OK
2024-11-09 09:35:00,-0.6827610192852579,OK
2024-11-09 09:40:00,-1.8038645279614984,OK
2024-11-09 09:45:00,-1.249755220229338,OK
2024-11-09 09:50:00,0.988994894580395,OK
2024-11-09 09:55:00,-0.25823074529121437,OK
2024-11-09 10:00:00,-0.663003886604226,OK
2024-11-09 10:05:00,0.19562328680780358,OK
2024-11-09 10:10:00,-0.5827742512834564,OK
2024-11-09 10:15:00,-0.8867765970093615,OK
2024-11-09 10:20:00,1.224208478592166,OK
2024-11-09 10:25:00,0.6877678655513364,OK
2024-11-09 10:30:00,-0.17486150063738218,OK
2024-11-09 10:35:00,-0.42402614217321016,OK
2024-11-09 10:40:00,0.10744731375110456,OK
2024-11-09 10:45:00,0.9232505148075577,OK
2024-11-09 10:50:00,26.423867400522457,OK
2024-11-09 10:55:00,25.09699237063745,OK
2024-11-09 11:00:00,27.792232096125293,OK
2024-11-09 11:05:00,0.945396505731313,OK
2024-11-09 11:10:00,0.18434618667153427,OK
2024-11-09 11:15:00,1.2928706788305435,OK
2024-11-09 11:20:00,1.2063506424198784,OK
2024-11-09 11:25:00,0.7978375700827135,OK
2024-11-09 11:30:00,0.5143282448627307,OK
2024-11-09 11:35:00,0.1817436948567458,OK
2024-11-09 11:40:00,1.3257017173396377,OK
2024-11-09 11:45:00,2.602806435411509,OK
2024-11-09 11:50:00,1.7522595763436801,OK
2024-11-09 11:55:00,0.9278142124228536,OK
2024-11-09 12:00:00,2.432720277853291,OK
2024-11-09 12:05:00,27.73388724403845,OK
2024-11-09 12:10:00,27.76876428576556,OK
2024-11-09 12:15:00,27.860296265861766,OK
2024-11-09 12:20:00,2.1023501822493365,OK
2024-11-09 12:25:00,1.8111842549149193,OK
2024-11-09 12:30:00,2.221473760847635,OK
2024-11-09 12:35:00,2.050972908404366,OK
2024-11-09 12:40:00,2.7426312592096176,OK
2024-11-09 12:45:00,3.2971019241235555,OK
2024-11-09 12:50:00,3.4604707857149686,OK
2024-11-09 12:55:00,3.533769189902247,OK
2024-11-09 13:00:00,2.976110275318771,OK
2024-11-09 13:05:00,2.46922813851084,OK
2024-11-09 13:10:00,2.2867452308155904,OK
2024-11-09 13:15:00,27.991518026696053,OK
2024-11-09 13:20:00,28.90655027954174,OK
2024-11-09 13:25:00,28.893992723007877,OK
2024-11-09 13:30:00,2.7007186335229134,OK
2024-11-09 13:35:00,3.2637765053962915,OK
2024-11-09 13:40:00,3.554117248176776,OK
2024-11-09 13:45:00,3.7130559801508847,OK
2024-11-09 13:50:00,3.419673829519136,OK
2024-11-09 13:55:00,3.2798558472782946,OK
2024-11-09 14:00:00,3.1826127930249846,OK
2024-11-09 14:05:00,2.732186922740014,OK
2024-11-09 14:10:00,3.098418355080548,OK
2024-11-09 14:15:00,3.90702113316457,OK
2024-11-09 14:20:00,3.170367713034797,OK
2024-11-09 14:25:00,2.8509725391648386,OK
2024-11-09 14:30:00,3.3053452655540188,OK
2024-11-09 14:35:00,3.825046710505482,OK
2024-11-09 14:40:00,3.3042454397764423,OK
2024-11-09 14:45:00,4.187780307175563,OK
2024-11-09 14:50:00,4.431557300638149,OK
2024-11-09 14:55:00,29.614004812394125,OK
2024-11-09 15:00:00,30.247177070571333,OK
2024-11-09 15:05:00,30.985745697854593,OK
2024-11-09 15:10:00,3.6697070035429187,OK
2024-11-09 15:15:00,4.785495703520694,OK
2024-11-09 15:20:00,4.726260336639597,OK
2024-11-09 15:25:00,4.702331968531578,OK
2024-11-09 15:30:00,4.042374390139895,OK
2024-11-09 15:35:00,3.990084522883761,OK
2024-11-09 15:40:00,4.529395283471451,OK
2024-11-09 15:45:00,3.9256328951296737,OK
2024-11-09 15:50:00,4.725890179485397,OK
2024-11-09 15:55:00,6.138014257335108,OK
2024-11-09 16:00:00,4.384115964540553,OK
2024-11-09 16:05:00,4.7769482325751955,OK
2024-11-09 16:10:00,6.0205622904558345,OK
2024-11-09 16:15:00,5.635100626389719,OK
2024-11-09 16:20:00,5.385000121743428,OK
2024-11-09 16:25:00,4.973830169367876,OK
2024-11-09 16:30:00,5.3538268289125615,OK
2024-11-09 16:35:00,6.3607015781171725,OK
2024-11-09 16:40:00,5.68591144753092,OK
2024-11-09 16:45:00,5.535400658135564,OK
2024-11-09 16:50:00,30.611112309129606,OK
2024-11-09 16:55:00,31.69410220982027,OK
2024-11-09 17:00:00,30.810915696785294,OK
2024-11-09 17:05:00,5.4895199105911,OK
2024-11-09 17:10:00,5.820780890075194,OK
2024-11-09 17:15:00,6.0097184687754215,OK
2024-11-09 17:20:00,5.18881815401715,OK
2024-11-09 17:25:00,5.935350540381516,OK
2024-11-09 17:30:00,5.290452511943603,OK
2024-11-09 17:35:00,6.241761964565236,OK
2024-11-09 17:40:00,5.530912020643094,OK
2024-11-09 17:45:00,6.221915524299298,OK
2024-11-09 17:50:00,6.693557432327296,OK
2024-11-09 17:55:00,6.859163520943304,OK
2024-11-09 18:00:00,5.871323262950754,OK
2024-11-09 18:05:00,7.938566557145574,OK
2024-11-09 18:10:00,5.253852371519492,OK
2024-11-09 18:15:00,6.600186745790717,OK
2024-11-09 18:20:00,5.411024190274752,OK
2024-11-09 18:25:00,6.359175280942145,OK
2024-11-09 18:30:00,4.973396637752234,OK
2024-11-09 18:35:00,6.232243005334201,OK
2024-11-09 18:40:00,5.839091460296492,OK
2024-11-09 18:45:00,6.093752012562865,OK
2024-11-09 18:50:00,6.916994788301864,OK
2024-11-09 18:55:00,6.250069820994973,OK
2024-11-09 19:00:00,6.143309968261896,OK
2024-11-09 19:05:00,6.8149734433551155,OK
2024-11-09 19:10:00,5.761436357353272,OK
2024-11-09 19:15:00,5.255048214963908,OK
2024-11-09 19:20:00,6.262972694492691,OK
2024-11-09 19:25:00,6.545529236233544,OK
2024-11-09 19:30:00,6.576429236911838,OK
2024-11-09 19:35:00,5.471831015402602,OK
2024-11-09 19:40:00,6.05788233041465,OK
2024-11-09 19:45:00,5.121926696639889,OK
2024-11-09 19:50:00,5.976303527213836,OK
2024-11-09 19:55:00,5.704648768691003,OK
2024-11-09 20:00:00,5.899991583529371,OK
2024-11-09 20:05:00,5.520795806943513,OK
2024-11-09 20:10:00,5.766698107871365,OK
2024-11-09 20:15:00,5.499543392803813,OK
2024-11-09 20:20:00,5.533744285475094,OK
2024-11-09 20:25:00,6.496358234017619,OK
2024-11-09 20:30:00,3.495080665284907,OK
2024-11-09 20:35:00,5.195927430816309,OK
2024-11-09 20:40:00,30.426788903581944,OK
2024-11-09 20:45:00,32.07699147377038,OK
2024-11-09 20:50:00,30.631264122926023,OK
2024-11-09 20:55:00,4.574260649305948,OK
2024-11-09 21:00:00,4.692339979511687,OK
2024-11-09 21:05:00,4.55485163924585,OK
2024-11-09 21:10:00,4.781386216674087,OK
2024-11-09 21:15:00,5.091180379364438,OK
2024-11-09 21:20:00,4.638703626744828,OK
2024-11-09 21:25:00,4.174955989232325,OK
2024-11-09 21:30:00,4.501748320646086,OK
2024-11-09 21:35:00,4.212162333729122,OK
2024-11-09 21:40:00,5.171658875371167,OK
2024-11-09 21:45:00,4.616871540329831,OK
2024-11-09 21:50:00,3.4202825214707975,OK
2024-11-09 21:55:00,4.934814862433243,OK
2024-11-09 22:00:00,5.172484939490004,OK
2024-11-09 22:05:00,30.886915835830813,OK
2024-11-09 22:10:00,30.480118372865302,OK
2024-11-09 22:15:00,30.403748309388106,OK
2024-11-09 22:20:00,5.963192360629469,OK
2024-11-09 22:25:00,3.815389496808988,OK
2024-11-09 22:30:00,3.45268180674738,OK
2024-11-09 22:35:00,3.537190947468061,OK
2024-11-09 22:40:00,4.33381507908551,OK
2024-11-09 22:45:00,5.15113557448984,OK
2024-11-09 22:50:00,3.591757298982296,OK
2024-11-09 22:55:00,3.760046829433514,OK
2024-11-09 23:00:00,29.727775540459312,OK
2024-11-09 23:05:00,30.25193478984057,OK
2024-11-09 23:10:00,28.638149538153684,OK
2024-11-09 23:15:00,2.508905771893831,OK
2024-11-09 23:20:00,4.264572875710754,OK
2024-11-09 23:25:00,3.740969208262887,OK
2024-11-09 23:30:00,3.8278233081206263,OK
2024-11-09 23:35:00,3.684786532417427,OK
2024-11-09 23:40:00,3.61918737351011,OK
2024-11-09 23:45:00,2.7410992779001266,OK
2024-11-09 23:50:00,2.584284316717206,OK
2024-11-09 23:55:00,3.025507528575519,OK
2024-11-10 00:00:00,28.061142106569964,OK
2024-11-10 00:05:00,28.737459081303893,OK
2024-11-10 00:10:00,28.737497612660633,OK
2024-11-10 00:15:00,2.2426528082131014,OK
2024-11-10 00:20:00,2.148967729281436,OK
2024-11-10 00:25:00,2.3109445621747273,OK
2024-11-10 00:30:00,1.7927572314396982,OK
2024-11-10 00:35:00,2.181722851477681,OK
2024-11-10 00:40:00,2.3446609761031936,OK
2024-11-10 00:45:00,1.4326055555457815,OK
2024-11-10 00:50:00,2.2282614779662557,OK
2024-11-10 00:55:00,2.3966459988499604,OK
2024-11-10 01:00:00,2.106886026813692,OK
2024-11-10 01:05:00,1.128286369763276,OK
2024-11-10 01:10:00,2.750622401077908,OK
2024-11-10 01:15:00,0.9179475486578664,OK
2024-11-10 01:20:00,1.4422775324442934,OK
2024-11-10 01:25:00,0.9391973736690533,OK
2024-11-10 01:30:00,1.1266660598970448,OK
2024-11-10 01:35:00,1.2298736660966743,OK
2024-11-10 01:40:00,1.4557974652813268,OK
2024-11-10 01:45:00,27.55735297314533,OK
2024-11-10 01:50:00,27.387151338465102,OK
2024-11-10 01:55:00,27.181510240497012,OK
2024-11-10 02:00:00,-0.26767954614480605,OK
2024-11-10 02:05:00,0.7945429377098154,OK
2024-11-10 02:10:00,0.7699710338303083,OK
2024-11-10 02:15:00,1.0582927172649756,OK
2024-11-10 02:20:00,0.1715467414119406,OK
2024-11-10 02:25:00,-0.06588282527523354,OK
2024-11-10 02:30:00,0.26382123194479634,OK
2024-11-10 02:35:00,0.7779247428639445,OK
2024-11-10 02:40:00,0.28393627846505964,OK
2024-11-10 02:45:00,0.38662642322756724,OK
2024-11-10 02:50:00,-0.7457096552115454,OK
2024-11-10 02:55:00,-0.902499607196177,OK
2024-11-10 03:00:00,-0.9197167869409886,OK
2024-11-10 03:05:00,26.629844871736168,OK
2024-11-10 03:10:00,26.51324064507936,OK
2024-11-10 03:15:00,26.402051422663707,OK
2024-11-10 03:20:00,-0.9088914427741626,OK
2024-11-10 03:25:00,-0.6290062517220265,OK
2024-11-10 03:30:00,-0.339127049939655,OK
2024-11-10 03:35:00,0.4541187367162639,OK
2024-11-10 03:40:00,0.6570420709825535,OK
2024-11-10 03:45:00,0.5538760759468,OK
2024-11-10 03:50:00,0.12561701509186424,OK
2024-11-10 03:55:00,0.014242512797698614,OK
2024-11-10 04:00:00,-0.2949987381828264,OK
2024-11-10 04:05:00,-0.41954222685890696,OK
2024-11-10 04:10:00,-0.8103872284503576,OK
2024-11-10 04:15:00,-0.824302098883571,OK
2024-11-10 04:20:00,-0.6889135163891253,OK
2024-11-10 04:25:00,-1.5771252993888134,OK
2024-11-10 04:30:00,0.10304581525838885,OK
2024-11-10 04:35:00,-0.26564142720467737,OK
2024-11-10 04:40:00,0.029362725793093403,OK
2024-11-10 04:45:00,-1.3507410568435065,OK
2024-11-10 04:50:00,0.1318827609708909,OK
2024-11-10 04:55:00,-1.324977589769373,OK
2024-11-10 05:00:00,-1.2914497361596478,OK
2024-11-10 05:05:00,-1.0010560743740657,OK
2024-11-10 05:10:00,0.001273084397682256,OK
2024-11-10 05:15:00,-1.0388479626803575,OK
2024-11-10 05:20:00,-1.1964449248260822,OK
2024-11-10 05:25:00,-1.9255607047273626,OK
2024-11-10 05:30:00,-1.4043805601861363,OK
2024-11-10 05:35:00,-0.6694010937870396,OK
2024-11-10 05:40:00,-0.4902081251923829,OK
2024-11-10 05:45:00,-0.18169908808147073,OK
2024-11-10 05:50:00,-0.6105070133650566,OK
2024-11-10 05:55:00,-2.74442191315401,OK
2024-11-10 06:00:00,-1.72432466549686,OK
2024-11-10 06:05:00,-0.340357990265839,OK
2024-11-10 06:10:00,-0.7598792802574912,OK
2024-11-10 06:15:00,-1.0796471992031544,OK
2024-11-10 06:20:00,-1.5394356791686485,OK
2024-11-10 06:25:00,-0.9393977414462386,OK
2024-11-10 06:30:00,-0.6213330584377257,OK
2024-11-10 06:35:00,-0.7760776942268155,OK
2024-11-10 06:40:00,-1.1353031881747762,OK
2024-11-10 06:45:00,-1.0464545715908116,OK
2024-11-10 06:50:00,-1.657939360778327,OK
2024-11-10 06:55:00,-0.913164817772207,OK
2024-11-10 07:00:00,-1.9860102140172589,OK
2024-11-10 07:05:00,-1.3813232218619667,OK
2024-11-10 07:10:00,-1.1419714477912803,OK
2024-11-10 07:15:00,0.029012299407032094,OK
2024-11-10 07:20:00,-1.0762661174089323,OK
2024-11-10 07:25:00,25.482974349746147,OK
2024-11-10 07:30:00,25.684562787126165,OK
2024-11-10 07:35:00,25.93089934905068,OK
2024-11-10 07:40:00,-0.7240527859155763,OK
2024-11-10 07:45:00,-0.042895010510882015,OK
2024-11-10 07:50:00,-0.35980026084948513,OK
2024-11-10 07:55:00,-1.1815754999913026,OK
2024-11-10 08:00:00,-0.4497135120057932,OK
2024-11-10 08:05:00,-0.7731236533272547,OK
2024-11-10 08:10:00,0.10267760367123652,OK
2024-11-10 08:15:00,-1.4271203836849446,OK
2024-11-10 08:20:00,-0.49708456020063463,OK
2024-11-10 08:25:00,-0.23255496807322926,OK
2024-11-10 08:30:00,-0.08440715163218449,OK
2024-11-10 08:35:00,-1.0574424391809023,OK
2024-11-10 08:40:00,-0.4977216716250846,OK
2024-11-10 08:45:00,0.39330088162563814,OK
2024-11-10 08:50:00,-0.3422083430418942,OK
2024-11-10 08:55:00,0.48110994365218784,OK
2024-11-10 09:00:00,-0.18403297977935568,OK
2024-11-10 09:05:00,0.28047392254275416,OK
2024-11-10 09:10:00,0.019496468168786363,OK
2024-11-10 09:15:00,0.11426703705491524,OK
2024-11-10 09:20:00,0.47884415508567285,OK
2024-11-10 09:25:00,0.7270217834925358,OK
2024-11-10 09:30:00,-0.01156414403740208,OK
2024-11-10 09:35:00,0.6017785759958849,OK
2024-11-10 09:40:00,0.8378827391529126,OK
2024-11-10 09:45:00,0.2899994929405587,OK
2024-11-10 09:50:00,0.6417245487479917,OK
2024-11-10 09:55:00,1.8795295890797616,OK
2024-11-10 10:00:00,0.7545511815679197,OK
2024-11-10 10:05:00,27.628447793709128,OK
2024-11-10 10:10:00,26.602809216486882,OK
2024-11-10 10:15:00,27.548087911942083,OK
2024-11-10 10:20:00,1.5081926024790302,OK
2024-11-10 10:25:00,0.8296749258346758,OK
2024-11-10 10:30:00,0.9113809433480318,OK
2024-11-10 10:35:00,0.37651841930927743,OK
2024-11-10 10:40:00,1.7530370263222212,OK
2024-11-10 10:45:00,2.3677440973467543,OK
2024-11-10 10:50:00,1.350722074549405,OK
2024-11-10 10:55:00,1.955646594547721,OK
2024-11-10 11:00:00,1.0852504539370442,OK
2024-11-10 11:05:00,27.422064637117337,OK
2024-11-10 11:10:00,27.32024234923612,OK
2024-11-10 11:15:00,28.02851415837528,OK
2024-11-10 11:20:00,2.034687228601311,OK
2024-11-10 11:25:00,1.78642339692159,OK
2024-11-10 11:30:00,2.2171344727177464,OK
2024-11-10 11:35:00,1.618540367464508,OK
2024-11-10 11:40:00,1.6061182904041686,OK
2024-11-10 11:45:00,3.5100564346086816,OK
2024-11-10 11:50:00,2.6720238981464717,OK
2024-11-10 11:55:00,1.4711030523867168,OK
2024-11-10 12:00:00,28.38727609973708,OK
2024-11-10 12:05:00,29.23474398734595,OK
2024-11-10 12:10:00,28.64864392362661,OK
2024-11-10 12:15:00,4.068693899851983,OK
2024-11-10 12:20:00,3.556021275758331,OK
2024-11-10 12:25:00,3.653196096126408,OK
2024-11-10 12:30:00,4.108207627515225,OK
2024-11-10 12:35:00,3.1093138310175052,OK
2024-11-10 12:40:00,2.6959751441430724,OK
2024-11-10 12:45:00,3.57132739080202,OK
2024-11-10 12:50:00,4.51881768926679,OK
2024-11-10 12:55:00,2.157034596181306,OK
2024-11-10 13:00:00,4.643803890382866,OK
2024-11-10 13:05:00,4.43704285973534,OK
2024-11-10 13:10:00,3.6532038047901927,OK
2024-11-10 13:15:00,4.0087148091514635,OK
2024-11-10 13:20:00,3.1130578239272677,OK
2024-11-10 13:25:00,4.181395539736997,OK
2024-11-10 13:30:00,30.584309402602987,OK
2024-11-10 13:35:00,29.8376666072587,OK
2024-11-10 13:40:00,30.97419214595975,OK
2024-11-10 13:45:00,4.805830819554105,OK
2024-11-10 13:50:00,4.466791052053345,OK
2024-11-10 13:55:00,5.211654217394268,OK
2024-11-10 14:00:00,4.349456363014603,OK
2024-11-10 14:05:00,4.964439958251671,OK
2024-11-10 14:10:00,5.183051808571363,OK
2024-11-10 14:15:00,5.513823724284873,OK
2024-11-10 14:20:00,5.768546302550271,OK
2024-11-10 14:25:00,4.601937192426767,OK
2024-11-10 14:30:00,3.933442514470798,OK
2024-11-10 14:35:00,30.59036915080315,OK
2024-11-10 14:40:00,31.53618291035803,OK
2024-11-10 14:45:00,31.646775301024185,OK
2024-11-10 14:50:00,4.983827199465176,OK
2024-11-10 14:55:00,5.547759149483501,OK
2024-11-10 15:00:00,5.806125107623636,OK
2024-11-10 15:05:00,5.6502539845639,OK
2024-11-10 15:10:00,5.210291228102462,OK
2024-11-10 15:15:00,6.58703686003421,OK
2024-11-10 15:20:00,4.657378562412815,OK
2024-11-10 15:25:00,5.74044031144358,OK
2024-11-10 15:30:00,6.399950767084759,OK
2024-11-10 15:35:00,7.180928649181308,OK
2024-11-10 15:40:00,6.859360545620939,OK
2024-11-10 15:45:00,6.136850381457783,OK
2024-11-10 15:50:00,7.246342776845982,OK
2024-11-10 15:55:00,6.070279615750731,OK
2024-11-10 16:00:00,7.160576833023411,OK
2024-11-10 16:05:00,6.9916985783118,OK
2024-11-10 16:10:00,6.474481220253426,OK
2024-11-10 16:15:00,7.150956121550248,OK
2024-11-10 16:20:00,6.417555580570467,OK
2024-11-10 16:25:00,7.388123639460581,OK
2024-11-10 16:30:00,5.907138694915092,OK
2024-11-10 16:35:00,7.305458277433524,OK
2024-11-10 16:40:00,6.81756647723342,OK
2024-11-10 16:45:00,7.5035403822676905,OK
2024-11-10 16:50:00,6.983119857921793,OK
2024-11-10 16:55:00,7.636341890177981,OK
2024-11-10 17:00:00,6.977259085144143,OK
2024-11-10 17:05:00,7.278638472741002,OK
2024-11-10 17:10:00,7.740860266012837,OK
2024-11-10 17:15:00,7.9168414875345405,OK
2024-11-10 17:20:00,7.346094243204788,OK
2024-11-10 17:25:00,6.756250571836723,OK
2024-11-10 17:30:00,6.7861237931833225,OK
2024-11-10 17:35:00,7.783720662202413,OK
2024-11-10 17:40:00,6.395478309799766,OK
2024-11-10 17:45:00,7.256306322729808,OK
2024-11-10 17:50:00,8.240888264821791,OK
2024-11-10 17:55:00,7.384968640846221,OK
2024-11-10 18:00:00,6.535560014308039,OK
2024-11-10 18:05:00,6.731514247233863,OK
2024-11-10 18:10:00,8.83422301714863,OK
2024-11-10 18:15:00,6.693306619377047,OK
2024-11-10 18:20:00,6.726563546690334,OK
2024-11-10 18:25:00,7.103165269007188,OK
2024-11-10 18:30:00,7.967364745580455,OK
2024-11-10 18:35:00,7.66370353983493,OK
2024-11-10 18:40:00,6.800809934212838,OK
2024-11-10 18:45:00,7.651318151010916,OK
2024-11-10 18:50:00,7.191210906242262,OK
2024-11-10 18:55:00,6.095183184293102,OK
2024-11-10 19:00:00,6.316460124075546,OK
2024-11-10 19:05:00,7.927369639075682,OK
2024-11-10 19:10:00,7.20300618895802,OK
2024-11-10 19:15:00,6.169375594649751,OK
2024-11-10 19:20:00,5.720799613884104,OK
2024-11-10 19:25:00,6.38584559471033,OK
2024-11-10 19:30:00,6.6209713641299075,OK
2024-11-10 19:35:00,6.106420687598105,OK
2024-11-10 19:40:00,6.38277109053319,OK
2024-11-10 19:45:00,6.2721966802530265,OK
2024-11-10 19:50:00,6.915826072436323,OK
2024-11-10 19:55:00,6.803204458103029,OK
2024-11-10 20:00:00,6.884831346089008,OK
2024-11-10 20:05:00,7.497844095159958,OK
2024-11-10 20:10:00,6.592575415765674,OK
2024-11-10 20:15:00,6.547649326625222,OK
2024-11-10 20:20:00,6.916170066609832,OK
2024-11-10 20:25:00,6.682034706277891,OK
2024-11-10 20:30:00,7.061507987411701,OK
2024-11-10 20:35:00,8.165501444717002,OK
2024-11-10 20:40:00,7.079421209970118,OK
2024-11-10 20:45:00,6.275836050429866,OK
2024-11-10 20:50:00,6.73981325734846,OK
2024-11-10 20:55:00,7.086076199295408,OK
2024-11-10 21:00:00,6.7036476858431495,OK
2024-11-10 21:05:00,5.692897397297039,OK
2024-11-10 21:10:00,31.164318795231882,OK
2024-11-10 21:15:00,32.14580573819818,OK
2024-11-10 21:20:00,32.95453148201133,OK
2024-11-10 21:25:00,5.945030641540914,OK
2024-11-10 21:30:00,5.7992464316104435,OK
2024-11-10 21:35:00,6.219263730541262,OK
2024-11-10 21:40:00,6.519076401307969,OK
2024-11-10 21:45:00,5.724067123798097,OK
2024-11-10 21:50:00,6.156162600587778,OK
2024-11-10 21:55:00,5.811493481016256,OK
2024-11-10 22:00:00,5.884022414070814,OK
2024-11-10 22:05:00,5.851542017410572,OK
2024-11-10 22:10:00,5.880280000911199,OK
2024-11-10 22:15:00,5.828370603340518,OK
2024-11-10 22:20:00,31.615125953899412,OK
2024-11-10 22:25:00,31.882953634791285,OK
2024-11-10 22:30:00,31.309309748351218,OK
2024-11-10 22:35:00,5.04244312971586,OK
2024-11-10 22:40:00,5.467100235580422,OK
2024-11-10 22:45:00,5.219293702893443,OK
2024-11-10 22:50:00,5.297573192777588,OK
2024-11-10 22:55:00,4.860266077199947,OK
2024-11-10 23:00:00,4.3183149442077156,OK
2024-11-10 23:05:00,5.107815772953942,OK
2024-11-10 23:10:00,4.8767900325561975,OK
2024-11-10 23:15:00,31.240599488395034,OK
2024-11-10 23:20:00,30.423320610310256,OK
2024-11-10 23:25:00,30.609883625529857,OK
2024-11-10 23:30:00,3.7805770642946315,OK
2024-11-10 23:35:00,3.9952626449562594,OK
2024-11-10 23:40:00,3.045968911424492,OK
2024-11-10 23:45:00,3.8619594111373594,OK
2024-11-10 23:50:00,3.808746156926977,OK
2024-11-10 23:55:00,3.0572647786779656,OK
