timestamp,airflow_cfm,data_quality_flag
2024-11-01 00:00:00,0.0,OK
2024-11-01 00:05:00,0.0,OK
2024-11-01 00:10:00,0.0,OK
2024-11-01 00:15:00,928.280064592328,OK
2024-11-01 00:20:00,940.665930580657,OK
2024-11-01 00:25:00,941.6727434707848,OK
2024-11-01 00:30:00,941.8073958168,OK
2024-11-01 00:35:00,946.6557790902839,OK
2024-11-01 00:40:00,952.4118228663373,OK
2024-11-01 00:45:00,954.7571635035922,OK
2024-11-01 00:50:00,959.1188313814537,OK
2024-11-01 00:55:00,951.2763240031251,OK
2024-11-01 01:00:00,956.9218908245688,OK
2024-11-01 01:05:00,0.0,OK
2024-11-01 01:10:00,0.0,OK
2024-11-01 01:15:00,0.0,OK
2024-11-01 01:20:00,956.1349067868302,OK
2024-11-01 01:25:00,965.7106670486602,OK
2024-11-01 01:30:00,973.4188959734882,OK
2024-11-01 01:35:00,963.4047239770653,OK
2024-11-01 01:40:00,975.4107944471649,OK
2024-11-01 01:45:00,984.1886929663885,OK
2024-11-01 01:50:00,967.1564899037631,OK
2024-11-01 01:55:00,980.443593247945,OK
2024-11-01 02:00:00,981.8710172831708,OK
2024-11-01 02:05:00,0.0,OK
2024-11-01 02:10:00,0.0,OK
2024-11-01 02:15:00,0.0,OK
2024-11-01 02:20:00,993.5666830024995,OK
2024-11-01 02:25:00,982.264104527542,OK
2024-11-01 02:30:00,988.9178447413292,OK
2024-11-01 02:35:00,974.0846040598306,OK
2024-11-01 02:40:00,990.0101642616833,OK
2024-11-01 02:45:00,1008.7172075768448,OK
2024-11-01 02:50:00,990.9468226115661,OK
2024-11-01 02:55:00,979.8006723204116,OK
2024-11-01 03:00:00,0.0,OK
2024-11-01 03:05:00,0.0,OK
2024-11-01 03:10:00,0.0,OK
2024-11-01 03:15:00,994.6383469974065,OK
2024-11-01 03:20:00,1006.9506445182221,OK
2024-11-01 03:25:00,1000.9009200106367,OK
2024-11-01 03:30:00,1013.8367411373792,OK
2024-11-01 03:35:00,1010.3572108799481,OK
2024-11-01 03:40:00,1011.7335874339699,OK
2024-11-01 03:45:00,1001.3854301777355,OK
2024-11-01 03:50:00,1002.2782441111281,OK
2024-11-01 03:55:00,1006.9794340237834,OK
2024-11-01 04:00:00,1019.0521344080897,OK
2024-11-01 04:05:00,1012.6209476927289,OK
2024-11-01 04:10:00,0.0,OK
2024-11-01 04:15:00,0.0,OK
2024-11-01 04:20:00,0.0,OK
2024-11-01 04:25:00,1007.868451150028,OK
2024-11-01 04:30:00,1022.3540970898549,OK
2024-11-01 04:35:00,1038.2275806490854,OK
2024-11-01 04:40:00,1032.3252491121552,OK
2024-11-01 04:45:00,1008.3303718060855,OK
2024-11-01 04:50:00,1023.1880302149934,OK
2024-11-01 04:55:00,1025.2105660712,OK
2024-11-01 05:00:00,1010.5869775302696,OK
2024-11-01 05:05:00,1014.2447512182638,OK
2024-11-01 05:10:00,1023.478626324199,OK
2024-11-01 05:15:00,1025.5254944771089,OK
2024-11-01 05:20:00,1023.9398197606133,OK
2024-11-01 05:25:00,1020.7983973065388,OK
2024-11-01 05:30:00,0.0,OK
2024-11-01 05:35:00,0.0,OK
2024-11-01 05:40:00,0.0,OK
2024-11-01 05:45:00,1015.2872079847931,OK
2024-11-01 05:50:00,1033.7973722666125,OK
2024-11-01 05:55:00,1021.3743496896493,OK
2024-11-01 06:00:00,1030.0463625547623,OK
2024-11-01 06:05:00,1045.4201730885377,OK
2024-11-01 06:10:00,1042.388255874227,OK
2024-11-01 06:15:00,1033.4645976527775,OK
2024-11-01 06:20:00,1022.6667954850334,OK
2024-11-01 06:25:00,1025.2835533236314,OK
2024-11-01 06:30:00,1023.7902268262246,OK
2024-11-01 06:35:00,1011.1572109998078,OK
2024-11-01 06:40:00,1033.4697735015236,OK
2024-11-01 06:45:00,1024.9455010235392,OK
2024-11-01 06:50:00,1022.5628086636871,OK
2024-11-01 06:55:00,1030.0349848676985,OK
2024-11-01 07:00:00,0.0,OK
2024-11-01 07:05:00,0.0,OK
2024-11-01 07:10:00,0.0,OK
2024-11-01 07:15:00,1028.6259362526944,OK
2024-11-01 07:20:00,1007.8088916292519,OK
2024-11-01 07:25:00,1021.3897850166733,OK
2024-11-01 07:30:00,1012.1786660131723,OK
2024-11-01 07:35:00,1019.262186153704,OK
2024-11-01 07:40:00,1018.7399618121786,OK
2024-11-01 07:45:00,1021.9091668131971,OK
2024-11-01 07:50:00,1017.8989511913076,OK
2024-11-01 07:55:00,1017.1731899703439,OK
2024-11-01 08:00:00,0.0,OK
2024-11-01 08:05:00,0.0,OK
2024-11-01 08:10:00,0.0,OK
2024-11-01 08:15:00,1001.6867529090349,OK
2024-11-01 08:20:00,1018.085693927844,OK
2024-11-01 08:25:00,1003.4757377695689,OK
2024-11-01 08:30:00,1015.1184100883439,OK
2024-11-01 08:35:00,1009.612500564694,OK
2024-11-01 08:40:00,1020.7226921597955,OK
2024-11-01 08:45:00,1013.2473232762865,OK
2024-11-01 08:50:00,1008.1817596541019,OK
2024-11-01 08:55:00,0.0,OK
2024-11-01 09:00:00,0.0,OK
2024-11-01 09:05:00,0.0,OK
2024-11-01 09:10:00,999.8141210798768,OK
2024-11-01 09:15:00,990.7931453032944,OK
2024-11-01 09:20:00,1001.9817079830264,OK
2024-11-01 09:25:00,984.3722227012054,OK
2024-11-01 09:30:00,1003.2538141293217,OK
2024-11-01 09:35:00,1004.1448065047618,OK
2024-11-01 09:40:00,1005.2683325769748,OK
2024-11-01 09:45:00,977.930753010948,OK
2024-11-01 09:50:00,0.0,OK
2024-11-01 09:55:00,0.0,OK
2024-11-01 10:00:00,0.0,OK
2024-11-01 10:05:00,981.684921082885,OK
2024-11-01 10:10:00,970.2959865677329,OK
2024-11-01 10:15:00,992.0385068284984,OK
2024-11-01 10:20:00,979.8643504822059,OK
2024-11-01 10:25:00,978.9023275640977,OK
2024-11-01 10:30:00,986.0695304140385,OK
2024-11-01 10:35:00,963.6658364676848,OK
2024-11-01 10:40:00,972.0075474167759,OK
2024-11-01 10:45:00,963.816580889496,OK
2024-11-01 10:50:00,0.0,OK
2024-11-01 10:55:00,0.0,OK
2024-11-01 11:00:00,0.0,OK
2024-11-01 11:05:00,961.618463795689,OK
2024-11-01 11:10:00,955.0142862398675,OK
2024-11-01 11:15:00,965.2884126663681,OK
2024-11-01 11:20:00,963.2367545706752,OK
2024-11-01 11:25:00,947.9387925917846,OK
2024-11-01 11:30:00,948.3020622615625,OK
2024-11-01 11:35:00,960.1472286318511,OK
2024-11-01 11:40:00,951.6432072709423,OK
2024-11-01 11:45:00,931.0794091334316,OK
2024-11-01 11:50:00,939.4129123229994,OK
2024-11-01 11:55:00,945.3343006789898,OK
2024-11-01 12:00:00,0.0,OK
2024-11-01 12:05:00,0.0,OK
2024-11-01 12:10:00,0.0,OK
2024-11-01 12:15:00,943.4058557791691,OK
2024-11-01 12:20:00,936.2639278159238,OK
2024-11-01 12:25:00,925.9231683725966,OK
2024-11-01 12:30:00,926.6697828686755,OK
2024-11-01 12:35:00,920.9469609140025,OK
2024-11-01 12:40:00,933.7915574128288,OK
2024-11-01 12:45:00,920.8215188569682,OK
2024-11-01 12:50:00,913.4775725269432,OK
2024-11-01 12:55:00,913.6143527996135,OK
2024-11-01 13:00:00,913.878073907918,OK
2024-11-01 13:05:00,912.327295819842,OK
2024-11-01 13:10:00,916.1931620101932,OK
2024-11-01 13:15:00,910.0741746601722,OK
2024-11-01 13:20:00,899.6038746126806,OK
2024-11-01 13:25:00,0.0,OK
2024-11-01 13:30:00,0.0,OK
2024-11-01 13:35:00,0.0,OK
2024-11-01 13:40:00,897.5554089227243,OK
2024-11-01 13:45:00,900.8290170767938,OK
2024-11-01 13:50:00,891.6099023565478,OK
2024-11-01 13:55:00,888.9843647425066,OK
2024-11-01 14:00:00,884.6642332611037,OK
2024-11-01 14:05:00,879.0154142830062,OK
2024-11-01 14:10:00,881.0514728253924,OK
2024-11-01 14:15:00,892.6120083656269,OK
2024-11-01 14:20:00,891.158804112984,OK
2024-11-01 14:25:00,884.909850320751,OK
2024-11-01 14:30:00,887.4054064266295,OK
2024-11-01 14:35:00,890.4346497815136,OK
2024-11-01 14:40:00,881.8528508729371,OK
2024-11-01 14:45:00,880.2570894066441,OK
2024-11-01 14:50:00,880.210077166929,OK
2024-11-01 14:55:00,875.7266149383122,OK
2024-11-01 15:00:00,861.864818588486,OK
2024-11-01 15:05:00,867.1500120268735,OK
2024-11-01 15:10:00,849.8094507036894,OK
2024-11-01 15:15:00,863.6214389434211,OK
2024-11-01 15:20:00,865.0307094552218,OK
2024-11-01 15:25:00,859.7224356523851,OK
2024-11-01 15:30:00,856.3754397156628,OK
2024-11-01 15:35:00,855.276202489284,OK
2024-11-01 15:40:00,843.8464089617624,OK
2024-11-01 15:45:00,861.699036685486,OK
2024-11-01 15:50:00,846.2033655946689,OK
2024-11-01 15:55:00,849.9898140391235,OK
2024-11-01 16:00:00,862.1758519297668,OK
2024-11-01 16:05:00,842.5284485849335,OK
2024-11-01 16:10:00,839.2796109790688,OK
2024-11-01 16:15:00,854.6875835517893,OK
2024-11-01 16:20:00,846.8890609517211,OK
2024-11-01 16:25:00,858.8407836846865,OK
2024-11-01 16:30:00,854.6497034704772,OK
2024-11-01 16:35:00,837.4399208322698,OK
2024-11-01 16:40:00,847.186911012686,OK
2024-11-01 16:45:00,849.4226203335284,OK
2024-11-01 16:50:00,839.0217849531284,OK
2024-11-01 16:55:00,843.0533190750419,OK
2024-11-01 17:00:00,844.5647253471069,OK
2024-11-01 17:05:00,835.3767562311449,OK
2024-11-01 17:10:00,849.5825149034239,OK
2024-11-01 17:15:00,848.7432455190873,OK
2024-11-01 17:20:00,841.7530387880977,OK
2024-11-01 17:25:00,835.9109997124827,OK
2024-11-01 17:30:00,832.5549664055816,OK
2024-11-01 17:35:00,847.5659264348113,OK
2024-11-01 17:40:00,835.7536039199842,OK
2024-11-01 17:45:00,848.5346475323834,OK
2024-11-01 17:50:00,829.9825159690027,OK
2024-11-01 17:55:00,849.9918151947778,OK
2024-11-01 18:00:00,831.5675666433908,OK
2024-11-01 18:05:00,844.2574297199683,OK
2024-11-01 18:10:00,825.2687701080066,OK
2024-11-01 18:15:00,836.4318122688907,OK
2024-11-01 18:20:00,848.40791270133,OK
2024-11-01 18:25:00,844.743410254845,OK
2024-11-01 18:30:00,835.3751770985608,OK
2024-11-01 18:35:00,834.9898751726669,OK
2024-11-01 18:40:00,843.2833378521549,OK
2024-11-01 18:45:00,842.539080423253,OK
2024-11-01 18:50:00,834.7981666580492,OK
2024-11-01 18:55:00,837.530397461059,OK
2024-11-01 19:00:00,849.3296548935642,OK
2024-11-01 19:05:00,846.7705681365413,OK
2024-11-01 19:10:00,841.5726314922344,OK
2024-11-01 19:15:00,835.8557361016667,OK
2024-11-01 19:20:00,833.2713277197699,OK
2024-11-01 19:25:00,838.5739461501495,OK
2024-11-01 19:30:00,843.7590972907649,OK
2024-11-01 19:35:00,842.0262455701924,OK
2024-11-01 19:40:00,855.6312933076546,OK
2024-11-01 19:45:00,853.0062100695025,OK
2024-11-01 19:50:00,860.024531240372,OK
2024-11-01 19:55:00,864.6681724382483,OK
2024-11-01 20:00:00,855.3150063176016,OK
2024-11-01 20:05:00,857.5205135343496,OK
2024-11-01 20:10:00,857.0716342806986,OK
2024-11-01 20:15:00,860.9401495717175,OK
2024-11-01 20:20:00,861.707860522006,OK
2024-11-01 20:25:00,862.1615180099571,OK
2024-11-01 20:30:00,868.9938986201756,OK
2024-11-01 20:35:00,864.7563303518522,OK
2024-11-01 20:40:00,870.7681763184655,OK
2024-11-01 20:45:00,865.6104345980998,OK
2024-11-01 20:50:00,865.2609969465404,OK
2024-11-01 20:55:00,875.8804518381293,OK
2024-11-01 21:00:00,870.0476198798873,OK
2024-11-01 21:05:00,877.5593480670151,OK
2024-11-01 21:10:00,878.6496595742035,OK
2024-11-01 21:15:00,883.5553395164054,OK
2024-11-01 21:20:00,867.3827778793159,OK
2024-11-01 21:25:00,870.8648718428344,OK
2024-11-01 21:30:00,876.4471314387807,OK
2024-11-01 21:35:00,869.4066762958757,OK
2024-11-01 21:40:00,886.9210153793915,OK
2024-11-01 21:45:00,865.7408363791554,OK
2024-11-01 21:50:00,890.6472746319587,OK
2024-11-01 21:55:00,889.5785012546785,OK
2024-11-01 22:00:00,895.4806119431279,OK
2024-11-01 22:05:00,890.5148539823733,OK
2024-11-01 22:10:00,888.809807647429,OK
2024-11-01 22:15:00,897.0643736212768,OK
2024-11-01 22:20:00,885.2487090317884,OK
2024-11-01 22:25:00,898.1993335854983,OK
2024-11-01 22:30:00,900.7352104045383,OK
2024-11-01 22:35:00,0.0,OK
2024-11-01 22:40:00,0.0,OK
2024-11-01 22:45:00,0.0,OK
2024-11-01 22:50:00,910.1788226199263,OK
2024-11-01 22:55:00,912.9203829314073,OK
2024-11-01 23:00:00,891.0115845373974,OK
2024-11-01 23:05:00,915.4901812649525,OK
2024-11-01 23:10:00,924.6801570842156,OK
2024-11-01 23:15:00,920.938958212132,OK
2024-11-01 23:20:00,917.7551328146449,OK
2024-11-01 23:25:00,917.5901803180137,OK
2024-11-01 23:30:00,918.4785644472671,OK
2024-11-01 23:35:00,919.1239917717755,OK
2024-11-01 23:40:00,0.0,OK
2024-11-01 23:45:00,0.0,OK
2024-11-01 23:50:00,0.0,OK
2024-11-01 23:55:00,938.2658828967725,OK
2024-11-02 00:00:00,942.839320837654,OK
2024-11-02 00:05:00,946.9888515416224,OK
2024-11-02 00:10:00,933.1470523412573,OK
2024-11-02 00:15:00,937.7415794388298,OK
2024-11-02 00:20:00,935.9782614261447,OK
2024-11-02 00:25:00,947.8692687614055,OK
2024-11-02 00:30:00,944.8998210942133,OK
2024-11-02 00:35:00,965.0135058631473,OK
2024-11-02 00:40:00,947.8083940816808,OK
2024-11-02 00:45:00,955.2299615133203,OK
2024-11-02 00:50:00,956.1185877815498,OK
2024-11-02 00:55:00,0.0,OK
2024-11-02 01:00:00,0.0,OK
2024-11-02 01:05:00,0.0,OK
2024-11-02 01:10:00,972.0904715873463,OK
2024-11-02 01:15:00,965.2569585767293,OK
2024-11-02 01:20:00,966.3809743192694,OK
2024-11-02 01:25:00,984.3943765084775,OK
2024-11-02 01:30:00,983.9248515975542,OK
2024-11-02 01:35:00,982.4103455653636,OK
2024-11-02 01:40:00,980.962640414775,OK
2024-11-02 01:45:00,987.9917522771043,OK
2024-11-02 01:50:00,988.8690097083864,OK
2024-11-02 01:55:00,985.8593473582338,OK
2024-11-02 02:00:00,0.0,OK
2024-11-02 02:05:00,0.0,OK
2024-11-02 02:10:00,0.0,OK
2024-11-02 02:15:00,976.2273168963352,OK
2024-11-02 02:20:00,994.8728672806908,OK
2024-11-02 02:25:00,989.5255280514308,OK
2024-11-02 02:30:00,981.152232831027,OK
2024-11-02 02:35:00,994.6025862532321,OK
2024-11-02 02:40:00,996.4035950226346,OK
2024-11-02 02:45:00,985.7156321754335,OK
2024-11-02 02:50:00,996.4570255594156,OK
2024-11-02 02:55:00,986.9359068373718,OK
2024-11-02 03:00:00,991.1269632453719,OK
2024-11-02 03:05:00,997.2893739059855,OK
2024-11-02 03:10:00,0.0,OK
2024-11-02 03:15:00,0.0,OK
2024-11-02 03:20:00,0.0,OK
2024-11-02 03:25:00,1008.3214887139312,OK
2024-11-02 03:30:00,1003.5668544906655,OK
2024-11-02 03:35:00,1004.8110134690406,OK
2024-11-02 03:40:00,1001.3671105530392,OK
2024-11-02 03:45:00,1016.2237571318111,OK
2024-11-02 03:50:00,1002.6320104493273,OK
2024-11-02 03:55:00,1009.1647474951637,OK
2024-11-02 04:00:00,1023.8762760988919,OK
2024-11-02 04:05:00,1006.3487837581123,OK
2024-11-02 04:10:00,0.0,OK
2024-11-02 04:15:00,0.0,OK
2024-11-02 04:20:00,0.0,OK
2024-11-02 04:25:00,1018.4164797390896,OK
2024-11-02 04:30:00,1031.7304469278147,OK
2024-11-02 04:35:00,,MISSING
2024-11-02 04:40:00,,MISSING
2024-11-02 04:45:00,1026.2919258254365,OK
2024-11-02 04:50:00,1029.9736603104093,OK
2024-11-02 04:55:00,1023.7395802427583,OK
2024-11-02 05:00:00,1021.3123790592148,OK
2024-11-02 05:05:00,1034.9531406321607,OK
2024-11-02 05:10:00,1027.759887915218,OK
2024-11-02 05:15:00,1013.0759819363761,OK
2024-11-02 05:20:00,1032.7624656923333,OK
2024-11-02 05:25:00,1018.12754877674,OK
2024-11-02 05:30:00,1026.9021070260005,OK
2024-11-02 05:35:00,0.0,OK
2024-11-02 05:40:00,0.0,OK
2024-11-02 05:45:00,0.0,OK
2024-11-02 05:50:00,1017.784327144765,OK
2024-11-02 05:55:00,1032.8745353502736,OK
2024-11-02 06:00:00,1016.7772633126895,OK
2024-11-02 06:05:00,1030.4599984604147,OK
2024-11-02 06:10:00,1021.1947673772285,OK
2024-11-02 06:15:00,1022.3677896011658,OK
2024-11-02 06:20:00,1020.7316955860987,OK
2024-11-02 06:25:00,1019.8274494252771,OK
2024-11-02 06:30:00,0.0,OK
2024-11-02 06:35:00,0.0,OK
2024-11-02 06:40:00,0.0,OK
2024-11-02 06:45:00,1020.2981939164534,OK
2024-11-02 06:50:00,1012.9260698302521,OK
2024-11-02 06:55:00,1019.4676241081827,OK
2024-11-02 07:00:00,1027.731592603537,OK
2024-11-02 07:05:00,1009.1035827573552,OK
2024-11-02 07:10:00,1017.4747396576353,OK
2024-11-02 07:15:00,1008.929496802557,OK
2024-11-02 07:20:00,1015.6327871660504,OK
2024-11-02 07:25:00,1000.8198546781632,OK
2024-11-02 07:30:00,1016.2908925253856,OK
2024-11-02 07:35:00,0.0,OK
2024-11-02 07:40:00,0.0,OK
2024-11-02 07:45:00,0.0,OK
2024-11-02 07:50:00,1004.9335152619974,OK
2024-11-02 07:55:00,996.2418353567289,OK
2024-11-02 08:00:00,1012.2876588296745,OK
2024-11-02 08:05:00,1005.8093599458662,OK
2024-11-02 08:10:00,1026.8300921464902,OK
2024-11-02 08:15:00,1005.5557726946157,OK
2024-11-02 08:20:00,1006.030993805774,OK
2024-11-02 08:25:00,1010.1568722565122,OK
2024-11-02 08:30:00,997.9966571767633,OK
2024-11-02 08:35:00,1006.7780144631178,OK
2024-11-02 08:40:00,1004.9471173752471,OK
2024-11-02 08:45:00,1004.4742776049343,OK
2024-11-02 08:50:00,0.0,OK
2024-11-02 08:55:00,0.0,OK
2024-11-02 09:00:00,0.0,OK
2024-11-02 09:05:00,1008.9945716231498,OK
2024-11-02 09:10:00,997.1668001064571,OK
2024-11-02 09:15:00,993.8223645345236,OK
2024-11-02 09:20:00,977.0245710666837,OK
2024-11-02 09:25:00,982.1984812747627,OK
2024-11-02 09:30:00,989.1231335062662,OK
2024-11-02 09:35:00,974.5261678888365,OK
2024-11-02 09:40:00,986.9341282949567,OK
2024-11-02 09:45:00,972.9380012076729,OK
2024-11-02 09:50:00,988.3848018602472,OK
2024-11-02 09:55:00,968.112161390156,OK
2024-11-02 10:00:00,979.3599946089663,OK
2024-11-02 10:05:00,0.0,OK
2024-11-02 10:10:00,0.0,OK
2024-11-02 10:15:00,0.0,OK
2024-11-02 10:20:00,979.5012722858926,OK
2024-11-02 10:25:00,969.1357320529877,OK
2024-11-02 10:30:00,975.7288609948298,OK
2024-11-02 10:35:00,964.8756497231456,OK
2024-11-02 10:40:00,962.8862581928784,OK
2024-11-02 10:45:00,962.938874536898,OK
2024-11-02 10:50:00,963.769461800843,OK
2024-11-02 10:55:00,955.8745613081135,OK
2024-11-02 11:00:00,950.8791895848008,OK
2024-11-02 11:05:00,0.0,OK
2024-11-02 11:10:00,0.0,OK
2024-11-02 11:15:00,0.0,OK
2024-11-02 11:20:00,928.9738741796435,OK
2024-11-02 11:25:00,945.8506499211471,OK
2024-11-02 11:30:00,943.0319337309824,OK
2024-11-02 11:35:00,937.3065441173371,OK
2024-11-02 11:40:00,949.2088023974921,OK
2024-11-02 11:45:00,942.5762629487035,OK
2024-11-02 11:50:00,942.1746945234406,OK
2024-11-02 11:55:00,931.1986300065544,OK
2024-11-02 12:00:00,935.1722903009681,OK
2024-11-02 12:05:00,933.014557194117,OK
2024-11-02 12:10:00,922.9641912468012,OK
2024-11-02 12:15:00,923.203602924608,OK
2024-11-02 12:20:00,0.0,OK
2024-11-02 12:25:00,0.0,OK
2024-11-02 12:30:00,0.0,OK
2024-11-02 12:35:00,917.6593212104723,OK
2024-11-02 12:40:00,932.9415393155352,OK
2024-11-02 12:45:00,921.1637603126522,OK
2024-11-02 12:50:00,915.2199506462002,OK
2024-11-02 12:55:00,907.1697299666508,OK
2024-11-02 13:00:00,904.5963327730564,OK
2024-11-02 13:05:00,908.8454864104189,OK
2024-11-02 13:10:00,903.3791937229762,OK
2024-11-02 13:15:00,905.5259142397919,OK
2024-11-02 13:20:00,0.0,OK
2024-11-02 13:25:00,0.0,OK
2024-11-02 13:30:00,0.0,OK
2024-11-02 13:35:00,896.3383226183864,OK
2024-11-02 13:40:00,905.4131974493185,OK
2024-11-02 13:45:00,890.3210428658739,OK
2024-11-02 13:50:00,885.1060708183466,OK
2024-11-02 13:55:00,885.5007388448084,OK
2024-11-02 14:00:00,882.1416580013318,OK
2024-11-02 14:05:00,876.0675245437989,OK
2024-11-02 14:10:00,885.176168830065,OK
2024-11-02 14:15:00,887.4113767446731,OK
2024-11-02 14:20:00,876.0965467461118,OK
2024-11-02 14:25:00,867.3891030046165,OK
2024-11-02 14:30:00,860.9716688554942,OK
2024-11-02 14:35:00,868.3246075862248,OK
2024-11-02 14:40:00,884.2403327567511,OK
2024-11-02 14:45:00,874.2925569667207,OK
2024-11-02 14:50:00,869.5532601150572,OK
2024-11-02 14:55:00,866.2632610327105,OK
2024-11-02 15:00:00,860.8317495821311,OK
2024-11-02 15:05:00,871.001886024477,OK
2024-11-02 15:10:00,862.0780894648115,OK
2024-11-02 15:15:00,858.6043164314015,OK
2024-11-02 15:20:00,854.6571679132526,OK
2024-11-02 15:25:00,864.8463968279227,OK
2024-11-02 15:30:00,859.490190091437,OK
2024-11-02 15:35:00,875.617909195581,OK
2024-11-02 15:40:00,858.1261216654628,OK
2024-11-02 15:45:00,857.6100745439581,OK
2024-11-02 15:50:00,860.0180827286832,OK
2024-11-02 15:55:00,847.2629028534801,OK
2024-11-02 16:00:00,847.5254785963423,OK
2024-11-02 16:05:00,860.647340284577,OK
2024-11-02 16:10:00,841.7379679474361,OK
2024-11-02 16:15:00,848.3370202673735,OK
2024-11-02 16:20:00,837.3254684750384,OK
2024-11-02 16:25:00,849.3984101827285,OK
2024-11-02 16:30:00,840.0704499705311,OK
2024-11-02 16:35:00,841.0342005417243,OK
2024-11-02 16:40:00,837.1006963669258,OK
2024-11-02 16:45:00,836.8968190335942,OK
2024-11-02 16:50:00,837.6856864682649,OK
2024-11-02 16:55:00,845.8704753508548,OK
2024-11-02 17:00:00,845.2324922565722,OK
2024-11-02 17:05:00,837.7448087275665,OK
2024-11-02 17:10:00,833.503429092106,OK
2024-11-02 17:15:00,836.2799643496726,OK
2024-11-02 17:20:00,829.2165114231411,OK
2024-11-02 17:25:00,835.795091829787,OK
2024-11-02 17:30:00,842.826053351451,OK
2024-11-02 17:35:00,839.4203247785248,OK
2024-11-02 17:40:00,833.9499018569007,OK
2024-11-02 17:45:00,832.0050535133331,OK
2024-11-02 17:50:00,821.5694909035533,OK
2024-11-02 17:55:00,841.6412612966166,OK
2024-11-02 18:00:00,840.8785323829584,OK
2024-11-02 18:05:00,837.9449678402614,OK
2024-11-02 18:10:00,838.3400411275272,OK
2024-11-02 18:15:00,841.3635159325418,OK
2024-11-02 18:20:00,849.7390262659144,OK
2024-11-02 18:25:00,841.9047442873613,OK
2024-11-02 18:30:00,848.0727724352771,OK
2024-11-02 18:35:00,853.4173369333954,OK
2024-11-02 18:40:00,846.9275765944317,OK
2024-11-02 18:45:00,849.218193324807,OK
2024-11-02 18:50:00,836.9507162857109,OK
2024-11-02 18:55:00,836.881794718317,OK
2024-11-02 19:00:00,847.4308035319676,OK
2024-11-02 19:05:00,844.1803310316817,OK
2024-11-02 19:10:00,855.2123847795777,OK
2024-11-02 19:15:00,844.0886435634741,OK
2024-11-02 19:20:00,839.5130215298235,OK
2024-11-02 19:25:00,838.2443939814333,OK
2024-11-02 19:30:00,848.4936324710375,OK
2024-11-02 19:35:00,836.8364200047507,OK
2024-11-02 19:40:00,854.5036778119135,OK
2024-11-02 19:45:00,854.010561592311,OK
2024-11-02 19:50:00,839.122215427328,OK
2024-11-02 19:55:00,833.0329331419979,OK
2024-11-02 20:00:00,842.2340591870375,OK
2024-11-02 20:05:00,845.2743070553661,OK
2024-11-02 20:10:00,862.3362379543695,OK
2024-11-02 20:15:00,863.371214961092,OK
2024-11-02 20:20:00,849.602421660004,OK
2024-11-02 20:25:00,853.7941478459187,OK
2024-11-02 20:30:00,862.3150649881625,OK
2024-11-02 20:35:00,854.4119675128846,OK
2024-11-02 20:40:00,856.031516844251,OK
2024-11-02 20:45:00,850.0509840757175,OK
2024-11-02 20:50:00,860.1370517900052,OK
2024-11-02 20:55:00,854.6486689198281,OK
2024-11-02 21:00:00,866.9172302113966,OK
2024-11-02 21:05:00,870.2850955918915,OK
2024-11-02 21:10:00,863.0150325552665,OK
2024-11-02 21:15:00,879.489024639254,OK
2024-11-02 21:20:00,854.0649786131871,OK
2024-11-02 21:25:00,873.4279173613864,OK
2024-11-02 21:30:00,874.7825625790671,OK
2024-11-02 21:35:00,876.6185515002652,OK
2024-11-02 21:40:00,867.7287085485818,OK
2024-11-02 21:45:00,876.4635937442897,OK
2024-11-02 21:50:00,895.0110111995563,OK
2024-11-02 21:55:00,874.4545725872379,OK
2024-11-02 22:00:00,888.4554716072337,OK
2024-11-02 22:05:00,884.6118420462805,OK
2024-11-02 22:10:00,0.0,OK
2024-11-02 22:15:00,0.0,OK
2024-11-02 22:20:00,0.0,OK
2024-11-02 22:25:00,894.7785783394078,OK
2024-11-02 22:30:00,900.9567785414282,OK
2024-11-02 22:35:00,888.0514391523342,OK
2024-11-02 22:40:00,889.6742264763151,OK
2024-11-02 22:45:00,905.1769809466376,OK
2024-11-02 22:50:00,906.9712236399715,OK
2024-11-02 22:55:00,913.0327955801515,OK
2024-11-02 23:00:00,903.3087754549108,OK
2024-11-02 23:05:00,0.0,OK
2024-11-02 23:10:00,0.0,OK
2024-11-02 23:15:00,0.0,OK
2024-11-02 23:20:00,922.7228988077446,OK
2024-11-02 23:25:00,920.9526146461772,OK
2024-11-02 23:30:00,935.867102551506,OK
2024-11-02 23:35:00,921.5620614455777,OK
2024-11-02 23:40:00,914.4180966375864,OK
2024-11-02 23:45:00,926.3558344879323,OK
2024-11-02 23:50:00,922.8760006690071,OK
2024-11-02 23:55:00,943.3177873819496,OK
2024-11-03 00:00:00,936.0038287801266,OK
2024-11-03 00:05:00,945.0841399927149,OK
2024-11-03 00:10:00,0.0,OK
2024-11-03 00:15:00,0.0,OK
2024-11-03 00:20:00,0.0,OK
2024-11-03 00:25:00,960.921279093898,OK
2024-11-03 00:30:00,962.6340904926635,OK
2024-11-03 00:35:00,966.4517920238353,OK
2024-11-03 00:40:00,954.1612260057395,OK
2024-11-03 00:45:00,942.4886502223891,OK
2024-11-03 00:50:00,950.9854152857298,OK
2024-11-03 00:55:00,977.4741030297554,OK
2024-11-03 01:00:00,955.3213400200249,OK
2024-11-03 01:05:00,958.8817856155284,OK
2024-11-03 01:10:00,980.2057744705436,OK
2024-11-03 01:15:00,972.9395371426331,OK
2024-11-03 01:20:00,0.0,OK
2024-11-03 01:25:00,0.0,OK
2024-11-03 01:30:00,0.0,OK
2024-11-03 01:35:00,975.9471005824616,OK
2024-11-03 01:40:00,998.248223268161,OK
2024-11-03 01:45:00,985.358868959034,OK
2024-11-03 01:50:00,977.1230528128966,OK
2024-11-03 01:55:00,989.1410485691426,OK
2024-11-03 02:00:00,994.0536541416035,OK
2024-11-03 02:05:00,986.5334324779591,OK
2024-11-03 02:10:00,986.1504497455256,OK
2024-11-03 02:15:00,986.2250166645456,OK
2024-11-03 02:20:00,991.8349237230836,OK
2024-11-03 02:25:00,991.378810396631,OK
2024-11-03 02:30:00,0.0,OK
2024-11-03 02:35:00,0.0,OK
2024-11-03 02:40:00,0.0,OK
2024-11-03 02:45:00,1007.257933829539,OK
2024-11-03 02:50:00,1017.0592263895927,OK
2024-11-03 02:55:00,1016.435086196202,OK
2024-11-03 03:00:00,1014.7705099712633,OK
2024-11-03 03:05:00,1011.9092813296359,OK
2024-11-03 03:10:00,1005.6506128746619,OK
2024-11-03 03:15:00,1019.2372620595012,OK
2024-11-03 03:20:00,1012.1945235718687,OK
2024-11-03 03:25:00,1012.6638668735264,OK
2024-11-03 03:30:00,1024.1067402860808,OK
2024-11-03 03:35:00,1017.6523892726926,OK
2024-11-03 03:40:00,1025.4139643490596,OK
2024-11-03 03:45:00,1015.2629814652711,OK
2024-11-03 03:50:00,1021.0045169909056,OK
2024-11-03 03:55:00,1035.980938683483,OK
2024-11-03 04:00:00,1026.7262976968216,OK
2024-11-03 04:05:00,0.0,OK
2024-11-03 04:10:00,0.0,OK
2024-11-03 04:15:00,0.0,OK
2024-11-03 04:20:00,1028.4843106442213,OK
2024-11-03 04:25:00,1043.6108641026785,OK
2024-11-03 04:30:00,1031.335490483741,OK
2024-11-03 04:35:00,1042.7502438036931,OK
2024-11-03 04:40:00,1038.4233917553863,OK
2024-11-03 04:45:00,1029.1693040207165,OK
2024-11-03 04:50:00,1035.3460713653126,OK
2024-11-03 04:55:00,1041.034009957626,OK
2024-11-03 05:00:00,1036.3945978387574,OK
2024-11-03 05:05:00,1041.8711350820595,OK
2024-11-03 05:10:00,1041.1025108256779,OK
2024-11-03 05:15:00,1036.2411077061593,OK
2024-11-03 05:20:00,1048.3595352217853,OK
2024-11-03 05:25:00,1042.3084237962748,OK
2024-11-03 05:30:00,1042.658101386684,OK
2024-11-03 05:35:00,1051.8489971181664,OK
2024-11-03 05:40:00,1047.6479790474498,OK
2024-11-03 05:45:00,0.0,OK
2024-11-03 05:50:00,0.0,OK
2024-11-03 05:55:00,0.0,OK
2024-11-03 06:00:00,1053.6970244087597,OK
2024-11-03 06:05:00,1043.8353411999476,OK
2024-11-03 06:10:00,1029.480360776085,OK
2024-11-03 06:15:00,1042.139198740155,OK
2024-11-03 06:20:00,1029.204844309274,OK
2024-11-03 06:25:00,1037.1805075479604,OK
2024-11-03 06:30:00,1035.3470918182045,OK
2024-11-03 06:35:00,1047.65974146702,OK
2024-11-03 06:40:00,0.0,OK
2024-11-03 06:45:00,0.0,OK
2024-11-03 06:50:00,0.0,OK
2024-11-03 06:55:00,1041.96020395499,OK
2024-11-03 07:00:00,1036.3131251270797,OK
2024-11-03 07:05:00,1034.4897764817488,OK
2024-11-03 07:10:00,1038.5859508180458,OK
2024-11-03 07:15:00,1034.3006723454298,OK
2024-11-03 07:20:00,1038.5116949831804,OK
2024-11-03 07:25:00,1042.5500420171918,OK
2024-11-03 07:30:00,1027.4471011967305,OK
2024-11-03 07:35:00,1030.0253595834604,OK
2024-11-03 07:40:00,1042.7903517193888,OK
2024-11-03 07:45:00,1035.3581445440134,OK
2024-11-03 07:50:00,1042.8780666865907,OK
2024-11-03 07:55:00,1044.715365105675,OK
2024-11-03 08:00:00,1028.539318905617,OK
2024-11-03 08:05:00,1048.7311035412947,OK
2024-11-03 08:10:00,1027.6464236527743,OK
2024-11-03 08:15:00,1034.5435177698184,OK
2024-11-03 08:20:00,0.0,OK
2024-11-03 08:25:00,0.0,OK
2024-11-03 08:30:00,0.0,OK
2024-11-03 08:35:00,1029.9855892281141,OK
2024-11-03 08:40:00,1016.5345750748121,OK
2024-11-03 08:45:00,1018.7484133083703,OK
2024-11-03 08:50:00,1025.6867063152686,OK
2024-11-03 08:55:00,1017.0377577039396,OK
2024-11-03 09:00:00,1004.9042007123396,OK
2024-11-03 09:05:00,1001.8320309656756,OK
2024-11-03 09:10:00,1006.238677515909,OK
2024-11-03 09:15:00,1016.5968553802567,OK
2024-11-03 09:20:00,1003.4345983272041,OK
2024-11-03 09:25:00,0.0,OK
2024-11-03 09:30:00,0.0,OK
2024-11-03 09:35:00,0.0,OK
2024-11-03 09:40:00,996.910822612421,OK
2024-11-03 09:45:00,1000.9982183678734,OK
2024-11-03 09:50:00,1004.0707958984373,OK
2024-11-03 09:55:00,1012.4904109785948,OK
2024-11-03 10:00:00,997.332483002876,OK
2024-11-03 10:05:00,997.7384732759896,OK
2024-11-03 10:10:00,994.2820201621407,OK
2024-11-03 10:15:00,1006.2671823338641,OK
2024-11-03 10:20:00,0.0,OK
2024-11-03 10:25:00,0.0,OK
2024-11-03 10:30:00,0.0,OK
2024-11-03 10:35:00,989.5512031049187,OK
2024-11-03 10:40:00,983.6322707828363,OK
2024-11-03 10:45:00,970.3870968214193,OK
2024-11-03 10:50:00,991.4584219961979,OK
2024-11-03 10:55:00,979.9176576075456,OK
2024-11-03 11:00:00,985.3539049411571,OK
2024-11-03 11:05:00,980.6969668832866,OK
2024-11-03 11:10:00,975.0603094133612,OK
2024-11-03 11:15:00,962.0802688201125,OK
2024-11-03 11:20:00,957.9651212246396,OK
2024-11-03 11:25:00,965.6214316373064,OK
2024-11-03 11:30:00,969.7064512105563,OK
2024-11-03 11:35:00,948.3924939453206,OK
2024-11-03 11:40:00,969.1734604635299,OK
2024-11-03 11:45:00,967.2602959019885,OK
2024-11-03 11:50:00,974.2213235916237,OK
2024-11-03 11:55:00,950.4854881962871,OK
2024-11-03 12:00:00,951.5492197296624,OK
2024-11-03 12:05:00,937.6285712165686,OK
2024-11-03 12:10:00,965.6453411094185,OK
2024-11-03 12:15:00,0.0,OK
2024-11-03 12:20:00,0.0,OK
2024-11-03 12:25:00,0.0,OK
2024-11-03 12:30:00,959.8059505261956,OK
2024-11-03 12:35:00,934.3387100498175,OK
2024-11-03 12:40:00,938.5070770928753,OK
2024-11-03 12:45:00,943.6927037679067,OK
2024-11-03 12:50:00,936.1392395531576,OK
2024-11-03 12:55:00,944.1446621922792,OK
2024-11-03 13:00:00,940.0774236931536,OK
2024-11-03 13:05:00,937.4099359539757,OK
2024-11-03 13:10:00,945.0348274525071,OK
2024-11-03 13:15:00,923.2707133705437,OK
2024-11-03 13:20:00,917.9485709915158,OK
2024-11-03 13:25:00,0.0,OK
2024-11-03 13:30:00,0.0,OK
2024-11-03 13:35:00,0.0,OK
2024-11-03 13:40:00,918.7367973028144,OK
2024-11-03 13:45:00,922.2661485578219,OK
2024-11-03 13:50:00,923.4241593874706,OK
2024-11-03 13:55:00,909.8297271000516,OK
2024-11-03 14:00:00,915.8773115081896,OK
2024-11-03 14:05:00,897.8973305997159,OK
2024-11-03 14:10:00,908.148749980906,OK
2024-11-03 14:15:00,912.7386480240124,OK
2024-11-03 14:20:00,895.9161230835075,OK
2024-11-03 14:25:00,899.5381243486543,OK
2024-11-03 14:30:00,897.1178318683906,OK
2024-11-03 14:35:00,892.450723935001,OK
2024-11-03 14:40:00,905.2809654110467,OK
2024-11-03 14:45:00,897.4109906821226,OK
2024-11-03 14:50:00,893.992509081449,OK
2024-11-03 14:55:00,899.1264566488007,OK
2024-11-03 15:00:00,891.3044444466772,OK
2024-11-03 15:05:00,877.2608863053248,OK
2024-11-03 15:10:00,882.9427823700715,OK
2024-11-03 15:15:00,892.3830232047452,OK
2024-11-03 15:20:00,0.0,OK
2024-11-03 15:25:00,0.0,OK
2024-11-03 15:30:00,0.0,OK
2024-11-03 15:35:00,878.086580295153,OK
2024-11-03 15:40:00,873.743959852262,OK
2024-11-03 15:45:00,883.3378095455873,OK
2024-11-03 15:50:00,861.1823985781953,OK
2024-11-03 15:55:00,873.7916686235138,OK
2024-11-03 16:00:00,861.5549175799149,OK
2024-11-03 16:05:00,867.955117589134,OK
2024-11-03 16:10:00,854.9473878206305,OK
2024-11-03 16:15:00,860.7912610260422,OK
2024-11-03 16:20:00,855.2618721316962,OK
2024-11-03 16:25:00,853.7224307399906,OK
2024-11-03 16:30:00,853.5551366475052,OK
2024-11-03 16:35:00,854.4943209559547,OK
2024-11-03 16:40:00,859.2290597420542,OK
2024-11-03 16:45:00,842.5695374943982,OK
2024-11-03 16:50:00,862.1460848076513,OK
2024-11-03 16:55:00,856.517865039627,OK
2024-11-03 17:00:00,855.9165416620621,OK
2024-11-03 17:05:00,852.6792945114925,OK
2024-11-03 17:10:00,856.0166640065875,OK
2024-11-03 17:15:00,849.1359248192886,OK
2024-11-03 17:20:00,852.199600641851,OK
2024-11-03 17:25:00,861.7164406950159,OK
2024-11-03 17:30:00,849.8908163622178,OK
2024-11-03 17:35:00,857.8584610219596,OK
2024-11-03 17:40:00,863.4960003429344,OK
2024-11-03 17:45:00,850.0246538920734,OK
2024-11-03 17:50:00,848.2576674399895,OK
2024-11-03 17:55:00,849.3873536109224,OK
2024-11-03 18:00:00,848.4377683943779,OK
2024-11-03 18:05:00,865.9681422140089,OK
2024-11-03 18:10:00,864.0415299323212,OK
2024-11-03 18:15:00,840.2702553759837,OK
2024-11-03 18:20:00,860.9620035894222,OK
2024-11-03 18:25:00,847.9374750393786,OK
2024-11-03 18:30:00,856.2819874978903,OK
2024-11-03 18:35:00,850.9926136785368,OK
2024-11-03 18:40:00,857.4605993751693,OK
2024-11-03 18:45:00,850.5227945144644,OK
2024-11-03 18:50:00,853.5772567357039,OK
2024-11-03 18:55:00,857.7894729805977,OK
2024-11-03 19:00:00,861.0794726021978,OK
2024-11-03 19:05:00,850.8173456533925,OK
2024-11-03 19:10:00,862.2263427641585,OK
2024-11-03 19:15:00,852.5424949094751,OK
2024-11-03 19:20:00,837.767978541114,OK
2024-11-03 19:25:00,847.4154567164488,OK
2024-11-03 19:30:00,852.9680969727268,OK
2024-11-03 19:35:00,860.2524743108479,OK
2024-11-03 19:40:00,874.1363300200474,OK
2024-11-03 19:45:00,871.1879089174307,OK
2024-11-03 19:50:00,854.1105081559946,OK
2024-11-03 19:55:00,869.6256459920432,OK
2024-11-03 20:00:00,870.4624559972375,OK
2024-11-03 20:05:00,867.3736261559328,OK
2024-11-03 20:10:00,874.5853709510526,OK
2024-11-03 20:15:00,878.2611451413992,OK
2024-11-03 20:20:00,871.5291112909118,OK
2024-11-03 20:25:00,877.0587579377908,OK
2024-11-03 20:30:00,878.6041578739462,OK
2024-11-03 20:35:00,882.7011879208721,OK
2024-11-03 20:40:00,876.8506227876115,OK
2024-11-03 20:45:00,883.5838898916819,OK
2024-11-03 20:50:00,884.5315670054173,OK
2024-11-03 20:55:00,880.4929191391348,OK
2024-11-03 21:00:00,885.7953645964457,OK
2024-11-03 21:05:00,891.4507918559066,OK
2024-11-03 21:10:00,887.0845245435695,OK
2024-11-03 21:15:00,885.3197300304588,OK
2024-11-03 21:20:00,0.0,OK
2024-11-03 21:25:00,0.0,OK
2024-11-03 21:30:00,0.0,OK
2024-11-03 21:35:00,906.5270248794204,OK
2024-11-03 21:40:00,896.8547410857279,OK
2024-11-03 21:45:00,899.1753458888107,OK
2024-11-03 21:50:00,898.6233061823716,OK
2024-11-03 21:55:00,902.0339539536873,OK
2024-11-03 22:00:00,903.2153783457336,OK
2024-11-03 22:05:00,900.2921471112684,OK
2024-11-03 22:10:00,898.2945933128545,OK
2024-11-03 22:15:00,900.4250021401275,OK
2024-11-03 22:20:00,909.4211302562187,OK
2024-11-03 22:25:00,900.1574458901268,OK
2024-11-03 22:30:00,906.5940405829924,OK
2024-11-03 22:35:00,904.5928227447401,OK
2024-11-03 22:40:00,909.9077283326701,OK
2024-11-03 22:45:00,910.9586606192582,OK
2024-11-03 22:50:00,920.4440784149203,OK
2024-11-03 22:55:00,912.6730794849176,OK
2024-11-03 23:00:00,898.1489061758987,OK
2024-11-03 23:05:00,923.3106926708658,OK
2024-11-03 23:10:00,0.0,OK
2024-11-03 23:15:00,0.0,OK
2024-11-03 23:20:00,0.0,OK
2024-11-03 23:25:00,916.3873369002381,OK
2024-11-03 23:30:00,936.7350472866601,OK
2024-11-03 23:35:00,936.5680004424863,OK
2024-11-03 23:40:00,947.8314840404431,OK
2024-11-03 23:45:00,945.6576014414188,OK
2024-11-03 23:50:00,954.6468203318838,OK
2024-11-03 23:55:00,939.7721714719995,OK
2024-11-04 00:00:00,927.0712295292458,OK
2024-11-04 00:05:00,950.9487698251087,OK
2024-11-04 00:10:00,963.9940066610419,OK
2024-11-04 00:15:00,948.0732298743385,OK
2024-11-04 00:20:00,962.556730893231,OK
2024-11-04 00:25:00,950.0872733337487,OK
2024-11-04 00:30:00,963.1977955519094,OK
2024-11-04 00:35:00,968.9776783377927,OK
2024-11-04 00:40:00,966.8868019199341,OK
2024-11-04 00:45:00,962.1121522722561,OK
2024-11-04 00:50:00,973.5026869528738,OK
2024-11-04 00:55:00,979.8062436051855,OK
2024-11-04 01:00:00,979.6796350187785,OK
2024-11-04 01:05:00,989.6619342443861,OK
2024-11-04 01:10:00,0.0,OK
2024-11-04 01:15:00,0.0,OK
2024-11-04 01:20:00,0.0,OK
2024-11-04 01:25:00,981.6167543239691,OK
2024-11-04 01:30:00,988.1538691105592,OK
2024-11-04 01:35:00,989.3910190028719,OK
2024-11-04 01:40:00,997.3009656336855,OK
2024-11-04 01:45:00,989.9242308563759,OK
2024-11-04 01:50:00,992.0366374883727,OK
2024-11-04 01:55:00,997.8202473360266,OK
2024-11-04 02:00:00,999.1512626870839,OK
2024-11-04 02:05:00,1004.2413485019053,OK
2024-11-04 02:10:00,0.0,OK
2024-11-04 02:15:00,0.0,OK
2024-11-04 02:20:00,0.0,OK
2024-11-04 02:25:00,1014.6528208365798,OK
2024-11-04 02:30:00,1012.748102414526,OK
2024-11-04 02:35:00,1027.6962161190859,OK
2024-11-04 02:40:00,1029.8772076425598,OK
2024-11-04 02:45:00,1022.6289378337417,OK
2024-11-04 02:50:00,1027.4030967648425,OK
2024-11-04 02:55:00,1043.8032343880093,OK
2024-11-04 03:00:00,1028.5186316503655,OK
2024-11-04 03:05:00,1045.8629886152014,OK
2024-11-04 03:10:00,1040.9043960922174,OK
2024-11-04 03:15:00,1023.8250863308554,OK
2024-11-04 03:20:00,1022.4941835196804,OK
2024-11-04 03:25:00,1043.2109549208376,OK
2024-11-04 03:30:00,1038.3617776707115,OK
2024-11-04 03:35:00,1038.439240927523,OK
2024-11-04 03:40:00,1027.0242487635085,OK
2024-11-04 03:45:00,1045.837322055202,OK
2024-11-04 03:50:00,1047.7335211284765,OK
2024-11-04 03:55:00,1033.7439403175886,OK
2024-11-04 04:00:00,1047.9595405289838,OK
2024-11-04 04:05:00,1041.8004883113638,OK
2024-11-04 04:10:00,1057.4048768826256,OK
2024-11-04 04:15:00,1047.5283678842964,OK
2024-11-04 04:20:00,1057.397051005149,OK
2024-11-04 04:25:00,1053.247151563385,OK
2024-11-04 04:30:00,1038.7650568716156,OK
2024-11-04 04:35:00,1048.1743692907555,OK
2024-11-04 04:40:00,1051.201951137598,OK
2024-11-04 04:45:00,1055.9996459724082,OK
2024-11-04 04:50:00,1052.6751100111965,OK
2024-11-04 04:55:00,1050.180667455246,OK
2024-11-04 05:00:00,1046.00361878689,OK
2024-11-04 05:05:00,1070.2139788679726,OK
2024-11-04 05:10:00,1057.951645637877,OK
2024-11-04 05:15:00,1050.7232904033467,OK
2024-11-04 05:20:00,1053.2166386071535,OK
2024-11-04 05:25:00,1049.8221399704785,OK
2024-11-04 05:30:00,1051.0603298676235,OK
2024-11-04 05:35:00,1054.8664094177345,OK
2024-11-04 05:40:00,1055.2452040475448,OK
2024-11-04 05:45:00,1051.3781244325878,OK
2024-11-04 05:50:00,1041.0584064074596,OK
2024-11-04 05:55:00,1053.9378932493507,OK
2024-11-04 06:00:00,1050.4991182586953,OK
2024-11-04 06:05:00,1048.7849831328178,OK
2024-11-04 06:10:00,1037.6504319898381,OK
2024-11-04 06:15:00,1049.871782321175,OK
2024-11-04 06:20:00,1040.3707135701675,OK
2024-11-04 06:25:00,1037.1143457460607,OK
2024-11-04 06:30:00,1045.5841057259333,OK
2024-11-04 06:35:00,1044.8875498424782,OK
2024-11-04 06:40:00,1045.0332415392197,OK
2024-11-04 06:45:00,1044.5283225830756,OK
2024-11-04 06:50:00,1035.6840138813056,OK
2024-11-04 06:55:00,1043.190857013919,OK
2024-11-04 07:00:00,1042.1596029505765,OK
2024-11-04 07:05:00,1055.7437182137085,OK
2024-11-04 07:10:00,1056.0405319135482,OK
2024-11-04 07:15:00,1032.4210537900651,OK
2024-11-04 07:20:00,1047.839962960425,OK
2024-11-04 07:25:00,1052.7673305563685,OK
2024-11-04 07:30:00,1036.9305998562688,OK
2024-11-04 07:35:00,1042.7114298296128,OK
2024-11-04 07:40:00,1040.266786781766,OK
2024-11-04 07:45:00,1041.80160823764,OK
2024-11-04 07:50:00,1042.1331608515795,OK
2024-11-04 07:55:00,1039.558867432792,OK
2024-11-04 08:00:00,1045.3040959575155,OK
2024-11-04 08:05:00,1034.73565034751,OK
2024-11-04 08:10:00,1032.0451064134445,OK
2024-11-04 08:15:00,1019.8174166672844,OK
2024-11-04 08:20:00,1031.3588388173043,OK
2024-11-04 08:25:00,1049.177268527953,OK
2024-11-04 08:30:00,1032.0732455148977,OK
2024-11-04 08:35:00,1011.2439916264348,OK
2024-11-04 08:40:00,0.0,OK
2024-11-04 08:45:00,0.0,OK
2024-11-04 08:50:00,0.0,OK
2024-11-04 08:55:00,1030.0063541313077,OK
2024-11-04 09:00:00,1032.6543248601276,OK
2024-11-04 09:05:00,1023.1542947553279,OK
2024-11-04 09:10:00,1019.6332237287936,OK
2024-11-04 09:15:00,1033.4360650355407,OK
2024-11-04 09:20:00,1025.2905876564762,OK
2024-11-04 09:25:00,1015.7929144611219,OK
2024-11-04 09:30:00,1018.8319891675212,OK
2024-11-04 09:35:00,1010.8163105979515,OK
2024-11-04 09:40:00,1020.1205075479114,OK
2024-11-04 09:45:00,0.0,OK
2024-11-04 09:50:00,0.0,OK
2024-11-04 09:55:00,0.0,OK
2024-11-04 10:00:00,1016.7881860582814,OK
2024-11-04 10:05:00,1009.6928373102734,OK
2024-11-04 10:10:00,998.632963854338,OK
2024-11-04 10:15:00,987.3641282086152,OK
2024-11-04 10:20:00,995.5267405622192,OK
2024-11-04 10:25:00,992.3872789236268,OK
2024-11-04 10:30:00,993.3170874288124,OK
2024-11-04 10:35:00,997.0908127557435,OK
2024-11-04 10:40:00,989.0946726260997,OK
2024-11-04 10:45:00,990.7178375468409,OK
2024-11-04 10:50:00,989.3198820202606,OK
2024-11-04 10:55:00,974.7734414789816,OK
2024-11-04 11:00:00,982.7970322295089,OK
2024-11-04 11:05:00,970.2166104850503,OK
2024-11-04 11:10:00,0.0,OK
2024-11-04 11:15:00,0.0,OK
2024-11-04 11:20:00,0.0,OK
2024-11-04 11:25:00,953.905349719046,OK
2024-11-04 11:30:00,960.1075720783693,OK
2024-11-04 11:35:00,950.6828487376982,OK
2024-11-04 11:40:00,962.9154448028883,OK
2024-11-04 11:45:00,954.5566583110599,OK
2024-11-04 11:50:00,959.1128214298452,OK
2024-11-04 11:55:00,953.3665536327361,OK
2024-11-04 12:00:00,949.2579770423192,OK
2024-11-04 12:05:00,950.0326051306171,OK
2024-11-04 12:10:00,952.9295945255725,OK
2024-11-04 12:15:00,0.0,OK
2024-11-04 12:20:00,0.0,OK
2024-11-04 12:25:00,0.0,OK
2024-11-04 12:30:00,933.3595080568733,OK
2024-11-04 12:35:00,948.5184656655473,OK
2024-11-04 12:40:00,944.7107624263053,OK
2024-11-04 12:45:00,920.2156891349633,OK
2024-11-04 12:50:00,936.0269460779283,OK
2024-11-04 12:55:00,926.3294770563588,OK
2024-11-04 13:00:00,921.5602490608701,OK
2024-11-04 13:05:00,918.9994963543706,OK
2024-11-04 13:10:00,932.2158657784371,OK
2024-11-04 13:15:00,0.0,OK
2024-11-04 13:20:00,0.0,OK
2024-11-04 13:25:00,0.0,OK
2024-11-04 13:30:00,929.6306024052673,OK
2024-11-04 13:35:00,923.6996075516864,OK
2024-11-04 13:40:00,921.722414196325,OK
2024-11-04 13:45:00,921.8413476855085,OK
2024-11-04 13:50:00,898.0131306941734,OK
2024-11-04 13:55:00,888.1998004959864,OK
2024-11-04 14:00:00,907.8216351582753,OK
2024-11-04 14:05:00,911.498925821246,OK
2024-11-04 14:10:00,916.9322045305748,OK
2024-11-04 14:15:00,0.0,OK
2024-11-04 14:20:00,0.0,OK
2024-11-04 14:25:00,0.0,OK
2024-11-04 14:30:00,890.8143314116877,OK
2024-11-04 14:35:00,887.0844368547986,OK
2024-11-04 14:40:00,887.1110992089322,OK
2024-11-04 14:45:00,888.9371176501206,OK
2024-11-04 14:50:00,892.1777733010902,OK
2024-11-04 14:55:00,877.7841622575244,OK
2024-11-04 15:00:00,881.8879781271446,OK
2024-11-04 15:05:00,875.1294354679301,OK
2024-11-04 15:10:00,875.0311711285674,OK
2024-11-04 15:15:00,888.8885440886332,OK
2024-11-04 15:20:00,0.0,OK
2024-11-04 15:25:00,0.0,OK
2024-11-04 15:30:00,0.0,OK
2024-11-04 15:35:00,870.2481465954735,OK
2024-11-04 15:40:00,871.7843609939631,OK
2024-11-04 15:45:00,862.2651690935899,OK
2024-11-04 15:50:00,867.8134846559453,OK
2024-11-04 15:55:00,866.2758570696855,OK
2024-11-04 16:00:00,857.8758957120884,OK
2024-11-04 16:05:00,861.5942027345427,OK
2024-11-04 16:10:00,863.3398154097484,OK
2024-11-04 16:15:00,851.6741919955533,OK
2024-11-04 16:20:00,860.7663929711352,OK
2024-11-04 16:25:00,861.1629906709859,OK
2024-11-04 16:30:00,864.714068105548,OK
2024-11-04 16:35:00,851.4670311838154,OK
2024-11-04 16:40:00,847.6429307524369,OK
2024-11-04 16:45:00,856.2767607002966,OK
2024-11-04 16:50:00,847.114516424336,OK
2024-11-04 16:55:00,869.5463281458524,OK
2024-11-04 17:00:00,853.4495888233276,OK
2024-11-04 17:05:00,852.8981637505736,OK
2024-11-04 17:10:00,857.5906175490941,OK
2024-11-04 17:15:00,836.0838997827739,OK
2024-11-04 17:20:00,853.5979228610424,OK
2024-11-04 17:25:00,857.6100816324879,OK
2024-11-04 17:30:00,855.2688493352817,OK
2024-11-04 17:35:00,869.3353815704407,OK
2024-11-04 17:40:00,858.5817671884575,OK
2024-11-04 17:45:00,842.4874229450452,OK
2024-11-04 17:50:00,854.6711099952153,OK
2024-11-04 17:55:00,854.3075626400332,OK
2024-11-04 18:00:00,838.5838651287943,OK
2024-11-04 18:05:00,838.5549514082121,OK
2024-11-04 18:10:00,844.0203559948636,OK
2024-11-04 18:15:00,851.0479871477825,OK
2024-11-04 18:20:00,849.5113499861469,OK
2024-11-04 18:25:00,854.2606151817293,OK
2024-11-04 18:30:00,857.548308168218,OK
2024-11-04 18:35:00,860.0391870274018,OK
2024-11-04 18:40:00,856.5124887700075,OK
2024-11-04 18:45:00,860.216248880687,OK
2024-11-04 18:50:00,865.1561455661467,OK
2024-11-04 18:55:00,852.7681117100333,OK
2024-11-04 19:00:00,852.2106346680827,OK
2024-11-04 19:05:00,841.9877664736592,OK
2024-11-04 19:10:00,860.4261366055492,OK
2024-11-04 19:15:00,852.6489300438927,OK
2024-11-04 19:20:00,851.3176241714017,OK
2024-11-04 19:25:00,855.5301369664692,OK
2024-11-04 19:30:00,847.9453954409772,OK
2024-11-04 19:35:00,847.04666764554,OK
2024-11-04 19:40:00,849.7719796320033,OK
2024-11-04 19:45:00,854.1322590181625,OK
2024-11-04 19:50:00,855.0887277479413,OK
2024-11-04 19:55:00,862.7207243464043,OK
2024-11-04 20:00:00,861.0131637366932,OK
2024-11-04 20:05:00,859.9093377428427,OK
2024-11-04 20:10:00,866.249254849269,OK
2024-11-04 20:15:00,857.079210352386,OK
2024-11-04 20:20:00,851.2425650702072,OK
2024-11-04 20:25:00,866.602319865089,OK
2024-11-04 20:30:00,857.4913267372143,OK
2024-11-04 20:35:00,868.5923902668047,OK
2024-11-04 20:40:00,866.0480030482917,OK
2024-11-04 20:45:00,870.4692879534396,OK
2024-11-04 20:50:00,862.4351280943274,OK
2024-11-04 20:55:00,872.9873464310957,OK
2024-11-04 21:00:00,860.916014640411,OK
2024-11-04 21:05:00,871.8949266467582,OK
2024-11-04 21:10:00,875.9046671667489,OK
2024-11-04 21:15:00,882.991712488648,OK
2024-11-04 21:20:00,873.1891207155045,OK
2024-11-04 21:25:00,870.1769313471121,OK
2024-11-04 21:30:00,877.1962141906794,OK
2024-11-04 21:35:00,864.9969550427434,OK
2024-11-04 21:40:00,872.7393363831135,OK
2024-11-04 21:45:00,887.2943743624849,OK
2024-11-04 21:50:00,886.993826657146,OK
2024-11-04 21:55:00,883.2142650503913,OK
2024-11-04 22:00:00,894.7198640585302,OK
2024-11-04 22:05:00,884.6237871250293,OK
2024-11-04 22:10:00,893.329624345541,OK
2024-11-04 22:15:00,896.26220135691,OK
2024-11-04 22:20:00,895.8650283571594,OK
2024-11-04 22:25:00,0.0,OK
2024-11-04 22:30:00,0.0,OK
2024-11-04 22:35:00,0.0,OK
2024-11-04 22:40:00,894.5777038780333,OK
2024-11-04 22:45:00,900.3990165764998,OK
2024-11-04 22:50:00,911.7671620904135,OK
2024-11-04 22:55:00,911.4121357053476,OK
2024-11-04 23:00:00,909.992712165731,OK
2024-11-04 23:05:00,913.5998610419563,OK
2024-11-04 23:10:00,930.4049853686826,OK
2024-11-04 23:15:00,934.4351930993294,OK
2024-11-04 23:20:00,931.750056759046,OK
2024-11-04 23:25:00,0.0,OK
2024-11-04 23:30:00,0.0,OK
2024-11-04 23:35:00,0.0,OK
2024-11-04 23:40:00,932.6897457803307,OK
2024-11-04 23:45:00,930.9049927015958,OK
2024-11-04 23:50:00,942.9981529014374,OK
2024-11-04 23:55:00,938.4398136104331,OK
2024-11-05 00:00:00,932.6498603123539,OK
2024-11-05 00:05:00,935.356962131639,OK
2024-11-05 00:10:00,946.1086337042196,OK
2024-11-05 00:15:00,941.6815898004592,OK
2024-11-05 00:20:00,929.0958603099408,OK
2024-11-05 00:25:00,945.3678915178409,OK
2024-11-05 00:30:00,955.2468384195992,OK
2024-11-05 00:35:00,955.2744413404258,OK
2024-11-05 00:40:00,0.0,OK
2024-11-05 00:45:00,0.0,OK
2024-11-05 00:50:00,0.0,OK
2024-11-05 00:55:00,976.5685442735016,OK
2024-11-05 01:00:00,976.3061883564897,OK
2024-11-05 01:05:00,973.488112666754,OK
2024-11-05 01:10:00,972.6483218546241,OK
2024-11-05 01:15:00,975.3553956769841,OK
2024-11-05 01:20:00,975.0148648067038,OK
2024-11-05 01:25:00,975.6888088895959,OK
2024-11-05 01:30:00,973.0371097292636,OK
2024-11-05 01:35:00,0.0,OK
2024-11-05 01:40:00,0.0,OK
2024-11-05 01:45:00,0.0,OK
2024-11-05 01:50:00,986.5918725766646,OK
2024-11-05 01:55:00,991.7584619502069,OK
2024-11-05 02:00:00,990.9539893944639,OK
2024-11-05 02:05:00,993.6597183193659,OK
2024-11-05 02:10:00,995.8820952059467,OK
2024-11-05 02:15:00,1002.0683400893107,OK
2024-11-05 02:20:00,1002.8937664850702,OK
2024-11-05 02:25:00,997.6621360610884,OK
2024-11-05 02:30:00,1012.6344813036818,OK
2024-11-05 02:35:00,1013.3373936983406,OK
2024-11-05 02:40:00,1009.1234761072058,OK
2024-11-05 02:45:00,0.0,OK
2024-11-05 02:50:00,0.0,OK
2024-11-05 02:55:00,0.0,OK
2024-11-05 03:00:00,1018.0742157870766,OK
2024-11-05 03:05:00,1034.9657832108655,OK
2024-11-05 03:10:00,1020.1764287717621,OK
2024-11-05 03:15:00,1019.9040987694074,OK
2024-11-05 03:20:00,1021.5839870966987,OK
2024-11-05 03:25:00,1010.6514063075847,OK
2024-11-05 03:30:00,1028.5617710710517,OK
2024-11-05 03:35:00,1024.6410462563006,OK
2024-11-05 03:40:00,1040.1954312149803,OK
2024-11-05 03:45:00,1027.1339793915429,OK
2024-11-05 03:50:00,1025.8735419088591,OK
2024-11-05 03:55:00,1029.0625343140114,OK
2024-11-05 04:00:00,1020.0579580087002,OK
2024-11-05 04:05:00,0.0,OK
2024-11-05 04:10:00,0.0,OK
2024-11-05 04:15:00,0.0,OK
2024-11-05 04:20:00,1025.447498363029,OK
2024-11-05 04:25:00,1034.6389276602476,OK
2024-11-05 04:30:00,1042.0520636621225,OK
2024-11-05 04:35:00,1050.3389011020229,OK
2024-11-05 04:40:00,1039.1470994006831,OK
2024-11-05 04:45:00,1030.862251253996,OK
2024-11-05 04:50:00,1019.4811914990233,OK
2024-11-05 04:55:00,1036.6122217245788,OK
2024-11-05 05:00:00,1043.3421463607003,OK
2024-11-05 05:05:00,1047.727402999288,OK
2024-11-05 05:10:00,1038.86444996226,OK
2024-11-05 05:15:00,1057.6122502855171,OK
2024-11-05 05:20:00,1043.4855790085473,OK
2024-11-05 05:25:00,1044.581403442563,OK
2024-11-05 05:30:00,1049.0369655688755,OK
2024-11-05 05:35:00,1052.400652760075,OK
2024-11-05 05:40:00,1046.9902669254427,OK
2024-11-05 05:45:00,1048.419617243685,OK
2024-11-05 05:50:00,1054.8557371087115,OK
2024-11-05 05:55:00,1035.0424066710257,OK
2024-11-05 06:00:00,1051.9832097019041,OK
2024-11-05 06:05:00,1043.1964785372513,OK
2024-11-05 06:10:00,1065.2360404306858,OK
2024-11-05 06:15:00,1039.1918002699315,OK
2024-11-05 06:20:00,1036.9592212300538,OK
2024-11-05 06:25:00,1046.4185324779926,OK
2024-11-05 06:30:00,1043.0021598057228,OK
2024-11-05 06:35:00,1044.0374701667881,OK
2024-11-05 06:40:00,1053.7476387661327,OK
2024-11-05 06:45:00,1044.671491629452,OK
2024-11-05 06:50:00,1053.5910170048307,OK
2024-11-05 06:55:00,1052.6081284709753,OK
2024-11-05 07:00:00,1039.5400311026492,OK
2024-11-05 07:05:00,1039.3691375500753,OK
2024-11-05 07:10:00,1050.1048066409398,OK
2024-11-05 07:15:00,1047.7704102470398,OK
2024-11-05 07:20:00,1044.8945881147251,OK
2024-11-05 07:25:00,1035.4189681408782,OK
2024-11-05 07:30:00,1045.078757830215,OK
2024-11-05 07:35:00,1035.1102043443316,OK
2024-11-05 07:40:00,1030.1690969068013,OK
2024-11-05 07:45:00,1035.180561130334,OK
2024-11-05 07:50:00,1026.8063451882283,OK
2024-11-05 07:55:00,1037.4358603140715,OK
2024-11-05 08:00:00,1035.9470542351291,OK
2024-11-05 08:05:00,1042.2302753837641,OK
2024-11-05 08:10:00,1025.5871095810235,OK
2024-11-05 08:15:00,1035.4499706367549,OK
2024-11-05 08:20:00,1027.1706180535984,OK
2024-11-05 08:25:00,1028.6046310103459,OK
2024-11-05 08:30:00,1035.2686923496838,OK
2024-11-05 08:35:00,1031.5185841476946,OK
2024-11-05 08:40:00,0.0,OK
2024-11-05 08:45:00,0.0,OK
2024-11-05 08:50:00,0.0,OK
2024-11-05 08:55:00,1016.9594858531896,OK
2024-11-05 09:00:00,1017.5321697314581,OK
2024-11-05 09:05:00,989.9834275282813,OK
2024-11-05 09:10:00,1010.3032273533696,OK
2024-11-05 09:15:00,1014.0604257587706,OK
2024-11-05 09:20:00,999.5522631251607,OK
2024-11-05 09:25:00,1021.5381319861336,OK
2024-11-05 09:30:00,1006.9450742024209,OK
2024-11-05 09:35:00,990.7808697173763,OK
2024-11-05 09:40:00,1003.4817831577237,OK
2024-11-05 09:45:00,1012.6717164538527,OK
2024-11-05 09:50:00,999.433351822007,OK
2024-11-05 09:55:00,0.0,OK
2024-11-05 10:00:00,0.0,OK
2024-11-05 10:05:00,0.0,OK
2024-11-05 10:10:00,993.2361857282513,OK
2024-11-05 10:15:00,990.4261110252098,OK
2024-11-05 10:20:00,982.6164451171918,OK
2024-11-05 10:25:00,971.7213027412398,OK
2024-11-05 10:30:00,971.4077143007414,OK
2024-11-05 10:35:00,974.0111141024971,OK
2024-11-05 10:40:00,983.4820805210156,OK
2024-11-05 10:45:00,984.0746226284981,OK
2024-11-05 10:50:00,971.0889934005439,OK
2024-11-05 10:55:00,0.0,OK
2024-11-05 11:00:00,0.0,OK
2024-11-05 11:05:00,0.0,OK
2024-11-05 11:10:00,975.2492828001808,OK
2024-11-05 11:15:00,972.3999132356531,OK
2024-11-05 11:20:00,961.2303922851061,OK
2024-11-05 11:25:00,953.8619543299068,OK
2024-11-05 11:30:00,947.5594298704084,OK
2024-11-05 11:35:00,949.269863580516,OK
2024-11-05 11:40:00,951.4899008078713,OK
2024-11-05 11:45:00,957.8480186984884,OK
2024-11-05 11:50:00,0.0,OK
2024-11-05 11:55:00,0.0,OK
2024-11-05 12:00:00,0.0,OK
2024-11-05 12:05:00,942.9930497041527,OK
2024-11-05 12:10:00,959.8181342142288,OK
2024-11-05 12:15:00,949.4084007948692,OK
2024-11-05 12:20:00,932.9122186435121,OK
2024-11-05 12:25:00,941.4150152976669,OK
2024-11-05 12:30:00,949.3556763139294,OK
2024-11-05 12:35:00,919.1983282794242,OK
2024-11-05 12:40:00,934.5883418478414,OK
2024-11-05 12:45:00,932.5136826340296,OK
2024-11-05 12:50:00,0.0,OK
2024-11-05 12:55:00,0.0,OK
2024-11-05 13:00:00,0.0,OK
2024-11-05 13:05:00,915.2614359021394,OK
2024-11-05 13:10:00,922.7051774007068,OK
2024-11-05 13:15:00,921.0340978737518,OK
2024-11-05 13:20:00,921.6162714381513,OK
2024-11-05 13:25:00,930.5240930269692,OK
2024-11-05 13:30:00,911.4599442021682,OK
2024-11-05 13:35:00,922.5809417622512,OK
2024-11-05 13:40:00,912.788192651626,OK
2024-11-05 13:45:00,924.2738323630429,OK
2024-11-05 13:50:00,927.058980803615,OK
2024-11-05 13:55:00,906.7793187681441,OK
2024-11-05 14:00:00,0.0,OK
2024-11-05 14:05:00,0.0,OK
2024-11-05 14:10:00,0.0,OK
2024-11-05 14:15:00,890.0559024879917,OK
2024-11-05 14:20:00,893.2920168856062,OK
2024-11-05 14:25:00,902.2665843788101,OK
2024-11-05 14:30:00,898.3040050547485,OK
2024-11-05 14:35:00,892.2146076692524,OK
2024-11-05 14:40:00,889.0355848400555,OK
2024-11-05 14:45:00,897.0882420450404,OK
2024-11-05 14:50:00,895.041067892755,OK
2024-11-05 14:55:00,892.8611487870661,OK
2024-11-05 15:00:00,0.0,OK
2024-11-05 15:05:00,0.0,OK
2024-11-05 15:10:00,0.0,OK
2024-11-05 15:15:00,875.1135236960874,OK
2024-11-05 15:20:00,874.3948144238335,OK
2024-11-05 15:25:00,877.5294717708232,OK
2024-11-05 15:30:00,864.0273684083305,OK
2024-11-05 15:35:00,878.171030433104,OK
2024-11-05 15:40:00,863.4239303717169,OK
2024-11-05 15:45:00,869.4909665912278,OK
2024-11-05 15:50:00,848.1584019421813,OK
2024-11-05 15:55:00,879.8053086000909,OK
2024-11-05 16:00:00,876.337356171081,OK
2024-11-05 16:05:00,864.5443223542838,OK
2024-11-05 16:10:00,863.3051512207128,OK
2024-11-05 16:15:00,852.0406585482796,OK
2024-11-05 16:20:00,868.8743376565917,OK
2024-11-05 16:25:00,856.7984325947757,OK
2024-11-05 16:30:00,854.4100204691637,OK
2024-11-05 16:35:00,856.2367467704862,OK
2024-11-05 16:40:00,869.026287870989,OK
2024-11-05 16:45:00,850.8380133917019,OK
2024-11-05 16:50:00,849.1620894247034,OK
2024-11-05 16:55:00,852.5157137513444,OK
2024-11-05 17:00:00,855.2353321479909,OK
2024-11-05 17:05:00,855.153348462801,OK
2024-11-05 17:10:00,857.3508355971161,OK
2024-11-05 17:15:00,852.029648500577,OK
2024-11-05 17:20:00,856.4716076691788,OK
2024-11-05 17:25:00,861.3505196199327,OK
2024-11-05 17:30:00,864.5594389755357,OK
2024-11-05 17:35:00,861.1245093726146,OK
2024-11-05 17:40:00,854.3458961781658,OK
2024-11-05 17:45:00,855.5126391014903,OK
2024-11-05 17:50:00,854.9907383647779,OK
2024-11-05 17:55:00,851.2581084618137,OK
2024-11-05 18:00:00,857.8498111470027,OK
2024-11-05 18:05:00,841.6392887152253,OK
2024-11-05 18:10:00,855.9920878757147,OK
2024-11-05 18:15:00,856.2915136560614,OK
2024-11-05 18:20:00,849.3590127728474,OK
2024-11-05 18:25:00,868.1727063252731,OK
2024-11-05 18:30:00,860.9075698000153,OK
2024-11-05 18:35:00,847.9969263802712,OK
2024-11-05 18:40:00,867.2308316720182,OK
2024-11-05 18:45:00,846.8353495762296,OK
2024-11-05 18:50:00,844.07051154807,OK
2024-11-05 18:55:00,856.306635845852,OK
2024-11-05 19:00:00,850.5839242791709,OK
2024-11-05 19:05:00,848.6193339681078,OK
2024-11-05 19:10:00,861.0134967139414,OK
2024-11-05 19:15:00,852.2405915221059,OK
2024-11-05 19:20:00,866.1035112878736,OK
2024-11-05 19:25:00,865.3201412091722,OK
2024-11-05 19:30:00,866.9049878824031,OK
2024-11-05 19:35:00,860.7947496861832,OK
2024-11-05 19:40:00,855.3710465982788,OK
2024-11-05 19:45:00,867.0239599618604,OK
2024-11-05 19:50:00,876.5889906362651,OK
2024-11-05 19:55:00,874.4317928094845,OK
2024-11-05 20:00:00,865.4590477980416,OK
2024-11-05 20:05:00,855.520649168589,OK
2024-11-05 20:10:00,869.2991799914525,OK
2024-11-05 20:15:00,873.8152835632126,OK
2024-11-05 20:20:00,865.9588587349837,OK
2024-11-05 20:25:00,874.6250015605686,OK
2024-11-05 20:30:00,876.1771977574408,OK
2024-11-05 20:35:00,883.3248810390785,OK
2024-11-05 20:40:00,866.1794218040176,OK
2024-11-05 20:45:00,896.3413900068208,OK
2024-11-05 20:50:00,873.9436449534564,OK
2024-11-05 20:55:00,885.0347224115557,OK
2024-11-05 21:00:00,886.7970643253717,OK
2024-11-05 21:05:00,872.3073296780507,OK
2024-11-05 21:10:00,890.841480873407,OK
2024-11-05 21:15:00,891.3604068565414,OK
2024-11-05 21:20:00,888.9897080761417,OK
2024-11-05 21:25:00,886.061560528201,OK
2024-11-05 21:30:00,894.3597345221468,OK
2024-11-05 21:35:00,901.4986999275,OK
2024-11-05 21:40:00,899.9713815949624,OK
2024-11-05 21:45:00,884.7168436040097,OK
2024-11-05 21:50:00,0.0,OK
2024-11-05 21:55:00,0.0,OK
2024-11-05 22:00:00,0.0,OK
2024-11-05 22:05:00,901.3237670876855,OK
2024-11-05 22:10:00,885.1712532826778,OK
2024-11-05 22:15:00,900.431976175144,OK
2024-11-05 22:20:00,904.410832768664,OK
2024-11-05 22:25:00,895.477682172048,OK
2024-11-05 22:30:00,910.0210539234453,OK
2024-11-05 22:35:00,909.3581376476434,OK
2024-11-05 22:40:00,906.7389338702363,OK
2024-11-05 22:45:00,909.8735523778265,OK
2024-11-05 22:50:00,909.001427216452,OK
2024-11-05 22:55:00,896.7041968020501,OK
2024-11-05 23:00:00,910.5699443036908,OK
2024-11-05 23:05:00,931.2430881310663,OK
2024-11-05 23:10:00,914.1322660506679,OK
2024-11-05 23:15:00,919.3681913067321,OK
2024-11-05 23:20:00,0.0,OK
2024-11-05 23:25:00,0.0,OK
2024-11-05 23:30:00,0.0,OK
2024-11-05 23:35:00,931.090726653748,OK
2024-11-05 23:40:00,928.9029544876859,OK
2024-11-05 23:45:00,942.8450910242508,OK
2024-11-05 23:50:00,949.3426874904795,OK
2024-11-05 23:55:00,921.4865082749286,OK
2024-11-06 00:00:00,951.2933140893074,OK
2024-11-06 00:05:00,947.0695705365792,OK
2024-11-06 00:10:00,962.310205562327,OK
2024-11-06 00:15:00,951.0576804338901,OK
2024-11-06 00:20:00,960.8664639241622,OK
2024-11-06 00:25:00,959.0594228642015,OK
2024-11-06 00:30:00,0.0,OK
2024-11-06 00:35:00,0.0,OK
2024-11-06 00:40:00,0.0,OK
2024-11-06 00:45:00,973.3440540637969,OK
2024-11-06 00:50:00,949.7983022880618,OK
2024-11-06 00:55:00,973.0260719181038,OK
2024-11-06 01:00:00,955.586677374266,OK
2024-11-06 01:05:00,961.7208703149296,OK
2024-11-06 01:10:00,965.1563856997774,OK
2024-11-06 01:15:00,977.5901116413688,OK
2024-11-06 01:20:00,969.5544713165395,OK
2024-11-06 01:25:00,975.8833189118375,OK
2024-11-06 01:30:00,972.0817898204799,OK
2024-11-06 01:35:00,975.5845564115557,OK
2024-11-06 01:40:00,989.2136966172965,OK
2024-11-06 01:45:00,969.2142639238331,OK
2024-11-06 01:50:00,980.7645625768426,OK
2024-11-06 01:55:00,984.963760443657,OK
2024-11-06 02:00:00,986.1443802149894,OK
2024-11-06 02:05:00,981.2810881122557,OK
2024-11-06 02:10:00,993.6162426570788,OK
2024-11-06 02:15:00,1006.8006415514188,OK
2024-11-06 02:20:00,991.067932443252,OK
2024-11-06 02:25:00,0.0,OK
2024-11-06 02:30:00,0.0,OK
2024-11-06 02:35:00,0.0,OK
2024-11-06 02:40:00,1000.6343364846498,OK
2024-11-06 02:45:00,1016.1138741975707,OK
2024-11-06 02:50:00,1014.7460140110516,OK
2024-11-06 02:55:00,1014.4711474377247,OK
2024-11-06 03:00:00,1001.9654899331447,OK
2024-11-06 03:05:00,1013.8586599083246,OK
2024-11-06 03:10:00,1016.3654441088189,OK
2024-11-06 03:15:00,998.4118349098175,OK
2024-11-06 03:20:00,0.0,OK
2024-11-06 03:25:00,0.0,OK
2024-11-06 03:30:00,0.0,OK
2024-11-06 03:35:00,1020.2508957871863,OK
2024-11-06 03:40:00,1031.981615683797,OK
2024-11-06 03:45:00,1011.4134664425832,OK
2024-11-06 03:50:00,1015.2471482187392,OK
2024-11-06 03:55:00,1022.5131902099496,OK
2024-11-06 04:00:00,1022.8790092927775,OK
2024-11-06 04:05:00,1017.3986541147665,OK
2024-11-06 04:10:00,1035.6142142026486,OK
2024-11-06 04:15:00,1029.6359875386934,OK
2024-11-06 04:20:00,1035.217116758947,OK
2024-11-06 04:25:00,1016.4244941059899,OK
2024-11-06 04:30:00,1024.1144659082881,OK
2024-11-06 04:35:00,1048.3757572959307,OK
2024-11-06 04:40:00,1043.758180368081,OK
2024-11-06 04:45:00,1035.8783250432232,OK
2024-11-06 04:50:00,1038.116185632122,OK
2024-11-06 04:55:00,1046.2669845916114,OK
2024-11-06 05:00:00,1023.9634338886558,OK
2024-11-06 05:05:00,1036.9750736353374,OK
2024-11-06 05:10:00,1034.6833120473973,OK
2024-11-06 05:15:00,1043.1106213520504,OK
2024-11-06 05:20:00,1033.5593221054573,OK
2024-11-06 05:25:00,1041.2332624256478,OK
2024-11-06 05:30:00,1043.3489361171335,OK
2024-11-06 05:35:00,1037.2021782812528,OK
2024-11-06 05:40:00,1051.1301070831234,OK
2024-11-06 05:45:00,1027.8954567323033,OK
2024-11-06 05:50:00,1038.1053795286755,OK
2024-11-06 05:55:00,1029.59884836319,OK
2024-11-06 06:00:00,1045.5058020569338,OK
2024-11-06 06:05:00,1046.7751233995757,OK
2024-11-06 06:10:00,1050.4344013829987,OK
2024-11-06 06:15:00,1039.8903526779382,OK
2024-11-06 06:20:00,1041.9052480296648,OK
2024-11-06 06:25:00,1043.9351763464838,OK
2024-11-06 06:30:00,1048.0107763662727,OK
2024-11-06 06:35:00,1051.8434511151934,OK
2024-11-06 06:40:00,1044.2415566408233,OK
2024-11-06 06:45:00,1050.144057570813,OK
2024-11-06 06:50:00,1051.5639238954338,OK
2024-11-06 06:55:00,1035.224602984169,OK
2024-11-06 07:00:00,1046.9310836709926,OK
2024-11-06 07:05:00,1035.3214448139206,OK
2024-11-06 07:10:00,1046.2461103852684,OK
2024-11-06 07:15:00,1040.1842430205697,OK
2024-11-06 07:20:00,1044.198239103845,OK
2024-11-06 07:25:00,1054.529069627843,OK
2024-11-06 07:30:00,0.0,OK
2024-11-06 07:35:00,0.0,OK
2024-11-06 07:40:00,0.0,OK
2024-11-06 07:45:00,1043.4768170759394,OK
2024-11-06 07:50:00,1035.8798845075248,OK
2024-11-06 07:55:00,1041.0856941838842,OK
2024-11-06 08:00:00,1024.0066826467844,OK
2024-11-06 08:05:00,1031.6082534963098,OK
2024-11-06 08:10:00,1031.203875311692,OK
2024-11-06 08:15:00,1021.0906994129199,OK
2024-11-06 08:20:00,1021.6614777259417,OK
2024-11-06 08:25:00,1022.2364345741938,OK
2024-11-06 08:30:00,1036.4300174346752,OK
2024-11-06 08:35:00,1030.0231314480884,OK
2024-11-06 08:40:00,1029.2657690902317,OK
2024-11-06 08:45:00,1015.7085052349469,OK
2024-11-06 08:50:00,1020.4442035361496,OK
2024-11-06 08:55:00,1031.203446107762,OK
2024-11-06 09:00:00,1020.4116946507205,OK
2024-11-06 09:05:00,1027.8261585842881,OK
2024-11-06 09:10:00,1017.7893787690363,OK
2024-11-06 09:15:00,0.0,OK
2024-11-06 09:20:00,0.0,OK
2024-11-06 09:25:00,0.0,OK
2024-11-06 09:30:00,1000.850668494189,OK
2024-11-06 09:35:00,1007.5453670966365,OK
2024-11-06 09:40:00,1015.8499240662281,OK
2024-11-06 09:45:00,1004.243959881131,OK
2024-11-06 09:50:00,1017.4565214062009,OK
2024-11-06 09:55:00,1012.7036976855596,OK
2024-11-06 10:00:00,1002.0273132057517,OK
2024-11-06 10:05:00,1017.9563073773969,OK
2024-11-06 10:10:00,0.0,OK
2024-11-06 10:15:00,0.0,OK
2024-11-06 10:20:00,0.0,OK
2024-11-06 10:25:00,1006.840470952619,OK
2024-11-06 10:30:00,995.4767422061482,OK
2024-11-06 10:35:00,996.2347547673374,OK
2024-11-06 10:40:00,983.43669642914,OK
2024-11-06 10:45:00,993.37962167937,OK
2024-11-06 10:50:00,996.921803221635,OK
2024-11-06 10:55:00,991.4048132983133,OK
2024-11-06 11:00:00,996.8591643899592,OK
2024-11-06 11:05:00,0.0,OK
2024-11-06 11:10:00,0.0,OK
2024-11-06 11:15:00,0.0,OK
2024-11-06 11:20:00,986.6366559396847,OK
2024-11-06 11:25:00,980.7656934567124,OK
2024-11-06 11:30:00,983.5441247366754,OK
2024-11-06 11:35:00,975.3549661488369,OK
2024-11-06 11:40:00,970.6008168240606,OK
2024-11-06 11:45:00,971.8071976247894,OK
2024-11-06 11:50:00,960.8288440571856,OK
2024-11-06 11:55:00,971.8215618067759,OK
2024-11-06 12:00:00,958.3062715562596,OK
2024-11-06 12:05:00,961.3576130749698,OK
2024-11-06 12:10:00,0.0,OK
2024-11-06 12:15:00,0.0,OK
2024-11-06 12:20:00,0.0,OK
2024-11-06 12:25:00,966.0731253089104,OK
2024-11-06 12:30:00,957.6041440480109,OK
2024-11-06 12:35:00,964.7426065790262,OK
2024-11-06 12:40:00,944.5998212497608,OK
2024-11-06 12:45:00,949.8607085453294,OK
2024-11-06 12:50:00,958.5997195393473,OK
2024-11-06 12:55:00,947.4154414422047,OK
2024-11-06 13:00:00,946.8104024057593,OK
2024-11-06 13:05:00,950.0559327205611,OK
2024-11-06 13:10:00,936.9548765813389,OK
2024-11-06 13:15:00,938.8754891554524,OK
2024-11-06 13:20:00,938.1897735194465,OK
2024-11-06 13:25:00,936.7003007605283,OK
2024-11-06 13:30:00,929.8098789667382,OK
2024-11-06 13:35:00,0.0,OK
2024-11-06 13:40:00,0.0,OK
2024-11-06 13:45:00,0.0,OK
2024-11-06 13:50:00,912.871351966368,OK
2024-11-06 13:55:00,930.5245149307995,OK
2024-11-06 14:00:00,918.2949140268084,OK
2024-11-06 14:05:00,922.3139599182841,OK
2024-11-06 14:10:00,905.1913416628157,OK
2024-11-06 14:15:00,922.8901147725088,OK
2024-11-06 14:20:00,919.9775223054806,OK
2024-11-06 14:25:00,919.845785635686,OK
2024-11-06 14:30:00,909.648163339264,OK
2024-11-06 14:35:00,919.5530915134665,OK
2024-11-06 14:40:00,907.9747998333918,OK
2024-11-06 14:45:00,920.5462524147689,OK
2024-11-06 14:50:00,901.3472041376234,OK
2024-11-06 14:55:00,906.0401805861187,OK
2024-11-06 15:00:00,910.939978575072,OK
2024-11-06 15:05:00,890.8663036698408,OK
2024-11-06 15:10:00,905.7298543107097,OK
2024-11-06 15:15:00,887.7468198274962,OK
2024-11-06 15:20:00,0.0,OK
2024-11-06 15:25:00,0.0,OK
2024-11-06 15:30:00,0.0,OK
2024-11-06 15:35:00,894.7320603700821,OK
2024-11-06 15:40:00,892.3867144231741,OK
2024-11-06 15:45:00,878.9284517286201,OK
2024-11-06 15:50:00,885.4762488418961,OK
2024-11-06 15:55:00,884.6763078559349,OK
2024-11-06 16:00:00,873.033982321831,OK
2024-11-06 16:05:00,886.5568762370052,OK
2024-11-06 16:10:00,879.1613793101365,OK
2024-11-06 16:15:00,870.67736557878,OK
2024-11-06 16:20:00,872.9164226619074,OK
2024-11-06 16:25:00,877.8379645382475,OK
2024-11-06 16:30:00,877.9160572664122,OK
2024-11-06 16:35:00,887.7991528721722,OK
2024-11-06 16:40:00,883.8907255205834,OK
2024-11-06 16:45:00,872.6739876488862,OK
2024-11-06 16:50:00,878.1814546906068,OK
2024-11-06 16:55:00,875.2408317683921,OK
2024-11-06 17:00:00,869.5006885359024,OK
2024-11-06 17:05:00,884.9245735653918,OK
2024-11-06 17:10:00,877.7203530466709,OK
2024-11-06 17:15:00,872.8041830132405,OK
2024-11-06 17:20:00,879.0384427480525,OK
2024-11-06 17:25:00,864.1305445641168,OK
2024-11-06 17:30:00,868.1838191786356,OK
2024-11-06 17:35:00,870.8360189236266,OK
2024-11-06 17:40:00,859.1355835399672,OK
2024-11-06 17:45:00,883.1267480392128,OK
2024-11-06 17:50:00,872.5374091804414,OK
2024-11-06 17:55:00,871.6326473488847,OK
2024-11-06 18:00:00,880.3427716192766,OK
2024-11-06 18:05:00,873.7029254254489,OK
2024-11-06 18:10:00,882.9778776114592,OK
2024-11-06 18:15:00,869.9744634975765,OK
2024-11-06 18:20:00,864.6034082833348,OK
2024-11-06 18:25:00,871.7616145577119,OK
2024-11-06 18:30:00,887.413560220357,OK
2024-11-06 18:35:00,879.1508147300844,OK
2024-11-06 18:40:00,867.0147960521992,OK
2024-11-06 18:45:00,872.1285265850712,OK
2024-11-06 18:50:00,891.8192085124955,OK
2024-11-06 18:55:00,863.9262397706357,OK
2024-11-06 19:00:00,872.0515819716688,OK
2024-11-06 19:05:00,880.3141569391502,OK
2024-11-06 19:10:00,867.9470442333555,OK
2024-11-06 19:15:00,882.5358507412521,OK
2024-11-06 19:20:00,883.1248346612765,OK
2024-11-06 19:25:00,875.7636648974665,OK
2024-11-06 19:30:00,866.5515271436213,OK
2024-11-06 19:35:00,870.4226169233183,OK
2024-11-06 19:40:00,879.1782193478708,OK
2024-11-06 19:45:00,878.8851684558467,OK
2024-11-06 19:50:00,878.3108904159857,OK
2024-11-06 19:55:00,0.0,OK
2024-11-06 20:00:00,0.0,OK
2024-11-06 20:05:00,0.0,OK
2024-11-06 20:10:00,889.8214091038938,OK
2024-11-06 20:15:00,893.3986151286326,OK
2024-11-06 20:20:00,890.0776178826417,OK
2024-11-06 20:25:00,893.2636944075334,OK
2024-11-06 20:30:00,918.1183072187982,OK
2024-11-06 20:35:00,895.6758563374708,OK
2024-11-06 20:40:00,893.8145360822998,OK
2024-11-06 20:45:00,895.5198210801,OK
2024-11-06 20:50:00,901.4850338208861,OK
2024-11-06 20:55:00,892.2166206684929,OK
2024-11-06 21:00:00,0.0,OK
2024-11-06 21:05:00,0.0,OK
2024-11-06 21:10:00,0.0,OK
2024-11-06 21:15:00,910.6764513451664,OK
2024-11-06 21:20:00,921.8742850729593,OK
2024-11-06 21:25:00,931.70865281119,OK
2024-11-06 21:30:00,921.2941469414333,OK
2024-11-06 21:35:00,913.7846941328538,OK
2024-11-06 21:40:00,924.8345771212726,OK
2024-11-06 21:45:00,918.8170100474066,OK
2024-11-06 21:50:00,925.071593632351,OK
2024-11-06 21:55:00,921.4083961285756,OK
2024-11-06 22:00:00,934.2973342650212,OK
2024-11-06 22:05:00,928.3191693441954,OK
2024-11-06 22:10:00,930.4071507303096,OK
2024-11-06 22:15:00,0.0,OK
2024-11-06 22:20:00,0.0,OK
2024-11-06 22:25:00,0.0,OK
2024-11-06 22:30:00,934.7746414952687,OK
2024-11-06 22:35:00,934.3992337723378,OK
2024-11-06 22:40:00,944.963874595868,OK
2024-11-06 22:45:00,950.8831323670663,OK
2024-11-06 22:50:00,946.5011127711148,OK
2024-11-06 22:55:00,947.5211334912902,OK
2024-11-06 23:00:00,959.0535283076525,OK
2024-11-06 23:05:00,956.7191085171648,OK
2024-11-06 23:10:00,951.8805387384502,OK
2024-11-06 23:15:00,950.3946417775599,OK
2024-11-06 23:20:00,0.0,OK
2024-11-06 23:25:00,0.0,OK
2024-11-06 23:30:00,0.0,OK
2024-11-06 23:35:00,967.059136956945,OK
2024-11-06 23:40:00,972.6082907409291,OK
2024-11-06 23:45:00,972.3528726817415,OK
2024-11-06 23:50:00,984.5259599855295,OK
2024-11-06 23:55:00,970.2695550956759,OK
2024-11-07 00:00:00,989.7948372520585,OK
2024-11-07 00:05:00,986.7168144333904,OK
2024-11-07 00:10:00,985.0760877013863,OK
2024-11-07 00:15:00,973.5427762353191,OK
2024-11-07 00:20:00,993.2374698052098,OK
2024-11-07 00:25:00,998.7739146593541,OK
2024-11-07 00:30:00,1000.6130728470453,OK
2024-11-07 00:35:00,0.0,OK
2024-11-07 00:40:00,0.0,OK
2024-11-07 00:45:00,0.0,OK
2024-11-07 00:50:00,986.8623715653309,OK
2024-11-07 00:55:00,1004.1480480884286,OK
2024-11-07 01:00:00,1018.8291277298589,OK
2024-11-07 01:05:00,1011.3814786725987,OK
2024-11-07 01:10:00,1011.9602001406847,OK
2024-11-07 01:15:00,1009.8874310210759,OK
2024-11-07 01:20:00,1003.8749509532239,OK
2024-11-07 01:25:00,1017.1805569777772,OK
2024-11-07 01:30:00,1026.469260990657,OK
2024-11-07 01:35:00,1018.4342210153528,OK
2024-11-07 01:40:00,1031.5950682249763,OK
2024-11-07 01:45:00,1034.7939130080424,OK
2024-11-07 01:50:00,1042.7915959496768,OK
2024-11-07 01:55:00,1043.9473833475906,OK
2024-11-07 02:00:00,1041.7135900356172,OK
2024-11-07 02:05:00,1046.1879227715967,OK
2024-11-07 02:10:00,1035.8804738969727,OK
2024-11-07 02:15:00,1047.7398008008252,OK
2024-11-07 02:20:00,1061.3852774046222,OK
2024-11-07 02:25:00,1045.2199516007688,OK
2024-11-07 02:30:00,1043.9844281786459,OK
2024-11-07 02:35:00,1046.4804296751233,OK
2024-11-07 02:40:00,1034.1813460282262,OK
2024-11-07 02:45:00,1052.0319818461555,OK
2024-11-07 02:50:00,1043.556829392347,OK
2024-11-07 02:55:00,1052.802090025388,OK
2024-11-07 03:00:00,1055.697349644041,OK
2024-11-07 03:05:00,1063.0133403725172,OK
2024-11-07 03:10:00,1060.2808094249197,OK
2024-11-07 03:15:00,1065.7215458971586,OK
2024-11-07 03:20:00,1061.4208764120158,OK
2024-11-07 03:25:00,1062.2724001276802,OK
2024-11-07 03:30:00,1069.1763146918188,OK
2024-11-07 03:35:00,1056.3726975166228,OK
2024-11-07 03:40:00,1063.1835702420583,OK
2024-11-07 03:45:00,1068.587401035075,OK
2024-11-07 03:50:00,1064.08503722147,OK
2024-11-07 03:55:00,1066.4561479094828,OK
2024-11-07 04:00:00,1074.75184344407,OK
2024-11-07 04:05:00,1068.7418225718231,OK
2024-11-07 04:10:00,1076.0226235852751,OK
2024-11-07 04:15:00,1077.2981448631713,OK
2024-11-07 04:20:00,1074.7034956300163,OK
2024-11-07 04:25:00,1073.9209689830107,OK
2024-11-07 04:30:00,1070.9720362213511,OK
2024-11-07 04:35:00,1074.8758138322282,OK
2024-11-07 04:40:00,1058.7152988711025,OK
2024-11-07 04:45:00,1069.696570860162,OK
2024-11-07 04:50:00,1065.973406047507,OK
2024-11-07 04:55:00,1072.1267165203622,OK
2024-11-07 05:00:00,1064.683814133319,OK
2024-11-07 05:05:00,1074.3455473228717,OK
2024-11-07 05:10:00,1066.1014078563453,OK
2024-11-07 05:15:00,1074.1338203403172,OK
2024-11-07 05:20:00,1076.1490721418552,OK
2024-11-07 05:25:00,1076.087966091299,OK
2024-11-07 05:30:00,1075.223547667134,OK
2024-11-07 05:35:00,1074.425698774681,OK
2024-11-07 05:40:00,1075.0022657700658,OK
2024-11-07 05:45:00,1076.4639948086628,OK
2024-11-07 05:50:00,1069.2667863701236,OK
2024-11-07 05:55:00,1068.3508729256241,OK
2024-11-07 06:00:00,1074.5487778470329,OK
2024-11-07 06:05:00,1073.3181221649654,OK
2024-11-07 06:10:00,1070.3481595784513,OK
2024-11-07 06:15:00,1070.1685049496364,OK
2024-11-07 06:20:00,1070.2247169340194,OK
2024-11-07 06:25:00,1068.8711064210029,OK
2024-11-07 06:30:00,1067.094206035511,OK
2024-11-07 06:35:00,1066.424382492868,OK
2024-11-07 06:40:00,1071.7491887389147,OK
2024-11-07 06:45:00,1071.04808373765,OK
2024-11-07 06:50:00,1076.6662032908719,OK
2024-11-07 06:55:00,1072.4811797580855,OK
2024-11-07 07:00:00,1072.851921933093,OK
2024-11-07 07:05:00,1069.235612823984,OK
2024-11-07 07:10:00,1072.1233127670641,OK
2024-11-07 07:15:00,1074.0766545739439,OK
2024-11-07 07:20:00,1076.29097154525,OK
2024-11-07 07:25:00,1074.1539467285513,OK
2024-11-07 07:30:00,1073.475494979083,OK
2024-11-07 07:35:00,1075.602519444783,OK
2024-11-07 07:40:00,1076.6229045220207,OK
2024-11-07 07:45:00,1073.7859500829338,OK
2024-11-07 07:50:00,1069.949002678559,OK
2024-11-07 07:55:00,1074.2948917709375,OK
2024-11-07 08:00:00,1070.9990573013379,OK
2024-11-07 08:05:00,1070.169990219204,OK
2024-11-07 08:10:00,1069.101305335653,OK
2024-11-07 08:15:00,1071.6040138931207,OK
2024-11-07 08:20:00,1074.7392800284438,OK
2024-11-07 08:25:00,1063.9776554745883,OK
2024-11-07 08:30:00,1062.6942757264894,OK
2024-11-07 08:35:00,1068.4094265604851,OK
2024-11-07 08:40:00,1056.362709857207,OK
2024-11-07 08:45:00,1068.813779558731,OK
2024-11-07 08:50:00,1064.5343069807054,OK
2024-11-07 08:55:00,1046.9817117694074,OK
2024-11-07 09:00:00,1050.7504441490573,OK
2024-11-07 09:05:00,1058.3636680489865,OK
2024-11-07 09:10:00,1050.3836483683324,OK
2024-11-07 09:15:00,1050.828416777801,OK
2024-11-07 09:20:00,1070.7949515915918,OK
2024-11-07 09:25:00,1055.8894594656756,OK
2024-11-07 09:30:00,1046.9957033066985,OK
2024-11-07 09:35:00,1049.2868078953773,OK
2024-11-07 09:40:00,1044.7773376142814,OK
2024-11-07 09:45:00,1039.1068959784031,OK
2024-11-07 09:50:00,1047.7270839469606,OK
2024-11-07 09:55:00,1052.5559606431243,OK
2024-11-07 10:00:00,1041.226311841,OK
2024-11-07 10:05:00,1043.263836750762,OK
2024-11-07 10:10:00,1040.9238604707766,OK
2024-11-07 10:15:00,1039.720728579382,OK
2024-11-07 10:20:00,0.0,OK
2024-11-07 10:25:00,0.0,OK
2024-11-07 10:30:00,0.0,OK
2024-11-07 10:35:00,1029.6565424527441,OK
2024-11-07 10:40:00,1033.4620944805906,OK
2024-11-07 10:45:00,1018.0972193694939,OK
2024-11-07 10:50:00,1016.2246500526575,OK
2024-11-07 10:55:00,1022.0618804182203,OK
2024-11-07 11:00:00,1020.8294178256959,OK
2024-11-07 11:05:00,1018.9249616749402,OK
2024-11-07 11:10:00,1015.1051803750181,OK
2024-11-07 11:15:00,1011.6037492811494,OK
2024-11-07 11:20:00,1009.9541679214256,OK
2024-11-07 11:25:00,1004.495435306698,OK
2024-11-07 11:30:00,999.0349073683087,OK
2024-11-07 11:35:00,1010.3903105924885,OK
2024-11-07 11:40:00,1007.4256054910627,OK
2024-11-07 11:45:00,1010.0471289408181,OK
2024-11-07 11:50:00,0.0,OK
2024-11-07 11:55:00,0.0,OK
2024-11-07 12:00:00,0.0,OK
2024-11-07 12:05:00,1001.0493500122448,OK
2024-11-07 12:10:00,977.0559093847788,OK
2024-11-07 12:15:00,994.3594018957971,OK
2024-11-07 12:20:00,985.7663559963793,OK
2024-11-07 12:25:00,976.5379022823681,OK
2024-11-07 12:30:00,985.9739824391775,OK
2024-11-07 12:35:00,982.6461760758768,OK
2024-11-07 12:40:00,974.4538376385902,OK
2024-11-07 12:45:00,0.0,OK
2024-11-07 12:50:00,0.0,OK
2024-11-07 12:55:00,0.0,OK
2024-11-07 13:00:00,959.887706090432,OK
2024-11-07 13:05:00,963.5490218689486,OK
2024-11-07 13:10:00,972.5595442057976,OK
2024-11-07 13:15:00,955.5438172937554,OK
2024-11-07 13:20:00,973.82388223708,OK
2024-11-07 13:25:00,948.8657660899307,OK
2024-11-07 13:30:00,955.745868673195,OK
2024-11-07 13:35:00,975.2476108518978,OK
2024-11-07 13:40:00,958.0399475359557,OK
2024-11-07 13:45:00,951.5430822444811,OK
2024-11-07 13:50:00,956.3738273931779,OK
2024-11-07 13:55:00,948.3339464250657,OK
2024-11-07 14:00:00,959.6012393104096,OK
2024-11-07 14:05:00,960.5015405022921,OK
2024-11-07 14:10:00,950.3373209221492,OK
2024-11-07 14:15:00,949.0949156819424,OK
2024-11-07 14:20:00,950.7295079817947,OK
2024-11-07 14:25:00,0.0,OK
2024-11-07 14:30:00,0.0,OK
2024-11-07 14:35:00,0.0,OK
2024-11-07 14:40:00,938.344206142317,OK
2024-11-07 14:45:00,949.8083400356624,OK
2024-11-07 14:50:00,946.4616446083974,OK
2024-11-07 14:55:00,935.1365671507111,OK
2024-11-07 15:00:00,919.9873153915323,OK
2024-11-07 15:05:00,928.0571086278736,OK
2024-11-07 15:10:00,944.1199419560884,OK
2024-11-07 15:15:00,952.0441460271958,OK
2024-11-07 15:20:00,0.0,OK
2024-11-07 15:25:00,0.0,OK
2024-11-07 15:30:00,0.0,OK
2024-11-07 15:35:00,935.6629346179859,OK
2024-11-07 15:40:00,926.2797890053889,OK
2024-11-07 15:45:00,920.2568577014003,OK
2024-11-07 15:50:00,928.7680270506189,OK
2024-11-07 15:55:00,929.2274260562848,OK
2024-11-07 16:00:00,926.1825201270308,OK
2024-11-07 16:05:00,920.1574269865052,OK
2024-11-07 16:10:00,925.4451790026882,OK
2024-11-07 16:15:00,915.9871585427838,OK
2024-11-07 16:20:00,925.4457219538813,OK
2024-11-07 16:25:00,932.2095514255474,OK
2024-11-07 16:30:00,908.2465652958505,OK
2024-11-07 16:35:00,927.2323867139615,OK
2024-11-07 16:40:00,925.1530699415032,OK
2024-11-07 16:45:00,919.9193245881687,OK
2024-11-07 16:50:00,920.331237296122,OK
2024-11-07 16:55:00,923.4331502532564,OK
2024-11-07 17:00:00,921.2035243933968,OK
2024-11-07 17:05:00,0.0,OK
2024-11-07 17:10:00,0.0,OK
2024-11-07 17:15:00,0.0,OK
2024-11-07 17:20:00,903.7378876784535,OK
2024-11-07 17:25:00,919.3515135685059,OK
2024-11-07 17:30:00,914.5845867378674,OK
2024-11-07 17:35:00,929.3554928106131,OK
2024-11-07 17:40:00,924.104733730987,OK
2024-11-07 17:45:00,925.2368612022627,OK
2024-11-07 17:50:00,911.1290015496231,OK
2024-11-07 17:55:00,928.430984292593,OK
2024-11-07 18:00:00,919.1417291765999,OK
2024-11-07 18:05:00,931.4221531056369,OK
2024-11-07 18:10:00,0.0,OK
2024-11-07 18:15:00,0.0,OK
2024-11-07 18:20:00,0.0,OK
2024-11-07 18:25:00,941.3405347700577,OK
2024-11-07 18:30:00,937.3422794744505,OK
2024-11-07 18:35:00,941.844753002924,OK
2024-11-07 18:40:00,938.0790637431891,OK
2024-11-07 18:45:00,937.2151834396145,OK
2024-11-07 18:50:00,943.1204182043864,OK
2024-11-07 18:55:00,938.4383333061508,OK
2024-11-07 19:00:00,947.0406080133985,OK
2024-11-07 19:05:00,0.0,OK
2024-11-07 19:10:00,0.0,OK
2024-11-07 19:15:00,0.0,OK
2024-11-07 19:20:00,935.8002818768961,OK
2024-11-07 19:25:00,945.8269757265858,OK
2024-11-07 19:30:00,950.7226560180015,OK
2024-11-07 19:35:00,948.9210449525865,OK
2024-11-07 19:40:00,942.725841386266,OK
2024-11-07 19:45:00,936.4378461848753,OK
2024-11-07 19:50:00,936.8028833170827,OK
2024-11-07 19:55:00,939.8036566902808,OK
2024-11-07 20:00:00,951.1486716232081,OK
2024-11-07 20:05:00,945.7234021120456,OK
2024-11-07 20:10:00,949.5535476503937,OK
2024-11-07 20:15:00,950.1516024526077,OK
2024-11-07 20:20:00,935.0433094770851,OK
2024-11-07 20:25:00,961.5328592233077,OK
2024-11-07 20:30:00,0.0,OK
2024-11-07 20:35:00,0.0,OK
2024-11-07 20:40:00,0.0,OK
2024-11-07 20:45:00,961.2229145401914,OK
2024-11-07 20:50:00,959.8565632033298,OK
2024-11-07 20:55:00,958.4524539137176,OK
2024-11-07 21:00:00,969.5477506982483,OK
2024-11-07 21:05:00,955.8921974395831,OK
2024-11-07 21:10:00,956.8242536866749,OK
2024-11-07 21:15:00,959.7749811060291,OK
2024-11-07 21:20:00,972.186131205875,OK
2024-11-07 21:25:00,967.2146424452529,OK
2024-11-07 21:30:00,0.0,OK
2024-11-07 21:35:00,0.0,OK
2024-11-07 21:40:00,0.0,OK
2024-11-07 21:45:00,976.9877312396119,OK
2024-11-07 21:50:00,987.4621434062803,OK
2024-11-07 21:55:00,978.6881620777153,OK
2024-11-07 22:00:00,991.194419391889,OK
2024-11-07 22:05:00,990.7125394075332,OK
2024-11-07 22:10:00,991.2687688786842,OK
2024-11-07 22:15:00,988.3211381489563,OK
2024-11-07 22:20:00,979.8516088172393,OK
2024-11-07 22:25:00,984.4027499027815,OK
2024-11-07 22:30:00,987.3163513565324,OK
2024-11-07 22:35:00,998.2337680129841,OK
2024-11-07 22:40:00,996.6548176473814,OK
2024-11-07 22:45:00,993.5073531817451,OK
2024-11-07 22:50:00,1001.3927038293843,OK
2024-11-07 22:55:00,1000.5079898403868,OK
2024-11-07 23:00:00,0.0,OK
2024-11-07 23:05:00,0.0,OK
2024-11-07 23:10:00,0.0,OK
2024-11-07 23:15:00,996.6926619644738,OK
2024-11-07 23:20:00,1009.9644965272853,OK
2024-11-07 23:25:00,1001.487238878644,OK
2024-11-07 23:30:00,1009.4762899096389,OK
2024-11-07 23:35:00,1023.9496737151117,OK
2024-11-07 23:40:00,1022.5500873814091,OK
2024-11-07 23:45:00,1022.6518524715834,OK
2024-11-07 23:50:00,1022.9231988996866,OK
2024-11-07 23:55:00,1019.2566084390616,OK
2024-11-08 00:00:00,0.0,OK
2024-11-08 00:05:00,0.0,OK
2024-11-08 00:10:00,0.0,OK
2024-11-08 00:15:00,1029.4880447708365,OK
2024-11-08 00:20:00,1043.2781822694528,OK
2024-11-08 00:25:00,1030.7462458631321,OK
2024-11-08 00:30:00,1032.9278616711438,OK
2024-11-08 00:35:00,1033.8889976599808,OK
2024-11-08 00:40:00,1023.6427490740653,OK
2024-11-08 00:45:00,1033.6343783245643,OK
2024-11-08 00:50:00,1038.2199760827216,OK
2024-11-08 00:55:00,1055.8938916015554,OK
2024-11-08 01:00:00,1054.375276967783,OK
2024-11-08 01:05:00,1053.887195761804,OK
2024-11-08 01:10:00,1059.1529644532902,OK
2024-11-08 01:15:00,1052.480673207603,OK
2024-11-08 01:20:00,1054.6307320017695,OK
2024-11-08 01:25:00,1067.4050503624733,OK
2024-11-08 01:30:00,1052.6912566667563,OK
2024-11-08 01:35:00,1061.5453788417926,OK
2024-11-08 01:40:00,1077.1256614877452,OK
2024-11-08 01:45:00,1065.6712133363474,OK
2024-11-08 01:50:00,1066.2700470582324,OK
2024-11-08 01:55:00,1062.7165571957473,OK
2024-11-08 02:00:00,1072.8008955709004,OK
2024-11-08 02:05:00,1065.3526606198752,OK
2024-11-08 02:10:00,1069.379301663147,OK
2024-11-08 02:15:00,1074.434418615253,OK
2024-11-08 02:20:00,1072.2456840004618,OK
2024-11-08 02:25:00,1071.391586429348,OK
2024-11-08 02:30:00,1071.6775340613744,OK
2024-11-08 02:35:00,1076.5234429358093,OK
2024-11-08 02:40:00,1071.929338362767,OK
2024-11-08 02:45:00,1077.0584607339938,OK
2024-11-08 02:50:00,1075.2932469761417,OK
2024-11-08 02:55:00,1067.4795939845876,OK
2024-11-08 03:00:00,1076.6366648503113,OK
2024-11-08 03:05:00,1074.210979055219,OK
2024-11-08 03:10:00,1070.1092723011213,OK
2024-11-08 03:15:00,1068.6635667239652,OK
2024-11-08 03:20:00,1071.2500852977232,OK
2024-11-08 03:25:00,1061.8629735703576,OK
2024-11-08 03:30:00,1070.060674526224,OK
2024-11-08 03:35:00,1062.2517367726166,OK
2024-11-08 03:40:00,1065.8550267709643,OK
2024-11-08 03:45:00,1062.887936018363,OK
2024-11-08 03:50:00,1063.485292038637,OK
2024-11-08 03:55:00,1061.246596889669,OK
2024-11-08 04:00:00,1062.8291376554957,OK
2024-11-08 04:05:00,1070.201506438625,OK
2024-11-08 04:10:00,1068.3617183557737,OK
2024-11-08 04:15:00,1063.8408668384184,OK
2024-11-08 04:20:00,1062.249149965318,OK
2024-11-08 04:25:00,1065.0837574323484,OK
2024-11-08 04:30:00,1065.5670085596823,OK
2024-11-08 04:35:00,1056.6147063069207,OK
2024-11-08 04:40:00,1057.901708923986,OK
2024-11-08 04:45:00,1050.5818614820362,OK
2024-11-08 04:50:00,1061.7987402725134,OK
2024-11-08 04:55:00,1064.346892256126,OK
2024-11-08 05:00:00,1056.3076810406528,OK
2024-11-08 05:05:00,1047.4904478400422,OK
2024-11-08 05:10:00,1056.5404321571878,OK
2024-11-08 05:15:00,1049.843936718463,OK
2024-11-08 05:20:00,1050.877947129488,OK
2024-11-08 05:25:00,1056.0184846087166,OK
2024-11-08 05:30:00,1053.6937534514636,OK
2024-11-08 05:35:00,1050.8002389794033,OK
2024-11-08 05:40:00,1050.7613698838395,OK
2024-11-08 05:45:00,1054.2449160595088,OK
2024-11-08 05:50:00,1052.068864435182,OK
2024-11-08 05:55:00,1049.0332169313897,OK
2024-11-08 06:00:00,1051.6811843760895,OK
2024-11-08 06:05:00,1054.6597361811953,OK
2024-11-08 06:10:00,1052.8410545728325,OK
2024-11-08 06:15:00,1048.5277819820149,OK
2024-11-08 06:20:00,1058.1166184208857,OK
2024-11-08 06:25:00,1044.2458223819247,OK
2024-11-08 06:30:00,1053.4289412227015,OK
2024-11-08 06:35:00,1053.4574678562635,OK
2024-11-08 06:40:00,1057.243830813564,OK
2024-11-08 06:45:00,1058.5791695778219,OK
2024-11-08 06:50:00,1059.8784331018185,OK
2024-11-08 06:55:00,1053.9963143379116,OK
2024-11-08 07:00:00,1059.5509885019985,OK
2024-11-08 07:05:00,1057.2520025598255,OK
2024-11-08 07:10:00,1049.7077538343872,OK
2024-11-08 07:15:00,1064.6994710921276,OK
2024-11-08 07:20:00,1051.8947253189244,OK
2024-11-08 07:25:00,1059.2515463094871,OK
2024-11-08 07:30:00,1060.505974520429,OK
2024-11-08 07:35:00,1059.859763721261,OK
2024-11-08 07:40:00,1056.8385035165722,OK
2024-11-08 07:45:00,1062.6624029353704,OK
2024-11-08 07:50:00,1054.1447751497194,OK
2024-11-08 07:55:00,1060.8723786924936,OK
2024-11-08 08:00:00,1060.112860657083,OK
2024-11-08 08:05:00,1060.4120213964334,OK
2024-11-08 08:10:00,1065.6817598232706,OK
2024-11-08 08:15:00,1068.7000850374807,OK
2024-11-08 08:20:00,1063.870102919795,OK
2024-11-08 08:25:00,1069.0229705087959,OK
2024-11-08 08:30:00,1067.0255221456664,OK
2024-11-08 08:35:00,1064.5843294205215,OK
2024-11-08 08:40:00,1068.1774929895985,OK
2024-11-08 08:45:00,1068.8171968382271,OK
2024-11-08 08:50:00,1067.532390803294,OK
2024-11-08 08:55:00,1072.7792533378363,OK
2024-11-08 09:00:00,1072.833247848407,OK
2024-11-08 09:05:00,1066.680137475808,OK
2024-11-08 09:10:00,1068.7414156747886,OK
2024-11-08 09:15:00,1077.3561173942073,OK
2024-11-08 09:20:00,1073.7154640499732,OK
2024-11-08 09:25:00,1073.1173750404148,OK
2024-11-08 09:30:00,1067.8429328131465,OK
2024-11-08 09:35:00,1076.9945756934108,OK
2024-11-08 09:40:00,1077.1551581038082,OK
2024-11-08 09:45:00,1053.3846830832058,OK
2024-11-08 09:50:00,1062.0549475366527,OK
2024-11-08 09:55:00,1066.18956745117,OK
2024-11-08 10:00:00,1067.7358912431807,OK
2024-11-08 10:05:00,1061.7874946811396,OK
2024-11-08 10:10:00,1064.39490970425,OK
2024-11-08 10:15:00,1046.0225750152242,OK
2024-11-08 10:20:00,1056.1404868017728,OK
2024-11-08 10:25:00,1041.1048938058796,OK
2024-11-08 10:30:00,1046.634450844179,OK
2024-11-08 10:35:00,1048.7879114773718,OK
2024-11-08 10:40:00,1043.1909881485951,OK
2024-11-08 10:45:00,1057.8153882139075,OK
2024-11-08 10:50:00,1038.8739060752894,OK
2024-11-08 10:55:00,1036.0440232096507,OK
2024-11-08 11:00:00,,MISSING
2024-11-08 11:05:00,1044.523199056813,OK
2024-11-08 11:10:00,1020.5549618534548,OK
2024-11-08 11:15:00,1020.0278504936157,OK
2024-11-08 11:20:00,1015.8226842561826,OK
2024-11-08 11:25:00,1024.384530468271,OK
2024-11-08 11:30:00,1014.3057906983412,OK
2024-11-08 11:35:00,1029.341057896422,OK
2024-11-08 11:40:00,1011.0736708227514,OK
2024-11-08 11:45:00,1020.5848233454973,OK
2024-11-08 11:50:00,1023.9607742794744,OK
2024-11-08 11:55:00,0.0,OK
2024-11-08 12:00:00,0.0,OK
2024-11-08 12:05:00,0.0,OK
2024-11-08 12:10:00,1001.8487637895917,OK
2024-11-08 12:15:00,1014.6676852609587,OK
2024-11-08 12:20:00,1014.0923208483537,OK
2024-11-08 12:25:00,985.2594833221466,OK
2024-11-08 12:30:00,983.1243436978538,OK
2024-11-08 12:35:00,997.1086313922531,OK
2024-11-08 12:40:00,988.3388633192553,OK
2024-11-08 12:45:00,979.601333846104,OK
2024-11-08 12:50:00,982.8384287528545,OK
2024-11-08 12:55:00,983.9854467492695,OK
2024-11-08 13:00:00,0.0,OK
2024-11-08 13:05:00,0.0,OK
2024-11-08 13:10:00,0.0,OK
2024-11-08 13:15:00,978.2685825285146,OK
2024-11-08 13:20:00,977.4938373416691,OK
2024-11-08 13:25:00,975.7102246183382,OK
2024-11-08 13:30:00,969.655306950534,OK
2024-11-08 13:35:00,968.3973461382719,OK
2024-11-08 13:40:00,971.6843090784541,OK
2024-11-08 13:45:00,956.1366229830626,OK
2024-11-08 13:50:00,969.249087145196,OK
2024-11-08 13:55:00,963.0876562218891,OK
2024-11-08 14:00:00,963.8460844948211,OK
2024-11-08 14:05:00,957.2579379558736,OK
2024-11-08 14:10:00,973.4005391779418,OK
2024-11-08 14:15:00,950.476094826156,OK
2024-11-08 14:20:00,957.5648204093218,OK
2024-11-08 14:25:00,0.0,OK
2024-11-08 14:30:00,0.0,OK
2024-11-08 14:35:00,0.0,OK
2024-11-08 14:40:00,932.8136156915176,OK
2024-11-08 14:45:00,946.8945722344414,OK
2024-11-08 14:50:00,934.1503320138238,OK
2024-11-08 14:55:00,943.4267143746471,OK
2024-11-08 15:00:00,939.3745073716132,OK
2024-11-08 15:05:00,940.3188036194175,OK
2024-11-08 15:10:00,933.482901137058,OK
2024-11-08 15:15:00,944.0393741614083,OK
2024-11-08 15:20:00,945.4100092374728,OK
2024-11-08 15:25:00,941.742761158612,OK
2024-11-08 15:30:00,0.0,OK
2024-11-08 15:35:00,0.0,OK
2024-11-08 15:40:00,0.0,OK
2024-11-08 15:45:00,920.7700538331088,OK
2024-11-08 15:50:00,936.5315551642102,OK
2024-11-08 15:55:00,933.0983023681206,OK
2024-11-08 16:00:00,936.2952747275157,OK
2024-11-08 16:05:00,910.7697089968573,OK
2024-11-08 16:10:00,921.1992881010221,OK
2024-11-08 16:15:00,917.7577273396718,OK
2024-11-08 16:20:00,928.3484140828393,OK
2024-11-08 16:25:00,915.6527533914007,OK
2024-11-08 16:30:00,0.0,OK
2024-11-08 16:35:00,0.0,OK
2024-11-08 16:40:00,0.0,OK
2024-11-08 16:45:00,896.8613862242297,OK
2024-11-08 16:50:00,920.3943678335244,OK
2024-11-08 16:55:00,922.0501500188606,OK
2024-11-08 17:00:00,920.276737519378,OK
2024-11-08 17:05:00,902.7348014347983,OK
2024-11-08 17:10:00,906.1561267242488,OK
2024-11-08 17:15:00,915.0993612948201,OK
2024-11-08 17:20:00,914.7336439636958,OK
2024-11-08 17:25:00,920.1935524459565,OK
2024-11-08 17:30:00,907.3675988890772,OK
2024-11-08 17:35:00,915.5029324844203,OK
2024-11-08 17:40:00,911.7513799010715,OK
2024-11-08 17:45:00,904.9428767474919,OK
2024-11-08 17:50:00,909.9244723465922,OK
2024-11-08 17:55:00,911.4279365511362,OK
2024-11-08 18:00:00,0.0,OK
2024-11-08 18:05:00,0.0,OK
2024-11-08 18:10:00,0.0,OK
2024-11-08 18:15:00,907.4684434365781,OK
2024-11-08 18:20:00,906.0476696328946,OK
2024-11-08 18:25:00,913.5249416324202,OK
2024-11-08 18:30:00,918.4568894288242,OK
2024-11-08 18:35:00,909.2551910146067,OK
2024-11-08 18:40:00,911.5393090692795,OK
2024-11-08 18:45:00,924.3105332049802,OK
2024-11-08 18:50:00,918.4753180991448,OK
2024-11-08 18:55:00,915.9982194592908,OK
2024-11-08 19:00:00,918.9485568900878,OK
2024-11-08 19:05:00,905.856576029898,OK
2024-11-08 19:10:00,915.5195956002532,OK
2024-11-08 19:15:00,910.5739163898219,OK
2024-11-08 19:20:00,919.2640404767083,OK
2024-11-08 19:25:00,919.854522319694,OK
2024-11-08 19:30:00,929.1487194737591,OK
2024-11-08 19:35:00,923.1835056312227,OK
2024-11-08 19:40:00,923.1691848215013,OK
2024-11-08 19:45:00,936.8084355498322,OK
2024-11-08 19:50:00,930.495537927938,OK
2024-11-08 19:55:00,0.0,OK
2024-11-08 20:00:00,0.0,OK
2024-11-08 20:05:00,0.0,OK
2024-11-08 20:10:00,934.1616060633121,OK
2024-11-08 20:15:00,927.0241860811063,OK
2024-11-08 20:20:00,935.6855146263711,OK
2024-11-08 20:25:00,957.1364128138919,OK
2024-11-08 20:30:00,940.9948150338489,OK
2024-11-08 20:35:00,931.2023411399242,OK
2024-11-08 20:40:00,951.7746881925453,OK
2024-11-08 20:45:00,939.2096976810031,OK
2024-11-08 20:50:00,0.0,OK
2024-11-08 20:55:00,0.0,OK
2024-11-08 21:00:00,0.0,OK
2024-11-08 21:05:00,957.2439746635047,OK
2024-11-08 21:10:00,937.1061293777897,OK
2024-11-08 21:15:00,952.2275270718679,OK
2024-11-08 21:20:00,952.0616542448928,OK
2024-11-08 21:25:00,943.1123558518442,OK
2024-11-08 21:30:00,949.5321890895167,OK
2024-11-08 21:35:00,965.8853959647995,OK
2024-11-08 21:40:00,967.411184292368,OK
2024-11-08 21:45:00,958.58806529596,OK
2024-11-08 21:50:00,968.9896439167911,OK
2024-11-08 21:55:00,0.0,OK
2024-11-08 22:00:00,0.0,OK
2024-11-08 22:05:00,0.0,OK
2024-11-08 22:10:00,959.404846853345,OK
2024-11-08 22:15:00,971.2397427140503,OK
2024-11-08 22:20:00,980.3036417065185,OK
2024-11-08 22:25:00,980.2247726289362,OK
2024-11-08 22:30:00,989.8238070257987,OK
2024-11-08 22:35:00,983.2846846543174,OK
2024-11-08 22:40:00,968.7844736133834,OK
2024-11-08 22:45:00,963.8429378744349,OK
2024-11-08 22:50:00,976.0742456873709,OK
2024-11-08 22:55:00,0.0,OK
2024-11-08 23:00:00,0.0,OK
2024-11-08 23:05:00,0.0,OK
2024-11-08 23:10:00,970.6220708463359,OK
2024-11-08 23:15:00,987.6886894052593,OK
2024-11-08 23:20:00,970.0110271078192,OK
2024-11-08 23:25:00,978.1188148273496,OK
2024-11-08 23:30:00,1003.3110618547277,OK
2024-11-08 23:35:00,997.961402594975,OK
2024-11-08 23:40:00,1000.5974554291865,OK
2024-11-08 23:45:00,999.4531363860543,OK
2024-11-08 23:50:00,0.0,OK
2024-11-08 23:55:00,0.0,OK
2024-11-09 00:00:00,0.0,OK
2024-11-09 00:05:00,1009.346577745993,OK
2024-11-09 00:10:00,1006.2684330836818,OK
2024-11-09 00:15:00,1012.7343762472757,OK
2024-11-09 00:20:00,1012.4097794527048,OK
2024-11-09 00:25:00,1022.4363910699328,OK
2024-11-09 00:30:00,1015.1745847539601,OK
2024-11-09 00:35:00,1013.9372700606655,OK
2024-11-09 00:40:00,1015.624048681576,OK
2024-11-09 00:45:00,1015.8080068169384,OK
2024-11-09 00:50:00,0.0,OK
2024-11-09 00:55:00,0.0,OK
2024-11-09 01:00:00,0.0,OK
2024-11-09 01:05:00,1035.068126877929,OK
2024-11-09 01:10:00,1030.2151684798594,OK
2024-11-09 01:15:00,1029.732683634533,OK
2024-11-09 01:20:00,1027.747919434117,OK
2024-11-09 01:25:00,1033.4015403958147,OK
2024-11-09 01:30:00,1037.212010763855,OK
2024-11-09 01:35:00,1040.8832651400066,OK
2024-11-09 01:40:00,1048.9234191973267,OK
2024-11-09 01:45:00,1039.9337411172885,OK
2024-11-09 01:50:00,1053.293659458949,OK
2024-11-09 01:55:00,1049.9383561108307,OK
2024-11-09 02:00:00,1047.132551736608,OK
2024-11-09 02:05:00,1054.4587751405531,OK
2024-11-09 02:10:00,1044.9066580369456,OK
2024-11-09 02:15:00,1045.8665829454508,OK
2024-11-09 02:20:00,1056.5066558882602,OK
2024-11-09 02:25:00,1057.3795805937923,OK
2024-11-09 02:30:00,1052.5678851255416,OK
2024-11-09 02:35:00,1063.0640630696648,OK
2024-11-09 02:40:00,1061.7990360996553,OK
2024-11-09 02:45:00,1048.0790529024955,OK
2024-11-09 02:50:00,1050.5700230395335,OK
2024-11-09 02:55:00,1053.063294459139,OK
2024-11-09 03:00:00,1050.3961292827769,OK
2024-11-09 03:05:00,1072.9343291023379,OK
2024-11-09 03:10:00,1052.7908041626695,OK
2024-11-09 03:15:00,1061.2826121927842,OK
2024-11-09 03:20:00,1057.1596517411972,OK
2024-11-09 03:25:00,1064.0850293751698,OK
2024-11-09 03:30:00,1067.9681458883606,OK
2024-11-09 03:35:00,1072.3319073923685,OK
2024-11-09 03:40:00,1067.0679622678065,OK
2024-11-09 03:45:00,1072.182930519266,OK
2024-11-09 03:50:00,1063.996260520262,OK
2024-11-09 03:55:00,1074.8830105503175,OK
2024-11-09 04:00:00,1075.5039535623891,OK
2024-11-09 04:05:00,1057.615933309975,OK
2024-11-09 04:10:00,1076.386424888226,OK
2024-11-09 04:15:00,1075.9948683101384,OK
2024-11-09 04:20:00,1073.1199301896556,OK
2024-11-09 04:25:00,1076.8671033465628,OK
2024-11-09 04:30:00,1073.8373886959293,OK
2024-11-09 04:35:00,1076.6169505048335,OK
2024-11-09 04:40:00,1070.122957656045,OK
2024-11-09 04:45:00,1074.2701241932991,OK
2024-11-09 04:50:00,1073.4095643402136,OK
2024-11-09 04:55:00,1073.142631443068,OK
2024-11-09 05:00:00,1068.9379609927767,OK
2024-11-09 05:05:00,1074.2107439016474,OK
2024-11-09 05:10:00,1050.9641467455372,OK
2024-11-09 05:15:00,1067.5514175914304,OK
2024-11-09 05:20:00,1074.196819260066,OK
2024-11-09 05:25:00,1074.7683002198207,OK
2024-11-09 05:30:00,1076.9618357316012,OK
2024-11-09 05:35:00,1067.649744042623,OK
2024-11-09 05:40:00,1065.8973222313753,OK
2024-11-09 05:45:00,1065.7543808043927,OK
2024-11-09 05:50:00,1071.2283375918576,OK
2024-11-09 05:55:00,1071.1488417977675,OK
2024-11-09 06:00:00,1075.6691242462043,OK
2024-11-09 06:05:00,1071.141319118353,OK
2024-11-09 06:10:00,1070.277651614198,OK
2024-11-09 06:15:00,1077.0551209738146,OK
2024-11-09 06:20:00,1076.029552245077,OK
2024-11-09 06:25:00,1072.0792378475273,OK
2024-11-09 06:30:00,1076.5336056759493,OK
2024-11-09 06:35:00,1076.5511212457136,OK
2024-11-09 06:40:00,1072.5640433386934,OK
2024-11-09 06:45:00,1075.8389072505186,OK
2024-11-09 06:50:00,1069.5842352351528,OK
2024-11-09 06:55:00,1068.3715949646373,OK
2024-11-09 07:00:00,1072.2987054417222,OK
2024-11-09 07:05:00,1074.603686701447,OK
2024-11-09 07:10:00,1072.4701179732274,OK
2024-11-09 07:15:00,1069.2167104989567,OK
2024-11-09 07:20:00,1074.3818743596514,OK
2024-11-09 07:25:00,1073.0206352526318,OK
2024-11-09 07:30:00,1074.727868289594,OK
2024-11-09 07:35:00,1069.8265863966667,OK
2024-11-09 07:40:00,1076.7255589698902,OK
2024-11-09 07:45:00,1075.8120517192363,OK
2024-11-09 07:50:00,1076.0593613989568,OK
2024-11-09 07:55:00,1060.656767033227,OK
2024-11-09 08:00:00,1073.071171388379,OK
2024-11-09 08:05:00,1069.2674836919705,OK
2024-11-09 08:10:00,1077.2078182933478,OK
2024-11-09 08:15:00,1063.6136114384813,OK
2024-11-09 08:20:00,1067.799973443437,OK
2024-11-09 08:25:00,1067.912594779479,OK
2024-11-09 08:30:00,1075.7797975832525,OK
2024-11-09 08:35:00,1073.5589690119953,OK
2024-11-09 08:40:00,1062.8259446326595,OK
2024-11-09 08:45:00,1055.969495422517,OK
2024-11-09 08:50:00,1064.8824929841803,OK
2024-11-09 08:55:00,1071.4202135456792,OK
2024-11-09 09:00:00,1063.0370294309091,OK
2024-11-09 09:05:00,1048.1708543895234,OK
2024-11-09 09:10:00,1061.99013178333,OK
2024-11-09 09:15:00,1048.9549196537373,OK
2024-11-09 09:20:00,1064.0540118532394,OK
2024-11-09 09:25:00,1058.1041046859996,OK
2024-11-09 09:30:00,1050.8914871413006,OK
2024-11-09 09:35:00,1053.544843340784,OK
2024-11-09 09:40:00,1062.3895794535456,OK
2024-11-09 09:45:00,1061.243654936447,OK
2024-11-09 09:50:00,1044.622183196536,OK
2024-11-09 09:55:00,1041.8401887212742,OK
2024-11-09 10:00:00,1037.5463346483375,OK
2024-11-09 10:05:00,1032.1985091881074,OK
2024-11-09 10:10:00,1039.7816797917308,OK
2024-11-09 10:15:00,1041.7537089703342,OK
2024-11-09 10:20:00,1027.856670914474,OK
2024-11-09 10:25:00,1028.295315541969,OK
2024-11-09 10:30:00,1040.3431155152462,OK
2024-11-09 10:35:00,1037.4747479291866,OK
2024-11-09 10:40:00,1025.691790674307,OK
2024-11-09 10:45:00,1028.3517700467485,OK
2024-11-09 10:50:00,0.0,OK
2024-11-09 10:55:00,0.0,OK
2024-11-09 11:00:00,0.0,OK
2024-11-09 11:05:00,1011.5072321461159,OK
2024-11-09 11:10:00,1031.696119588701,OK
2024-11-09 11:15:00,1014.0114414692845,OK
2024-11-09 11:20:00,1008.6324185096621,OK
2024-11-09 11:25:00,1021.8148017306165,OK
2024-11-09 11:30:00,1014.5714405149154,OK
2024-11-09 11:35:00,1012.8806074358414,OK
2024-11-09 11:40:00,1003.545952161527,OK
2024-11-09 11:45:00,986.7120213774189,OK
2024-11-09 11:50:00,982.1721394671544,OK
2024-11-09 11:55:00,1000.9961709640141,OK
2024-11-09 12:00:00,988.2669444560803,OK
2024-11-09 12:05:00,0.0,OK
2024-11-09 12:10:00,0.0,OK
2024-11-09 12:15:00,0.0,OK
2024-11-09 12:20:00,980.7638238541301,OK
2024-11-09 12:25:00,969.6479207312176,OK
2024-11-09 12:30:00,972.2125483891573,OK
2024-11-09 12:35:00,985.5410664279718,OK
2024-11-09 12:40:00,968.8557050130671,OK
2024-11-09 12:45:00,966.7654704519898,OK
2024-11-09 12:50:00,971.0214078091783,OK
2024-11-09 12:55:00,965.3393408023189,OK
2024-11-09 13:00:00,971.5491820012367,OK
2024-11-09 13:05:00,970.9537095865334,OK
2024-11-09 13:10:00,969.6412856209433,OK
2024-11-09 13:15:00,0.0,OK
2024-11-09 13:20:00,0.0,OK
2024-11-09 13:25:00,0.0,OK
2024-11-09 13:30:00,974.6597815976403,OK
2024-11-09 13:35:00,952.2152582139764,OK
2024-11-09 13:40:00,956.1435329218644,OK
2024-11-09 13:45:00,958.0171265373808,OK
2024-11-09 13:50:00,960.4897527003513,OK
2024-11-09 13:55:00,952.8993030033602,OK
2024-11-09 14:00:00,945.6111086573283,OK
2024-11-09 14:05:00,956.1367047015825,OK
2024-11-09 14:10:00,949.4633479949607,OK
2024-11-09 14:15:00,941.3163951881494,OK
2024-11-09 14:20:00,962.1488199298326,OK
2024-11-09 14:25:00,946.6022712447154,OK
2024-11-09 14:30:00,946.6237723263409,OK
2024-11-09 14:35:00,943.1183045315332,OK
2024-11-09 14:40:00,941.9019505241943,OK
2024-11-09 14:45:00,936.7001224645019,OK
2024-11-09 14:50:00,921.9534852936857,OK
2024-11-09 14:55:00,0.0,OK
2024-11-09 15:00:00,0.0,OK
2024-11-09 15:05:00,0.0,OK
2024-11-09 15:10:00,933.7446849437308,OK
2024-11-09 15:15:00,914.2367545577347,OK
2024-11-09 15:20:00,924.181892448335,OK
2024-11-09 15:25:00,909.998950555441,OK
2024-11-09 15:30:00,915.0899325515555,OK
2024-11-09 15:35:00,917.7990853025127,OK
2024-11-09 15:40:00,918.2779028280016,OK
2024-11-09 15:45:00,921.9637912012263,OK
2024-11-09 15:50:00,914.4059729502355,OK
2024-11-09 15:55:00,904.6669720380297,OK
2024-11-09 16:00:00,910.2380361987625,OK
2024-11-09 16:05:00,913.9619842004629,OK
2024-11-09 16:10:00,913.0941596803167,OK
2024-11-09 16:15:00,901.6551459623553,OK
2024-11-09 16:20:00,898.3473176284505,OK
2024-11-09 16:25:00,910.74548432094,OK
2024-11-09 16:30:00,908.6605062068178,OK
2024-11-09 16:35:00,899.6924252927172,OK
2024-11-09 16:40:00,889.1678819695311,OK
2024-11-09 16:45:00,890.0590608100871,OK
2024-11-09 16:50:00,0.0,OK
2024-11-09 16:55:00,0.0,OK
2024-11-09 17:00:00,0.0,OK
2024-11-09 17:05:00,894.6861306479522,OK
2024-11-09 17:10:00,881.3970573448712,OK
2024-11-09 17:15:00,900.6562388721991,OK
2024-11-09 17:20:00,901.3676076551867,OK
2024-11-09 17:25:00,894.3147509669111,OK
2024-11-09 17:30:00,885.7800356930907,OK
2024-11-09 17:35:00,883.7757963038686,OK
2024-11-09 17:40:00,884.8201878342369,OK
2024-11-09 17:45:00,877.5662454176586,OK
2024-11-09 17:50:00,897.8890525152195,OK
2024-11-09 17:55:00,878.5661680242513,OK
2024-11-09 18:00:00,889.5472906952061,OK
2024-11-09 18:05:00,879.8617055459046,OK
2024-11-09 18:10:00,894.9254467990523,OK
2024-11-09 18:15:00,887.5781146859272,OK
2024-11-09 18:20:00,883.7433259512406,OK
2024-11-09 18:25:00,876.4527201656133,OK
2024-11-09 18:30:00,896.4650036917795,OK
2024-11-09 18:35:00,885.5134788530697,OK
2024-11-09 18:40:00,892.5334479958292,OK
2024-11-09 18:45:00,882.0579741082882,OK
2024-11-09 18:50:00,879.0968093822711,OK
2024-11-09 18:55:00,875.1931366200871,OK
2024-11-09 19:00:00,888.4827817354025,OK
2024-11-09 19:05:00,878.2872966427334,OK
2024-11-09 19:10:00,875.9268729167673,OK
2024-11-09 19:15:00,896.8978707407737,OK
2024-11-09 19:20:00,882.3349869399653,OK
2024-11-09 19:25:00,882.4691393635347,OK
2024-11-09 19:30:00,891.2205515051744,OK
2024-11-09 19:35:00,898.0854980456024,OK
2024-11-09 19:40:00,882.8131715582499,OK
2024-11-09 19:45:00,898.6026069180787,OK
2024-11-09 19:50:00,892.5285244529923,OK
2024-11-09 19:55:00,891.5230186670389,OK
2024-11-09 20:00:00,887.1118148413865,OK
2024-11-09 20:05:00,898.3742385626936,OK
2024-11-09 20:10:00,900.2187821561714,OK
2024-11-09 20:15:00,893.2461919345573,OK
2024-11-09 20:20:00,889.9242400816909,OK
2024-11-09 20:25:00,881.2680926171863,OK
2024-11-09 20:30:00,911.8093652105711,OK
2024-11-09 20:35:00,900.0536035764685,OK
2024-11-09 20:40:00,0.0,OK
2024-11-09 20:45:00,0.0,OK
2024-11-09 20:50:00,0.0,OK
2024-11-09 20:55:00,915.4891510334504,OK
2024-11-09 21:00:00,918.8003706686803,OK
2024-11-09 21:05:00,915.5390915165207,OK
2024-11-09 21:10:00,912.4149529019795,OK
2024-11-09 21:15:00,910.9769958203315,OK
2024-11-09 21:20:00,915.606627744049,OK
2024-11-09 21:25:00,926.6504468311597,OK
2024-11-09 21:30:00,911.8361482199582,OK
2024-11-09 21:35:00,917.0626991042546,OK
2024-11-09 21:40:00,908.6078297621752,OK
2024-11-09 21:45:00,924.874289149514,OK
2024-11-09 21:50:00,932.7753397592935,OK
2024-11-09 21:55:00,922.6837402861725,OK
2024-11-09 22:00:00,917.0289331301369,OK
2024-11-09 22:05:00,0.0,OK
2024-11-09 22:10:00,0.0,OK
2024-11-09 22:15:00,0.0,OK
2024-11-09 22:20:00,915.1036934798327,OK
2024-11-09 22:25:00,936.8123928660568,OK
2024-11-09 22:30:00,936.5873386273882,OK
2024-11-09 22:35:00,928.698698662109,OK
2024-11-09 22:40:00,949.0565252647356,OK
2024-11-09 22:45:00,929.5981933166279,OK
2024-11-09 22:50:00,934.702627921214,OK
2024-11-09 22:55:00,933.031026341453,OK
2024-11-09 23:00:00,0.0,OK
2024-11-09 23:05:00,0.0,OK
2024-11-09 23:10:00,0.0,OK
2024-11-09 23:15:00,948.1868271758816,OK
2024-11-09 23:20:00,955.6604247016878,OK
2024-11-09 23:25:00,945.9652184447316,OK
2024-11-09 23:30:00,945.5852002761278,OK
2024-11-09 23:35:00,941.1038511595817,OK
2024-11-09 23:40:00,950.7289221203737,OK
2024-11-09 23:45:00,948.0431467303051,OK
2024-11-09 23:50:00,959.8861295964643,OK
2024-11-09 23:55:00,960.6497139284587,OK
2024-11-10 00:00:00,0.0,OK
2024-11-10 00:05:00,0.0,OK
2024-11-10 00:10:00,0.0,OK
2024-11-10 00:15:00,974.5440498194812,OK
2024-11-10 00:20:00,973.8117928033938,OK
2024-11-10 00:25:00,964.5866273973124,OK
2024-11-10 00:30:00,967.1094442421962,OK
2024-11-10 00:35:00,981.3756161305445,OK
2024-11-10 00:40:00,972.1266487319685,OK
2024-11-10 00:45:00,981.1140881080772,OK
2024-11-10 00:50:00,979.2721254828151,OK
2024-11-10 00:55:00,970.9410936867284,OK
2024-11-10 01:00:00,975.9024479365261,OK
2024-11-10 01:05:00,979.038388483992,OK
2024-11-10 01:10:00,974.178272521825,OK
2024-11-10 01:15:00,995.1726463509017,OK
2024-11-10 01:20:00,998.1445822794319,OK
2024-11-10 01:25:00,999.7600417107504,OK
2024-11-10 01:30:00,1000.2952963518951,OK
2024-11-10 01:35:00,1016.3105419146788,OK
2024-11-10 01:40:00,1003.4402792428888,OK
2024-11-10 01:45:00,0.0,OK
2024-11-10 01:50:00,0.0,OK
2024-11-10 01:55:00,0.0,OK
2024-11-10 02:00:00,1017.0506411047612,OK
2024-11-10 02:05:00,1009.1206695685659,OK
2024-11-10 02:10:00,1010.8217880058894,OK
2024-11-10 02:15:00,1021.2849526298643,OK
2024-11-10 02:20:00,1021.8081262712302,OK
2024-11-10 02:25:00,1036.759501915279,OK
2024-11-10 02:30:00,1028.377378550342,OK
2024-11-10 02:35:00,1027.221908094634,OK
2024-11-10 02:40:00,1023.5806003291649,OK
2024-11-10 02:45:00,1032.6544092268562,OK
2024-11-10 02:50:00,1029.4386501154268,OK
2024-11-10 02:55:00,1034.291757377381,OK
2024-11-10 03:00:00,1026.6730707510894,OK
2024-11-10 03:05:00,0.0,OK
2024-11-10 03:10:00,0.0,OK
2024-11-10 03:15:00,0.0,OK
2024-11-10 03:20:00,1045.6850525981058,OK
2024-11-10 03:25:00,1040.3335781509127,OK
2024-11-10 03:30:00,1038.686477486604,OK
2024-11-10 03:35:00,1038.4255419541814,OK
2024-11-10 03:40:00,1036.5569278278833,OK
2024-11-10 03:45:00,1028.232676055373,OK
2024-11-10 03:50:00,1032.9574283354373,OK
2024-11-10 03:55:00,1047.6827720652566,OK
2024-11-10 04:00:00,1036.0098602305932,OK
2024-11-10 04:05:00,1037.3777150788262,OK
2024-11-10 04:10:00,1049.901028035443,OK
2024-11-10 04:15:00,1040.0386779401708,OK
2024-11-10 04:20:00,1046.4338120208797,OK
2024-11-10 04:25:00,1056.442110659924,OK
2024-11-10 04:30:00,1041.8269942605937,OK
2024-11-10 04:35:00,1044.8996429453084,OK
2024-11-10 04:40:00,1048.4500433515398,OK
2024-11-10 04:45:00,1044.866391729274,OK
2024-11-10 04:50:00,1051.6551770997635,OK
2024-11-10 04:55:00,1044.9297571889435,OK
2024-11-10 05:00:00,1048.6150967668332,OK
2024-11-10 05:05:00,1048.5754872226205,OK
2024-11-10 05:10:00,1047.662094278094,OK
2024-11-10 05:15:00,1059.6392330710714,OK
2024-11-10 05:20:00,1057.7887271895672,OK
2024-11-10 05:25:00,1068.7019276977148,OK
2024-11-10 05:30:00,1049.1939116365388,OK
2024-11-10 05:35:00,1061.6571541352052,OK
2024-11-10 05:40:00,1053.348666137201,OK
2024-11-10 05:45:00,1052.5901826390634,OK
2024-11-10 05:50:00,1051.4139858445349,OK
2024-11-10 05:55:00,1066.1608964130298,OK
2024-11-10 06:00:00,1058.4487967797472,OK
2024-11-10 06:05:00,1045.7470474365407,OK
2024-11-10 06:10:00,1045.8004984233476,OK
2024-11-10 06:15:00,1051.205429177738,OK
2024-11-10 06:20:00,1055.7077351213732,OK
2024-11-10 06:25:00,1065.9166206036844,OK
2024-11-10 06:30:00,1052.3863050514772,OK
2024-11-10 06:35:00,1056.640159336341,OK
2024-11-10 06:40:00,1051.644049530774,OK
2024-11-10 06:45:00,1059.2303628249772,OK
2024-11-10 06:50:00,1055.737365544322,OK
2024-11-10 06:55:00,1052.3580198563786,OK
2024-11-10 07:00:00,1049.329090193297,OK
2024-11-10 07:05:00,1046.3343636550724,OK
2024-11-10 07:10:00,1055.5395726159666,OK
2024-11-10 07:15:00,1059.8051225695303,OK
2024-11-10 07:20:00,1036.221469936716,OK
2024-11-10 07:25:00,0.0,OK
2024-11-10 07:30:00,0.0,OK
2024-11-10 07:35:00,0.0,OK
2024-11-10 07:40:00,1051.8033368258307,OK
2024-11-10 07:45:00,1041.455182479911,OK
2024-11-10 07:50:00,1036.58396125227,OK
2024-11-10 07:55:00,1054.2303529325186,OK
2024-11-10 08:00:00,1043.779336512952,OK
2024-11-10 08:05:00,1042.6554949923407,OK
2024-11-10 08:10:00,1038.2269695765033,OK
2024-11-10 08:15:00,1046.9756264210916,OK
2024-11-10 08:20:00,1054.6098738356172,OK
2024-11-10 08:25:00,1038.0530753813905,OK
2024-11-10 08:30:00,1031.4491212159621,OK
2024-11-10 08:35:00,1037.6628038181045,OK
2024-11-10 08:40:00,1032.1878560550276,OK
2024-11-10 08:45:00,1036.9445965185828,OK
2024-11-10 08:50:00,1037.7098122566051,OK
2024-11-10 08:55:00,1023.7941429428215,OK
2024-11-10 09:00:00,1025.8624073549204,OK
2024-11-10 09:05:00,1024.9199702242686,OK
2024-11-10 09:10:00,1015.0662601865095,OK
2024-11-10 09:15:00,1030.4561781621367,OK
2024-11-10 09:20:00,1024.9554310451863,OK
2024-11-10 09:25:00,1018.3988539223993,OK
2024-11-10 09:30:00,1021.4345214910156,OK
2024-11-10 09:35:00,1013.4527023668927,OK
2024-11-10 09:40:00,1018.3371440121097,OK
2024-11-10 09:45:00,1022.5027610260893,OK
2024-11-10 09:50:00,1013.150946241967,OK
2024-11-10 09:55:00,1009.7329011655922,OK
2024-11-10 10:00:00,1002.4789022159765,OK
2024-11-10 10:05:00,0.0,OK
2024-11-10 10:10:00,0.0,OK
2024-11-10 10:15:00,0.0,OK
2024-11-10 10:20:00,1004.301208237991,OK
2024-11-10 10:25:00,1005.9634199192832,OK
2024-11-10 10:30:00,995.5171351253018,OK
2024-11-10 10:35:00,999.3183594909364,OK
2024-11-10 10:40:00,982.5457492611628,OK
2024-11-10 10:45:00,981.4887654391058,OK
2024-11-10 10:50:00,986.6511323256195,OK
2024-11-10 10:55:00,986.2278647019396,OK
2024-11-10 11:00:00,988.2368315305807,OK
2024-11-10 11:05:00,0.0,OK
2024-11-10 11:10:00,0.0,OK
2024-11-10 11:15:00,0.0,OK
2024-11-10 11:20:00,977.1545528782781,OK
2024-11-10 11:25:00,974.8414448390306,OK
2024-11-10 11:30:00,970.8822909201069,OK
2024-11-10 11:35:00,981.9451488339479,OK
2024-11-10 11:40:00,977.686064627451,OK
2024-11-10 11:45:00,960.7515954728647,OK
2024-11-10 11:50:00,963.5493280710737,OK
2024-11-10 11:55:00,970.2668213538348,OK
2024-11-10 12:00:00,0.0,OK
2024-11-10 12:05:00,0.0,OK
2024-11-10 12:10:00,0.0,OK
2024-11-10 12:15:00,952.324272941156,OK
2024-11-10 12:20:00,936.3755447222609,OK
2024-11-10 12:25:00,950.3641903627637,OK
2024-11-10 12:30:00,945.8426799547267,OK
2024-11-10 12:35:00,962.778795723317,OK
2024-11-10 12:40:00,950.8026688448739,OK
2024-11-10 12:45:00,934.9785196976927,OK
2024-11-10 12:50:00,937.5892273422362,OK
2024-11-10 12:55:00,970.5758322156648,OK
2024-11-10 13:00:00,932.2568247976377,OK
2024-11-10 13:05:00,920.3475547045726,OK
2024-11-10 13:10:00,946.0203565156653,OK
2024-11-10 13:15:00,919.1575572561134,OK
2024-11-10 13:20:00,949.9874013291956,OK
2024-11-10 13:25:00,921.1428304810354,OK
2024-11-10 13:30:00,0.0,OK
2024-11-10 13:35:00,0.0,OK
2024-11-10 13:40:00,0.0,OK
2024-11-10 13:45:00,910.7737902935893,OK
2024-11-10 13:50:00,913.6342538951848,OK
2024-11-10 13:55:00,909.1130478090694,OK
2024-11-10 14:00:00,915.257980451565,OK
2024-11-10 14:05:00,925.7945113190309,OK
2024-11-10 14:10:00,906.2324879552181,OK
2024-11-10 14:15:00,895.7546093007035,OK
2024-11-10 14:20:00,899.100996211796,OK
2024-11-10 14:25:00,920.637133388577,OK
2024-11-10 14:30:00,917.7007590506786,OK
2024-11-10 14:35:00,0.0,OK
2024-11-10 14:40:00,0.0,OK
2024-11-10 14:45:00,0.0,OK
2024-11-10 14:50:00,892.2093335844744,OK
2024-11-10 14:55:00,903.0791252129779,OK
2024-11-10 15:00:00,885.9418915785957,OK
2024-11-10 15:05:00,885.8999049403611,OK
2024-11-10 15:10:00,893.2145378179348,OK
2024-11-10 15:15:00,885.9102690150032,OK
2024-11-10 15:20:00,896.6369340380284,OK
2024-11-10 15:25:00,884.1790476320803,OK
2024-11-10 15:30:00,879.8427027809008,OK
2024-11-10 15:35:00,878.5980692464906,OK
2024-11-10 15:40:00,874.0216452613014,OK
2024-11-10 15:45:00,874.5632954586197,OK
2024-11-10 15:50:00,876.4400148049782,OK
2024-11-10 15:55:00,870.0518084255228,OK
2024-11-10 16:00:00,863.3301899917001,OK
2024-11-10 16:05:00,870.0526498695434,OK
2024-11-10 16:10:00,866.0390637155125,OK
2024-11-10 16:15:00,868.748169705453,OK
2024-11-10 16:20:00,871.8119845190174,OK
2024-11-10 16:25:00,863.0267417831618,OK
2024-11-10 16:30:00,868.1535254110033,OK
2024-11-10 16:35:00,860.6887144243419,OK
2024-11-10 16:40:00,863.4331244740746,OK
2024-11-10 16:45:00,865.7114762211893,OK
2024-11-10 16:50:00,863.8773546526255,OK
2024-11-10 16:55:00,863.7185490403699,OK
2024-11-10 17:00:00,870.6371351369372,OK
2024-11-10 17:05:00,855.782575145638,OK
2024-11-10 17:10:00,855.6713853310634,OK
2024-11-10 17:15:00,851.5245058734964,OK
2024-11-10 17:20:00,861.3566582169797,OK
2024-11-10 17:25:00,842.3423697804166,OK
2024-11-10 17:30:00,857.3423030744275,OK
2024-11-10 17:35:00,861.7999742652131,OK
2024-11-10 17:40:00,863.4371702995825,OK
2024-11-10 17:45:00,868.4381820552743,OK
2024-11-10 17:50:00,842.696113525633,OK
2024-11-10 17:55:00,846.0517242807064,OK
2024-11-10 18:00:00,851.2037801312064,OK
2024-11-10 18:05:00,863.6167068910122,OK
2024-11-10 18:10:00,844.914828112029,OK
2024-11-10 18:15:00,861.0013136284385,OK
2024-11-10 18:20:00,861.0313867442408,OK
2024-11-10 18:25:00,849.5530446201095,OK
2024-11-10 18:30:00,855.3606598246633,OK
2024-11-10 18:35:00,845.1561265044604,OK
2024-11-10 18:40:00,861.2696868315022,OK
2024-11-10 18:45:00,865.3300525820823,OK
2024-11-10 18:50:00,866.3648673054123,OK
2024-11-10 18:55:00,874.6841206764424,OK
2024-11-10 19:00:00,865.7219500894454,OK
2024-11-10 19:05:00,855.6411682407435,OK
2024-11-10 19:10:00,859.3293094299081,OK
2024-11-10 19:15:00,865.3462174901325,OK
2024-11-10 19:20:00,873.3034210240588,OK
2024-11-10 19:25:00,865.3472411445551,OK
2024-11-10 19:30:00,858.2228722036459,OK
2024-11-10 19:35:00,860.8929798468283,OK
2024-11-10 19:40:00,865.6194099874217,OK
2024-11-10 19:45:00,870.438312934201,OK
2024-11-10 19:50:00,860.4679988009134,OK
2024-11-10 19:55:00,889.0380135470599,OK
2024-11-10 20:00:00,863.5619284286845,OK
2024-11-10 20:05:00,850.0408436632304,OK
2024-11-10 20:10:00,879.8892543872112,OK
2024-11-10 20:15:00,872.0085993081958,OK
2024-11-10 20:20:00,870.8137539680046,OK
2024-11-10 20:25:00,874.9985455727514,OK
2024-11-10 20:30:00,863.9948710893101,OK
2024-11-10 20:35:00,869.2255583398194,OK
2024-11-10 20:40:00,873.0274010892493,OK
2024-11-10 20:45:00,868.3992709732024,OK
2024-11-10 20:50:00,874.687148057907,OK
2024-11-10 20:55:00,852.4333295369936,OK
2024-11-10 21:00:00,876.4674647084826,OK
2024-11-10 21:05:00,878.8682134595717,OK
2024-11-10 21:10:00,0.0,OK
2024-11-10 21:15:00,0.0,OK
2024-11-10 21:20:00,0.0,OK
2024-11-10 21:25:00,895.3509967880541,OK
2024-11-10 21:30:00,903.0674936557721,OK
2024-11-10 21:35:00,887.223493172176,OK
2024-11-10 21:40:00,877.6121195569967,OK
2024-11-10 21:45:00,888.5780697377444,OK
2024-11-10 21:50:00,894.0081192904947,OK
2024-11-10 21:55:00,904.8227072495295,OK
2024-11-10 22:00:00,890.0260737663431,OK
2024-11-10 22:05:00,890.1598790808024,OK
2024-11-10 22:10:00,909.9701497187982,OK
2024-11-10 22:15:00,891.874044162033,OK
2024-11-10 22:20:00,0.0,OK
2024-11-10 22:25:00,0.0,OK
2024-11-10 22:30:00,0.0,OK
2024-11-10 22:35:00,901.1372810139022,OK
2024-11-10 22:40:00,905.3251812523522,OK
2024-11-10 22:45:00,906.2718910102894,OK
2024-11-10 22:50:00,926.9652404510317,OK
2024-11-10 22:55:00,924.8149967507097,OK
2024-11-10 23:00:00,921.2146539016989,OK
2024-11-10 23:05:00,918.16114407939,OK
2024-11-10 23:10:00,918.6514292354229,OK
2024-11-10 23:15:00,0.0,OK
2024-11-10 23:20:00,0.0,OK
2024-11-10 23:25:00,0.0,OK
2024-11-10 23:30:00,940.0770266678188,OK
2024-11-10 23:35:00,936.8154495977493,OK
2024-11-10 23:40:00,948.2743587377648,OK
2024-11-10 23:45:00,946.2239141476616,OK
2024-11-10 23:50:00,945.6056635439465,OK
2024-11-10 23:55:00,974.0483287147904,OK
