timestamp,eev_position_pct,data_quality_flag
2024-11-01 00:00:00,49.999999999994955,OK
2024-11-01 00:05:00,49.99999999999439,OK
2024-11-01 00:10:00,49.99999999999563,OK
2024-11-01 00:15:00,50.00000000000001,OK
2024-11-01 00:20:00,50.0000000000001,OK
2024-11-01 00:25:00,49.999999999999865,OK
2024-11-01 00:30:00,50.000000000000135,OK
2024-11-01 00:35:00,49.999999999999886,OK
2024-11-01 00:40:00,49.99999999999996,OK
2024-11-01 00:45:00,49.99999999999987,OK
2024-11-01 00:50:00,50.0,OK
2024-11-01 00:55:00,49.999999999999986,OK
2024-11-01 01:00:00,49.99999999999994,OK
2024-11-01 01:05:00,50.00000000000007,OK
2024-11-01 01:10:00,50.00000000000023,OK
2024-11-01 01:15:00,50.00000000000013,OK
2024-11-01 01:20:00,49.99999999999967,OK
2024-11-01 01:25:00,49.99999999999997,OK
2024-11-01 01:30:00,50.00000000000011,OK
2024-11-01 01:35:00,49.999999999999844,OK
2024-11-01 01:40:00,49.9999999999997,OK
2024-11-01 01:45:00,49.99999999999984,OK
2024-11-01 01:50:00,49.999999999999865,OK
2024-11-01 01:55:00,49.99999999999982,OK
2024-11-01 02:00:00,49.999999999999716,OK
2024-11-01 02:05:00,49.999999999885375,OK
2024-11-01 02:10:00,49.99999999999987,OK
2024-11-01 02:15:00,50.00000000000013,OK
2024-11-01 02:20:00,49.9999999999997,OK
2024-11-01 02:25:00,49.99999999999979,OK
2024-11-01 02:30:00,49.99999999999963,OK
2024-11-01 02:35:00,49.99999999999964,OK
2024-11-01 02:40:00,49.99999999999983,OK
2024-11-01 02:45:00,49.99999999999907,OK
2024-11-01 02:50:00,49.99999999999959,OK
2024-11-01 02:55:00,49.999999999999815,OK
2024-11-01 03:00:00,49.99999999999993,OK
2024-11-01 03:05:00,49.99999999999994,OK
2024-11-01 03:10:00,50.000000000008455,OK
2024-11-01 03:15:00,49.99999999999965,OK
2024-11-01 03:20:00,49.999999999999474,OK
2024-11-01 03:25:00,49.99999999999951,OK
2024-11-01 03:30:00,49.99999999999924,OK
2024-11-01 03:35:00,49.99999999999923,OK
2024-11-01 03:40:00,49.99999999999907,OK
2024-11-01 03:45:00,49.99999999999953,OK
2024-11-01 03:50:00,49.99999999999953,OK
2024-11-01 03:55:00,49.99999999999938,OK
2024-11-01 04:00:00,49.9999999999988,OK
2024-11-01 04:05:00,49.999999999999226,OK
2024-11-01 04:10:00,50.00000000003858,OK
2024-11-01 04:15:00,50.000000000004746,OK
2024-11-01 04:20:00,50.000000000005684,OK
2024-11-01 04:25:00,49.99999999999957,OK
2024-11-01 04:30:00,49.99999999999895,OK
2024-11-01 04:35:00,49.99999999999778,OK
2024-11-01 04:40:00,49.999999999998224,OK
2024-11-01 04:45:00,49.99999999999926,OK
2024-11-01 04:50:00,49.999999999998494,OK
2024-11-01 04:55:00,49.99999999999869,OK
2024-11-01 05:00:00,49.999999999999126,OK
2024-11-01 05:05:00,49.999999999999076,OK
2024-11-01 05:10:00,49.99999999999895,OK
2024-11-01 05:15:00,49.999999999998636,OK
2024-11-01 05:20:00,49.999999999998856,OK
2024-11-01 05:25:00,49.99999999999896,OK
2024-11-01 05:30:00,50.000000000017195,OK
2024-11-01 05:35:00,50.000000000075815,OK
2024-11-01 05:40:00,50.00000000004944,OK
2024-11-01 05:45:00,49.99999999999901,OK
2024-11-01 05:50:00,49.999999999998195,OK
2024-11-01 05:55:00,49.999999999998735,OK
2024-11-01 06:00:00,49.99999999999831,OK
2024-11-01 06:05:00,49.999999999996916,OK
2024-11-01 06:10:00,49.99999999999753,OK
2024-11-01 06:15:00,49.999999999998224,OK
2024-11-01 06:20:00,49.999999999998636,OK
2024-11-01 06:25:00,49.99999999999855,OK
2024-11-01 06:30:00,49.99999999999859,OK
2024-11-01 06:35:00,49.99999999999905,OK
2024-11-01 06:40:00,49.99999999999814,OK
2024-11-01 06:45:00,49.99999999999865,OK
2024-11-01 06:50:00,49.99999999999897,OK
2024-11-01 06:55:00,49.99999999999822,OK
2024-11-01 07:00:00,50.000000000137845,OK
2024-11-01 07:05:00,49.99999999997552,OK
2024-11-01 07:10:00,50.000000000026894,OK
2024-11-01 07:15:00,49.99999999999869,OK
2024-11-01 07:20:00,49.99999999999909,OK
2024-11-01 07:25:00,49.999999999998764,OK
2024-11-01 07:30:00,49.999999999999055,OK
2024-11-01 07:35:00,49.99999999999879,OK
2024-11-01 07:40:00,49.999999999999154,OK
2024-11-01 07:45:00,49.999999999999,OK
2024-11-01 07:50:00,49.999999999998934,OK
2024-11-01 07:55:00,49.99999999999923,OK
2024-11-01 08:00:00,50.00000000014129,OK
2024-11-01 08:05:00,50.00000000007482,OK
2024-11-01 08:10:00,50.00000000009719,OK
2024-11-01 08:15:00,49.99999999999976,OK
2024-11-01 08:20:00,49.999999999999176,OK
2024-11-01 08:25:00,49.999999999999496,OK
2024-11-01 08:30:00,49.99999999999913,OK
2024-11-01 08:35:00,49.99999999999909,OK
2024-11-01 08:40:00,49.99999999999892,OK
2024-11-01 08:45:00,49.99999999999905,OK
2024-11-01 08:50:00,49.99999999999902,OK
2024-11-01 08:55:00,50.00000000000046,OK
2024-11-01 09:00:00,50.00000000000425,OK
2024-11-01 09:05:00,50.000000000000355,OK
2024-11-01 09:10:00,49.999999999999524,OK
2024-11-01 09:15:00,49.999999999999794,OK
2024-11-01 09:20:00,49.999999999999346,OK
2024-11-01 09:25:00,49.999999999999886,OK
2024-11-01 09:30:00,49.99999999999953,OK
2024-11-01 09:35:00,49.99999999999939,OK
2024-11-01 09:40:00,49.99999999999957,OK
2024-11-01 09:45:00,49.999999999999815,OK
2024-11-01 09:50:00,50.00000000000011,OK
2024-11-01 09:55:00,50.00000000000037,OK
2024-11-01 10:00:00,49.99999999996547,OK
2024-11-01 10:05:00,49.99999999999982,OK
2024-11-01 10:10:00,49.999999999999844,OK
2024-11-01 10:15:00,49.99999999999979,OK
2024-11-01 10:20:00,49.99999999999959,OK
2024-11-01 10:25:00,49.99999999999997,OK
2024-11-01 10:30:00,49.99999999999973,OK
2024-11-01 10:35:00,50.000000000000064,OK
2024-11-01 10:40:00,49.99999999999966,OK
2024-11-01 10:45:00,50.00000000000013,OK
2024-11-01 10:50:00,49.999999999999915,OK
2024-11-01 10:55:00,50.00000000000007,OK
2024-11-01 11:00:00,49.999999999999986,OK
2024-11-01 11:05:00,50.0000000000001,OK
2024-11-01 11:10:00,49.99999999999991,OK
2024-11-01 11:15:00,49.9999999999997,OK
2024-11-01 11:20:00,49.999999999999694,OK
2024-11-01 11:25:00,49.99999999999987,OK
2024-11-01 11:30:00,50.00000000000004,OK
2024-11-01 11:35:00,49.99999999999992,OK
2024-11-01 11:40:00,49.999999999999865,OK
2024-11-01 11:45:00,50.00000000000006,OK
2024-11-01 11:50:00,49.99999999999964,OK
2024-11-01 11:55:00,49.999999999999865,OK
2024-11-01 12:00:00,49.99999999999879,OK
2024-11-01 12:05:00,49.99999999999815,OK
2024-11-01 12:10:00,49.99999999999575,OK
2024-11-01 12:15:00,50.00000000000003,OK
2024-11-01 12:20:00,49.99999999999997,OK
2024-11-01 12:25:00,49.9999999999999,OK
2024-11-01 12:30:00,49.999999999999936,OK
2024-11-01 12:35:00,50.000000000000085,OK
2024-11-01 12:40:00,49.99999999999993,OK
2024-11-01 12:45:00,50.00000000000014,OK
2024-11-01 12:50:00,50.00000000000004,OK
2024-11-01 12:55:00,50.00000000000014,OK
2024-11-01 13:00:00,49.99999999999989,OK
2024-11-01 13:05:00,50.000000000000135,OK
2024-11-01 13:10:00,49.999999999999936,OK
2024-11-01 13:15:00,50.00000000000007,OK
2024-11-01 13:20:00,49.999999999999986,OK
2024-11-01 13:25:00,49.99999999996602,OK
2024-11-01 13:30:00,49.999999999968466,OK
2024-11-01 13:35:00,49.99999999995795,OK
2024-11-01 13:40:00,50.000000000000036,OK
2024-11-01 13:45:00,49.9999999999999,OK
2024-11-01 13:50:00,50.000000000000426,OK
2024-11-01 13:55:00,49.99999999999973,OK
2024-11-01 14:00:00,49.99999999999987,OK
2024-11-01 14:05:00,50.00000000000006,OK
2024-11-01 14:10:00,49.999999999999865,OK
2024-11-01 14:15:00,50.000000000000114,OK
2024-11-01 14:20:00,50.00000000000001,OK
2024-11-01 14:25:00,50.00000000000013,OK
2024-11-01 14:30:00,50.00000000000006,OK
2024-11-01 14:35:00,49.999999999999986,OK
2024-11-01 14:40:00,50.00000000000006,OK
2024-11-01 14:45:00,50.000000000000135,OK
2024-11-01 14:50:00,49.99999999999987,OK
2024-11-01 14:55:00,50.000000000000085,OK
2024-11-01 15:00:00,50.00000000000007,OK
2024-11-01 15:05:00,49.999999999999986,OK
2024-11-01 15:10:00,49.999999999999915,OK
2024-11-01 15:15:00,50.000000000000036,OK
2024-11-01 15:20:00,49.99999999999993,OK
2024-11-01 15:25:00,49.99999999999993,OK
2024-11-01 15:30:00,49.99999999999967,OK
2024-11-01 15:35:00,50.00000000000011,OK
2024-11-01 15:40:00,50.00000000000011,OK
2024-11-01 15:45:00,49.99999999999994,OK
2024-11-01 15:50:00,49.99999999999999,OK
2024-11-01 15:55:00,49.99999999999996,OK
2024-11-01 16:00:00,50.000000000000085,OK
2024-11-01 16:05:00,49.99999999999999,OK
2024-11-01 16:10:00,49.99999999999993,OK
2024-11-01 16:15:00,50.000000000000036,OK
2024-11-01 16:20:00,49.999999999999936,OK
2024-11-01 16:25:00,50.00000000000007,OK
2024-11-01 16:30:00,49.999999999999865,OK
2024-11-01 16:35:00,49.99999999999961,OK
2024-11-01 16:40:00,50.000000000000085,OK
2024-11-01 16:45:00,50.0,OK
2024-11-01 16:50:00,49.999999999999964,OK
2024-11-01 16:55:00,49.99999999999992,OK
2024-11-01 17:00:00,50.00000000000011,OK
2024-11-01 17:05:00,50.000000000000036,OK
2024-11-01 17:10:00,49.999999999999936,OK
2024-11-01 17:15:00,50.00000000000014,OK
2024-11-01 17:20:00,49.999999999999886,OK
2024-11-01 17:25:00,49.999999999999936,OK
2024-11-01 17:30:00,50.000000000000085,OK
2024-11-01 17:35:00,49.99999999999985,OK
2024-11-01 17:40:00,49.99999999999994,OK
2024-11-01 17:45:00,49.99999999999996,OK
2024-11-01 17:50:00,50.00000000000008,OK
2024-11-01 17:55:00,49.99999999999958,OK
2024-11-01 18:00:00,49.99999999999987,OK
2024-11-01 18:05:00,49.99999999999996,OK
2024-11-01 18:10:00,49.99999999999986,OK
2024-11-01 18:15:00,49.99999999999987,OK
2024-11-01 18:20:00,50.00000000000013,OK
2024-11-01 18:25:00,49.99999999999992,OK
2024-11-01 18:30:00,50.00000000000011,OK
2024-11-01 18:35:00,49.9999999999999,OK
2024-11-01 18:40:00,49.99999999999992,OK
2024-11-01 18:45:00,50.000000000000085,OK
2024-11-01 18:50:00,50.00000000000006,OK
2024-11-01 18:55:00,49.99999999999994,OK
2024-11-01 19:00:00,49.99999999999997,OK
2024-11-01 19:05:00,50.0,OK
2024-11-01 19:10:00,49.99999999999989,OK
2024-11-01 19:15:00,50.00000000000007,OK
2024-11-01 19:20:00,50.00000000000011,OK
2024-11-01 19:25:00,49.99999999999999,OK
2024-11-01 19:30:00,50.000000000000156,OK
2024-11-01 19:35:00,49.999999999999986,OK
2024-11-01 19:40:00,49.99999999999994,OK
2024-11-01 19:45:00,49.999999999999865,OK
2024-11-01 19:50:00,50.00000000000014,OK
2024-11-01 19:55:00,50.000000000000284,OK
2024-11-01 20:00:00,50.000000000000014,OK
2024-11-01 20:05:00,50.00000000000007,OK
2024-11-01 20:10:00,50.00000000000011,OK
2024-11-01 20:15:00,49.999999999999915,OK
2024-11-01 20:20:00,49.99999999999988,OK
2024-11-01 20:25:00,50.00000000000007,OK
2024-11-01 20:30:00,49.99999999999997,OK
2024-11-01 20:35:00,50.00000000000013,OK
2024-11-01 20:40:00,49.99999999999992,OK
2024-11-01 20:45:00,50.000000000000085,OK
2024-11-01 20:50:00,49.99999999999997,OK
2024-11-01 20:55:00,49.99999999999993,OK
2024-11-01 21:00:00,50.000000000000114,OK
2024-11-01 21:05:00,49.999999999999865,OK
2024-11-01 21:10:00,50.00000000000013,OK
2024-11-01 21:15:00,50.000000000000036,OK
2024-11-01 21:20:00,49.99999999999987,OK
2024-11-01 21:25:00,49.99999999999999,OK
2024-11-01 21:30:00,49.99999999999988,OK
2024-11-01 21:35:00,49.99999999999992,OK
2024-11-01 21:40:00,49.999999999999915,OK
2024-11-01 21:45:00,50.00000000000011,OK
2024-11-01 21:50:00,49.999999999999886,OK
2024-11-01 21:55:00,49.999999999999865,OK
2024-11-01 22:00:00,50.000000000000185,OK
2024-11-01 22:05:00,49.99999999999997,OK
2024-11-01 22:10:00,50.00000000000014,OK
2024-11-01 22:15:00,49.999999999999865,OK
2024-11-01 22:20:00,49.99999999999994,OK
2024-11-01 22:25:00,49.99999999999999,OK
2024-11-01 22:30:00,50.000000000000036,OK
2024-11-01 22:35:00,49.99999999997199,OK
2024-11-01 22:40:00,49.99999999995026,OK
2024-11-01 22:45:00,49.99999999996133,OK
2024-11-01 22:50:00,49.99999999999999,OK
2024-11-01 22:55:00,50.00000000000013,OK
2024-11-01 23:00:00,50.000000000000014,OK
2024-11-01 23:05:00,49.99999999999997,OK
2024-11-01 23:10:00,49.99999999999994,OK
2024-11-01 23:15:00,50.000000000000014,OK
2024-11-01 23:20:00,50.00000000000004,OK
2024-11-01 23:25:00,50.00000000000001,OK
2024-11-01 23:30:00,50.000000000000014,OK
2024-11-01 23:35:00,50.00000000000006,OK
2024-11-01 23:40:00,49.99999999999666,OK
2024-11-01 23:45:00,49.99999999999437,OK
2024-11-01 23:50:00,49.99999999999858,OK
2024-11-01 23:55:00,49.999999999999986,OK
2024-11-02 00:00:00,49.99999999999996,OK
2024-11-02 00:05:00,49.999999999999886,OK
2024-11-02 00:10:00,49.999999999999616,OK
2024-11-02 00:15:00,50.0,OK
2024-11-02 00:20:00,50.000000000000014,OK
2024-11-02 00:25:00,49.99999999999966,OK
2024-11-02 00:30:00,49.99999999999961,OK
2024-11-02 00:35:00,50.00000000000006,OK
2024-11-02 00:40:00,50.0000000000001,OK
2024-11-02 00:45:00,50.000000000000085,OK
2024-11-02 00:50:00,50.00000000000001,OK
2024-11-02 00:55:00,49.99999999999986,OK
2024-11-02 01:00:00,49.99999999999994,OK
2024-11-02 01:05:00,49.999999999999986,OK
2024-11-02 01:10:00,49.99999999999967,OK
2024-11-02 01:15:00,49.99999999999987,OK
2024-11-02 01:20:00,49.99999999999986,OK
2024-11-02 01:25:00,49.99999999999975,OK
2024-11-02 01:30:00,49.9999999999997,OK
2024-11-02 01:35:00,49.99999999999983,OK
2024-11-02 01:40:00,49.999999999999694,OK
2024-11-02 01:45:00,49.99999999999973,OK
2024-11-02 01:50:00,49.9999999999996,OK
2024-11-02 01:55:00,49.99999999999989,OK
2024-11-02 02:00:00,49.99999999998746,OK
2024-11-02 02:05:00,49.99999999999986,OK
2024-11-02 02:10:00,50.00000000005032,OK
2024-11-02 02:15:00,49.999999999999694,OK
2024-11-02 02:20:00,49.999999999999766,OK
2024-11-02 02:25:00,49.999999999999694,OK
2024-11-02 02:30:00,49.999999999999694,OK
2024-11-02 02:35:00,49.999999999999595,OK
2024-11-02 02:40:00,49.99999999999983,OK
2024-11-02 02:45:00,49.99999999999969,OK
2024-11-02 02:50:00,49.99999999999959,OK
2024-11-02 02:55:00,49.99999999999972,OK
2024-11-02 03:00:00,49.99999999999958,OK
2024-11-02 03:05:00,49.999999999999616,OK
2024-11-02 03:10:00,50.00000000000039,OK
2024-11-02 03:15:00,50.00000000000053,OK
2024-11-02 03:20:00,50.0000000000002,OK
2024-11-02 03:25:00,49.9999999999994,OK
2024-11-02 03:30:00,49.99999999999948,OK
2024-11-02 03:35:00,49.9999999999993,OK
2024-11-02 03:40:00,49.999999999999616,OK
2024-11-02 03:45:00,49.999999999999226,OK
2024-11-02 03:50:00,49.9999999999993,OK
2024-11-02 03:55:00,49.99999999999952,OK
2024-11-02 04:00:00,49.99999999999851,OK
2024-11-02 04:05:00,49.99999999999953,OK
2024-11-02 04:10:00,50.00000000000105,OK
2024-11-02 04:15:00,50.0000000000083,OK
2024-11-02 04:20:00,50.00000000000925,OK
2024-11-02 04:25:00,49.99999999999883,OK
2024-11-02 04:30:00,49.999999999998025,OK
2024-11-02 04:35:00,,MISSING
2024-11-02 04:40:00,,MISSING
2024-11-02 04:45:00,49.99999999999847,OK
2024-11-02 04:50:00,49.999999999998494,OK
2024-11-02 04:55:00,49.99999999999845,OK
2024-11-02 05:00:00,49.9999999999989,OK
2024-11-02 05:05:00,49.999999999998025,OK
2024-11-02 05:10:00,49.99999999999821,OK
2024-11-02 05:15:00,49.999999999999275,OK
2024-11-02 05:20:00,49.99999999999843,OK
2024-11-02 05:25:00,49.999999999998806,OK
2024-11-02 05:30:00,49.999999999998494,OK
2024-11-02 05:35:00,50.00000000006079,OK
2024-11-02 05:40:00,50.00000000003304,OK
2024-11-02 05:45:00,50.00000000004766,OK
2024-11-02 05:50:00,49.99999999999925,OK
2024-11-02 05:55:00,49.99999999999798,OK
2024-11-02 06:00:00,49.99999999999919,OK
2024-11-02 06:05:00,49.99999999999828,OK
2024-11-02 06:10:00,49.99999999999894,OK
2024-11-02 06:15:00,49.99999999999861,OK
2024-11-02 06:20:00,49.9999999999988,OK
2024-11-02 06:25:00,49.99999999999916,OK
2024-11-02 06:30:00,50.00000000021481,OK
2024-11-02 06:35:00,49.99999999985498,OK
2024-11-02 06:40:00,50.00000000004029,OK
2024-11-02 06:45:00,49.99999999999882,OK
2024-11-02 06:50:00,49.99999999999928,OK
2024-11-02 06:55:00,49.99999999999873,OK
2024-11-02 07:00:00,49.99999999999862,OK
2024-11-02 07:05:00,49.999999999999424,OK
2024-11-02 07:10:00,49.99999999999929,OK
2024-11-02 07:15:00,49.99999999999923,OK
2024-11-02 07:20:00,49.999999999999055,OK
2024-11-02 07:25:00,49.99999999999961,OK
2024-11-02 07:30:00,49.99999999999904,OK
2024-11-02 07:35:00,50.000000000018744,OK
2024-11-02 07:40:00,50.000000000008846,OK
2024-11-02 07:45:00,50.0000000000268,OK
2024-11-02 07:50:00,49.999999999999346,OK
2024-11-02 07:55:00,49.99999999999946,OK
2024-11-02 08:00:00,49.99999999999906,OK
2024-11-02 08:05:00,49.99999999999907,OK
2024-11-02 08:10:00,49.99999999999869,OK
2024-11-02 08:15:00,49.99999999999935,OK
2024-11-02 08:20:00,49.99999999999932,OK
2024-11-02 08:25:00,49.99999999999942,OK
2024-11-02 08:30:00,49.99999999999977,OK
2024-11-02 08:35:00,49.999999999999446,OK
2024-11-02 08:40:00,49.99999999999949,OK
2024-11-02 08:45:00,49.99999999999932,OK
2024-11-02 08:50:00,50.00000000002315,OK
2024-11-02 08:55:00,50.000000000006054,OK
2024-11-02 09:00:00,50.00000000000013,OK
2024-11-02 09:05:00,49.9999999999993,OK
2024-11-02 09:10:00,49.99999999999935,OK
2024-11-02 09:15:00,49.999999999999766,OK
2024-11-02 09:20:00,49.999999999999794,OK
2024-11-02 09:25:00,49.999999999999766,OK
2024-11-02 09:30:00,49.99999999999969,OK
2024-11-02 09:35:00,49.999999999999616,OK
2024-11-02 09:40:00,49.99999999999981,OK
2024-11-02 09:45:00,49.99999999999986,OK
2024-11-02 09:50:00,49.99999999999933,OK
2024-11-02 09:55:00,50.000000000000014,OK
2024-11-02 10:00:00,49.99999999999961,OK
2024-11-02 10:05:00,50.0000000000003,OK
2024-11-02 10:10:00,49.99999999999979,OK
2024-11-02 10:15:00,49.99999999999994,OK
2024-11-02 10:20:00,49.99999999999978,OK
2024-11-02 10:25:00,49.99999999999987,OK
2024-11-02 10:30:00,49.999999999999794,OK
2024-11-02 10:35:00,49.99999999999993,OK
2024-11-02 10:40:00,49.999999999999886,OK
2024-11-02 10:45:00,50.00000000000007,OK
2024-11-02 10:50:00,50.00000000000006,OK
2024-11-02 10:55:00,49.999999999999865,OK
2024-11-02 11:00:00,50.00000000000008,OK
2024-11-02 11:05:00,49.99999999999885,OK
2024-11-02 11:10:00,49.99999999999975,OK
2024-11-02 11:15:00,49.99999999999943,OK
2024-11-02 11:20:00,50.00000000000014,OK
2024-11-02 11:25:00,50.000000000000014,OK
2024-11-02 11:30:00,49.999999999999936,OK
2024-11-02 11:35:00,50.000000000000014,OK
2024-11-02 11:40:00,49.99999999999987,OK
2024-11-02 11:45:00,49.99999999999998,OK
2024-11-02 11:50:00,50.00000000000007,OK
2024-11-02 11:55:00,49.999999999999936,OK
2024-11-02 12:00:00,50.00000000000008,OK
2024-11-02 12:05:00,50.000000000000036,OK
2024-11-02 12:10:00,49.99999999999986,OK
2024-11-02 12:15:00,50.00000000000011,OK
2024-11-02 12:20:00,49.99999999999551,OK
2024-11-02 12:25:00,49.99999999999646,OK
2024-11-02 12:30:00,49.999999999984595,OK
2024-11-02 12:35:00,49.99999999999998,OK
2024-11-02 12:40:00,50.000000000000014,OK
2024-11-02 12:45:00,49.999999999999574,OK
2024-11-02 12:50:00,49.9999999999999,OK
2024-11-02 12:55:00,49.99999999999999,OK
2024-11-02 13:00:00,50.00000000000013,OK
2024-11-02 13:05:00,50.000000000000085,OK
2024-11-02 13:10:00,50.000000000000085,OK
2024-11-02 13:15:00,49.9999999999999,OK
2024-11-02 13:20:00,49.999999999963535,OK
2024-11-02 13:25:00,49.999999999946084,OK
2024-11-02 13:30:00,49.999999999929955,OK
2024-11-02 13:35:00,50.0,OK
2024-11-02 13:40:00,50.00000000000008,OK
2024-11-02 13:45:00,49.99999999999993,OK
2024-11-02 13:50:00,49.99999999999994,OK
2024-11-02 13:55:00,49.99999999999993,OK
2024-11-02 14:00:00,49.99999999999976,OK
2024-11-02 14:05:00,49.99999999999979,OK
2024-11-02 14:10:00,49.999999999999986,OK
2024-11-02 14:15:00,50.00000000000003,OK
2024-11-02 14:20:00,50.000000000000036,OK
2024-11-02 14:25:00,49.999999999999936,OK
2024-11-02 14:30:00,49.9999999999999,OK
2024-11-02 14:35:00,49.999999999999986,OK
2024-11-02 14:40:00,50.000000000000156,OK
2024-11-02 14:45:00,50.00000000000006,OK
2024-11-02 14:50:00,50.00000000000027,OK
2024-11-02 14:55:00,49.9999999999999,OK
2024-11-02 15:00:00,50.0,OK
2024-11-02 15:05:00,50.00000000000014,OK
2024-11-02 15:10:00,49.99999999999991,OK
2024-11-02 15:15:00,50.000000000000036,OK
2024-11-02 15:20:00,50.0,OK
2024-11-02 15:25:00,49.99999999999992,OK
2024-11-02 15:30:00,49.9999999999999,OK
2024-11-02 15:35:00,49.99999999999972,OK
2024-11-02 15:40:00,50.00000000000011,OK
2024-11-02 15:45:00,50.00000000000014,OK
2024-11-02 15:50:00,50.00000000000008,OK
2024-11-02 15:55:00,49.99999999999995,OK
2024-11-02 16:00:00,49.99999999999997,OK
2024-11-02 16:05:00,50.000000000000135,OK
2024-11-02 16:10:00,50.00000000000011,OK
2024-11-02 16:15:00,50.00000000000001,OK
2024-11-02 16:20:00,49.99999999999996,OK
2024-11-02 16:25:00,49.999999999999915,OK
2024-11-02 16:30:00,50.000000000000036,OK
2024-11-02 16:35:00,49.9999999999997,OK
2024-11-02 16:40:00,50.00000000000004,OK
2024-11-02 16:45:00,49.99999999999999,OK
2024-11-02 16:50:00,50.00000000000021,OK
2024-11-02 16:55:00,50.000000000000036,OK
2024-11-02 17:00:00,50.000000000000036,OK
2024-11-02 17:05:00,49.999999999999936,OK
2024-11-02 17:10:00,49.999999999999964,OK
2024-11-02 17:15:00,49.99999999999996,OK
2024-11-02 17:20:00,49.9999999999999,OK
2024-11-02 17:25:00,50.00000000000013,OK
2024-11-02 17:30:00,49.99999999999996,OK
2024-11-02 17:35:00,50.000000000000014,OK
2024-11-02 17:40:00,50.000000000000014,OK
2024-11-02 17:45:00,50.000000000000036,OK
2024-11-02 17:50:00,49.99999999999993,OK
2024-11-02 17:55:00,49.999999999999915,OK
2024-11-02 18:00:00,49.99999999999993,OK
2024-11-02 18:05:00,49.99999999999997,OK
2024-11-02 18:10:00,49.999999999999964,OK
2024-11-02 18:15:00,50.00000000000001,OK
2024-11-02 18:20:00,49.999999999999865,OK
2024-11-02 18:25:00,50.0,OK
2024-11-02 18:30:00,49.999999999999865,OK
2024-11-02 18:35:00,49.999999999999716,OK
2024-11-02 18:40:00,50.000000000000085,OK
2024-11-02 18:45:00,49.99999999999986,OK
2024-11-02 18:50:00,50.0,OK
2024-11-02 18:55:00,50.00000000000007,OK
2024-11-02 19:00:00,50.00000000000013,OK
2024-11-02 19:05:00,50.00000000000011,OK
2024-11-02 19:10:00,50.00000000000011,OK
2024-11-02 19:15:00,50.00000000000033,OK
2024-11-02 19:20:00,49.99999999999993,OK
2024-11-02 19:25:00,50.00000000000003,OK
2024-11-02 19:30:00,50.000000000000014,OK
2024-11-02 19:35:00,50.000000000000135,OK
2024-11-02 19:40:00,49.99999999999998,OK
2024-11-02 19:45:00,49.99999999999994,OK
2024-11-02 19:50:00,49.99999999999986,OK
2024-11-02 19:55:00,50.000000000000135,OK
2024-11-02 20:00:00,50.00000000000011,OK
2024-11-02 20:05:00,50.000000000000014,OK
2024-11-02 20:10:00,50.0,OK
2024-11-02 20:15:00,50.000000000000085,OK
2024-11-02 20:20:00,50.000000000000085,OK
2024-11-02 20:25:00,50.00000000000013,OK
2024-11-02 20:30:00,49.99999999999986,OK
2024-11-02 20:35:00,49.9999999999999,OK
2024-11-02 20:40:00,49.99999999999986,OK
2024-11-02 20:45:00,49.999999999999865,OK
2024-11-02 20:50:00,49.99999999999996,OK
2024-11-02 20:55:00,50.00000000000004,OK
2024-11-02 21:00:00,50.0000000000001,OK
2024-11-02 21:05:00,50.000000000000014,OK
2024-11-02 21:10:00,50.00000000000004,OK
2024-11-02 21:15:00,49.99999999999994,OK
2024-11-02 21:20:00,49.999999999999986,OK
2024-11-02 21:25:00,50.000000000000064,OK
2024-11-02 21:30:00,49.99999999999997,OK
2024-11-02 21:35:00,49.999999999999915,OK
2024-11-02 21:40:00,49.999999999999936,OK
2024-11-02 21:45:00,50.00000000000006,OK
2024-11-02 21:50:00,50.0000000000001,OK
2024-11-02 21:55:00,50.00000000000003,OK
2024-11-02 22:00:00,49.999999999999936,OK
2024-11-02 22:05:00,49.99999999999994,OK
2024-11-02 22:10:00,49.99999999992163,OK
2024-11-02 22:15:00,49.99999999985086,OK
2024-11-02 22:20:00,49.99999999992377,OK
2024-11-02 22:25:00,50.00000000000006,OK
2024-11-02 22:30:00,49.9999999999999,OK
2024-11-02 22:35:00,50.000000000000135,OK
2024-11-02 22:40:00,50.00000000000011,OK
2024-11-02 22:45:00,49.99999999999986,OK
2024-11-02 22:50:00,50.00000000000004,OK
2024-11-02 22:55:00,49.99999999999997,OK
2024-11-02 23:00:00,50.000000000000064,OK
2024-11-02 23:05:00,49.999999999979714,OK
2024-11-02 23:10:00,49.99999999998428,OK
2024-11-02 23:15:00,49.9999999999709,OK
2024-11-02 23:20:00,49.99999999999996,OK
2024-11-02 23:25:00,50.000000000000114,OK
2024-11-02 23:30:00,50.00000000000008,OK
2024-11-02 23:35:00,50.00000000000006,OK
2024-11-02 23:40:00,50.000000000000036,OK
2024-11-02 23:45:00,50.000000000000135,OK
2024-11-02 23:50:00,49.99999999999994,OK
2024-11-02 23:55:00,50.00000000000001,OK
2024-11-03 00:00:00,50.000000000000036,OK
2024-11-03 00:05:00,50.00000000000011,OK
2024-11-03 00:10:00,49.99999999999918,OK
2024-11-03 00:15:00,49.99999999999835,OK
2024-11-03 00:20:00,49.99999999999968,OK
2024-11-03 00:25:00,49.99999999999997,OK
2024-11-03 00:30:00,49.99999999999958,OK
2024-11-03 00:35:00,50.000000000000114,OK
2024-11-03 00:40:00,50.0,OK
2024-11-03 00:45:00,50.000000000000085,OK
2024-11-03 00:50:00,49.99999999999987,OK
2024-11-03 00:55:00,49.999999999999744,OK
2024-11-03 01:00:00,50.00000000000007,OK
2024-11-03 01:05:00,49.9999999999999,OK
2024-11-03 01:10:00,49.9999999999998,OK
2024-11-03 01:15:00,50.00000000000008,OK
2024-11-03 01:20:00,49.99999999999989,OK
2024-11-03 01:25:00,49.999999999999915,OK
2024-11-03 01:30:00,50.000000000000014,OK
2024-11-03 01:35:00,49.99999999999983,OK
2024-11-03 01:40:00,49.9999999999994,OK
2024-11-03 01:45:00,49.99999999999966,OK
2024-11-03 01:50:00,50.00000000000011,OK
2024-11-03 01:55:00,49.99999999999961,OK
2024-11-03 02:00:00,49.99999999999972,OK
2024-11-03 02:05:00,49.999999999999666,OK
2024-11-03 02:10:00,49.99999999999982,OK
2024-11-03 02:15:00,49.99999999999976,OK
2024-11-03 02:20:00,49.999999999999744,OK
2024-11-03 02:25:00,49.999999999999496,OK
2024-11-03 02:30:00,50.000000000000284,OK
2024-11-03 02:35:00,50.00000000000115,OK
2024-11-03 02:40:00,50.00000000000357,OK
2024-11-03 02:45:00,49.999999999999446,OK
2024-11-03 02:50:00,49.999999999998984,OK
2024-11-03 02:55:00,49.99999999999926,OK
2024-11-03 03:00:00,49.99999999999909,OK
2024-11-03 03:05:00,49.99999999999942,OK
2024-11-03 03:10:00,49.999999999999446,OK
2024-11-03 03:15:00,49.999999999998934,OK
2024-11-03 03:20:00,49.999999999999105,OK
2024-11-03 03:25:00,49.999999999999325,OK
2024-11-03 03:30:00,49.999999999999,OK
2024-11-03 03:35:00,49.99999999999919,OK
2024-11-03 03:40:00,49.99999999999865,OK
2024-11-03 03:45:00,49.99999999999875,OK
2024-11-03 03:50:00,49.99999999999873,OK
2024-11-03 03:55:00,49.99999999999797,OK
2024-11-03 04:00:00,49.99999999999845,OK
2024-11-03 04:05:00,50.00000000004674,OK
2024-11-03 04:10:00,49.99999999981648,OK
2024-11-03 04:15:00,50.00000000016957,OK
2024-11-03 04:20:00,49.999999999998494,OK
2024-11-03 04:25:00,49.99999999999715,OK
2024-11-03 04:30:00,49.999999999998394,OK
2024-11-03 04:35:00,49.999999999997556,OK
2024-11-03 04:40:00,49.99999999999777,OK
2024-11-03 04:45:00,49.99999999999869,OK
2024-11-03 04:50:00,49.99999999999809,OK
2024-11-03 04:55:00,49.999999999997435,OK
2024-11-03 05:00:00,49.99999999999794,OK
2024-11-03 05:05:00,49.99999999999727,OK
2024-11-03 05:10:00,49.999999999997584,OK
2024-11-03 05:15:00,49.99999999999761,OK
2024-11-03 05:20:00,49.99999999999669,OK
2024-11-03 05:25:00,49.99999999999734,OK
2024-11-03 05:30:00,49.99999999999751,OK
2024-11-03 05:35:00,49.9999999999962,OK
2024-11-03 05:40:00,49.999999999996746,OK
2024-11-03 05:45:00,50.000000000243915,OK
2024-11-03 05:50:00,49.99999999999994,OK
2024-11-03 05:55:00,50.000000000000036,OK
2024-11-03 06:00:00,49.999999999996064,OK
2024-11-03 06:05:00,49.9999999999971,OK
2024-11-03 06:10:00,49.999999999998195,OK
2024-11-03 06:15:00,49.99999999999712,OK
2024-11-03 06:20:00,49.99999999999848,OK
2024-11-03 06:25:00,49.99999999999776,OK
2024-11-03 06:30:00,49.999999999998025,OK
2024-11-03 06:35:00,49.99999999999686,OK
2024-11-03 06:40:00,49.99999999980503,OK
2024-11-03 06:45:00,50.00000000000018,OK
2024-11-03 06:50:00,50.000000000242025,OK
2024-11-03 06:55:00,49.99999999999734,OK
2024-11-03 07:00:00,49.999999999997954,OK
2024-11-03 07:05:00,49.999999999997904,OK
2024-11-03 07:10:00,49.99999999999777,OK
2024-11-03 07:15:00,49.99999999999815,OK
2024-11-03 07:20:00,49.999999999997655,OK
2024-11-03 07:25:00,49.999999999997215,OK
2024-11-03 07:30:00,49.99999999999835,OK
2024-11-03 07:35:00,49.99999999999834,OK
2024-11-03 07:40:00,49.9999999999974,OK
2024-11-03 07:45:00,49.99999999999808,OK
2024-11-03 07:50:00,49.999999999997584,OK
2024-11-03 07:55:00,49.9999999999971,OK
2024-11-03 08:00:00,49.999999999998536,OK
2024-11-03 08:05:00,49.999999999996795,OK
2024-11-03 08:10:00,49.99999999999862,OK
2024-11-03 08:15:00,49.99999999999805,OK
2024-11-03 08:20:00,50.000000000247766,OK
2024-11-03 08:25:00,50.00000000011358,OK
2024-11-03 08:30:00,50.000000000075495,OK
2024-11-03 08:35:00,49.999999999998536,OK
2024-11-03 08:40:00,49.99999999999892,OK
2024-11-03 08:45:00,49.999999999999034,OK
2024-11-03 08:50:00,49.999999999998586,OK
2024-11-03 08:55:00,49.9999999999989,OK
2024-11-03 09:00:00,49.999999999999396,OK
2024-11-03 09:05:00,49.999999999999325,OK
2024-11-03 09:10:00,49.999999999999325,OK
2024-11-03 09:15:00,49.99999999999909,OK
2024-11-03 09:20:00,49.99999999999953,OK
2024-11-03 09:25:00,50.000000000001336,OK
2024-11-03 09:30:00,50.00000000000117,OK
2024-11-03 09:35:00,50.000000000000625,OK
2024-11-03 09:40:00,49.999999999999574,OK
2024-11-03 09:45:00,49.99999999999956,OK
2024-11-03 09:50:00,49.999999999999424,OK
2024-11-03 09:55:00,49.99999999999905,OK
2024-11-03 10:00:00,49.99999999999962,OK
2024-11-03 10:05:00,49.99999999999954,OK
2024-11-03 10:10:00,49.9999999999997,OK
2024-11-03 10:15:00,49.99999999999954,OK
2024-11-03 10:20:00,49.99999999999993,OK
2024-11-03 10:25:00,50.00000000000007,OK
2024-11-03 10:30:00,49.99999999999993,OK
2024-11-03 10:35:00,49.999999999999744,OK
2024-11-03 10:40:00,50.0,OK
2024-11-03 10:45:00,50.00000000000007,OK
2024-11-03 10:50:00,49.99999999999983,OK
2024-11-03 10:55:00,49.99999999999964,OK
2024-11-03 11:00:00,49.99999999999969,OK
2024-11-03 11:05:00,49.999999999999865,OK
2024-11-03 11:10:00,49.99999999999964,OK
2024-11-03 11:15:00,50.00000000000011,OK
2024-11-03 11:20:00,49.99999999999987,OK
2024-11-03 11:25:00,49.99999999999965,OK
2024-11-03 11:30:00,49.99999999999971,OK
2024-11-03 11:35:00,49.999999999999865,OK
2024-11-03 11:40:00,49.99999999999999,OK
2024-11-03 11:45:00,49.99999999999967,OK
2024-11-03 11:50:00,49.999999999999744,OK
2024-11-03 11:55:00,50.00000000000006,OK
2024-11-03 12:00:00,50.00000000000006,OK
2024-11-03 12:05:00,50.00000000000011,OK
2024-11-03 12:10:00,50.000000000000036,OK
2024-11-03 12:15:00,49.999999999999375,OK
2024-11-03 12:20:00,49.99999999999968,OK
2024-11-03 12:25:00,49.999999999999375,OK
2024-11-03 12:30:00,50.00000000000006,OK
2024-11-03 12:35:00,50.000000000000135,OK
2024-11-03 12:40:00,50.00000000000004,OK
2024-11-03 12:45:00,49.9999999999999,OK
2024-11-03 12:50:00,50.00000000000006,OK
2024-11-03 12:55:00,50.000000000000114,OK
2024-11-03 13:00:00,49.99999999999996,OK
2024-11-03 13:05:00,49.99999999999997,OK
2024-11-03 13:10:00,50.000000000000036,OK
2024-11-03 13:15:00,50.00000000000013,OK
2024-11-03 13:20:00,50.00000000000001,OK
2024-11-03 13:25:00,49.99999999999485,OK
2024-11-03 13:30:00,49.999999999988596,OK
2024-11-03 13:35:00,49.99999999999309,OK
2024-11-03 13:40:00,50.000000000000135,OK
2024-11-03 13:45:00,49.99999999999999,OK
2024-11-03 13:50:00,49.99999999999987,OK
2024-11-03 13:55:00,49.99999999999987,OK
2024-11-03 14:00:00,50.00000000000006,OK
2024-11-03 14:05:00,50.000000000000135,OK
2024-11-03 14:10:00,49.99999999999999,OK
2024-11-03 14:15:00,49.999999999999936,OK
2024-11-03 14:20:00,49.99999999999999,OK
2024-11-03 14:25:00,49.99999999999989,OK
2024-11-03 14:30:00,49.99999999999989,OK
2024-11-03 14:35:00,49.99999999999999,OK
2024-11-03 14:40:00,50.00000000000013,OK
2024-11-03 14:45:00,49.99999999999994,OK
2024-11-03 14:50:00,50.000000000000064,OK
2024-11-03 14:55:00,49.99999999999987,OK
2024-11-03 15:00:00,49.999999999999964,OK
2024-11-03 15:05:00,49.999999999999865,OK
2024-11-03 15:10:00,50.00000000000011,OK
2024-11-03 15:15:00,50.00000000000011,OK
2024-11-03 15:20:00,49.99999999988912,OK
2024-11-03 15:25:00,50.000000000102176,OK
2024-11-03 15:30:00,49.99999999975312,OK
2024-11-03 15:35:00,50.00000000000001,OK
2024-11-03 15:40:00,50.00000000000007,OK
2024-11-03 15:45:00,49.9999999999999,OK
2024-11-03 15:50:00,49.9999999999998,OK
2024-11-03 15:55:00,50.00000000000013,OK
2024-11-03 16:00:00,50.00000000000007,OK
2024-11-03 16:05:00,49.999999999999936,OK
2024-11-03 16:10:00,49.99999999999988,OK
2024-11-03 16:15:00,50.00000000000013,OK
2024-11-03 16:20:00,50.000000000000014,OK
2024-11-03 16:25:00,49.99999999999999,OK
2024-11-03 16:30:00,49.999999999999886,OK
2024-11-03 16:35:00,49.999999999999915,OK
2024-11-03 16:40:00,49.999999999999915,OK
2024-11-03 16:45:00,50.000000000000036,OK
2024-11-03 16:50:00,50.00000000000011,OK
2024-11-03 16:55:00,50.00000000000006,OK
2024-11-03 17:00:00,50.00000000000013,OK
2024-11-03 17:05:00,50.00000000000013,OK
2024-11-03 17:10:00,49.99999999999996,OK
2024-11-03 17:15:00,49.99999999999988,OK
2024-11-03 17:20:00,49.99999999999997,OK
2024-11-03 17:25:00,50.000000000000036,OK
2024-11-03 17:30:00,49.99999999999998,OK
2024-11-03 17:35:00,49.999999999999915,OK
2024-11-03 17:40:00,50.00000000000007,OK
2024-11-03 17:45:00,50.000000000000085,OK
2024-11-03 17:50:00,49.99999999999997,OK
2024-11-03 17:55:00,49.999999999999886,OK
2024-11-03 18:00:00,50.000000000000135,OK
2024-11-03 18:05:00,49.99999999999997,OK
2024-11-03 18:10:00,49.999999999999936,OK
2024-11-03 18:15:00,49.999999999999886,OK
2024-11-03 18:20:00,50.0,OK
2024-11-03 18:25:00,50.00000000000007,OK
2024-11-03 18:30:00,49.99999999999995,OK
2024-11-03 18:35:00,49.99999999999996,OK
2024-11-03 18:40:00,50.000000000000014,OK
2024-11-03 18:45:00,50.000000000000284,OK
2024-11-03 18:50:00,50.000000000000114,OK
2024-11-03 18:55:00,49.99999999999998,OK
2024-11-03 19:00:00,50.000000000000085,OK
2024-11-03 19:05:00,50.00000000000006,OK
2024-11-03 19:10:00,49.99999999999996,OK
2024-11-03 19:15:00,50.00000000000008,OK
2024-11-03 19:20:00,49.99999999999986,OK
2024-11-03 19:25:00,49.999999999999964,OK
2024-11-03 19:30:00,50.00000000000003,OK
2024-11-03 19:35:00,50.000000000000014,OK
2024-11-03 19:40:00,49.99999999999992,OK
2024-11-03 19:45:00,49.99999999999992,OK
2024-11-03 19:50:00,50.000000000000014,OK
2024-11-03 19:55:00,49.99999999999992,OK
2024-11-03 20:00:00,50.000000000000014,OK
2024-11-03 20:05:00,50.00000000000003,OK
2024-11-03 20:10:00,49.9999999999999,OK
2024-11-03 20:15:00,50.00000000000001,OK
2024-11-03 20:20:00,50.00000000000007,OK
2024-11-03 20:25:00,49.999999999999986,OK
2024-11-03 20:30:00,49.999999999999886,OK
2024-11-03 20:35:00,49.999999999999915,OK
2024-11-03 20:40:00,50.00000000000001,OK
2024-11-03 20:45:00,50.00000000000007,OK
2024-11-03 20:50:00,49.99999999999966,OK
2024-11-03 20:55:00,49.99999999999998,OK
2024-11-03 21:00:00,49.99999999999995,OK
2024-11-03 21:05:00,50.0000000000001,OK
2024-11-03 21:10:00,49.9999999999999,OK
2024-11-03 21:15:00,50.00000000000037,OK
2024-11-03 21:20:00,49.999999999908376,OK
2024-11-03 21:25:00,49.999999999910386,OK
2024-11-03 21:30:00,49.99999999994998,OK
2024-11-03 21:35:00,49.999999999999936,OK
2024-11-03 21:40:00,49.999999999999964,OK
2024-11-03 21:45:00,50.00000000000008,OK
2024-11-03 21:50:00,50.00000000000013,OK
2024-11-03 21:55:00,49.999999999999986,OK
2024-11-03 22:00:00,50.000000000000135,OK
2024-11-03 22:05:00,49.999999999999865,OK
2024-11-03 22:10:00,49.999999999999886,OK
2024-11-03 22:15:00,50.00000000000011,OK
2024-11-03 22:20:00,49.99999999999995,OK
2024-11-03 22:25:00,50.000000000000014,OK
2024-11-03 22:30:00,49.999999999999886,OK
2024-11-03 22:35:00,50.00000000000011,OK
2024-11-03 22:40:00,49.99999999999982,OK
2024-11-03 22:45:00,50.00000000000004,OK
2024-11-03 22:50:00,50.00000000000014,OK
2024-11-03 22:55:00,49.99999999999991,OK
2024-11-03 23:00:00,50.00000000000003,OK
2024-11-03 23:05:00,49.99999999999997,OK
2024-11-03 23:10:00,49.9999999999895,OK
2024-11-03 23:15:00,49.99999999999416,OK
2024-11-03 23:20:00,49.999999999995396,OK
2024-11-03 23:25:00,50.000000000000014,OK
2024-11-03 23:30:00,50.00000000000007,OK
2024-11-03 23:35:00,49.999999999999986,OK
2024-11-03 23:40:00,49.99999999999994,OK
2024-11-03 23:45:00,49.99999999999995,OK
2024-11-03 23:50:00,49.999999999999595,OK
2024-11-03 23:55:00,50.00000000000013,OK
2024-11-04 00:00:00,50.000000000000064,OK
2024-11-04 00:05:00,50.000000000000036,OK
2024-11-04 00:10:00,49.999999999999986,OK
2024-11-04 00:15:00,49.99999999999994,OK
2024-11-04 00:20:00,49.99999999999992,OK
2024-11-04 00:25:00,50.00000000000001,OK
2024-11-04 00:30:00,49.99999999999996,OK
2024-11-04 00:35:00,50.00000000000007,OK
2024-11-04 00:40:00,50.00000000000008,OK
2024-11-04 00:45:00,50.000000000000085,OK
2024-11-04 00:50:00,49.9999999999996,OK
2024-11-04 00:55:00,50.000000000000085,OK
2024-11-04 01:00:00,49.99999999999958,OK
2024-11-04 01:05:00,50.000000000000085,OK
2024-11-04 01:10:00,49.999999999965695,OK
2024-11-04 01:15:00,50.00000000000048,OK
2024-11-04 01:20:00,49.99999999999989,OK
2024-11-04 01:25:00,49.9999999999998,OK
2024-11-04 01:30:00,49.99999999999972,OK
2024-11-04 01:35:00,49.999999999999616,OK
2024-11-04 01:40:00,49.99999999999978,OK
2024-11-04 01:45:00,49.99999999999961,OK
2024-11-04 01:50:00,49.99999999999949,OK
2024-11-04 01:55:00,49.9999999999997,OK
2024-11-04 02:00:00,49.999999999999346,OK
2024-11-04 02:05:00,49.999999999999574,OK
2024-11-04 02:10:00,50.00000000003357,OK
2024-11-04 02:15:00,50.0000000001217,OK
2024-11-04 02:20:00,50.00000000002547,OK
2024-11-04 02:25:00,49.99999999999923,OK
2024-11-04 02:30:00,49.999999999999034,OK
2024-11-04 02:35:00,49.99999999999857,OK
2024-11-04 02:40:00,49.99999999999827,OK
2024-11-04 02:45:00,49.99999999999853,OK
2024-11-04 02:50:00,49.99999999999826,OK
2024-11-04 02:55:00,49.99999999999709,OK
2024-11-04 03:00:00,49.99999999999848,OK
2024-11-04 03:05:00,49.999999999997115,OK
2024-11-04 03:10:00,49.999999999997655,OK
2024-11-04 03:15:00,49.999999999998586,OK
2024-11-04 03:20:00,49.99999999999886,OK
2024-11-04 03:25:00,49.99999999999736,OK
2024-11-04 03:30:00,49.99999999999776,OK
2024-11-04 03:35:00,49.999999999997854,OK
2024-11-04 03:40:00,49.99999999999852,OK
2024-11-04 03:45:00,49.999999999996746,OK
2024-11-04 03:50:00,49.999999999997,OK
2024-11-04 03:55:00,49.99999999999788,OK
2024-11-04 04:00:00,49.9999999999966,OK
2024-11-04 04:05:00,49.99999999999757,OK
2024-11-04 04:10:00,49.99999999999538,OK
2024-11-04 04:15:00,49.9999999999968,OK
2024-11-04 04:20:00,49.99999999999517,OK
2024-11-04 04:25:00,49.99999999999598,OK
2024-11-04 04:30:00,49.99999999999781,OK
2024-11-04 04:35:00,49.999999999996795,OK
2024-11-04 04:40:00,49.9999999999966,OK
2024-11-04 04:45:00,49.99999999999581,OK
2024-11-04 04:50:00,49.99999999999592,OK
2024-11-04 04:55:00,49.99999999999672,OK
2024-11-04 05:00:00,49.99999999999715,OK
2024-11-04 05:05:00,49.999999999992454,OK
2024-11-04 05:10:00,49.999999999995055,OK
2024-11-04 05:15:00,49.99999999999622,OK
2024-11-04 05:20:00,49.99999999999609,OK
2024-11-04 05:25:00,49.99999999999652,OK
2024-11-04 05:30:00,49.99999999999632,OK
2024-11-04 05:35:00,49.99999999999587,OK
2024-11-04 05:40:00,49.99999999999552,OK
2024-11-04 05:45:00,49.99999999999638,OK
2024-11-04 05:50:00,49.99999999999784,OK
2024-11-04 05:55:00,49.999999999996135,OK
2024-11-04 06:00:00,49.99999999999634,OK
2024-11-04 06:05:00,49.99999999999653,OK
2024-11-04 06:10:00,49.99999999999762,OK
2024-11-04 06:15:00,49.99999999999653,OK
2024-11-04 06:20:00,49.99999999999737,OK
2024-11-04 06:25:00,49.99999999999777,OK
2024-11-04 06:30:00,49.99999999999684,OK
2024-11-04 06:35:00,49.99999999999708,OK
2024-11-04 06:40:00,49.99999999999712,OK
2024-11-04 06:45:00,49.99999999999713,OK
2024-11-04 06:50:00,49.999999999998145,OK
2024-11-04 06:55:00,49.99999999999712,OK
2024-11-04 07:00:00,49.999999999997314,OK
2024-11-04 07:05:00,49.999999999995694,OK
2024-11-04 07:10:00,49.9999999999957,OK
2024-11-04 07:15:00,49.99999999999835,OK
2024-11-04 07:20:00,49.999999999996874,OK
2024-11-04 07:25:00,49.999999999996234,OK
2024-11-04 07:30:00,49.999999999998046,OK
2024-11-04 07:35:00,49.99999999999751,OK
2024-11-04 07:40:00,49.99999999999766,OK
2024-11-04 07:45:00,49.999999999997335,OK
2024-11-04 07:50:00,49.99999999999757,OK
2024-11-04 07:55:00,49.999999999997364,OK
2024-11-04 08:00:00,49.99999999999716,OK
2024-11-04 08:05:00,49.99999999999807,OK
2024-11-04 08:10:00,49.999999999998266,OK
2024-11-04 08:15:00,49.99999999999894,OK
2024-11-04 08:20:00,49.99999999999818,OK
2024-11-04 08:25:00,49.99999999999629,OK
2024-11-04 08:30:00,49.99999999999821,OK
2024-11-04 08:35:00,49.99999999999906,OK
2024-11-04 08:40:00,50.00000000009072,OK
2024-11-04 08:45:00,49.999999999839524,OK
2024-11-04 08:50:00,50.000000000084,OK
2024-11-04 08:55:00,49.999999999998444,OK
2024-11-04 09:00:00,49.99999999999793,OK
2024-11-04 09:05:00,49.99999999999881,OK
2024-11-04 09:10:00,49.9999999999989,OK
2024-11-04 09:15:00,49.999999999997996,OK
2024-11-04 09:20:00,49.99999999999846,OK
2024-11-04 09:25:00,49.99999999999929,OK
2024-11-04 09:30:00,49.99999999999899,OK
2024-11-04 09:35:00,49.99999999999924,OK
2024-11-04 09:40:00,49.999999999999,OK
2024-11-04 09:45:00,50.000000000006146,OK
2024-11-04 09:50:00,50.00000000004833,OK
2024-11-04 09:55:00,50.00000000000039,OK
2024-11-04 10:00:00,49.99999999999909,OK
2024-11-04 10:05:00,49.99999999999901,OK
2024-11-04 10:10:00,49.99999999999932,OK
2024-11-04 10:15:00,49.99999999999959,OK
2024-11-04 10:20:00,49.999999999999396,OK
2024-11-04 10:25:00,49.99999999999939,OK
2024-11-04 10:30:00,49.99999999999974,OK
2024-11-04 10:35:00,49.999999999999545,OK
2024-11-04 10:40:00,49.999999999999844,OK
2024-11-04 10:45:00,49.99999999999974,OK
2024-11-04 10:50:00,49.99999999999973,OK
2024-11-04 10:55:00,49.9999999999998,OK
2024-11-04 11:00:00,49.9999999999996,OK
2024-11-04 11:05:00,50.00000000000007,OK
2024-11-04 11:10:00,49.999999999968935,OK
2024-11-04 11:15:00,50.000000000000036,OK
2024-11-04 11:20:00,49.999999999999964,OK
2024-11-04 11:25:00,50.000000000000036,OK
2024-11-04 11:30:00,49.99999999999989,OK
2024-11-04 11:35:00,49.9999999999998,OK
2024-11-04 11:40:00,50.00000000000007,OK
2024-11-04 11:45:00,49.999999999999986,OK
2024-11-04 11:50:00,50.00000000000007,OK
2024-11-04 11:55:00,49.99999999999976,OK
2024-11-04 12:00:00,49.99999999999994,OK
2024-11-04 12:05:00,50.00000000000006,OK
2024-11-04 12:10:00,49.99999999999965,OK
2024-11-04 12:15:00,49.99999999999994,OK
2024-11-04 12:20:00,50.000000000000014,OK
2024-11-04 12:25:00,49.999999999999716,OK
2024-11-04 12:30:00,50.000000000000036,OK
2024-11-04 12:35:00,50.00000000000013,OK
2024-11-04 12:40:00,49.99999999999993,OK
2024-11-04 12:45:00,49.99999999999989,OK
2024-11-04 12:50:00,49.99999999999987,OK
2024-11-04 12:55:00,49.999999999999936,OK
2024-11-04 13:00:00,50.00000000000006,OK
2024-11-04 13:05:00,49.99999999999994,OK
2024-11-04 13:10:00,49.99999999999997,OK
2024-11-04 13:15:00,49.999999999987494,OK
2024-11-04 13:20:00,49.9999999999957,OK
2024-11-04 13:25:00,49.99999999993692,OK
2024-11-04 13:30:00,50.000000000000014,OK
2024-11-04 13:35:00,50.00000000000007,OK
2024-11-04 13:40:00,49.999999999999964,OK
2024-11-04 13:45:00,49.999999999999936,OK
2024-11-04 13:50:00,50.000000000000014,OK
2024-11-04 13:55:00,50.000000000000085,OK
2024-11-04 14:00:00,49.99999999999987,OK
2024-11-04 14:05:00,49.999999999999986,OK
2024-11-04 14:10:00,50.0000000000002,OK
2024-11-04 14:15:00,49.99999999994101,OK
2024-11-04 14:20:00,49.99999999993076,OK
2024-11-04 14:25:00,49.99999999993655,OK
2024-11-04 14:30:00,50.0,OK
2024-11-04 14:35:00,50.000000000000135,OK
2024-11-04 14:40:00,49.99999999999998,OK
2024-11-04 14:45:00,49.999999999999865,OK
2024-11-04 14:50:00,50.00000000000007,OK
2024-11-04 14:55:00,50.00000000000006,OK
2024-11-04 15:00:00,49.999999999999936,OK
2024-11-04 15:05:00,49.99999999999986,OK
2024-11-04 15:10:00,49.99999999999996,OK
2024-11-04 15:15:00,49.99999999999993,OK
2024-11-04 15:20:00,49.99999999987358,OK
2024-11-04 15:25:00,49.99999999981654,OK
2024-11-04 15:30:00,49.99999999983835,OK
2024-11-04 15:35:00,49.99999999999961,OK
2024-11-04 15:40:00,50.000000000000014,OK
2024-11-04 15:45:00,49.99999999999994,OK
2024-11-04 15:50:00,49.9999999999999,OK
2024-11-04 15:55:00,50.000000000000135,OK
2024-11-04 16:00:00,50.000000000000014,OK
2024-11-04 16:05:00,50.00000000000013,OK
2024-11-04 16:10:00,49.999999999999936,OK
2024-11-04 16:15:00,49.999999999999865,OK
2024-11-04 16:20:00,49.99999999999992,OK
2024-11-04 16:25:00,49.99999999999999,OK
2024-11-04 16:30:00,50.000000000000036,OK
2024-11-04 16:35:00,50.00000000000003,OK
2024-11-04 16:40:00,49.999999999999964,OK
2024-11-04 16:45:00,50.00000000000007,OK
2024-11-04 16:50:00,49.99999999999994,OK
2024-11-04 16:55:00,49.99999999999991,OK
2024-11-04 17:00:00,49.99999999999991,OK
2024-11-04 17:05:00,50.000000000000085,OK
2024-11-04 17:10:00,49.999999999999936,OK
2024-11-04 17:15:00,49.999999999999964,OK
2024-11-04 17:20:00,49.999999999999865,OK
2024-11-04 17:25:00,50.00000000000011,OK
2024-11-04 17:30:00,49.999999999999886,OK
2024-11-04 17:35:00,49.999999999999936,OK
2024-11-04 17:40:00,50.00000000000007,OK
2024-11-04 17:45:00,49.99999999999987,OK
2024-11-04 17:50:00,50.00000000000013,OK
2024-11-04 17:55:00,49.99999999999987,OK
2024-11-04 18:00:00,49.99999999999993,OK
2024-11-04 18:05:00,50.00000000000011,OK
2024-11-04 18:10:00,49.99999999999987,OK
2024-11-04 18:15:00,49.99999999999997,OK
2024-11-04 18:20:00,49.99999999999988,OK
2024-11-04 18:25:00,50.00000000000004,OK
2024-11-04 18:30:00,49.99999999999994,OK
2024-11-04 18:35:00,50.00000000000006,OK
2024-11-04 18:40:00,50.000000000000135,OK
2024-11-04 18:45:00,50.00000000000003,OK
2024-11-04 18:50:00,49.99999999999992,OK
2024-11-04 18:55:00,50.0000000000001,OK
2024-11-04 19:00:00,50.0,OK
2024-11-04 19:05:00,49.99999999999997,OK
2024-11-04 19:10:00,49.99999999999995,OK
2024-11-04 19:15:00,49.999999999999936,OK
2024-11-04 19:20:00,50.000000000000036,OK
2024-11-04 19:25:00,49.99999999999987,OK
2024-11-04 19:30:00,49.99999999999991,OK
2024-11-04 19:35:00,49.99999999999998,OK
2024-11-04 19:40:00,49.999999999999936,OK
2024-11-04 19:45:00,50.0000000000001,OK
2024-11-04 19:50:00,49.99999999999991,OK
2024-11-04 19:55:00,50.00000000000013,OK
2024-11-04 20:00:00,49.999999999999616,OK
2024-11-04 20:05:00,50.000000000000064,OK
2024-11-04 20:10:00,50.00000000000004,OK
2024-11-04 20:15:00,49.99999999999999,OK
2024-11-04 20:20:00,49.99999999999958,OK
2024-11-04 20:25:00,50.00000000000021,OK
2024-11-04 20:30:00,50.0000000000003,OK
2024-11-04 20:35:00,49.999999999999886,OK
2024-11-04 20:40:00,50.0000000000001,OK
2024-11-04 20:45:00,49.9999999999999,OK
2024-11-04 20:50:00,50.000000000000114,OK
2024-11-04 20:55:00,50.0000000000001,OK
2024-11-04 21:00:00,49.99999999999992,OK
2024-11-04 21:05:00,49.99999999999995,OK
2024-11-04 21:10:00,49.99999999999998,OK
2024-11-04 21:15:00,49.99999999999967,OK
2024-11-04 21:20:00,49.99999999999991,OK
2024-11-04 21:25:00,50.00000000000011,OK
2024-11-04 21:30:00,50.000000000000085,OK
2024-11-04 21:35:00,50.00000000000013,OK
2024-11-04 21:40:00,50.000000000000064,OK
2024-11-04 21:45:00,50.000000000000036,OK
2024-11-04 21:50:00,50.000000000000135,OK
2024-11-04 21:55:00,49.99999999999994,OK
2024-11-04 22:00:00,49.999999999999915,OK
2024-11-04 22:05:00,49.999999999999886,OK
2024-11-04 22:10:00,50.000000000000085,OK
2024-11-04 22:15:00,49.99999999999996,OK
2024-11-04 22:20:00,49.999999999999964,OK
2024-11-04 22:25:00,49.99999999987297,OK
2024-11-04 22:30:00,49.999999999945395,OK
2024-11-04 22:35:00,49.9999999999541,OK
2024-11-04 22:40:00,49.999999999999865,OK
2024-11-04 22:45:00,49.99999999999995,OK
2024-11-04 22:50:00,49.999999999999865,OK
2024-11-04 22:55:00,50.00000000000011,OK
2024-11-04 23:00:00,49.99999999999992,OK
2024-11-04 23:05:00,50.00000000000008,OK
2024-11-04 23:10:00,49.99999999999989,OK
2024-11-04 23:15:00,49.999999999999986,OK
2024-11-04 23:20:00,49.999999999999616,OK
2024-11-04 23:25:00,49.99999999999724,OK
2024-11-04 23:30:00,49.999999999996874,OK
2024-11-04 23:35:00,49.99999999999331,OK
2024-11-04 23:40:00,50.000000000000014,OK
2024-11-04 23:45:00,50.00000000000001,OK
2024-11-04 23:50:00,50.00000000000004,OK
2024-11-04 23:55:00,49.99999999999992,OK
2024-11-05 00:00:00,50.000000000000036,OK
2024-11-05 00:05:00,50.000000000000064,OK
2024-11-05 00:10:00,50.00000000000001,OK
2024-11-05 00:15:00,49.99999999999995,OK
2024-11-05 00:20:00,50.00000000000008,OK
2024-11-05 00:25:00,49.99999999999985,OK
2024-11-05 00:30:00,49.999999999999886,OK
2024-11-05 00:35:00,49.999999999999986,OK
2024-11-05 00:40:00,49.999999999999986,OK
2024-11-05 00:45:00,50.000000000000036,OK
2024-11-05 00:50:00,49.999999999999964,OK
2024-11-05 00:55:00,49.999999999999794,OK
2024-11-05 01:00:00,49.999999999999716,OK
2024-11-05 01:05:00,49.99999999999973,OK
2024-11-05 01:10:00,49.99999999999983,OK
2024-11-05 01:15:00,50.00000000000013,OK
2024-11-05 01:20:00,50.000000000000114,OK
2024-11-05 01:25:00,49.9999999999996,OK
2024-11-05 01:30:00,49.99999999999971,OK
2024-11-05 01:35:00,49.999999999999986,OK
2024-11-05 01:40:00,49.99999999999993,OK
2024-11-05 01:45:00,50.00000000000023,OK
2024-11-05 01:50:00,49.99999999999963,OK
2024-11-05 01:55:00,49.99999999999968,OK
2024-11-05 02:00:00,49.99999999999963,OK
2024-11-05 02:05:00,49.99999999999967,OK
2024-11-05 02:10:00,49.999999999999815,OK
2024-11-05 02:15:00,49.99999999999944,OK
2024-11-05 02:20:00,49.99999999999953,OK
2024-11-05 02:25:00,49.999999999999346,OK
2024-11-05 02:30:00,49.999999999999496,OK
2024-11-05 02:35:00,49.999999999999254,OK
2024-11-05 02:40:00,49.99999999999949,OK
2024-11-05 02:45:00,50.00000000001448,OK
2024-11-05 02:50:00,50.000000000081585,OK
2024-11-05 02:55:00,50.000000000043165,OK
2024-11-05 03:00:00,49.99999999999898,OK
2024-11-05 03:05:00,49.99999999999804,OK
2024-11-05 03:10:00,49.99999999999885,OK
2024-11-05 03:15:00,49.99999999999899,OK
2024-11-05 03:20:00,49.99999999999896,OK
2024-11-05 03:25:00,49.99999999999905,OK
2024-11-05 03:30:00,49.99999999999868,OK
2024-11-05 03:35:00,49.999999999998636,OK
2024-11-05 03:40:00,49.999999999997584,OK
2024-11-05 03:45:00,49.999999999998906,OK
2024-11-05 03:50:00,49.99999999999868,OK
2024-11-05 03:55:00,49.9999999999983,OK
2024-11-05 04:00:00,49.99999999999913,OK
2024-11-05 04:05:00,50.000000000106084,OK
2024-11-05 04:10:00,50.000000000229946,OK
2024-11-05 04:15:00,49.99999999987614,OK
2024-11-05 04:20:00,49.99999999999886,OK
2024-11-05 04:25:00,49.99999999999809,OK
2024-11-05 04:30:00,49.9999999999974,OK
2024-11-05 04:35:00,49.99999999999641,OK
2024-11-05 04:40:00,49.9999999999977,OK
2024-11-05 04:45:00,49.999999999998415,OK
2024-11-05 04:50:00,49.99999999999883,OK
2024-11-05 04:55:00,49.99999999999788,OK
2024-11-05 05:00:00,49.999999999997115,OK
2024-11-05 05:05:00,49.999999999996746,OK
2024-11-05 05:10:00,49.999999999997826,OK
2024-11-05 05:15:00,49.99999999999531,OK
2024-11-05 05:20:00,49.99999999999703,OK
2024-11-05 05:25:00,49.99999999999709,OK
2024-11-05 05:30:00,49.9999999999967,OK
2024-11-05 05:35:00,49.99999999999612,OK
2024-11-05 05:40:00,49.9999999999971,OK
2024-11-05 05:45:00,49.99999999999659,OK
2024-11-05 05:50:00,49.99999999999587,OK
2024-11-05 05:55:00,49.999999999998025,OK
2024-11-05 06:00:00,49.99999999999628,OK
2024-11-05 06:05:00,49.99999999999723,OK
2024-11-05 06:10:00,49.99999999999378,OK
2024-11-05 06:15:00,49.9999999999976,OK
2024-11-05 06:20:00,49.999999999998046,OK
2024-11-05 06:25:00,49.9999999999968,OK
2024-11-05 06:30:00,49.99999999999755,OK
2024-11-05 06:35:00,49.9999999999972,OK
2024-11-05 06:40:00,49.99999999999592,OK
2024-11-05 06:45:00,49.99999999999709,OK
2024-11-05 06:50:00,49.99999999999588,OK
2024-11-05 06:55:00,49.99999999999595,OK
2024-11-05 07:00:00,49.999999999997726,OK
2024-11-05 07:05:00,49.999999999997435,OK
2024-11-05 07:10:00,49.99999999999619,OK
2024-11-05 07:15:00,49.999999999996746,OK
2024-11-05 07:20:00,49.99999999999716,OK
2024-11-05 07:25:00,49.99999999999795,OK
2024-11-05 07:30:00,49.9999999999971,OK
2024-11-05 07:35:00,49.99999999999808,OK
2024-11-05 07:40:00,49.9999999999983,OK
2024-11-05 07:45:00,49.999999999998366,OK
2024-11-05 07:50:00,49.999999999998614,OK
2024-11-05 07:55:00,49.99999999999776,OK
2024-11-05 08:00:00,49.999999999998124,OK
2024-11-05 08:05:00,49.99999999999741,OK
2024-11-05 08:10:00,49.9999999999985,OK
2024-11-05 08:15:00,49.999999999997875,OK
2024-11-05 08:20:00,49.999999999998614,OK
2024-11-05 08:25:00,49.99999999999823,OK
2024-11-05 08:30:00,49.999999999997954,OK
2024-11-05 08:35:00,49.99999999999817,OK
2024-11-05 08:40:00,50.000000000030056,OK
2024-11-05 08:45:00,50.00000000008825,OK
2024-11-05 08:50:00,50.00000000017469,OK
2024-11-05 08:55:00,49.99999999999875,OK
2024-11-05 09:00:00,49.99999999999912,OK
2024-11-05 09:05:00,49.999999999999744,OK
2024-11-05 09:10:00,49.9999999999993,OK
2024-11-05 09:15:00,49.99999999999906,OK
2024-11-05 09:20:00,49.99999999999941,OK
2024-11-05 09:25:00,49.99999999999873,OK
2024-11-05 09:30:00,49.99999999999937,OK
2024-11-05 09:35:00,49.99999999999964,OK
2024-11-05 09:40:00,49.99999999999937,OK
2024-11-05 09:45:00,49.999999999999034,OK
2024-11-05 09:50:00,49.9999999999995,OK
2024-11-05 09:55:00,50.00000000004629,OK
2024-11-05 10:00:00,50.000000000000014,OK
2024-11-05 10:05:00,50.00000000000053,OK
2024-11-05 10:10:00,49.99999999999983,OK
2024-11-05 10:15:00,49.99999999999977,OK
2024-11-05 10:20:00,49.99999999999979,OK
2024-11-05 10:25:00,49.99999999999963,OK
2024-11-05 10:30:00,49.99999999999966,OK
2024-11-05 10:35:00,50.00000000000013,OK
2024-11-05 10:40:00,49.999999999999716,OK
2024-11-05 10:45:00,49.999999999999815,OK
2024-11-05 10:50:00,49.99999999999986,OK
2024-11-05 10:55:00,49.999999999771134,OK
2024-11-05 11:00:00,50.000000000000014,OK
2024-11-05 11:05:00,50.00000000000006,OK
2024-11-05 11:10:00,49.99999999999959,OK
2024-11-05 11:15:00,49.99999999999963,OK
2024-11-05 11:20:00,49.99999999999999,OK
2024-11-05 11:25:00,49.99999999999992,OK
2024-11-05 11:30:00,49.999999999999865,OK
2024-11-05 11:35:00,49.999999999999986,OK
2024-11-05 11:40:00,50.00000000000011,OK
2024-11-05 11:45:00,49.9999999999999,OK
2024-11-05 11:50:00,50.000000000000014,OK
2024-11-05 11:55:00,49.999999999999964,OK
2024-11-05 12:00:00,49.999999999999325,OK
2024-11-05 12:05:00,50.000000000000014,OK
2024-11-05 12:10:00,49.99999999999964,OK
2024-11-05 12:15:00,50.000000000000064,OK
2024-11-05 12:20:00,49.9999999999999,OK
2024-11-05 12:25:00,49.99999999999982,OK
2024-11-05 12:30:00,50.00000000000013,OK
2024-11-05 12:35:00,50.00000000000004,OK
2024-11-05 12:40:00,50.00000000000011,OK
2024-11-05 12:45:00,50.0,OK
2024-11-05 12:50:00,49.99999999999648,OK
2024-11-05 12:55:00,49.99999999999719,OK
2024-11-05 13:00:00,49.999999999998224,OK
2024-11-05 13:05:00,49.99999999999997,OK
2024-11-05 13:10:00,50.00000000000008,OK
2024-11-05 13:15:00,50.000000000000085,OK
2024-11-05 13:20:00,49.99999999999999,OK
2024-11-05 13:25:00,49.99999999999994,OK
2024-11-05 13:30:00,49.9999999999999,OK
2024-11-05 13:35:00,50.00000000000014,OK
2024-11-05 13:40:00,50.000000000000135,OK
2024-11-05 13:45:00,50.00000000000003,OK
2024-11-05 13:50:00,49.99999999999999,OK
2024-11-05 13:55:00,49.999999999999915,OK
2024-11-05 14:00:00,49.99999999997854,OK
2024-11-05 14:05:00,49.99999999998909,OK
2024-11-05 14:10:00,49.99999999994279,OK
2024-11-05 14:15:00,50.00000000000001,OK
2024-11-05 14:20:00,50.0,OK
2024-11-05 14:25:00,49.99999999999987,OK
2024-11-05 14:30:00,49.99999999999998,OK
2024-11-05 14:35:00,49.99999999999991,OK
2024-11-05 14:40:00,50.0000000000001,OK
2024-11-05 14:45:00,50.00000000000006,OK
2024-11-05 14:50:00,49.99999999999992,OK
2024-11-05 14:55:00,50.00000000000003,OK
2024-11-05 15:00:00,49.999999999871676,OK
2024-11-05 15:05:00,49.999999999893504,OK
2024-11-05 15:10:00,49.99999999987953,OK
2024-11-05 15:15:00,49.999999999999936,OK
2024-11-05 15:20:00,49.99999999999994,OK
2024-11-05 15:25:00,49.999999999999936,OK
2024-11-05 15:30:00,49.999999999999986,OK
2024-11-05 15:35:00,50.0,OK
2024-11-05 15:40:00,50.000000000000064,OK
2024-11-05 15:45:00,49.99999999999999,OK
2024-11-05 15:50:00,49.9999999999999,OK
2024-11-05 15:55:00,50.000000000000085,OK
2024-11-05 16:00:00,50.0,OK
2024-11-05 16:05:00,50.00000000000011,OK
2024-11-05 16:10:00,49.999999999999865,OK
2024-11-05 16:15:00,50.000000000000014,OK
2024-11-05 16:20:00,49.999999999999936,OK
2024-11-05 16:25:00,49.99999999999987,OK
2024-11-05 16:30:00,50.000000000000036,OK
2024-11-05 16:35:00,50.00000000000007,OK
2024-11-05 16:40:00,50.000000000000014,OK
2024-11-05 16:45:00,50.00000000000004,OK
2024-11-05 16:50:00,50.000000000000085,OK
2024-11-05 16:55:00,49.99999999999989,OK
2024-11-05 17:00:00,50.000000000000014,OK
2024-11-05 17:05:00,49.99999999999987,OK
2024-11-05 17:10:00,50.00000000000011,OK
2024-11-05 17:15:00,50.0000000000001,OK
2024-11-05 17:20:00,50.000000000000014,OK
2024-11-05 17:25:00,49.999999999999886,OK
2024-11-05 17:30:00,49.999999999999964,OK
2024-11-05 17:35:00,50.0000000000001,OK
2024-11-05 17:40:00,49.999999999999865,OK
2024-11-05 17:45:00,49.99999999999994,OK
2024-11-05 17:50:00,49.99999999999987,OK
2024-11-05 17:55:00,49.99999999999999,OK
2024-11-05 18:00:00,49.9999999999999,OK
2024-11-05 18:05:00,50.00000000000014,OK
2024-11-05 18:10:00,50.000000000000036,OK
2024-11-05 18:15:00,49.99999999999999,OK
2024-11-05 18:20:00,50.00000000000011,OK
2024-11-05 18:25:00,49.99999999999989,OK
2024-11-05 18:30:00,49.99999999999997,OK
2024-11-05 18:35:00,50.000000000000036,OK
2024-11-05 18:40:00,50.00000000000001,OK
2024-11-05 18:45:00,50.00000000000013,OK
2024-11-05 18:50:00,50.000000000000014,OK
2024-11-05 18:55:00,49.999999999999865,OK
2024-11-05 19:00:00,50.00000000000007,OK
2024-11-05 19:05:00,49.99999999999978,OK
2024-11-05 19:10:00,50.000000000000135,OK
2024-11-05 19:15:00,49.999999999999986,OK
2024-11-05 19:20:00,50.000000000000085,OK
2024-11-05 19:25:00,50.000000000000085,OK
2024-11-05 19:30:00,50.000000000000085,OK
2024-11-05 19:35:00,49.99999999999986,OK
2024-11-05 19:40:00,49.99999999999968,OK
2024-11-05 19:45:00,50.00000000000007,OK
2024-11-05 19:50:00,50.00000000000006,OK
2024-11-05 19:55:00,49.99999999999998,OK
2024-11-05 20:00:00,49.999999999999964,OK
2024-11-05 20:05:00,49.9999999999999,OK
2024-11-05 20:10:00,50.00000000000007,OK
2024-11-05 20:15:00,49.99999999999992,OK
2024-11-05 20:20:00,49.9999999999999,OK
2024-11-05 20:25:00,49.99999999999994,OK
2024-11-05 20:30:00,50.00000000000013,OK
2024-11-05 20:35:00,49.999999999999865,OK
2024-11-05 20:40:00,49.99999999999994,OK
2024-11-05 20:45:00,49.999999999999915,OK
2024-11-05 20:50:00,49.9999999999999,OK
2024-11-05 20:55:00,49.99999999999994,OK
2024-11-05 21:00:00,50.000000000000085,OK
2024-11-05 21:05:00,49.99999999999993,OK
2024-11-05 21:10:00,50.00000000000006,OK
2024-11-05 21:15:00,50.000000000000014,OK
2024-11-05 21:20:00,49.99999999999999,OK
2024-11-05 21:25:00,49.99999999999999,OK
2024-11-05 21:30:00,50.000000000000036,OK
2024-11-05 21:35:00,49.9999999999999,OK
2024-11-05 21:40:00,50.00000000000006,OK
2024-11-05 21:45:00,50.000000000000014,OK
2024-11-05 21:50:00,49.999999999904944,OK
2024-11-05 21:55:00,49.99999999990543,OK
2024-11-05 22:00:00,49.999999999927894,OK
2024-11-05 22:05:00,49.999999999999936,OK
2024-11-05 22:10:00,50.00000000000013,OK
2024-11-05 22:15:00,49.999999999999936,OK
2024-11-05 22:20:00,50.00000000000011,OK
2024-11-05 22:25:00,50.00000000000007,OK
2024-11-05 22:30:00,50.00000000000003,OK
2024-11-05 22:35:00,49.99999999999996,OK
2024-11-05 22:40:00,49.999999999999915,OK
2024-11-05 22:45:00,49.99999999999987,OK
2024-11-05 22:50:00,50.00000000000031,OK
2024-11-05 22:55:00,49.999999999999574,OK
2024-11-05 23:00:00,49.999999999999936,OK
2024-11-05 23:05:00,49.99999999999967,OK
2024-11-05 23:10:00,49.99999999999986,OK
2024-11-05 23:15:00,49.999999999999915,OK
2024-11-05 23:20:00,49.999999999989925,OK
2024-11-05 23:25:00,49.99999999999234,OK
2024-11-05 23:30:00,49.99999999999531,OK
2024-11-05 23:35:00,49.99999999999989,OK
2024-11-05 23:40:00,50.000000000000085,OK
2024-11-05 23:45:00,49.999999999999915,OK
2024-11-05 23:50:00,49.999999999999886,OK
2024-11-05 23:55:00,49.999999999999964,OK
2024-11-06 00:00:00,49.99999999999991,OK
2024-11-06 00:05:00,49.999999999999865,OK
2024-11-06 00:10:00,49.99999999999966,OK
2024-11-06 00:15:00,49.999999999999844,OK
2024-11-06 00:20:00,50.00000000000006,OK
2024-11-06 00:25:00,49.99999999999996,OK
2024-11-06 00:30:00,49.999999999999574,OK
2024-11-06 00:35:00,50.0,OK
2024-11-06 00:40:00,49.99999999999986,OK
2024-11-06 00:45:00,49.999999999999865,OK
2024-11-06 00:50:00,49.999999999999986,OK
2024-11-06 00:55:00,49.99999999999963,OK
2024-11-06 01:00:00,50.00000000000001,OK
2024-11-06 01:05:00,49.99999999999996,OK
2024-11-06 01:10:00,49.99999999999978,OK
2024-11-06 01:15:00,49.99999999999998,OK
2024-11-06 01:20:00,49.99999999999991,OK
2024-11-06 01:25:00,49.99999999999992,OK
2024-11-06 01:30:00,49.999999999999936,OK
2024-11-06 01:35:00,49.99999999999963,OK
2024-11-06 01:40:00,49.99999999999973,OK
2024-11-06 01:45:00,50.000000000000085,OK
2024-11-06 01:50:00,49.99999999999973,OK
2024-11-06 01:55:00,49.999999999999844,OK
2024-11-06 02:00:00,49.999999999999595,OK
2024-11-06 02:05:00,49.99999999999985,OK
2024-11-06 02:10:00,49.99999999999973,OK
2024-11-06 02:15:00,49.9999999999993,OK
2024-11-06 02:20:00,49.99999999999985,OK
2024-11-06 02:25:00,50.00000000000039,OK
2024-11-06 02:30:00,50.00000000000176,OK
2024-11-06 02:35:00,50.00000000000861,OK
2024-11-06 02:40:00,49.999999999999815,OK
2024-11-06 02:45:00,49.999999999999005,OK
2024-11-06 02:50:00,49.99999999999916,OK
2024-11-06 02:55:00,49.99999999999921,OK
2024-11-06 03:00:00,49.99999999999938,OK
2024-11-06 03:05:00,49.99999999999926,OK
2024-11-06 03:10:00,49.999999999999204,OK
2024-11-06 03:15:00,49.999999999999645,OK
2024-11-06 03:20:00,50.00000000001478,OK
2024-11-06 03:25:00,50.00000000001702,OK
2024-11-06 03:30:00,50.000000000047166,OK
2024-11-06 03:35:00,49.9999999999988,OK
2024-11-06 03:40:00,49.999999999998394,OK
2024-11-06 03:45:00,49.999999999999545,OK
2024-11-06 03:50:00,49.999999999999275,OK
2024-11-06 03:55:00,49.999999999998785,OK
2024-11-06 04:00:00,49.99999999999886,OK
2024-11-06 04:05:00,49.99999999999887,OK
2024-11-06 04:10:00,49.99999999999797,OK
2024-11-06 04:15:00,49.99999999999868,OK
2024-11-06 04:20:00,49.99999999999807,OK
2024-11-06 04:25:00,49.99999999999919,OK
2024-11-06 04:30:00,49.99999999999845,OK
2024-11-06 04:35:00,49.99999999999653,OK
2024-11-06 04:40:00,49.99999999999727,OK
2024-11-06 04:45:00,49.999999999997975,OK
2024-11-06 04:50:00,49.999999999997975,OK
2024-11-06 04:55:00,49.99999999999679,OK
2024-11-06 05:00:00,49.9999999999985,OK
2024-11-06 05:05:00,49.99999999999767,OK
2024-11-06 05:10:00,49.9999999999979,OK
2024-11-06 05:15:00,49.999999999997286,OK
2024-11-06 05:20:00,49.999999999997925,OK
2024-11-06 05:25:00,49.99999999999737,OK
2024-11-06 05:30:00,49.99999999999747,OK
2024-11-06 05:35:00,49.999999999997875,OK
2024-11-06 05:40:00,49.999999999996334,OK
2024-11-06 05:45:00,49.99999999999865,OK
2024-11-06 05:50:00,49.99999999999784,OK
2024-11-06 05:55:00,49.99999999999818,OK
2024-11-06 06:00:00,49.99999999999683,OK
2024-11-06 06:05:00,49.9999999999968,OK
2024-11-06 06:10:00,49.999999999996675,OK
2024-11-06 06:15:00,49.99999999999761,OK
2024-11-06 06:20:00,49.9999999999975,OK
2024-11-06 06:25:00,49.99999999999736,OK
2024-11-06 06:30:00,49.999999999996774,OK
2024-11-06 06:35:00,49.99999999999618,OK
2024-11-06 06:40:00,49.999999999997044,OK
2024-11-06 06:45:00,49.99999999999665,OK
2024-11-06 06:50:00,49.9999999999962,OK
2024-11-06 06:55:00,49.999999999998124,OK
2024-11-06 07:00:00,49.99999999999672,OK
2024-11-06 07:05:00,49.999999999998025,OK
2024-11-06 07:10:00,49.999999999996845,OK
2024-11-06 07:15:00,49.9999999999976,OK
2024-11-06 07:20:00,49.99999999999734,OK
2024-11-06 07:25:00,49.999999999995694,OK
2024-11-06 07:30:00,49.99999999975895,OK
2024-11-06 07:35:00,49.999999999999915,OK
2024-11-06 07:40:00,49.999999999813234,OK
2024-11-06 07:45:00,49.99999999999751,OK
2024-11-06 07:50:00,49.999999999998,OK
2024-11-06 07:55:00,49.99999999999752,OK
2024-11-06 08:00:00,49.99999999999871,OK
2024-11-06 08:05:00,49.99999999999838,OK
2024-11-06 08:10:00,49.99999999999841,OK
2024-11-06 08:15:00,49.9999999999988,OK
2024-11-06 08:20:00,49.999999999998444,OK
2024-11-06 08:25:00,49.99999999999889,OK
2024-11-06 08:30:00,49.999999999997875,OK
2024-11-06 08:35:00,49.999999999998295,OK
2024-11-06 08:40:00,49.999999999998536,OK
2024-11-06 08:45:00,49.999999999999,OK
2024-11-06 08:50:00,49.999999999998806,OK
2024-11-06 08:55:00,49.99999999999836,OK
2024-11-06 09:00:00,49.99999999999898,OK
2024-11-06 09:05:00,49.99999999999832,OK
2024-11-06 09:10:00,49.999999999999154,OK
2024-11-06 09:15:00,50.00000000020588,OK
2024-11-06 09:20:00,50.00000000001844,OK
2024-11-06 09:25:00,50.00000000001826,OK
2024-11-06 09:30:00,49.99999999999935,OK
2024-11-06 09:35:00,49.999999999999375,OK
2024-11-06 09:40:00,49.999999999999034,OK
2024-11-06 09:45:00,49.99999999999946,OK
2024-11-06 09:50:00,49.999999999999154,OK
2024-11-06 09:55:00,49.9999999999991,OK
2024-11-06 10:00:00,49.999999999999424,OK
2024-11-06 10:05:00,49.99999999999919,OK
2024-11-06 10:10:00,50.00000000000217,OK
2024-11-06 10:15:00,50.00000000000945,OK
2024-11-06 10:20:00,50.000000000001336,OK
2024-11-06 10:25:00,49.99999999999951,OK
2024-11-06 10:30:00,49.999999999999346,OK
2024-11-06 10:35:00,49.99999999999964,OK
2024-11-06 10:40:00,49.99999999999987,OK
2024-11-06 10:45:00,49.999999999999794,OK
2024-11-06 10:50:00,49.999999999999325,OK
2024-11-06 10:55:00,49.999999999999815,OK
2024-11-06 11:00:00,49.9999999999997,OK
2024-11-06 11:05:00,50.00000000014657,OK
2024-11-06 11:10:00,49.999999999911715,OK
2024-11-06 11:15:00,50.000000000000085,OK
2024-11-06 11:20:00,49.999999999999694,OK
2024-11-06 11:25:00,49.999999999999766,OK
2024-11-06 11:30:00,49.99999999999967,OK
2024-11-06 11:35:00,49.99999999999972,OK
2024-11-06 11:40:00,49.999999999999595,OK
2024-11-06 11:45:00,49.999999999999595,OK
2024-11-06 11:50:00,49.999999999999886,OK
2024-11-06 11:55:00,49.99999999999958,OK
2024-11-06 12:00:00,49.999999999999886,OK
2024-11-06 12:05:00,49.9999999999998,OK
2024-11-06 12:10:00,49.99999999999989,OK
2024-11-06 12:15:00,49.999999999999716,OK
2024-11-06 12:20:00,49.999999999999304,OK
2024-11-06 12:25:00,50.00000000000004,OK
2024-11-06 12:30:00,49.99999999999959,OK
2024-11-06 12:35:00,49.99999999999998,OK
2024-11-06 12:40:00,50.00000000000007,OK
2024-11-06 12:45:00,49.99999999999992,OK
2024-11-06 12:50:00,50.00000000000013,OK
2024-11-06 12:55:00,49.999999999999865,OK
2024-11-06 13:00:00,50.00000000000007,OK
2024-11-06 13:05:00,50.00000000000008,OK
2024-11-06 13:10:00,50.0,OK
2024-11-06 13:15:00,49.99999999999993,OK
2024-11-06 13:20:00,50.0000000000001,OK
2024-11-06 13:25:00,49.99999999999994,OK
2024-11-06 13:30:00,49.99999999999993,OK
2024-11-06 13:35:00,49.999999999995964,OK
2024-11-06 13:40:00,49.99999999999615,OK
2024-11-06 13:45:00,49.99999999999693,OK
2024-11-06 13:50:00,49.99999999999997,OK
2024-11-06 13:55:00,49.99999999999989,OK
2024-11-06 14:00:00,49.99999999999998,OK
2024-11-06 14:05:00,49.99999999999992,OK
2024-11-06 14:10:00,49.99999999999992,OK
2024-11-06 14:15:00,49.999999999999886,OK
2024-11-06 14:20:00,50.000000000000036,OK
2024-11-06 14:25:00,49.999999999999886,OK
2024-11-06 14:30:00,50.000000000000014,OK
2024-11-06 14:35:00,49.9999999999996,OK
2024-11-06 14:40:00,50.0000000000001,OK
2024-11-06 14:45:00,50.00000000000001,OK
2024-11-06 14:50:00,49.99999999999996,OK
2024-11-06 14:55:00,50.000000000000036,OK
2024-11-06 15:00:00,49.999999999999986,OK
2024-11-06 15:05:00,49.99999999999989,OK
2024-11-06 15:10:00,49.99999999999996,OK
2024-11-06 15:15:00,50.000000000000064,OK
2024-11-06 15:20:00,49.99999999992326,OK
2024-11-06 15:25:00,49.99999999977085,OK
2024-11-06 15:30:00,49.99999999984645,OK
2024-11-06 15:35:00,49.99999999999976,OK
2024-11-06 15:40:00,50.000000000000064,OK
2024-11-06 15:45:00,50.0,OK
2024-11-06 15:50:00,50.00000000000006,OK
2024-11-06 15:55:00,50.0,OK
2024-11-06 16:00:00,50.000000000000014,OK
2024-11-06 16:05:00,50.000000000000036,OK
2024-11-06 16:10:00,49.999999999999936,OK
2024-11-06 16:15:00,49.999999999999815,OK
2024-11-06 16:20:00,49.999999999999986,OK
2024-11-06 16:25:00,49.9999999999997,OK
2024-11-06 16:30:00,50.00000000000006,OK
2024-11-06 16:35:00,49.99999999999993,OK
2024-11-06 16:40:00,50.000000000000135,OK
2024-11-06 16:45:00,49.99999999999986,OK
2024-11-06 16:50:00,50.00000000000006,OK
2024-11-06 16:55:00,50.00000000000011,OK
2024-11-06 17:00:00,50.00000000000011,OK
2024-11-06 17:05:00,50.000000000000085,OK
2024-11-06 17:10:00,50.00000000000007,OK
2024-11-06 17:15:00,49.999999999999936,OK
2024-11-06 17:20:00,50.0,OK
2024-11-06 17:25:00,50.00000000000013,OK
2024-11-06 17:30:00,49.99999999999989,OK
2024-11-06 17:35:00,49.99999999999994,OK
2024-11-06 17:40:00,50.000000000000014,OK
2024-11-06 17:45:00,49.99999999999987,OK
2024-11-06 17:50:00,49.99999999999986,OK
2024-11-06 17:55:00,50.000000000000036,OK
2024-11-06 18:00:00,50.00000000000006,OK
2024-11-06 18:05:00,49.999999999999986,OK
2024-11-06 18:10:00,50.000000000000036,OK
2024-11-06 18:15:00,50.00000000000014,OK
2024-11-06 18:20:00,49.999999999999915,OK
2024-11-06 18:25:00,50.000000000000036,OK
2024-11-06 18:30:00,49.99999999999994,OK
2024-11-06 18:35:00,49.99999999999997,OK
2024-11-06 18:40:00,50.00000000000034,OK
2024-11-06 18:45:00,49.9999999999999,OK
2024-11-06 18:50:00,49.99999999999992,OK
2024-11-06 18:55:00,50.00000000000011,OK
2024-11-06 19:00:00,49.999999999999915,OK
2024-11-06 19:05:00,49.99999999999987,OK
2024-11-06 19:10:00,49.999999999999986,OK
2024-11-06 19:15:00,50.00000000000007,OK
2024-11-06 19:20:00,50.00000000000001,OK
2024-11-06 19:25:00,50.000000000000135,OK
2024-11-06 19:30:00,50.000000000000036,OK
2024-11-06 19:35:00,49.999999999999865,OK
2024-11-06 19:40:00,49.99999999999999,OK
2024-11-06 19:45:00,50.000000000000085,OK
2024-11-06 19:50:00,50.00000000000004,OK
2024-11-06 19:55:00,49.99999999990987,OK
2024-11-06 20:00:00,49.99999999983068,OK
2024-11-06 20:05:00,49.999999999917094,OK
2024-11-06 20:10:00,49.99999999999958,OK
2024-11-06 20:15:00,49.99999999999999,OK
2024-11-06 20:20:00,50.00000000000004,OK
2024-11-06 20:25:00,50.00000000000001,OK
2024-11-06 20:30:00,50.00000000000001,OK
2024-11-06 20:35:00,49.99999999999992,OK
2024-11-06 20:40:00,49.99999999999995,OK
2024-11-06 20:45:00,49.99999999999987,OK
2024-11-06 20:50:00,50.000000000000014,OK
2024-11-06 20:55:00,50.00000000000001,OK
2024-11-06 21:00:00,49.99999999995552,OK
2024-11-06 21:05:00,49.99999999995971,OK
2024-11-06 21:10:00,49.99999999995506,OK
2024-11-06 21:15:00,49.99999999999989,OK
2024-11-06 21:20:00,49.99999999999988,OK
2024-11-06 21:25:00,50.00000000000011,OK
2024-11-06 21:30:00,50.00000000000007,OK
2024-11-06 21:35:00,49.99999999999991,OK
2024-11-06 21:40:00,50.000000000000014,OK
2024-11-06 21:45:00,50.00000000000004,OK
2024-11-06 21:50:00,49.99999999999999,OK
2024-11-06 21:55:00,50.00000000000008,OK
2024-11-06 22:00:00,49.99999999999997,OK
2024-11-06 22:05:00,50.00000000000001,OK
2024-11-06 22:10:00,50.00000000000011,OK
2024-11-06 22:15:00,49.99999999999234,OK
2024-11-06 22:20:00,49.99999999999977,OK
2024-11-06 22:25:00,49.99999999999878,OK
2024-11-06 22:30:00,50.00000000000004,OK
2024-11-06 22:35:00,49.99999999999978,OK
2024-11-06 22:40:00,49.99999999999988,OK
2024-11-06 22:45:00,49.999999999999964,OK
2024-11-06 22:50:00,49.99999999999996,OK
2024-11-06 22:55:00,49.99999999999999,OK
2024-11-06 23:00:00,49.999999999999986,OK
2024-11-06 23:05:00,50.0,OK
2024-11-06 23:10:00,50.000000000000036,OK
2024-11-06 23:15:00,49.99999999999978,OK
2024-11-06 23:20:00,50.00000000000013,OK
2024-11-06 23:25:00,49.99999999999987,OK
2024-11-06 23:30:00,50.0,OK
2024-11-06 23:35:00,49.99999999999992,OK
2024-11-06 23:40:00,49.99999999999999,OK
2024-11-06 23:45:00,49.99999999999976,OK
2024-11-06 23:50:00,49.9999999999996,OK
2024-11-06 23:55:00,49.99999999999973,OK
2024-11-07 00:00:00,49.999999999999744,OK
2024-11-07 00:05:00,49.99999999999977,OK
2024-11-07 00:10:00,49.99999999999962,OK
2024-11-07 00:15:00,50.000000000000036,OK
2024-11-07 00:20:00,49.99999999999937,OK
2024-11-07 00:25:00,49.99999999999951,OK
2024-11-07 00:30:00,49.99999999999943,OK
2024-11-07 00:35:00,50.00000000000013,OK
2024-11-07 00:40:00,50.00000000008163,OK
2024-11-07 00:45:00,50.00000000001465,OK
2024-11-07 00:50:00,49.99999999999985,OK
2024-11-07 00:55:00,49.9999999999994,OK
2024-11-07 01:00:00,49.99999999999928,OK
2024-11-07 01:05:00,49.99999999999927,OK
2024-11-07 01:10:00,49.99999999999911,OK
2024-11-07 01:15:00,49.999999999999105,OK
2024-11-07 01:20:00,49.999999999999446,OK
2024-11-07 01:25:00,49.99999999999905,OK
2024-11-07 01:30:00,49.999999999998685,OK
2024-11-07 01:35:00,49.99999999999894,OK
2024-11-07 01:40:00,49.999999999998266,OK
2024-11-07 01:45:00,49.999999999997875,OK
2024-11-07 01:50:00,49.99999999999737,OK
2024-11-07 01:55:00,49.9999999999973,OK
2024-11-07 02:00:00,49.99999999999778,OK
2024-11-07 02:05:00,49.99999999999717,OK
2024-11-07 02:10:00,49.99999999999794,OK
2024-11-07 02:15:00,49.99999999999682,OK
2024-11-07 02:20:00,49.99999999999449,OK
2024-11-07 02:25:00,49.99999999999713,OK
2024-11-07 02:30:00,49.999999999997165,OK
2024-11-07 02:35:00,49.99999999999694,OK
2024-11-07 02:40:00,49.99999999999817,OK
2024-11-07 02:45:00,49.99999999999635,OK
2024-11-07 02:50:00,49.99999999999716,OK
2024-11-07 02:55:00,49.9999999999961,OK
2024-11-07 03:00:00,49.99999999999584,OK
2024-11-07 03:05:00,49.99999999999421,OK
2024-11-07 03:10:00,49.99999999999478,OK
2024-11-07 03:15:00,49.99999999999367,OK
2024-11-07 03:20:00,49.99999999999461,OK
2024-11-07 03:25:00,49.99999999999436,OK
2024-11-07 03:30:00,49.99999999999288,OK
2024-11-07 03:35:00,49.99999999999544,OK
2024-11-07 03:40:00,49.99999999999443,OK
2024-11-07 03:45:00,49.99999999999291,OK
2024-11-07 03:50:00,49.99999999999413,OK
2024-11-07 03:55:00,49.999999999993456,OK
2024-11-07 04:00:00,49.99999999999112,OK
2024-11-07 04:05:00,49.99999999999284,OK
2024-11-07 04:10:00,49.99999999999073,OK
2024-11-07 04:15:00,49.99999999999025,OK
2024-11-07 04:20:00,49.999999999988056,OK
2024-11-07 04:25:00,49.99999999999142,OK
2024-11-07 04:30:00,49.99999999999225,OK
2024-11-07 04:35:00,49.9999999999887,OK
2024-11-07 04:40:00,49.99999999999531,OK
2024-11-07 04:45:00,49.99999999999268,OK
2024-11-07 04:50:00,49.99999999999348,OK
2024-11-07 04:55:00,49.99999999999212,OK
2024-11-07 05:00:00,49.99999999999368,OK
2024-11-07 05:05:00,49.99999999998807,OK
2024-11-07 05:10:00,49.99999999997924,OK
2024-11-07 05:15:00,49.999999999987885,OK
2024-11-07 05:20:00,49.99999999999058,OK
2024-11-07 05:25:00,49.99999999998943,OK
2024-11-07 05:30:00,49.999999999989,OK
2024-11-07 05:35:00,49.99999999999105,OK
2024-11-07 05:40:00,49.999999999988525,OK
2024-11-07 05:45:00,49.999999999989555,OK
2024-11-07 05:50:00,49.999999999983245,OK
2024-11-07 05:55:00,49.99999999998198,OK
2024-11-07 06:00:00,49.999999999991225,OK
2024-11-07 06:05:00,49.999999999987004,OK
2024-11-07 06:10:00,49.999999999984254,OK
2024-11-07 06:15:00,49.99999999998424,OK
2024-11-07 06:20:00,49.99999999998444,OK
2024-11-07 06:25:00,49.999999999982535,OK
2024-11-07 06:30:00,49.999999999980616,OK
2024-11-07 06:35:00,49.99999999997986,OK
2024-11-07 06:40:00,49.99999999998592,OK
2024-11-07 06:45:00,49.99999999998535,OK
2024-11-07 06:50:00,49.999999999989754,OK
2024-11-07 06:55:00,49.999999999986414,OK
2024-11-07 07:00:00,49.9999999999867,OK
2024-11-07 07:05:00,49.99999999998312,OK
2024-11-07 07:10:00,49.99999999998596,OK
2024-11-07 07:15:00,49.99999999998779,OK
2024-11-07 07:20:00,49.999999999989555,OK
2024-11-07 07:25:00,49.99999999998777,OK
2024-11-07 07:30:00,49.99999999999142,OK
2024-11-07 07:35:00,49.99999999998897,OK
2024-11-07 07:40:00,49.99999999999054,OK
2024-11-07 07:45:00,49.99999999998762,OK
2024-11-07 07:50:00,49.99999999998405,OK
2024-11-07 07:55:00,49.99999999999111,OK
2024-11-07 08:00:00,49.99999999999262,OK
2024-11-07 08:05:00,49.99999999999271,OK
2024-11-07 08:10:00,49.99999999999285,OK
2024-11-07 08:15:00,49.999999999992056,OK
2024-11-07 08:20:00,49.99999999999155,OK
2024-11-07 08:25:00,49.999999999993975,OK
2024-11-07 08:30:00,49.999999999994444,OK
2024-11-07 08:35:00,49.99999999999282,OK
2024-11-07 08:40:00,49.99999999999538,OK
2024-11-07 08:45:00,49.99999999999303,OK
2024-11-07 08:50:00,49.99999999999367,OK
2024-11-07 08:55:00,49.99999999999686,OK
2024-11-07 09:00:00,49.99999999999632,OK
2024-11-07 09:05:00,49.99999999999492,OK
2024-11-07 09:10:00,49.99999999999672,OK
2024-11-07 09:15:00,49.999999999996476,OK
2024-11-07 09:20:00,49.99999999999228,OK
2024-11-07 09:25:00,49.99999999999559,OK
2024-11-07 09:30:00,49.99999999999696,OK
2024-11-07 09:35:00,49.999999999996646,OK
2024-11-07 09:40:00,49.99999999999705,OK
2024-11-07 09:45:00,49.99999999999776,OK
2024-11-07 09:50:00,49.999999999996746,OK
2024-11-07 09:55:00,49.99999999999594,OK
2024-11-07 10:00:00,49.99999999999752,OK
2024-11-07 10:05:00,49.99999999999744,OK
2024-11-07 10:10:00,49.99999999999743,OK
2024-11-07 10:15:00,49.99999999999774,OK
2024-11-07 10:20:00,50.000000000064944,OK
2024-11-07 10:25:00,49.99999999999987,OK
2024-11-07 10:30:00,49.99999999986534,OK
2024-11-07 10:35:00,49.99999999999816,OK
2024-11-07 10:40:00,49.99999999999805,OK
2024-11-07 10:45:00,49.99999999999921,OK
2024-11-07 10:50:00,49.999999999999176,OK
2024-11-07 10:55:00,49.99999999999925,OK
2024-11-07 11:00:00,49.99999999999908,OK
2024-11-07 11:05:00,49.99999999999925,OK
2024-11-07 11:10:00,49.99999999999928,OK
2024-11-07 11:15:00,49.99999999999951,OK
2024-11-07 11:20:00,49.999999999999496,OK
2024-11-07 11:25:00,49.999999999999545,OK
2024-11-07 11:30:00,49.99999999999943,OK
2024-11-07 11:35:00,49.999999999999204,OK
2024-11-07 11:40:00,49.99999999999928,OK
2024-11-07 11:45:00,49.999999999999275,OK
2024-11-07 11:50:00,50.000000000000036,OK
2024-11-07 11:55:00,49.99999999999993,OK
2024-11-07 12:00:00,50.00000000000011,OK
2024-11-07 12:05:00,49.99999999999951,OK
2024-11-07 12:10:00,49.9999999999999,OK
2024-11-07 12:15:00,49.99999999999982,OK
2024-11-07 12:20:00,49.99999999999976,OK
2024-11-07 12:25:00,50.00000000000011,OK
2024-11-07 12:30:00,49.99999999999967,OK
2024-11-07 12:35:00,49.99999999999975,OK
2024-11-07 12:40:00,49.99999999999982,OK
2024-11-07 12:45:00,49.999999999999964,OK
2024-11-07 12:50:00,49.99999999999989,OK
2024-11-07 12:55:00,50.000000000000014,OK
2024-11-07 13:00:00,50.00000000000001,OK
2024-11-07 13:05:00,49.999999999999794,OK
2024-11-07 13:10:00,50.00000000000007,OK
2024-11-07 13:15:00,50.000000000000064,OK
2024-11-07 13:20:00,49.9999999999999,OK
2024-11-07 13:25:00,50.000000000000114,OK
2024-11-07 13:30:00,49.99999999999996,OK
2024-11-07 13:35:00,49.99999999999963,OK
2024-11-07 13:40:00,49.999999999999844,OK
2024-11-07 13:45:00,49.99999999999999,OK
2024-11-07 13:50:00,50.00000000000006,OK
2024-11-07 13:55:00,50.00000000000003,OK
2024-11-07 14:00:00,50.000000000000014,OK
2024-11-07 14:05:00,49.99999999999995,OK
2024-11-07 14:10:00,49.99999999999998,OK
2024-11-07 14:15:00,50.00000000000011,OK
2024-11-07 14:20:00,49.99999999999976,OK
2024-11-07 14:25:00,49.99999999999835,OK
2024-11-07 14:30:00,49.99999999999986,OK
2024-11-07 14:35:00,49.99999999999854,OK
2024-11-07 14:40:00,49.999999999999915,OK
2024-11-07 14:45:00,49.9999999999999,OK
2024-11-07 14:50:00,50.00000000000001,OK
2024-11-07 14:55:00,50.0000000000001,OK
2024-11-07 15:00:00,49.999999999999915,OK
2024-11-07 15:05:00,50.000000000000114,OK
2024-11-07 15:10:00,49.99999999999993,OK
2024-11-07 15:15:00,50.00000000000011,OK
2024-11-07 15:20:00,49.99999999999012,OK
2024-11-07 15:25:00,49.99999999999577,OK
2024-11-07 15:30:00,49.99999999998602,OK
2024-11-07 15:35:00,49.99999999999996,OK
2024-11-07 15:40:00,49.99999999999971,OK
2024-11-07 15:45:00,49.99999999999993,OK
2024-11-07 15:50:00,49.99999999999992,OK
2024-11-07 15:55:00,50.000000000000014,OK
2024-11-07 16:00:00,50.00000000000008,OK
2024-11-07 16:05:00,49.999999999999964,OK
2024-11-07 16:10:00,49.99999999999993,OK
2024-11-07 16:15:00,49.99999999999965,OK
2024-11-07 16:20:00,50.000000000000085,OK
2024-11-07 16:25:00,50.00000000000004,OK
2024-11-07 16:30:00,49.99999999999997,OK
2024-11-07 16:35:00,50.00000000000032,OK
2024-11-07 16:40:00,50.00000000000003,OK
2024-11-07 16:45:00,49.99999999999996,OK
2024-11-07 16:50:00,50.00000000000003,OK
2024-11-07 16:55:00,49.99999999999989,OK
2024-11-07 17:00:00,50.000000000000114,OK
2024-11-07 17:05:00,49.99999999998637,OK
2024-11-07 17:10:00,49.999999999985775,OK
2024-11-07 17:15:00,49.99999999999781,OK
2024-11-07 17:20:00,50.00000000000013,OK
2024-11-07 17:25:00,49.99999999999992,OK
2024-11-07 17:30:00,49.99999999999995,OK
2024-11-07 17:35:00,50.000000000000036,OK
2024-11-07 17:40:00,50.000000000000064,OK
2024-11-07 17:45:00,50.00000000000003,OK
2024-11-07 17:50:00,50.00000000000034,OK
2024-11-07 17:55:00,49.99999999999994,OK
2024-11-07 18:00:00,50.00000000000006,OK
2024-11-07 18:05:00,49.99999999999989,OK
2024-11-07 18:10:00,49.999999999996035,OK
2024-11-07 18:15:00,49.99999999999595,OK
2024-11-07 18:20:00,49.999999999988404,OK
2024-11-07 18:25:00,49.99999999999992,OK
2024-11-07 18:30:00,49.999999999999936,OK
2024-11-07 18:35:00,50.000000000000085,OK
2024-11-07 18:40:00,49.99999999999994,OK
2024-11-07 18:45:00,50.0,OK
2024-11-07 18:50:00,50.00000000000007,OK
2024-11-07 18:55:00,49.999999999999986,OK
2024-11-07 19:00:00,50.0000000000001,OK
2024-11-07 19:05:00,49.99999999999909,OK
2024-11-07 19:10:00,49.99999999999373,OK
2024-11-07 19:15:00,49.999999999997456,OK
2024-11-07 19:20:00,50.00000000000007,OK
2024-11-07 19:25:00,50.00000000000007,OK
2024-11-07 19:30:00,50.0,OK
2024-11-07 19:35:00,49.99999999999977,OK
2024-11-07 19:40:00,49.99999999999999,OK
2024-11-07 19:45:00,50.000000000000036,OK
2024-11-07 19:50:00,50.00000000000023,OK
2024-11-07 19:55:00,49.99999999999986,OK
2024-11-07 20:00:00,49.999999999999766,OK
2024-11-07 20:05:00,49.99999999999986,OK
2024-11-07 20:10:00,50.000000000000014,OK
2024-11-07 20:15:00,49.999999999999886,OK
2024-11-07 20:20:00,49.999999999999886,OK
2024-11-07 20:25:00,49.99999999999994,OK
2024-11-07 20:30:00,49.999999999999844,OK
2024-11-07 20:35:00,49.999999999999254,OK
2024-11-07 20:40:00,49.99999999999986,OK
2024-11-07 20:45:00,49.999999999999964,OK
2024-11-07 20:50:00,49.999999999999964,OK
2024-11-07 20:55:00,50.000000000000036,OK
2024-11-07 21:00:00,50.000000000000135,OK
2024-11-07 21:05:00,49.99999999999987,OK
2024-11-07 21:10:00,49.999999999999865,OK
2024-11-07 21:15:00,49.99999999999987,OK
2024-11-07 21:20:00,49.999999999999815,OK
2024-11-07 21:25:00,49.99999999999995,OK
2024-11-07 21:30:00,49.9999999998724,OK
2024-11-07 21:35:00,49.99999999999989,OK
2024-11-07 21:40:00,50.00000000000011,OK
2024-11-07 21:45:00,49.99999999999964,OK
2024-11-07 21:50:00,49.99999999999967,OK
2024-11-07 21:55:00,49.99999999999974,OK
2024-11-07 22:00:00,49.999999999999325,OK
2024-11-07 22:05:00,49.99999999999971,OK
2024-11-07 22:10:00,49.999999999999616,OK
2024-11-07 22:15:00,49.999999999999815,OK
2024-11-07 22:20:00,49.99999999999963,OK
2024-11-07 22:25:00,49.99999999999973,OK
2024-11-07 22:30:00,49.99999999999979,OK
2024-11-07 22:35:00,49.99999999999932,OK
2024-11-07 22:40:00,49.99999999999969,OK
2024-11-07 22:45:00,49.99999999999967,OK
2024-11-07 22:50:00,49.999999999999304,OK
2024-11-07 22:55:00,49.9999999999993,OK
2024-11-07 23:00:00,50.00000000000101,OK
2024-11-07 23:05:00,50.00000000000526,OK
2024-11-07 23:10:00,50.00000000000311,OK
2024-11-07 23:15:00,49.99999999999931,OK
2024-11-07 23:20:00,49.99999999999948,OK
2024-11-07 23:25:00,49.999999999999346,OK
2024-11-07 23:30:00,49.99999999999908,OK
2024-11-07 23:35:00,49.99999999999894,OK
2024-11-07 23:40:00,49.999999999998764,OK
2024-11-07 23:45:00,49.999999999998856,OK
2024-11-07 23:50:00,49.99999999999899,OK
2024-11-07 23:55:00,49.99999999999922,OK
2024-11-08 00:00:00,50.00000000003752,OK
2024-11-08 00:05:00,50.00000000002821,OK
2024-11-08 00:10:00,50.000000000094914,OK
2024-11-08 00:15:00,49.99999999999816,OK
2024-11-08 00:20:00,49.99999999999755,OK
2024-11-08 00:25:00,49.99999999999831,OK
2024-11-08 00:30:00,49.99999999999841,OK
2024-11-08 00:35:00,49.999999999998124,OK
2024-11-08 00:40:00,49.99999999999868,OK
2024-11-08 00:45:00,49.99999999999818,OK
2024-11-08 00:50:00,49.999999999997804,OK
2024-11-08 00:55:00,49.999999999995836,OK
2024-11-08 01:00:00,49.99999999999582,OK
2024-11-08 01:05:00,49.999999999995936,OK
2024-11-08 01:10:00,49.99999999999506,OK
2024-11-08 01:15:00,49.999999999995936,OK
2024-11-08 01:20:00,49.99999999999574,OK
2024-11-08 01:25:00,49.999999999993115,OK
2024-11-08 01:30:00,49.99999999999596,OK
2024-11-08 01:35:00,49.99999999999467,OK
2024-11-08 01:40:00,49.99999999999022,OK
2024-11-08 01:45:00,49.99999999999369,OK
2024-11-08 01:50:00,49.99999999999333,OK
2024-11-08 01:55:00,49.999999999994245,OK
2024-11-08 02:00:00,49.9999999999919,OK
2024-11-08 02:05:00,49.99999999999376,OK
2024-11-08 02:10:00,49.99999999999253,OK
2024-11-08 02:15:00,49.999999999988106,OK
2024-11-08 02:20:00,49.99999999998604,OK
2024-11-08 02:25:00,49.99999999999241,OK
2024-11-08 02:30:00,49.99999999999196,OK
2024-11-08 02:35:00,49.9999999999896,OK
2024-11-08 02:40:00,49.999999999991914,OK
2024-11-08 02:45:00,49.99999999999007,OK
2024-11-08 02:50:00,49.99999999998896,OK
2024-11-08 02:55:00,49.99999999998092,OK
2024-11-08 03:00:00,49.999999999990514,OK
2024-11-08 03:05:00,49.999999999988006,OK
2024-11-08 03:10:00,49.999999999984226,OK
2024-11-08 03:15:00,49.99999999998262,OK
2024-11-08 03:20:00,49.99999999998559,OK
2024-11-08 03:25:00,49.999999999972786,OK
2024-11-08 03:30:00,49.99999999998421,OK
2024-11-08 03:35:00,49.999999999973646,OK
2024-11-08 03:40:00,49.99999999997911,OK
2024-11-08 03:45:00,49.999999999974364,OK
2024-11-08 03:50:00,49.99999999997538,OK
2024-11-08 03:55:00,49.99999999997148,OK
2024-11-08 04:00:00,49.99999999997436,OK
2024-11-08 04:05:00,49.99999999998421,OK
2024-11-08 04:10:00,49.999999999982236,OK
2024-11-08 04:15:00,49.99999999997624,OK
2024-11-08 04:20:00,49.99999999997337,OK
2024-11-08 04:25:00,49.99999999997817,OK
2024-11-08 04:30:00,49.99999999997851,OK
2024-11-08 04:35:00,49.99999999996149,OK
2024-11-08 04:40:00,49.99999999996482,OK
2024-11-08 04:45:00,49.99999999994395,OK
2024-11-08 04:50:00,49.99999999997275,OK
2024-11-08 04:55:00,49.99999999997658,OK
2024-11-08 05:00:00,49.99999999996112,OK
2024-11-08 05:05:00,49.999999999931724,OK
2024-11-08 05:10:00,49.99999999996139,OK
2024-11-08 05:15:00,49.99999999994109,OK
2024-11-08 05:20:00,49.99999999994492,OK
2024-11-08 05:25:00,49.99999999996031,OK
2024-11-08 05:30:00,49.999999999954014,OK
2024-11-08 05:35:00,49.99999999994444,OK
2024-11-08 05:40:00,49.99999999994458,OK
2024-11-08 05:45:00,49.99999999995559,OK
2024-11-08 05:50:00,49.99999999994902,OK
2024-11-08 05:55:00,49.999999999938396,OK
2024-11-08 06:00:00,49.99999999994767,OK
2024-11-08 06:05:00,49.9999999999568,OK
2024-11-08 06:10:00,49.999999999951534,OK
2024-11-08 06:15:00,49.99999999993616,OK
2024-11-08 06:20:00,49.999999999965425,OK
2024-11-08 06:25:00,49.99999999991684,OK
2024-11-08 06:30:00,49.99999999995316,OK
2024-11-08 06:35:00,49.99999999995333,OK
2024-11-08 06:40:00,49.999999999963464,OK
2024-11-08 06:45:00,49.99999999996652,OK
2024-11-08 06:50:00,49.999999999969006,OK
2024-11-08 06:55:00,49.99999999995475,OK
2024-11-08 07:00:00,49.99999999996838,OK
2024-11-08 07:05:00,49.999999999963336,OK
2024-11-08 07:10:00,49.9999999999409,OK
2024-11-08 07:15:00,49.999999999977156,OK
2024-11-08 07:20:00,49.99999999994845,OK
2024-11-08 07:25:00,49.99999999996773,OK
2024-11-08 07:30:00,49.99999999997002,OK
2024-11-08 07:35:00,49.999999999968935,OK
2024-11-08 07:40:00,49.999999999962185,OK
2024-11-08 07:45:00,49.99999999997415,OK
2024-11-08 07:50:00,49.99999999995525,OK
2024-11-08 07:55:00,49.99999999997101,OK
2024-11-08 08:00:00,49.99999999996967,OK
2024-11-08 08:05:00,49.99999999997019,OK
2024-11-08 08:10:00,49.99999999997871,OK
2024-11-08 08:15:00,49.99999999998225,OK
2024-11-08 08:20:00,49.9999999999757,OK
2024-11-08 08:25:00,49.99999999998303,OK
2024-11-08 08:30:00,49.99999999998035,OK
2024-11-08 08:35:00,49.99999999997691,OK
2024-11-08 08:40:00,49.99999999998222,OK
2024-11-08 08:45:00,49.99999999998268,OK
2024-11-08 08:50:00,49.99999999998116,OK
2024-11-08 08:55:00,49.9999999999865,OK
2024-11-08 09:00:00,49.9999999999868,OK
2024-11-08 09:05:00,49.99999999998023,OK
2024-11-08 09:10:00,49.999999999982606,OK
2024-11-08 09:15:00,49.99999999999037,OK
2024-11-08 09:20:00,49.999999999987395,OK
2024-11-08 09:25:00,49.99999999999172,OK
2024-11-08 09:30:00,49.999999999993186,OK
2024-11-08 09:35:00,49.99999999999011,OK
2024-11-08 09:40:00,49.99999999999004,OK
2024-11-08 09:45:00,49.999999999996135,OK
2024-11-08 09:50:00,49.99999999999419,OK
2024-11-08 09:55:00,49.99999999999348,OK
2024-11-08 10:00:00,49.99999999999324,OK
2024-11-08 10:05:00,49.99999999999464,OK
2024-11-08 10:10:00,49.999999999993875,OK
2024-11-08 10:15:00,49.999999999996945,OK
2024-11-08 10:20:00,49.999999999995396,OK
2024-11-08 10:25:00,49.99999999999777,OK
2024-11-08 10:30:00,49.99999999999723,OK
2024-11-08 10:35:00,49.99999999999649,OK
2024-11-08 10:40:00,49.99999999999737,OK
2024-11-08 10:45:00,49.99999999999504,OK
2024-11-08 10:50:00,49.999999999997584,OK
2024-11-08 10:55:00,49.99999999999797,OK
2024-11-08 11:00:00,,MISSING
2024-11-08 11:05:00,49.999999999997215,OK
2024-11-08 11:10:00,49.999999999998906,OK
2024-11-08 11:15:00,49.999999999998806,OK
2024-11-08 11:20:00,49.99999999999916,OK
2024-11-08 11:25:00,49.999999999998565,OK
2024-11-08 11:30:00,49.99999999999917,OK
2024-11-08 11:35:00,49.99999999999824,OK
2024-11-08 11:40:00,49.99999999999913,OK
2024-11-08 11:45:00,49.99999999999891,OK
2024-11-08 11:50:00,49.99999999999871,OK
2024-11-08 11:55:00,50.000000000055934,OK
2024-11-08 12:00:00,50.000000000011084,OK
2024-11-08 12:05:00,50.00000000002693,OK
2024-11-08 12:10:00,49.99999999999937,OK
2024-11-08 12:15:00,49.99999999999911,OK
2024-11-08 12:20:00,49.99999999999926,OK
2024-11-08 12:25:00,49.9999999999997,OK
2024-11-08 12:30:00,49.99999999999976,OK
2024-11-08 12:35:00,49.999999999999304,OK
2024-11-08 12:40:00,49.99999999999983,OK
2024-11-08 12:45:00,49.9999999999997,OK
2024-11-08 12:50:00,49.999999999999886,OK
2024-11-08 12:55:00,49.99999999999974,OK
2024-11-08 13:00:00,49.99999999999994,OK
2024-11-08 13:05:00,50.00000000000007,OK
2024-11-08 13:10:00,49.999999999951825,OK
2024-11-08 13:15:00,49.99999999999976,OK
2024-11-08 13:20:00,49.99999999999969,OK
2024-11-08 13:25:00,49.99999999999971,OK
2024-11-08 13:30:00,49.99999999999967,OK
2024-11-08 13:35:00,49.99999999999982,OK
2024-11-08 13:40:00,49.99999999999971,OK
2024-11-08 13:45:00,49.99999999999996,OK
2024-11-08 13:50:00,49.99999999999999,OK
2024-11-08 13:55:00,49.9999999999998,OK
2024-11-08 14:00:00,49.99999999999986,OK
2024-11-08 14:05:00,50.00000000000006,OK
2024-11-08 14:10:00,50.000000000000014,OK
2024-11-08 14:15:00,50.00000000000011,OK
2024-11-08 14:20:00,49.999999999999915,OK
2024-11-08 14:25:00,49.999999999999275,OK
2024-11-08 14:30:00,49.99999999999982,OK
2024-11-08 14:35:00,49.9999999999997,OK
2024-11-08 14:40:00,49.99999999999999,OK
2024-11-08 14:45:00,50.0000000000001,OK
2024-11-08 14:50:00,49.99999999999975,OK
2024-11-08 14:55:00,49.99999999999998,OK
2024-11-08 15:00:00,50.000000000000085,OK
2024-11-08 15:05:00,50.00000000000011,OK
2024-11-08 15:10:00,49.99999999999999,OK
2024-11-08 15:15:00,49.999999999999915,OK
2024-11-08 15:20:00,50.000000000000014,OK
2024-11-08 15:25:00,49.99999999999987,OK
2024-11-08 15:30:00,49.99999999999774,OK
2024-11-08 15:35:00,49.99999999999771,OK
2024-11-08 15:40:00,49.99999999999309,OK
2024-11-08 15:45:00,49.99999999999989,OK
2024-11-08 15:50:00,49.999999999999886,OK
2024-11-08 15:55:00,50.00000000000007,OK
2024-11-08 16:00:00,50.0000000000001,OK
2024-11-08 16:05:00,49.99999999999992,OK
2024-11-08 16:10:00,50.00000000000006,OK
2024-11-08 16:15:00,50.00000000000004,OK
2024-11-08 16:20:00,50.000000000000036,OK
2024-11-08 16:25:00,49.99999999999987,OK
2024-11-08 16:30:00,49.99999999997481,OK
2024-11-08 16:35:00,49.99999999998316,OK
2024-11-08 16:40:00,49.99999999996044,OK
2024-11-08 16:45:00,49.99999999999997,OK
2024-11-08 16:50:00,50.0000000000002,OK
2024-11-08 16:55:00,50.00000000000003,OK
2024-11-08 17:00:00,50.00000000000018,OK
2024-11-08 17:05:00,49.999999999999865,OK
2024-11-08 17:10:00,49.9999999999999,OK
2024-11-08 17:15:00,49.999999999999964,OK
2024-11-08 17:20:00,50.00000000000003,OK
2024-11-08 17:25:00,49.99999999999999,OK
2024-11-08 17:30:00,50.000000000000036,OK
2024-11-08 17:35:00,50.00000000000013,OK
2024-11-08 17:40:00,50.00000000000014,OK
2024-11-08 17:45:00,49.99999999999971,OK
2024-11-08 17:50:00,50.00000000000008,OK
2024-11-08 17:55:00,49.99999999999986,OK
2024-11-08 18:00:00,49.99999999997257,OK
2024-11-08 18:05:00,49.999999999951456,OK
2024-11-08 18:10:00,49.99999999993109,OK
2024-11-08 18:15:00,49.99999999999999,OK
2024-11-08 18:20:00,49.99999999999987,OK
2024-11-08 18:25:00,50.000000000000064,OK
2024-11-08 18:30:00,50.00000000000008,OK
2024-11-08 18:35:00,49.99999999999963,OK
2024-11-08 18:40:00,50.00000000000013,OK
2024-11-08 18:45:00,49.99999999999986,OK
2024-11-08 18:50:00,49.999999999999986,OK
2024-11-08 18:55:00,49.9999999999999,OK
2024-11-08 19:00:00,50.00000000000007,OK
2024-11-08 19:05:00,50.0,OK
2024-11-08 19:10:00,50.0,OK
2024-11-08 19:15:00,49.99999999999992,OK
2024-11-08 19:20:00,49.99999999999996,OK
2024-11-08 19:25:00,50.00000000000006,OK
2024-11-08 19:30:00,50.000000000000036,OK
2024-11-08 19:35:00,50.00000000000003,OK
2024-11-08 19:40:00,49.999999999999915,OK
2024-11-08 19:45:00,50.000000000000064,OK
2024-11-08 19:50:00,50.00000000000014,OK
2024-11-08 19:55:00,49.9999999999962,OK
2024-11-08 20:00:00,49.999999999993605,OK
2024-11-08 20:05:00,49.99999999999417,OK
2024-11-08 20:10:00,49.99999999999987,OK
2024-11-08 20:15:00,50.00000000000001,OK
2024-11-08 20:20:00,49.999999999999915,OK
2024-11-08 20:25:00,49.999999999999886,OK
2024-11-08 20:30:00,50.00000000000013,OK
2024-11-08 20:35:00,49.9999999999999,OK
2024-11-08 20:40:00,50.00000000000006,OK
2024-11-08 20:45:00,49.999999999999886,OK
2024-11-08 20:50:00,49.99999999999551,OK
2024-11-08 20:55:00,49.9999999999997,OK
2024-11-08 21:00:00,49.99999999999979,OK
2024-11-08 21:05:00,49.99999999999997,OK
2024-11-08 21:10:00,49.99999999999982,OK
2024-11-08 21:15:00,50.000000000000085,OK
2024-11-08 21:20:00,50.0000000000001,OK
2024-11-08 21:25:00,49.99999999999991,OK
2024-11-08 21:30:00,49.99999999999979,OK
2024-11-08 21:35:00,50.00000000000013,OK
2024-11-08 21:40:00,49.99999999999982,OK
2024-11-08 21:45:00,49.9999999999998,OK
2024-11-08 21:50:00,49.99999999999999,OK
2024-11-08 21:55:00,49.999999999999964,OK
2024-11-08 22:00:00,50.00000000000007,OK
2024-11-08 22:05:00,49.99999999983615,OK
2024-11-08 22:10:00,50.0000000000001,OK
2024-11-08 22:15:00,50.00000000000003,OK
2024-11-08 22:20:00,49.99999999999982,OK
2024-11-08 22:25:00,49.99999999999961,OK
2024-11-08 22:30:00,49.999999999999744,OK
2024-11-08 22:35:00,50.000000000000014,OK
2024-11-08 22:40:00,50.00000000000011,OK
2024-11-08 22:45:00,49.99999999999991,OK
2024-11-08 22:50:00,49.99999999999973,OK
2024-11-08 22:55:00,50.00000000005901,OK
2024-11-08 23:00:00,50.00000000000014,OK
2024-11-08 23:05:00,50.000000000000085,OK
2024-11-08 23:10:00,49.99999999999996,OK
2024-11-08 23:15:00,49.999999999999574,OK
2024-11-08 23:20:00,50.000000000000085,OK
2024-11-08 23:25:00,49.9999999999997,OK
2024-11-08 23:30:00,49.999999999999424,OK
2024-11-08 23:35:00,49.999999999999794,OK
2024-11-08 23:40:00,49.999999999999794,OK
2024-11-08 23:45:00,49.99999999999931,OK
2024-11-08 23:50:00,50.000000000004135,OK
2024-11-08 23:55:00,49.99999999999986,OK
2024-11-09 00:00:00,50.00000000003668,OK
2024-11-09 00:05:00,49.99999999999903,OK
2024-11-09 00:10:00,49.99999999999925,OK
2024-11-09 00:15:00,49.99999999999925,OK
2024-11-09 00:20:00,49.99999999999902,OK
2024-11-09 00:25:00,49.99999999999875,OK
2024-11-09 00:30:00,49.999999999999034,OK
2024-11-09 00:35:00,49.99999999999923,OK
2024-11-09 00:40:00,49.99999999999912,OK
2024-11-09 00:45:00,49.99999999999926,OK
2024-11-09 00:50:00,50.000000000016044,OK
2024-11-09 00:55:00,50.00000000003638,OK
2024-11-09 01:00:00,50.000000000124786,OK
2024-11-09 01:05:00,49.999999999997904,OK
2024-11-09 01:10:00,49.999999999998444,OK
2024-11-09 01:15:00,49.99999999999834,OK
2024-11-09 01:20:00,49.99999999999854,OK
2024-11-09 01:25:00,49.99999999999829,OK
2024-11-09 01:30:00,49.99999999999808,OK
2024-11-09 01:35:00,49.99999999999752,OK
2024-11-09 01:40:00,49.999999999996625,OK
2024-11-09 01:45:00,49.99999999999776,OK
2024-11-09 01:50:00,49.99999999999609,OK
2024-11-09 01:55:00,49.999999999996675,OK
2024-11-09 02:00:00,49.999999999996874,OK
2024-11-09 02:05:00,49.999999999995595,OK
2024-11-09 02:10:00,49.99999999999691,OK
2024-11-09 02:15:00,49.99999999999724,OK
2024-11-09 02:20:00,49.9999999999956,OK
2024-11-09 02:25:00,49.99999999999559,OK
2024-11-09 02:30:00,49.999999999996014,OK
2024-11-09 02:35:00,49.99999999999425,OK
2024-11-09 02:40:00,49.999999999994245,OK
2024-11-09 02:45:00,49.99999999999682,OK
2024-11-09 02:50:00,49.99999999999618,OK
2024-11-09 02:55:00,49.99999999999598,OK
2024-11-09 03:00:00,49.999999999996454,OK
2024-11-09 03:05:00,49.99999999999146,OK
2024-11-09 03:10:00,49.99999999999608,OK
2024-11-09 03:15:00,49.999999999994685,OK
2024-11-09 03:20:00,49.999999999995524,OK
2024-11-09 03:25:00,49.999999999994074,OK
2024-11-09 03:30:00,49.999999999993165,OK
2024-11-09 03:35:00,49.99999999999163,OK
2024-11-09 03:40:00,49.99999999999319,OK
2024-11-09 03:45:00,49.99999999999211,OK
2024-11-09 03:50:00,49.9999999999939,OK
2024-11-09 03:55:00,49.999999999988205,OK
2024-11-09 04:00:00,49.999999999991005,OK
2024-11-09 04:05:00,49.99999999999509,OK
2024-11-09 04:10:00,49.999999999989626,OK
2024-11-09 04:15:00,49.99999999998933,OK
2024-11-09 04:20:00,49.99999999998689,OK
2024-11-09 04:25:00,49.99999999999049,OK
2024-11-09 04:30:00,49.99999999998762,OK
2024-11-09 04:35:00,49.99999999998978,OK
2024-11-09 04:40:00,49.99999999999268,OK
2024-11-09 04:45:00,49.99999999998785,OK
2024-11-09 04:50:00,49.99999999999189,OK
2024-11-09 04:55:00,49.999999999991836,OK
2024-11-09 05:00:00,49.99999999999295,OK
2024-11-09 05:05:00,49.999999999991516,OK
2024-11-09 05:10:00,49.99999999999616,OK
2024-11-09 05:15:00,49.99999999999328,OK
2024-11-09 05:20:00,49.99999999999151,OK
2024-11-09 05:25:00,49.99999999998845,OK
2024-11-09 05:30:00,49.99999999999005,OK
2024-11-09 05:35:00,49.999999999993236,OK
2024-11-09 05:40:00,49.999999999993776,OK
2024-11-09 05:45:00,49.99999999999369,OK
2024-11-09 05:50:00,49.99999999999215,OK
2024-11-09 05:55:00,49.999999999985306,OK
2024-11-09 06:00:00,49.99999999999101,OK
2024-11-09 06:05:00,49.999999999985164,OK
2024-11-09 06:10:00,49.999999999984425,OK
2024-11-09 06:15:00,49.99999999999014,OK
2024-11-09 06:20:00,49.999999999990514,OK
2024-11-09 06:25:00,49.99999999999173,OK
2024-11-09 06:30:00,49.99999999999066,OK
2024-11-09 06:35:00,49.999999999990635,OK
2024-11-09 06:40:00,49.99999999998627,OK
2024-11-09 06:45:00,49.999999999989114,OK
2024-11-09 06:50:00,49.99999999998352,OK
2024-11-09 06:55:00,49.99999999998217,OK
2024-11-09 07:00:00,49.99999999999176,OK
2024-11-09 07:05:00,49.99999999998846,OK
2024-11-09 07:10:00,49.99999999999214,OK
2024-11-09 07:15:00,49.99999999999284,OK
2024-11-09 07:20:00,49.999999999987935,OK
2024-11-09 07:25:00,49.99999999999177,OK
2024-11-09 07:30:00,49.99999999998836,OK
2024-11-09 07:35:00,49.999999999983814,OK
2024-11-09 07:40:00,49.99999999999072,OK
2024-11-09 07:45:00,49.999999999989186,OK
2024-11-09 07:50:00,49.999999999989214,OK
2024-11-09 07:55:00,49.999999999994564,OK
2024-11-09 08:00:00,49.99999999998703,OK
2024-11-09 08:05:00,49.99999999999302,OK
2024-11-09 08:10:00,49.99999999999002,OK
2024-11-09 08:15:00,49.99999999999413,OK
2024-11-09 08:20:00,49.99999999999305,OK
2024-11-09 08:25:00,49.999999999993214,OK
2024-11-09 08:30:00,49.99999999999055,OK
2024-11-09 08:35:00,49.99999999999143,OK
2024-11-09 08:40:00,49.99999999999435,OK
2024-11-09 08:45:00,49.99999999999545,OK
2024-11-09 08:50:00,49.99999999999362,OK
2024-11-09 08:55:00,49.99999999999191,OK
2024-11-09 09:00:00,49.99999999999437,OK
2024-11-09 09:05:00,49.99999999999689,OK
2024-11-09 09:10:00,49.99999999999463,OK
2024-11-09 09:15:00,49.999999999996675,OK
2024-11-09 09:20:00,49.999999999994145,OK
2024-11-09 09:25:00,49.99999999999516,OK
2024-11-09 09:30:00,49.9999999999962,OK
2024-11-09 09:35:00,49.99999999999634,OK
2024-11-09 09:40:00,49.999999999994685,OK
2024-11-09 09:45:00,49.99999999999467,OK
2024-11-09 09:50:00,49.99999999999708,OK
2024-11-09 09:55:00,49.99999999999757,OK
2024-11-09 10:00:00,49.99999999999764,OK
2024-11-09 10:05:00,49.99999999999817,OK
2024-11-09 10:10:00,49.999999999997364,OK
2024-11-09 10:15:00,49.99999999999737,OK
2024-11-09 10:20:00,49.99999999999826,OK
2024-11-09 10:25:00,49.99999999999842,OK
2024-11-09 10:30:00,49.99999999999773,OK
2024-11-09 10:35:00,49.99999999999769,OK
2024-11-09 10:40:00,49.99999999999845,OK
2024-11-09 10:45:00,49.999999999998636,OK
2024-11-09 10:50:00,50.00000000013928,OK
2024-11-09 10:55:00,50.00000000003979,OK
2024-11-09 11:00:00,50.000000000049596,OK
2024-11-09 11:05:00,49.99999999999949,OK
2024-11-09 11:10:00,49.999999999998224,OK
2024-11-09 11:15:00,49.99999999999912,OK
2024-11-09 11:20:00,49.99999999999913,OK
2024-11-09 11:25:00,49.99999999999887,OK
2024-11-09 11:30:00,49.999999999999005,OK
2024-11-09 11:35:00,49.99999999999949,OK
2024-11-09 11:40:00,49.99999999999954,OK
2024-11-09 11:45:00,49.99999999999979,OK
2024-11-09 11:50:00,49.99999999999966,OK
2024-11-09 11:55:00,49.99999999999954,OK
2024-11-09 12:00:00,49.9999999999997,OK
2024-11-09 12:05:00,49.99999999999993,OK
2024-11-09 12:10:00,50.00000000000013,OK
2024-11-09 12:15:00,50.00000000000025,OK
2024-11-09 12:20:00,49.99999999999966,OK
2024-11-09 12:25:00,49.99999999999996,OK
2024-11-09 12:30:00,50.00000000000011,OK
2024-11-09 12:35:00,49.99999999999966,OK
2024-11-09 12:40:00,49.99999999999971,OK
2024-11-09 12:45:00,49.99999999999969,OK
2024-11-09 12:50:00,49.99999999999993,OK
2024-11-09 12:55:00,49.999999999999915,OK
2024-11-09 13:00:00,50.000000000000085,OK
2024-11-09 13:05:00,49.999999999999744,OK
2024-11-09 13:10:00,50.000000000000064,OK
2024-11-09 13:15:00,50.0,OK
2024-11-09 13:20:00,50.000000000000014,OK
2024-11-09 13:25:00,49.999999999999964,OK
2024-11-09 13:30:00,49.999999999999694,OK
2024-11-09 13:35:00,50.000000000000036,OK
2024-11-09 13:40:00,50.00000000000006,OK
2024-11-09 13:45:00,49.99999999999996,OK
2024-11-09 13:50:00,49.999999999999645,OK
2024-11-09 13:55:00,49.99999999999965,OK
2024-11-09 14:00:00,50.000000000000085,OK
2024-11-09 14:05:00,50.00000000000011,OK
2024-11-09 14:10:00,49.999999999999915,OK
2024-11-09 14:15:00,49.99999999999996,OK
2024-11-09 14:20:00,49.999999999999886,OK
2024-11-09 14:25:00,50.000000000000036,OK
2024-11-09 14:30:00,49.999999999999574,OK
2024-11-09 14:35:00,50.000000000000135,OK
2024-11-09 14:40:00,49.99999999999988,OK
2024-11-09 14:45:00,50.00000000000013,OK
2024-11-09 14:50:00,49.99999999999994,OK
2024-11-09 14:55:00,49.99999999999828,OK
2024-11-09 15:00:00,49.999999999996106,OK
2024-11-09 15:05:00,49.99999999998366,OK
2024-11-09 15:10:00,49.99999999999995,OK
2024-11-09 15:15:00,50.000000000000036,OK
2024-11-09 15:20:00,50.00000000000011,OK
2024-11-09 15:25:00,50.00000000000007,OK
2024-11-09 15:30:00,49.99999999999999,OK
2024-11-09 15:35:00,49.999999999999986,OK
2024-11-09 15:40:00,49.9999999999999,OK
2024-11-09 15:45:00,49.99999999999993,OK
2024-11-09 15:50:00,50.0000000000001,OK
2024-11-09 15:55:00,50.00000000000001,OK
2024-11-09 16:00:00,50.000000000000085,OK
2024-11-09 16:05:00,50.00000000000004,OK
2024-11-09 16:10:00,49.999999999999574,OK
2024-11-09 16:15:00,50.00000000000007,OK
2024-11-09 16:20:00,49.99999999999963,OK
2024-11-09 16:25:00,50.00000000000003,OK
2024-11-09 16:30:00,49.999999999999915,OK
2024-11-09 16:35:00,49.999999999999865,OK
2024-11-09 16:40:00,50.00000000000032,OK
2024-11-09 16:45:00,50.00000000000007,OK
2024-11-09 16:50:00,49.99999999995546,OK
2024-11-09 16:55:00,49.99999999992145,OK
2024-11-09 17:00:00,49.99999999993616,OK
2024-11-09 17:05:00,49.99999999999994,OK
2024-11-09 17:10:00,49.99999999999997,OK
2024-11-09 17:15:00,50.00000000000008,OK
2024-11-09 17:20:00,49.99999999999994,OK
2024-11-09 17:25:00,49.99999999999992,OK
2024-11-09 17:30:00,50.00000000000007,OK
2024-11-09 17:35:00,49.9999999999999,OK
2024-11-09 17:40:00,49.999999999999865,OK
2024-11-09 17:45:00,49.99999999999992,OK
2024-11-09 17:50:00,49.99999999999992,OK
2024-11-09 17:55:00,50.000000000000426,OK
2024-11-09 18:00:00,50.00000000000013,OK
2024-11-09 18:05:00,50.000000000000355,OK
2024-11-09 18:10:00,50.000000000000064,OK
2024-11-09 18:15:00,50.00000000000011,OK
2024-11-09 18:20:00,50.000000000000064,OK
2024-11-09 18:25:00,50.00000000000013,OK
2024-11-09 18:30:00,50.0,OK
2024-11-09 18:35:00,49.99999999999987,OK
2024-11-09 18:40:00,50.00000000000008,OK
2024-11-09 18:45:00,50.000000000000014,OK
2024-11-09 18:50:00,49.999999999999865,OK
2024-11-09 18:55:00,49.99999999999987,OK
2024-11-09 19:00:00,50.000000000000036,OK
2024-11-09 19:05:00,50.00000000000014,OK
2024-11-09 19:10:00,49.99999999999994,OK
2024-11-09 19:15:00,49.99999999999992,OK
2024-11-09 19:20:00,49.999999999999886,OK
2024-11-09 19:25:00,49.99999999999992,OK
2024-11-09 19:30:00,49.99999999999997,OK
2024-11-09 19:35:00,49.999999999999886,OK
2024-11-09 19:40:00,50.000000000000114,OK
2024-11-09 19:45:00,49.99999999999994,OK
2024-11-09 19:50:00,50.000000000000085,OK
2024-11-09 19:55:00,49.999999999999986,OK
2024-11-09 20:00:00,50.00000000000013,OK
2024-11-09 20:05:00,50.000000000000135,OK
2024-11-09 20:10:00,49.99999999999995,OK
2024-11-09 20:15:00,50.0,OK
2024-11-09 20:20:00,49.99999999999994,OK
2024-11-09 20:25:00,50.000000000000036,OK
2024-11-09 20:30:00,49.99999999999992,OK
2024-11-09 20:35:00,49.999999999999936,OK
2024-11-09 20:40:00,49.99999999997435,OK
2024-11-09 20:45:00,49.999999999939995,OK
2024-11-09 20:50:00,49.9999999999813,OK
2024-11-09 20:55:00,50.000000000000014,OK
2024-11-09 21:00:00,49.99999999999986,OK
2024-11-09 21:05:00,49.999999999999844,OK
2024-11-09 21:10:00,50.00000000000003,OK
2024-11-09 21:15:00,49.999999999999915,OK
2024-11-09 21:20:00,50.000000000000135,OK
2024-11-09 21:25:00,49.99999999999996,OK
2024-11-09 21:30:00,50.000000000000036,OK
2024-11-09 21:35:00,49.99999999999968,OK
2024-11-09 21:40:00,49.999999999999886,OK
2024-11-09 21:45:00,50.00000000000011,OK
2024-11-09 21:50:00,49.999999999999865,OK
2024-11-09 21:55:00,50.00000000000013,OK
2024-11-09 22:00:00,50.00000000000001,OK
2024-11-09 22:05:00,49.99999999999343,OK
2024-11-09 22:10:00,49.99999999999447,OK
2024-11-09 22:15:00,49.999999999997264,OK
2024-11-09 22:20:00,50.000000000000085,OK
2024-11-09 22:25:00,50.00000000000006,OK
2024-11-09 22:30:00,50.000000000000036,OK
2024-11-09 22:35:00,49.99999999999993,OK
2024-11-09 22:40:00,49.999999999999936,OK
2024-11-09 22:45:00,50.00000000000008,OK
2024-11-09 22:50:00,49.9999999999999,OK
2024-11-09 22:55:00,50.00000000000011,OK
2024-11-09 23:00:00,49.99999999999872,OK
2024-11-09 23:05:00,49.999999999999325,OK
2024-11-09 23:10:00,50.00000000000013,OK
2024-11-09 23:15:00,50.00000000000013,OK
2024-11-09 23:20:00,50.00000000000014,OK
2024-11-09 23:25:00,50.00000000000014,OK
2024-11-09 23:30:00,50.00000000000007,OK
2024-11-09 23:35:00,50.00000000000014,OK
2024-11-09 23:40:00,49.999999999999815,OK
2024-11-09 23:45:00,49.99999999999981,OK
2024-11-09 23:50:00,50.00000000000001,OK
2024-11-09 23:55:00,50.0000000000001,OK
2024-11-10 00:00:00,49.99999999999994,OK
2024-11-10 00:05:00,49.99999999999987,OK
2024-11-10 00:10:00,49.99999999999993,OK
2024-11-10 00:15:00,49.99999999999999,OK
2024-11-10 00:20:00,50.000000000000036,OK
2024-11-10 00:25:00,50.00000000000007,OK
2024-11-10 00:30:00,49.999999999999744,OK
2024-11-10 00:35:00,49.999999999999616,OK
2024-11-10 00:40:00,50.000000000000014,OK
2024-11-10 00:45:00,49.999999999999574,OK
2024-11-10 00:50:00,49.999999999999645,OK
2024-11-10 00:55:00,49.9999999999999,OK
2024-11-10 01:00:00,49.99999999999966,OK
2024-11-10 01:05:00,49.99999999999984,OK
2024-11-10 01:10:00,50.00000000000001,OK
2024-11-10 01:15:00,49.99999999999972,OK
2024-11-10 01:20:00,49.99999999999968,OK
2024-11-10 01:25:00,49.999999999999744,OK
2024-11-10 01:30:00,49.999999999999716,OK
2024-11-10 01:35:00,49.999999999999034,OK
2024-11-10 01:40:00,49.99999999999944,OK
2024-11-10 01:45:00,50.00000000000908,OK
2024-11-10 01:50:00,50.0000000000029,OK
2024-11-10 01:55:00,50.00000000000959,OK
2024-11-10 02:00:00,49.99999999999879,OK
2024-11-10 02:05:00,49.99999999999919,OK
2024-11-10 02:10:00,49.99999999999912,OK
2024-11-10 02:15:00,49.99999999999874,OK
2024-11-10 02:20:00,49.99999999999896,OK
2024-11-10 02:25:00,49.99999999999811,OK
2024-11-10 02:30:00,49.99999999999854,OK
2024-11-10 02:35:00,49.99999999999862,OK
2024-11-10 02:40:00,49.99999999999887,OK
2024-11-10 02:45:00,49.99999999999825,OK
2024-11-10 02:50:00,49.99999999999857,OK
2024-11-10 02:55:00,49.999999999997954,OK
2024-11-10 03:00:00,49.999999999998444,OK
2024-11-10 03:05:00,50.00000000015444,OK
2024-11-10 03:10:00,50.00000000018544,OK
2024-11-10 03:15:00,49.999999999847056,OK
2024-11-10 03:20:00,49.9999999999973,OK
2024-11-10 03:25:00,49.99999999999736,OK
2024-11-10 03:30:00,49.99999999999781,OK
2024-11-10 03:35:00,49.9999999999978,OK
2024-11-10 03:40:00,49.99999999999787,OK
2024-11-10 03:45:00,49.99999999999861,OK
2024-11-10 03:50:00,49.999999999998295,OK
2024-11-10 03:55:00,49.999999999996795,OK
2024-11-10 04:00:00,49.999999999997875,OK
2024-11-10 04:05:00,49.99999999999805,OK
2024-11-10 04:10:00,49.99999999999667,OK
2024-11-10 04:15:00,49.99999999999769,OK
2024-11-10 04:20:00,49.99999999999684,OK
2024-11-10 04:25:00,49.999999999995374,OK
2024-11-10 04:30:00,49.99999999999741,OK
2024-11-10 04:35:00,49.99999999999719,OK
2024-11-10 04:40:00,49.99999999999656,OK
2024-11-10 04:45:00,49.999999999997144,OK
2024-11-10 04:50:00,49.999999999996206,OK
2024-11-10 04:55:00,49.99999999999699,OK
2024-11-10 05:00:00,49.9999999999967,OK
2024-11-10 05:05:00,49.99999999999645,OK
2024-11-10 05:10:00,49.99999999999691,OK
2024-11-10 05:15:00,49.99999999999497,OK
2024-11-10 05:20:00,49.99999999999524,OK
2024-11-10 05:25:00,49.999999999993,OK
2024-11-10 05:30:00,49.99999999999648,OK
2024-11-10 05:35:00,49.99999999999449,OK
2024-11-10 05:40:00,49.99999999999601,OK
2024-11-10 05:45:00,49.99999999999643,OK
2024-11-10 05:50:00,49.99999999999626,OK
2024-11-10 05:55:00,49.99999999999332,OK
2024-11-10 06:00:00,49.99999999999527,OK
2024-11-10 06:05:00,49.99999999999712,OK
2024-11-10 06:10:00,49.99999999999697,OK
2024-11-10 06:15:00,49.99999999999629,OK
2024-11-10 06:20:00,49.99999999999577,OK
2024-11-10 06:25:00,49.99999999999359,OK
2024-11-10 06:30:00,49.999999999995985,OK
2024-11-10 06:35:00,49.99999999999558,OK
2024-11-10 06:40:00,49.99999999999666,OK
2024-11-10 06:45:00,49.99999999999474,OK
2024-11-10 06:50:00,49.99999999999545,OK
2024-11-10 06:55:00,49.99999999999592,OK
2024-11-10 07:00:00,49.999999999996305,OK
2024-11-10 07:05:00,49.99999999999698,OK
2024-11-10 07:10:00,49.99999999999568,OK
2024-11-10 07:15:00,49.99999999999496,OK
2024-11-10 07:20:00,49.999999999997904,OK
2024-11-10 07:25:00,50.0000000002283,OK
2024-11-10 07:30:00,50.00000000000007,OK
2024-11-10 07:35:00,50.00000000000007,OK
2024-11-10 07:40:00,49.99999999999639,OK
2024-11-10 07:45:00,49.99999999999761,OK
2024-11-10 07:50:00,49.999999999998025,OK
2024-11-10 07:55:00,49.99999999999589,OK
2024-11-10 08:00:00,49.9999999999973,OK
2024-11-10 08:05:00,49.999999999997215,OK
2024-11-10 08:10:00,49.999999999997684,OK
2024-11-10 08:15:00,49.999999999996916,OK
2024-11-10 08:20:00,49.99999999999574,OK
2024-11-10 08:25:00,49.99999999999781,OK
2024-11-10 08:30:00,49.999999999997975,OK
2024-11-10 08:35:00,49.99999999999795,OK
2024-11-10 08:40:00,49.99999999999821,OK
2024-11-10 08:45:00,49.999999999998,OK
2024-11-10 08:50:00,49.999999999997875,OK
2024-11-10 08:55:00,49.99999999999871,OK
2024-11-10 09:00:00,49.99999999999886,OK
2024-11-10 09:05:00,49.9999999999985,OK
2024-11-10 09:10:00,49.99999999999912,OK
2024-11-10 09:15:00,49.99999999999834,OK
2024-11-10 09:20:00,49.999999999998856,OK
2024-11-10 09:25:00,49.99999999999902,OK
2024-11-10 09:30:00,49.99999999999889,OK
2024-11-10 09:35:00,49.99999999999919,OK
2024-11-10 09:40:00,49.999999999998835,OK
2024-11-10 09:45:00,49.999999999998785,OK
2024-11-10 09:50:00,49.99999999999921,OK
2024-11-10 09:55:00,49.99999999999907,OK
2024-11-10 10:00:00,49.999999999999375,OK
2024-11-10 10:05:00,50.000000000005556,OK
2024-11-10 10:10:00,50.00000000000373,OK
2024-11-10 10:15:00,50.00000000000283,OK
2024-11-10 10:20:00,49.99999999999944,OK
2024-11-10 10:25:00,49.999999999999446,OK
2024-11-10 10:30:00,49.99999999999973,OK
2024-11-10 10:35:00,49.999999999999844,OK
2024-11-10 10:40:00,49.99999999999981,OK
2024-11-10 10:45:00,49.999999999999936,OK
2024-11-10 10:50:00,49.99999999999976,OK
2024-11-10 10:55:00,49.999999999999694,OK
2024-11-10 11:00:00,49.9999999999997,OK
2024-11-10 11:05:00,50.00000000000018,OK
2024-11-10 11:10:00,50.00000000000011,OK
2024-11-10 11:15:00,50.00000000010537,OK
2024-11-10 11:20:00,49.9999999999997,OK
2024-11-10 11:25:00,50.000000000000135,OK
2024-11-10 11:30:00,49.9999999999996,OK
2024-11-10 11:35:00,49.999999999999595,OK
2024-11-10 11:40:00,49.99999999999959,OK
2024-11-10 11:45:00,50.0000000000001,OK
2024-11-10 11:50:00,49.99999999999969,OK
2024-11-10 11:55:00,50.000000000000036,OK
2024-11-10 12:00:00,50.000000000000085,OK
2024-11-10 12:05:00,50.00000000000007,OK
2024-11-10 12:10:00,50.000000000000085,OK
2024-11-10 12:15:00,49.9999999999996,OK
2024-11-10 12:20:00,50.00000000000003,OK
2024-11-10 12:25:00,49.999999999999886,OK
2024-11-10 12:30:00,50.000000000000036,OK
2024-11-10 12:35:00,50.000000000000036,OK
2024-11-10 12:40:00,50.000000000000014,OK
2024-11-10 12:45:00,49.99999999999999,OK
2024-11-10 12:50:00,49.999999999999986,OK
2024-11-10 12:55:00,49.999999999999886,OK
2024-11-10 13:00:00,49.999999999999936,OK
2024-11-10 13:05:00,49.99999999999996,OK
2024-11-10 13:10:00,49.99999999999974,OK
2024-11-10 13:15:00,49.99999999999996,OK
2024-11-10 13:20:00,50.000000000000085,OK
2024-11-10 13:25:00,50.00000000000014,OK
2024-11-10 13:30:00,49.99999999999204,OK
2024-11-10 13:35:00,49.99999999999922,OK
2024-11-10 13:40:00,49.999999999985306,OK
2024-11-10 13:45:00,50.00000000000014,OK
2024-11-10 13:50:00,50.00000000000013,OK
2024-11-10 13:55:00,49.99999999999986,OK
2024-11-10 14:00:00,49.99999999999996,OK
2024-11-10 14:05:00,49.99999999999987,OK
2024-11-10 14:10:00,50.000000000000085,OK
2024-11-10 14:15:00,50.0,OK
2024-11-10 14:20:00,49.99999999999989,OK
2024-11-10 14:25:00,49.99999999999996,OK
2024-11-10 14:30:00,49.99999999999994,OK
2024-11-10 14:35:00,49.999999999967656,OK
2024-11-10 14:40:00,49.99999999997405,OK
2024-11-10 14:45:00,49.99999999992623,OK
2024-11-10 14:50:00,49.99999999999996,OK
2024-11-10 14:55:00,50.000000000000085,OK
2024-11-10 15:00:00,50.00000000000013,OK
2024-11-10 15:05:00,49.9999999999999,OK
2024-11-10 15:10:00,50.00000000000011,OK
2024-11-10 15:15:00,50.00000000000006,OK
2024-11-10 15:20:00,50.0000000000004,OK
2024-11-10 15:25:00,50.00000000000011,OK
2024-11-10 15:30:00,49.99999999999991,OK
2024-11-10 15:35:00,49.99999999999988,OK
2024-11-10 15:40:00,49.999999999999616,OK
2024-11-10 15:45:00,50.000000000000256,OK
2024-11-10 15:50:00,49.99999999999969,OK
2024-11-10 15:55:00,49.999999999999886,OK
2024-11-10 16:00:00,50.000000000000014,OK
2024-11-10 16:05:00,49.999999999999936,OK
2024-11-10 16:10:00,49.99999999999998,OK
2024-11-10 16:15:00,50.00000000000011,OK
2024-11-10 16:20:00,49.999999999999986,OK
2024-11-10 16:25:00,49.999999999999964,OK
2024-11-10 16:30:00,49.999999999999964,OK
2024-11-10 16:35:00,49.99999999999991,OK
2024-11-10 16:40:00,49.999999999999915,OK
2024-11-10 16:45:00,50.00000000000004,OK
2024-11-10 16:50:00,49.999999999999964,OK
2024-11-10 16:55:00,49.999999999999915,OK
2024-11-10 17:00:00,49.999999999999886,OK
2024-11-10 17:05:00,49.99999999999989,OK
2024-11-10 17:10:00,49.99999999999991,OK
2024-11-10 17:15:00,49.999999999999865,OK
2024-11-10 17:20:00,49.99999999999991,OK
2024-11-10 17:25:00,50.0,OK
2024-11-10 17:30:00,50.0,OK
2024-11-10 17:35:00,49.999999999999915,OK
2024-11-10 17:40:00,49.999999999999964,OK
2024-11-10 17:45:00,50.00000000000013,OK
2024-11-10 17:50:00,49.99999999999987,OK
2024-11-10 17:55:00,50.00000000000011,OK
2024-11-10 18:00:00,50.00000000000007,OK
2024-11-10 18:05:00,50.00000000000001,OK
2024-11-10 18:10:00,50.00000000000004,OK
2024-11-10 18:15:00,50.00000000000013,OK
2024-11-10 18:20:00,50.00000000000006,OK
2024-11-10 18:25:00,50.00000000000011,OK
2024-11-10 18:30:00,49.999999999999915,OK
2024-11-10 18:35:00,49.99999999999995,OK
2024-11-10 18:40:00,49.99999999999995,OK
2024-11-10 18:45:00,49.99999999999992,OK
2024-11-10 18:50:00,49.999999999999915,OK
2024-11-10 18:55:00,49.999999999999915,OK
2024-11-10 19:00:00,50.000000000000135,OK
2024-11-10 19:05:00,49.999999999999915,OK
2024-11-10 19:10:00,50.00000000000006,OK
2024-11-10 19:15:00,49.99999999999996,OK
2024-11-10 19:20:00,50.0000000000001,OK
2024-11-10 19:25:00,50.00000000000001,OK
2024-11-10 19:30:00,49.99999999999987,OK
2024-11-10 19:35:00,49.99999999999976,OK
2024-11-10 19:40:00,49.9999999999999,OK
2024-11-10 19:45:00,50.00000000000006,OK
2024-11-10 19:50:00,50.000000000000085,OK
2024-11-10 19:55:00,50.000000000000036,OK
2024-11-10 20:00:00,49.9999999999999,OK
2024-11-10 20:05:00,50.00000000000013,OK
2024-11-10 20:10:00,50.00000000000001,OK
2024-11-10 20:15:00,50.00000000000014,OK
2024-11-10 20:20:00,50.00000000000013,OK
2024-11-10 20:25:00,50.00000000000011,OK
2024-11-10 20:30:00,50.00000000000007,OK
2024-11-10 20:35:00,49.999999999999844,OK
2024-11-10 20:40:00,50.000000000000014,OK
2024-11-10 20:45:00,49.99999999999999,OK
2024-11-10 20:50:00,50.00000000000013,OK
2024-11-10 20:55:00,49.99999999999996,OK
2024-11-10 21:00:00,49.999999999999886,OK
2024-11-10 21:05:00,50.00000000000013,OK
2024-11-10 21:10:00,49.99999999991232,OK
2024-11-10 21:15:00,49.999999999872884,OK
2024-11-10 21:20:00,49.99999999976424,OK
2024-11-10 21:25:00,49.99999999999997,OK
2024-11-10 21:30:00,50.000000000000114,OK
2024-11-10 21:35:00,50.000000000000014,OK
2024-11-10 21:40:00,50.0000000000001,OK
2024-11-10 21:45:00,50.000000000000014,OK
2024-11-10 21:50:00,49.99999999999992,OK
2024-11-10 21:55:00,49.99999999999984,OK
2024-11-10 22:00:00,50.00000000000006,OK
2024-11-10 22:05:00,49.999999999999936,OK
2024-11-10 22:10:00,50.00000000000008,OK
2024-11-10 22:15:00,50.000000000000014,OK
2024-11-10 22:20:00,49.99999999992909,OK
2024-11-10 22:25:00,49.999999999921855,OK
2024-11-10 22:30:00,49.999999999950475,OK
2024-11-10 22:35:00,50.00000000000003,OK
2024-11-10 22:40:00,50.000000000000014,OK
2024-11-10 22:45:00,50.00000000000008,OK
2024-11-10 22:50:00,50.00000000000014,OK
2024-11-10 22:55:00,49.99999999999989,OK
2024-11-10 23:00:00,49.999999999999936,OK
2024-11-10 23:05:00,50.00000000000011,OK
2024-11-10 23:10:00,49.999999999999936,OK
2024-11-10 23:15:00,49.999999999989825,OK
2024-11-10 23:20:00,49.99999999998689,OK
2024-11-10 23:25:00,49.999999999991154,OK
2024-11-10 23:30:00,50.00000000000023,OK
2024-11-10 23:35:00,50.00000000000006,OK
2024-11-10 23:40:00,50.00000000000013,OK
2024-11-10 23:45:00,50.00000000000013,OK
2024-11-10 23:50:00,49.99999999999967,OK
2024-11-10 23:55:00,49.999999999999815,OK
