timestamp,high_side_pressure_psig,suction_pressure_psig,liquid_line_temp_c,suction_line_temp_c,outdoor_temp_c,return_air_temp_c,supply_air_temp_c,top_of_outdoor_unit_temp_c,electrical_power_w,supplemental_heat_power_w,compressor_frequency_hz,eev_position_pct,airflow_cfm,defrost_flag,refrigerant_type
2024-11-01 00:00:00,131.03840976941595,208.88924545891496,3.4972960773905855,30.73182753361703,2.2886663019747093,21.58942820448819,19.835875419357336,17.172590219969553,5.920402610471917,6547.914079850239,67.41665188485851,49.999999999994955,0.0,True,R410A
2024-11-01 00:05:00,130.64370569199266,209.44887432693184,2.6380848196851177,31.220708778149078,2.23132862851194,20.94057390528015,18.675530638600048,17.224269399755116,-6.214728189892161,6525.791831654767,67.29023903802724,49.99999999999439,0.0,True,R410A
2024-11-01 00:10:00,131.11755280689445,208.82491959037085,1.9610679040686296,29.967017830647276,2.4957078551585443,20.830221651198435,18.77159224210183,19.76423150545375,10.344532913685587,6559.378160378633,67.48216091644933,49.99999999999563,0.0,True,R410A
2024-11-01 00:15:00,446.8339651221223,88.74904042965308,47.47243689612536,3.4040479370971517,2.083402660839763,21.574540006118934,27.356687409175965,-1.0159294951284636,2059.3388381684695,0.0,67.35667204936067,50.00000000000001,928.280064592328,False,R410A
2024-11-01 00:20:00,449.46918773833227,86.67119764315389,46.72209474540244,4.055246009982853,2.1310815863311463,20.876457568727112,26.741302639756594,2.2958132178676127,2182.974640207551,0.0,68.3888275483881,50.0000000000001,940.665930580657,False,R410A
2024-11-01 00:25:00,450.12658425744013,86.62275569375737,46.993532926376055,3.5980454916912272,2.0884882879414124,20.88471180166785,26.291852072679777,3.075292875253253,2186.474911188828,0.0,68.4727286225654,49.999999999999865,941.6727434707848,False,R410A
2024-11-01 00:30:00,450.8861399296562,86.66644938412023,46.687923214076186,3.692473746322352,2.135208844640322,21.616360706515856,27.005177057723376,1.9286392600884295,2172.7468721170953,0.0,68.4839496514,50.000000000000135,941.8073958168,False,R410A
2024-11-01 00:35:00,452.270258919545,85.88317884311492,47.90898901529304,3.8340980824370074,1.6689960999753497,21.43754163957937,26.776713275123665,-2.1178068667098366,2143.5144790197733,0.0,68.887981590857,49.999999999999886,946.6557790902839,False,R410A
2024-11-01 00:40:00,454.3324395538331,84.92774286000396,47.210377111420094,3.087977832323154,1.1702251324566233,20.869808333861506,26.33291462886935,-0.4683135387509929,2323.478666323007,0.0,69.36765190552809,49.99999999999996,952.4118228663373,False,R410A
2024-11-01 00:45:00,454.69531402638285,84.62510117819217,47.41090340985701,3.084025535011826,1.2512078385752707,21.144563918063007,26.209715052530015,1.4638718033978666,2224.145230817679,0.0,69.56309695863268,49.99999999999987,954.7571635035922,False,R410A
2024-11-01 00:50:00,457.01666632737215,83.88270742596345,48.07435455718315,2.9866556006378038,1.1507360276298588,21.48003713929828,25.557815994577368,-0.31825941723745377,2283.653544267848,0.0,69.9265692817878,50.0,959.1188313814537,False,R410A
2024-11-01 00:55:00,454.3519806551552,85.32959885398542,47.5199548538282,4.098363468862298,1.1954440063134273,21.220447273601113,26.03803980910304,1.4094495953989101,2199.429606693328,0.0,69.27302700026041,49.999999999999986,951.2763240031251,False,R410A
2024-11-01 01:00:00,455.8766041722894,84.40006377915816,47.37663505570074,3.1432893510330944,1.5281894356538681,21.32265251688936,27.05612640809828,1.861702702912454,2354.1870400114713,0.0,69.7434909020474,49.99999999999994,956.9218908245688,False,R410A
2024-11-01 01:05:00,125.54891727839004,200.4418171887224,1.4815891223983302,28.30855684581212,1.1004188864901618,20.465377710366717,18.982639977420657,18.518340683957685,15.111956816073207,7025.76222732314,70.1472127275608,50.00000000000007,0.0,True,R410A
2024-11-01 01:10:00,124.94528362574994,200.06301694437806,2.1312464365702235,28.264065581285692,0.5943379352596465,20.1808016794776,18.4039735608984,16.699379106246866,-12.00816516489805,7048.298312350313,70.27599035628751,50.00000000000023,0.0,True,R410A
2024-11-01 01:15:00,123.046993054414,198.1879270104157,0.729081034720874,28.639990771150963,1.1352379132608967,21.169529657007903,18.543924474470604,14.469742944527246,-13.497303052208345,7150.368466387593,70.85924837935767,50.00000000000013,0.0,True,R410A
2024-11-01 01:20:00,455.7654717080289,84.82965919905918,47.43759588102473,2.596331550203251,1.1902623330997937,20.73943890791508,26.217271905235467,0.7121063160531955,2297.145344371602,0.0,69.67790889890253,49.99999999999967,956.1349067868302,False,R410A
2024-11-01 01:25:00,458.30336219126804,83.25467507696273,47.763771887080175,1.9809037961770772,0.4338246267841616,20.92112349563164,26.675011019465696,1.6322707331603081,2308.8860442920504,0.0,70.47588892072169,49.99999999999997,965.7106670486602,False,R410A
2024-11-01 01:30:00,461.81167509083957,81.93130334235339,48.57455524958727,2.7586473299049934,0.1918030976138064,20.65465064126733,26.364609362541863,-2.807900456510024,2436.685159107949,0.0,71.11824133112403,50.00000000000011,973.4188959734882,False,R410A
2024-11-01 01:35:00,457.98528354467453,83.78669660864105,47.30679875676683,3.2003857023899434,1.3044715801052247,20.28645411972797,25.26468371099262,1.8638420957685797,2308.0980653770303,0.0,70.28372699808875,49.999999999999844,963.4047239770653,False,R410A
2024-11-01 01:40:00,461.9510123431287,81.75438401895325,47.84242854661807,2.1738152977545377,0.9053790395665107,21.756893343572226,27.845630254860584,-0.2090533332869273,2420.043121172805,0.0,71.28423287059707,49.9999999999997,975.4107944471649,False,R410A
2024-11-01 01:45:00,464.66873742870257,80.32786648579619,47.48717518063633,2.138967438642994,0.2949833091114149,21.137178234790575,26.73764118249547,-0.1735147859860256,2497.4863927544507,0.0,72.01572441386571,49.99999999999984,984.1886929663885,False,R410A
2024-11-01 01:50:00,459.8789694928343,83.34156502775615,47.131706378172616,2.795873742774282,1.0976055152526722,21.074748199864885,26.411490024679996,-0.1489281196673179,2304.5303564633264,0.0,70.59637415864694,49.999999999999865,967.1564899037631,False,R410A
2024-11-01 01:55:00,463.66483201824866,81.0876951152787,47.8799622876493,2.4493933076535015,0.5131682523085417,20.559739872048382,25.819854613179935,-0.19228004500996682,2339.0301359233003,0.0,71.70363277066208,49.99999999999982,980.443593247945,False,R410A
2024-11-01 02:00:00,464.01057358776376,80.93572794848741,48.155500793068875,2.3910825651711223,0.25578245903044233,20.632484519467493,26.59680261285044,-0.1988449590292367,2431.135998581049,0.0,71.82258477359755,49.999999999999716,981.8710172831708,False,R410A
2024-11-01 02:05:00,121.45676644046108,196.00701500795384,1.0158128889818117,26.82837693233314,0.22998376244002966,20.3942549837854,19.181895161423324,13.522729299680034,18.844807075944352,7304.055070866136,71.73745754780649,49.999999999885375,0.0,True,R410A
2024-11-01 02:10:00,123.08167598271349,197.97751166667544,0.6814365325681133,28.293190650864307,0.5753990884484836,20.230823857775288,18.682346173183664,14.971846837524426,20.958187147979615,7205.295954463074,71.173119739789,49.99999999999987,0.0,True,R410A
2024-11-01 02:15:00,121.3533767518972,195.35944992009004,-0.4355369286063749,28.27945442057759,0.24130695943151084,20.889915803647913,19.250209795595943,13.787294239635083,-14.06538047569904,7342.824185729018,71.95899534702295,50.00000000000013,0.0,True,R410A
2024-11-01 02:20:00,468.40002389735224,79.14916045612738,48.184968601146046,1.3961599127096858,-0.6210911937287266,20.551918478420205,26.257460120997024,-1.3057203991591662,2485.616783024906,0.0,72.79722358354161,49.9999999999997,993.5666830024995,False,R410A
2024-11-01 02:25:00,464.57312561784534,81.16917101887864,48.88312760810101,2.090430297649,0.2919165968127199,20.999300062446835,26.49727305604302,-3.722834791646113,2374.448553691773,0.0,71.85534204396183,49.99999999999979,982.264104527542,False,R410A
2024-11-01 02:30:00,467.6838260232511,79.9770071677144,48.96698782248113,2.170439793283657,0.23267485663372392,21.062936138923178,26.506183818598046,-2.193089021319806,2539.8143345138383,0.0,72.40982039511076,49.99999999999963,988.9178447413292,False,R410A
2024-11-01 02:35:00,461.39341148017184,82.66701586958051,47.95421883198181,2.453604114133135,0.3512297690083448,21.517151689682372,27.116092422518896,0.9365414345925652,2385.4453924145114,0.0,71.17371700498589,49.99999999999964,974.0846040598306,False,R410A
2024-11-01 02:40:00,466.7279163312989,79.97771948093441,48.216554400408185,2.5035361977139683,-0.34439784650000416,21.418625913115047,26.552681510536722,-0.19012935656998808,2603.7746732642554,0.0,72.50084702180693,49.99999999999983,990.0101642616833,False,R410A
2024-11-01 02:45:00,472.9663852851601,76.85951197998648,49.58487915462872,1.5336094771053599,-0.8869197562636005,20.447817405437238,26.577922157546315,-5.297532880250035,2606.474545023492,0.0,74.0597672980704,49.99999999999907,1008.7172075768448,False,R410A
2024-11-01 02:50:00,467.61036688726495,79.96153377127631,47.9704246432491,1.651266981365696,-0.4843482072710281,21.206102335606474,26.237639240147633,-0.8875857193621297,2529.286655612072,0.0,72.57890188429718,49.99999999999959,990.9468226115661,False,R410A
2024-11-01 02:55:00,464.0893228548308,81.91806655022053,48.31478620904163,2.0759489012871257,-0.22007359833873658,20.618450751225414,25.85669443852236,-1.6722203251306098,2456.32235324519,0.0,71.65005602670097,49.999999999999815,979.8006723204116,False,R410A
2024-11-01 03:00:00,120.99573768887593,195.66255384971893,1.128519267313824,26.567027719266477,0.3365054838987121,21.39031497715175,19.070627284295732,14.844896385916062,4.359783665072606,7352.733579846494,72.01562045626568,49.99999999999993,0.0,True,R410A
2024-11-01 03:05:00,120.51061008576285,195.56973006581188,0.0655561871310286,27.79962724756004,-0.1724070320017298,20.443865087460722,18.193138687957298,15.61029951323457,1.8050853361657548,7362.9925788981445,72.0742433079894,49.99999999999994,0.0,True,R410A
2024-11-01 03:10:00,116.57689554652805,189.23819158515607,-1.3826035224948126,26.32856677078073,-0.9892642092479476,20.64161485969791,18.482734423857288,14.997305540051094,-16.976162077190256,7698.179574002404,73.98959756572802,50.000000000008455,0.0,True,R410A
2024-11-01 03:15:00,468.883907776711,79.64151840653344,48.78763269500472,1.667350312775041,-0.62630197052769,20.562605436258362,26.917407887342588,-0.4704196783662268,2452.9297004350256,0.0,72.88652891645054,49.99999999999965,994.6383469974065,False,R410A
2024-11-01 03:20:00,473.1387165812563,77.54252414096263,48.732203281686765,1.120158500634078,-0.5732504104520231,20.951567961235398,26.653755784120765,-0.1978052909118817,2643.2698464761434,0.0,73.91255370985185,49.999999999999474,1006.9506445182221,False,R410A
2024-11-01 03:25:00,470.96722706093493,78.61424951905268,48.08109582845569,1.643722877570195,-0.4482521529579895,21.380196166466266,25.977509352713632,-0.9444486135057353,2583.2895204998485,0.0,73.40841000088639,49.99999999999951,1000.9009200106367,False,R410A
2024-11-01 03:30:00,474.8005882427595,76.48663234518938,49.53291617397915,1.4551376885832932,-1.3154194097369125,20.342702836204374,26.31672360837122,-1.9767578194010997,2634.9697365936418,0.0,74.48639509478161,49.99999999999924,1013.8367411373792,False,R410A
2024-11-01 03:35:00,474.05263610536844,77.12438475692775,49.63258004027324,0.8886481651661784,-1.4521863294266633,21.312566687052403,26.404866001624256,-3.2245566102984258,2706.4148682617615,0.0,74.19643423999568,49.99999999999923,1010.3572108799481,False,R410A
2024-11-01 03:40:00,474.4680294630073,76.93695948673975,48.96122127127528,1.9846420128795137,-1.2596450845395442,20.70634274957604,26.046399570701137,-0.7490900429054099,2723.267441236047,0.0,74.31113228616417,49.99999999999907,1011.7335874339699,False,R410A
2024-11-01 03:45:00,470.9706367223439,78.75324592601224,48.6046768560061,1.391832798537639,-0.5533471140873987,20.559790338972462,26.42590887082788,-1.7485646223960267,2618.6297729744183,0.0,73.44878584814462,49.99999999999953,1001.3854301777355,False,R410A
2024-11-01 03:50:00,471.60235480699487,78.60736721312186,48.34041243291183,0.5832982985113492,-0.7050027934064046,20.61219367578988,26.479512175405667,-0.8826112460602652,2559.9387485779766,0.0,73.52318700926067,49.99999999999953,1002.2782441111281,False,R410A
2024-11-01 03:55:00,472.88876142130584,77.8384313476393,48.893139513009444,0.7614876447872994,-0.9247470043220446,21.885923257820167,26.752404061746823,-1.7517897919942684,2533.2842559885776,0.0,73.91495283531529,49.99999999999938,1006.9794340237834,False,R410A
2024-11-01 04:00:00,477.27095059551664,75.79320769863743,49.0641950087912,0.3531210495090188,-1.3969959724961265,21.526507228814364,26.224173914359444,-3.9691004025374745,2729.278070700109,0.0,74.92101120067414,49.9999999999988,1019.0521344080897,False,R410A
2024-11-01 04:05:00,474.7486979673397,76.9317943136838,48.63888827204615,1.1035240883796529,-0.9649006177475886,20.43525572192813,25.81696184603917,-1.2524329950837172,2712.3316319460287,0.0,74.38507897439408,49.999999999999226,1012.6209476927289,False,R410A
2024-11-01 04:10:00,115.67811969894093,187.2946552931123,-0.40783765087393176,26.172452983811613,-1.3664798272932481,21.137602709654153,18.9103922238319,12.351555752135749,-0.8653749196055213,7823.872723125807,74.70784413214747,50.00000000003858,0.0,True,R410A
2024-11-01 04:15:00,117.76503571028654,190.44515706643728,-0.6486196814494074,26.96914596877114,-0.7468620546863101,20.69062090760202,18.798944175069227,14.446358119509599,-25.553983715094425,7658.6531314384565,73.76373217964831,50.000000000004746,0.0,True,R410A
2024-11-01 04:20:00,116.63396233659745,190.4169283881111,-0.6169565037229188,27.01632580186436,-1.1992298200611247,20.837358593256045,19.00427396048558,12.561539640101199,1.2768919027146117,7666.103920208158,73.80630811547519,50.000000000005684,0.0,True,R410A
2024-11-01 04:25:00,472.9221181634275,77.9569569947806,49.43758888290459,0.7814207982543921,-0.22836356482523812,20.981331780081472,26.78189225839461,-4.714185874938577,2525.3410551660068,0.0,73.98903759583567,49.99999999999957,1007.868451150028,False,R410A
2024-11-01 04:30:00,477.83742950716515,75.54939033914707,49.83408364243787,0.8076203120959078,-1.6832451745388275,21.28573694949653,27.03562031358139,-5.0316861804796345,2695.1895449968456,0.0,75.19617475748791,49.99999999999895,1022.3540970898549,False,R410A
2024-11-01 04:35:00,483.2679960348931,72.94435186427435,49.73805691888556,0.06117816718745245,-2.198404624680033,21.822482849664283,26.64121897758292,-1.5577577567338805,2826.3071400333793,0.0,76.51896505409044,49.99999999999778,1038.2275806490854,False,R410A
2024-11-01 04:40:00,481.3936132403297,73.97941917598888,49.89644034624058,0.5697315212121827,-1.8436123889039324,20.71955052906808,26.67907001885492,-3.047067106325723,2723.315689258645,0.0,76.0271040926796,49.999999999998224,1032.3252491121552,False,R410A
2024-11-01 04:45:00,473.9879520874555,78.00664135240659,48.87580887680985,0.8207219175241701,-1.1370026456403926,20.592829722862547,26.586367120638588,-2.5887364455289372,2558.3356727682926,0.0,74.02753098384046,49.99999999999926,1008.3303718060855,False,R410A
2024-11-01 04:50:00,477.92822750262303,75.54914118696725,49.693857756606874,0.9684291915325591,-1.6304871540165526,20.689467415025575,26.612167860134065,-1.768489510297798,2772.616419649232,0.0,75.26566918458278,49.999999999998494,1023.1880302149934,False,R410A
2024-11-01 04:55:00,479.5455984078405,75.18654989579933,49.70867563270408,-0.39910546262185176,-1.7184043372362958,21.33079886534605,26.95273486263606,-2.4340805083671833,2649.5309074888746,0.0,75.43421383926665,49.99999999999869,1025.2105660712,False,R410A
2024-11-01 05:00:00,473.1740781205509,77.78080552811896,48.88951291738882,0.19801711907717323,-1.3820021581999113,20.627979182298574,26.13133291268656,-0.8172301697785592,2682.0626039569147,0.0,74.21558146085579,49.999999999999126,1010.5869775302696,False,R410A
2024-11-01 05:05:00,475.10638670671375,77.19550158070639,48.53049911410984,0.13290118952673557,-1.1286211397657664,21.018283249595616,25.790159489421868,-2.7720779165921927,2543.6714385717523,0.0,74.52039593485532,49.999999999999076,1014.2447512182638,False,R410A
2024-11-01 05:10:00,478.543092299789,75.63978457565203,49.55682560111397,0.35966308280775044,-2.1397093149859137,20.18224857985963,25.96520606245841,-1.934088881368516,2682.9453752141544,0.0,75.28988552701658,49.99999999999895,1023.478626324199,False,R410A
2024-11-01 05:15:00,479.46368675254405,75.28366236907965,49.445536958506004,0.8709601217426769,-1.204416403821217,20.848213053148562,26.344428105470886,0.23933786018098546,2749.0748902377295,0.0,75.4604578730924,49.999999999998636,1025.5254944771089,False,R410A
2024-11-01 05:20:00,478.9769770855699,75.53401460279454,48.55293324366479,0.03476980298796245,-1.4262678911987046,20.925708285180356,26.74693030537979,-2.4034381157265656,2752.1976001534213,0.0,75.32831831338444,49.999999999998856,1023.9398197606133,False,R410A
2024-11-01 05:25:00,477.9313975883215,76.04291989624897,49.6537808002737,0.22838674307866436,-1.3415298471431039,21.42076118635445,26.844908487366634,-1.846536144738489,2781.5331337609077,0.0,75.06653310887823,49.99999999999896,1020.7983973065388,False,R410A
2024-11-01 05:30:00,116.1713307662677,189.1289184357761,-0.6705086822314718,26.73881128399247,-1.674172372082832,20.876905998293907,18.72404494229258,12.18578000360952,12.89685447197253,7753.612908423502,74.30635947670572,50.000000000017195,0.0,True,R410A
2024-11-01 05:35:00,114.54643280141494,186.59250976359277,-0.2774487774461478,26.744787046643204,-1.779385617038529,21.816576558051267,18.714312121592645,12.605393696957224,10.311768891454692,7889.569455267718,75.08325403010124,50.000000000075815,0.0,True,R410A
2024-11-01 05:40:00,115.70250725233788,187.3742275129503,-1.6139968121610269,26.34278928782202,-1.0015945242591802,21.15993755954315,19.535944493758727,14.041322641542074,5.3915358980583195,7846.439321175243,74.83679612100138,50.00000000004944,0.0,True,R410A
2024-11-01 05:45:00,475.53725977372494,77.03253749270766,48.95836930125025,0.4296578550086997,-0.058261246921169185,21.390105658052843,26.222726115496773,-2.133531408535269,2564.8391666584553,0.0,74.6072673320661,49.99999999999901,1015.2872079847931,False,R410A
2024-11-01 05:50:00,481.4055720395217,73.97277466466598,49.25145736811202,-0.7475881427876981,-1.7164827715917437,21.27664140167125,26.457623258300536,-1.9604575505080737,2724.512428773926,0.0,76.14978102221771,49.999999999998195,1033.7973722666125,False,R410A
2024-11-01 05:55:00,477.1671652651545,76.12758562062167,49.52226938104504,0.15687487400938854,-1.2461815473267657,21.889032746633536,26.739020672502257,-1.632325884605458,2689.5512038111287,0.0,75.11452914080411,49.999999999998735,1021.3743496896493,False,R410A
2024-11-01 06:00:00,480.27933102852364,74.70938785535681,49.790107920115496,0.6701324366859093,-1.7611061713475005,20.926612726340135,26.84426750706615,-3.7366278756595177,2801.657055492734,0.0,75.83719687956352,49.99999999999831,1030.0463625547623,False,R410A
2024-11-01 06:05:00,486.3508321768023,72.11196707365544,49.76373224162343,-0.5137108744498329,-2.813423037402122,21.5730440115913,27.20852908183833,-2.043867596064253,2916.0611284100964,0.0,77.11834775737813,49.999999999996916,1045.4201730885377,False,R410A
2024-11-01 06:10:00,485.1121692965733,72.60662806377282,49.98716805506768,-0.8027712498834201,-2.1342917697993644,20.57966954547876,25.39972131627165,-4.175528938181864,2798.2202471385153,0.0,76.86568798951893,49.99999999999753,1042.388255874227,False,R410A
2024-11-01 06:15:00,482.27283129624,74.06022354103042,48.80643584320462,0.5570470841654017,-2.3913871033281446,21.51805873588778,27.074061838396688,-3.325946808006493,2744.9542050455193,0.0,76.12204980439813,49.999999999998224,1033.4645976527775,False,R410A
2024-11-01 06:20:00,477.9671624815479,75.89540094350218,49.921525732823916,0.09627677042684962,-1.9742920280850123,21.185412103926822,26.46171304166197,-4.381631563008844,2715.6045024753307,0.0,75.22223295708612,49.999999999998636,1022.6667954850334,False,R410A
2024-11-01 06:25:00,479.16601600234407,75.4366161524761,49.15477141152739,0.989829734589928,-2.1022068527828517,20.81191734502392,26.20619931637156,-0.6531250471447256,2749.230177225523,0.0,75.44029611030261,49.99999999999855,1025.2835533236314,False,R410A
2024-11-01 06:30:00,478.8823710253536,75.64802581203165,49.47611641261303,1.0438773711906935,-1.365209323808879,20.979895284818635,26.418555173023606,-3.161802469886847,2674.842625398202,0.0,75.31585223551872,49.99999999999859,1023.7902268262246,False,R410A
2024-11-01 06:35:00,474.05683942321156,77.79957778817422,48.3853161330951,0.8964553548620074,-1.1487746748035774,20.74502791110074,25.646673795410717,-1.4838660049057748,2627.3502374389896,0.0,74.26310091665066,49.99999999999905,1011.1572109998078,False,R410A
2024-11-01 06:40:00,482.1577775974425,73.9842788630498,49.50475362219183,-0.8105153262493309,-2.0309831325921737,21.33787180826839,26.01596254689157,-2.405220093733147,2755.561111320426,0.0,76.12248112512697,49.99999999999814,1033.4697735015236,False,R410A
2024-11-01 06:45:00,478.6386712508002,75.43728515685915,49.389751330226844,1.4386877650254046,-1.7106837237626782,20.92927495266962,26.819051150573625,-1.5487025648750348,2692.5859416382127,0.0,75.41212508529495,49.99999999999865,1024.9455010235392,False,R410A
2024-11-01 06:50:00,477.96328724450433,75.8406391410218,49.449442347259804,0.5868543338119812,-1.9444986566797597,21.220240521115965,26.85627655846633,-0.9227531446412032,2655.2356300011197,0.0,75.21356738864058,49.99999999999897,1022.5628086636871,False,R410A
2024-11-01 06:55:00,480.5442359074159,74.57831745326057,49.92845953487684,-0.08006788184773986,-2.119343641292666,20.573278798036842,26.508341803156714,-2.822199633489385,2739.3901516896426,0.0,75.83624873897489,49.99999999999822,1030.0349848676985,False,R410A
2024-11-01 07:00:00,113.44026793241734,185.4440899073778,-1.0064907464106034,26.752035669233813,-1.9121561500297493,21.006362103851092,18.84361591847091,14.285820953109235,11.041491088595677,7954.109900853799,75.45205657630743,50.000000000137845,0.0,True,R410A
2024-11-01 07:05:00,112.52984571993723,182.51301662155896,-1.7997627290710694,26.185033193054924,-2.587699634623356,20.570630380305882,19.01403522033061,14.164203518370632,0.3932795670124148,8000.0,76.3322364009115,49.99999999997552,0.0,True,R410A
2024-11-01 07:10:00,115.67632926862987,188.4669356999431,-0.7794200176617645,27.394966885708335,-1.4117653178249923,21.519901657117146,18.660824593688496,15.523456889636686,-0.32932728139290934,7791.17580123221,74.52100457846977,50.000000000026894,0.0,True,R410A
2024-11-01 07:15:00,480.2520762665217,74.77329755686235,50.36761256286826,-0.19058790486887622,-2.1838059474477993,21.26233243583421,26.31741761152093,-4.3574907108073075,2752.211265026912,0.0,75.71882802105785,49.99999999999869,1028.6259362526944,False,R410A
2024-11-01 07:20:00,473.30188966933844,78.25718541105051,49.27888180417548,1.1671995551683607,-0.8187344625587375,20.677544385560154,26.48902406202028,-1.3346002408662017,2689.0035252505922,0.0,73.98407430243768,49.99999999999909,1007.8088916292519,False,R410A
2024-11-01 07:25:00,477.96241073833363,75.88941174612907,49.400077183961535,-0.1508428241505182,-1.3596163898380023,21.623138024089386,26.250634973551136,-2.532492182642919,2671.2292566453834,0.0,75.1158154180561,49.999999999998764,1021.3897850166733,False,R410A
2024-11-01 07:30:00,474.89545237517297,77.39078181316498,49.63513926603917,1.1590561139884314,-1.5622028206741523,20.590445592374042,26.619177313022952,-5.633097816031793,2611.3641668795985,0.0,74.34822216776436,49.999999999999055,1012.1786660131723,False,R410A
2024-11-01 07:35:00,476.9547807179699,76.1554295570349,49.888447960284076,0.5192695587820744,-1.5582472856787317,21.788453277087438,26.35239572090941,-4.74721128906283,2640.488835753115,0.0,74.93851551280866,49.99999999999879,1019.262186153704,False,R410A
2024-11-01 07:40:00,476.6120688115324,76.2291204875277,49.659906725613595,0.6930062189026347,-0.8906804444457601,20.885049831110443,26.273296502014603,-1.835160672614263,2628.539103801643,0.0,74.89499681768154,49.999999999999154,1018.7399618121786,False,R410A
2024-11-01 07:45:00,477.8788724473493,75.65757463923842,48.707347664394355,0.34727652086321864,-1.873777486520034,20.279661449023063,26.86381241485588,-2.189040919649453,2716.5139694585255,0.0,75.15909723443309,49.999999999999,1021.9091668131971,False,R410A
2024-11-01 07:50:00,475.68978892819985,76.38193518487378,48.88861214818104,0.46204929006800916,-1.2844649542992908,21.359931444806836,26.593661354847143,-1.3147383068229823,2668.85669691051,0.0,74.82491259927562,49.999999999998934,1017.8989511913076,False,R410A
2024-11-01 07:55:00,475.5595229384252,76.53474994421751,49.149235134558,0.1836681642283231,-1.3505596685634549,20.85260926682636,25.48457043256719,-3.3363895231708467,2556.99769732902,0.0,74.76443249752865,49.99999999999923,1017.1731899703439,False,R410A
2024-11-01 08:00:00,113.34581947142729,185.15708833819454,-1.343970783507426,26.661433813466743,-1.4059150265231035,20.96037257809546,19.343347504414226,13.084244435834819,-1.0831204574239837,7956.823452856381,75.46756258775075,50.00000000014129,0.0,True,R410A
2024-11-01 08:05:00,114.29145274368439,186.4456220999615,-1.5491978265971196,27.20632740130888,-1.4498845646546175,20.788900412081546,19.62498804967284,15.456244892068472,-2.7307187822378056,7888.483615971643,75.07704923412368,50.00000000007482,0.0,True,R410A
2024-11-01 08:10:00,114.68157354449811,185.8705112202795,-1.0468960721114746,26.1063354317082,-1.7447190322138812,20.530814013841223,19.840638840041258,14.380268370665467,25.27493176263842,7915.365636092864,75.2306607776735,50.00000000009719,0.0,True,R410A
2024-11-01 08:15:00,470.5115903326341,79.13423830492647,49.46032934277948,1.5398222146090972,-0.716918801434585,21.654257708530572,26.547312649506633,-3.1207579086637294,2500.6612403666713,0.0,73.4738960757529,49.99999999999976,1001.6867529090349,False,R410A
2024-11-01 08:20:00,476.4088145998729,76.29532180654874,49.91476316958373,0.7958545653366189,-1.3958262638073815,20.298374215136324,25.644992184283367,-4.029554871971012,2657.5697858118324,0.0,74.840474493987,49.999999999999176,1018.085693927844,False,R410A
2024-11-01 08:25:00,472.226041491066,78.67460073903479,49.46138708753917,1.1925598319423938,-0.8389976284168829,20.494729834570112,26.480024930340317,-4.176920931130702,2587.4737860408904,0.0,73.62297814746407,49.999999999999496,1003.4757377695689,False,R410A
2024-11-01 08:30:00,475.39662211781655,76.64478925095067,48.70395336293139,-0.059898287030020536,-1.692333856944867,20.977561382347012,26.854603700979798,-3.550670672104375,2649.7158733821852,0.0,74.59320084069532,49.99999999999913,1015.1184100883439,False,R410A
2024-11-01 08:35:00,474.049468038405,77.49186577218458,49.291708392374574,0.2820138009157914,-0.6942609412495444,20.26794877920518,26.18078440376596,-1.110058933116913,2567.1414162408337,0.0,74.13437504705783,49.99999999999909,1009.612500564694,False,R410A
2024-11-01 08:40:00,477.0417514378383,75.58804523038705,49.093819609515904,0.07939685109940164,-1.2101820969655155,20.657149766966832,26.743631147780803,-4.478540489614481,2632.6742465960638,0.0,75.06022434664962,49.99999999999892,1020.7226921597955,False,R410A
2024-11-01 08:45:00,474.8277316996029,76.81037220987865,48.33944568670435,-0.28814083163123105,-1.5318951779062224,21.4197060152925,26.347658926849995,-2.0441943324580416,2643.4705673970293,0.0,74.43727693969053,49.99999999999905,1013.2473232762865,False,R410A
2024-11-01 08:50:00,472.7144634299808,77.6625780258917,48.86194442316277,1.6964420460318923,-1.0977910085760414,21.70511894880897,27.1548026073819,-1.5112325084232463,2647.8070095263975,0.0,74.01514663784184,49.99999999999902,1008.1817596541019,False,R410A
2024-11-01 08:55:00,118.64312531759506,192.55506013691362,0.11327272036063929,27.63475585213687,-0.6166214632592508,20.936462355927738,18.305499489298516,14.00371380214,27.08162746699926,7542.183516858545,73.09819152490597,50.00000000000046,0.0,True,R410A
2024-11-01 09:00:00,117.98915563870496,190.41717661129596,-0.6221949645119464,27.13245350622926,-1.199521609721053,21.082757119096243,18.792164502665813,16.318817090564053,-6.930643540171274,7648.398089349912,73.70513193914235,50.00000000000425,0.0,True,R410A
2024-11-01 09:05:00,118.04971826325333,192.63434427580242,0.4842970508287132,26.380274455391856,-1.0846465153029126,20.84492506621015,18.975830031085593,16.29973515012583,-20.75761115846426,7533.612672240981,73.04921526994846,50.000000000000355,0.0,True,R410A
2024-11-01 09:10:00,470.5414722940755,78.88125009206298,48.8328063563802,0.4291428608282698,-0.8600995072352307,20.405769292599576,25.789784553331458,-0.12610997798476586,2430.0510819419437,0.0,73.31784342332307,49.999999999999524,999.8141210798768,False,R410A
2024-11-01 09:15:00,467.369003792135,80.36283680601657,49.6861871675244,1.7157815849359213,-0.38996842304595725,20.76350242259734,26.07177878665589,-4.208374487042977,2511.6300995597576,0.0,72.5660954419412,49.999999999999794,990.7931453032944,False,R410A
2024-11-01 09:20:00,470.768131509892,78.38812971120106,48.9006889872281,2.2360071501158925,-1.1816078326353017,20.84399726712408,26.343449371221727,0.6721774943393586,2580.6774405366687,0.0,73.49847566525219,49.999999999999346,1001.9817079830264,False,R410A
2024-11-01 09:25:00,464.3483356345023,81.44248013176725,48.27287210748953,1.6351686228465652,0.03758405000874993,21.555769192481957,27.303631402891728,0.10345985960680726,2540.4985179466994,0.0,72.03101855843379,49.999999999999886,984.3722227012054,False,R410A
2024-11-01 09:30:00,471.53652850928796,78.09432999637828,48.21198664758055,1.6296567518178173,-0.4533853643935,20.724533455008935,26.39216127216049,-2.2442219151414133,2485.9707320155912,0.0,73.60448451077681,49.99999999999953,1003.2538141293217,False,R410A
2024-11-01 09:35:00,471.54075694618473,77.89395082082444,49.43480657342019,0.9206818584641108,-0.5867320938488281,21.403637501625028,26.584788137061572,-3.806650026402166,2501.109948921837,0.0,73.6787338753968,49.99999999999939,1004.1448065047618,False,R410A
2024-11-01 09:40:00,472.3067051142363,77.61468120258068,48.66357282856022,1.1414391056038202,-0.9241862199882289,21.220621686692343,26.685583281679207,-0.42760567050248066,2580.446215723703,0.0,73.77236104808122,49.99999999999957,1005.2683325769748,False,R410A
2024-11-01 09:45:00,462.9043063627983,82.28405594556921,47.73681221188777,2.8602272156569617,-0.29923821774586323,20.369687608196855,26.007229553158187,-0.8459935494318127,2347.3778502945597,0.0,71.494229417579,49.999999999999815,977.930753010948,False,R410A
2024-11-01 09:50:00,121.70076997611217,195.22352353615247,0.5960900819073311,27.782498984942773,0.17018550222375936,20.984528706591735,19.750600209270083,15.096007354698836,10.572471572710207,7365.583819990884,72.08905039994791,50.00000000000011,0.0,True,R410A
2024-11-01 09:55:00,119.61483199121523,193.25960722335472,0.253596002160666,27.32943221373662,-0.2815976815179448,21.17839691686685,18.92879858997561,14.990961044942846,-8.18245944118214,7463.93036628306,72.65103066447463,50.00000000000037,0.0,True,R410A
2024-11-01 10:00:00,121.31082089196083,196.63255683298615,0.7426885711346005,28.88569816459164,0.30396822029466736,21.88389586359978,19.81571035003077,14.075808685989262,2.2182454543333905,7288.167989364759,71.64667422494148,49.99999999996547,0.0,True,R410A
2024-11-01 10:05:00,464.2514308513944,81.28951538024617,47.996558216812666,2.119240532103258,0.6772924616372147,20.41887220245261,26.524879509673735,-0.673631226211441,2444.967401175187,0.0,71.80707675690708,49.99999999999982,981.684921082885,False,R410A
2024-11-01 10:10:00,460.4319483539647,83.20069503317323,47.79626164758903,3.116603104970877,0.32355707081859897,21.37247097636962,26.76784311829744,-0.9544620153653938,2328.786829225998,0.0,70.8579988806444,49.999999999999844,970.2959865677329,False,R410A
2024-11-01 10:15:00,468.3532067160224,79.24591935482391,48.47127613954264,1.3224377687868953,-1.1973825644573737,20.606060805277615,25.963281176579954,0.03373023118595808,2580.5677929570306,0.0,72.66987556904152,49.99999999999979,992.0385068284984,False,R410A
2024-11-01 10:20:00,463.9639074260318,81.24657227451608,48.512020042905135,2.875655834388576,-0.14371764343483848,21.143464475926535,26.70044091561348,-3.735736695669126,2436.470927521296,0.0,71.65536254018383,49.99999999999959,979.8643504822059,False,R410A
2024-11-01 10:25:00,463.3998270628966,81.31600351322346,48.86748007062516,2.3492166554299034,0.35821653864294395,21.519673725477148,27.298323620299875,-2.4957932777060123,2402.406628709796,0.0,71.5751939636748,49.99999999999997,978.9023275640977,False,R410A
2024-11-01 10:30:00,466.37820093909625,79.90784700244366,48.4987461030379,2.1311633791890587,-0.07815266339385808,21.04936309412036,26.49814227558714,-1.976386252311868,2401.4012780589787,0.0,72.17246086783655,49.99999999999973,986.0695304140385,False,R410A
2024-11-01 10:35:00,457.5032956302717,83.82674520884223,48.60200293229383,2.9130714695610567,0.48256597496686415,20.966448268002207,25.874712065719912,-3.2861800692948413,2361.82374419622,0.0,70.30548637230706,50.000000000000064,963.6658364676848,False,R410A
2024-11-01 10:40:00,460.57759283785305,82.29898801847656,48.32383306579078,2.246948033302753,0.07377030934807433,21.283637006649816,26.6165992461972,-3.6821956848696784,2457.860413994151,0.0,71.000628951398,49.99999999999966,972.0075474167759,False,R410A
2024-11-01 10:45:00,457.6848700600506,83.7100546343002,47.50186845573953,2.84013439102352,0.734593091525787,21.025771288665037,25.66095163940072,0.05140064239092529,2336.5573419756447,0.0,70.318048407458,50.00000000000013,963.816580889496,False,R410A
2024-11-01 10:50:00,126.7858340166911,204.1099968815929,1.8072197705209843,29.171568948461815,1.019035666491955,20.802985467221955,18.481610824929515,16.573245687426958,-4.999582861218926,6862.497576390226,69.214271865087,49.999999999999915,0.0,True,R410A
2024-11-01 10:55:00,122.89866167252985,198.59800693517718,1.44948931273814,29.076292204706146,0.7527091988601107,21.49589064233403,19.456742643578046,15.961274468575384,-2.0871511708205768,7141.218289315686,70.80696165323249,50.00000000000007,0.0,True,R410A
2024-11-01 11:00:00,124.31900730048925,199.1518205144428,1.6936930686466534,28.593019993441654,0.5711205103881052,21.08062207591867,18.25602617621662,13.922313445265692,-10.010503189729906,7106.907998058405,70.61090284604802,49.999999999999986,0.0,True,R410A
2024-11-01 11:05:00,457.30136436953643,83.82274515119235,48.14402266591482,2.1843103946160105,0.7444286432134468,21.839518917069327,26.106731204289094,-2.2360753755167067,2221.040597304057,0.0,70.13487198297408,50.0000000000001,961.618463795689,False,R410A
2024-11-01 11:10:00,454.47211616716135,84.9857474549088,47.35703367182486,2.368026205844213,0.9802551524619529,21.089375114152016,26.22664004940345,-0.04283403637124705,2337.6037372204987,0.0,69.58452385332228,49.99999999999991,955.0142862398675,False,R410A
2024-11-01 11:15:00,458.13347286478387,83.11834227905969,47.55691626879604,1.9162903960744506,0.8585862902088415,21.26414628854701,27.32979120343438,0.8138279650049212,2338.469177180438,0.0,70.44070105553067,49.9999999999997,965.2884126663681,False,R410A
2024-11-01 11:20:00,458.1107673881665,83.3776760107297,47.8891833321143,3.1741206049988326,0.8779179933498729,21.019217624840877,26.30893533846948,0.09749889514260018,2341.9021198621163,0.0,70.26972954755627,49.999999999999694,963.2367545706752,False,R410A
2024-11-01 11:25:00,453.27319977978226,85.9804933732031,47.960074516128785,2.9267981529889187,1.5631374896344186,21.116512098833677,25.75840570420945,-1.5782806969428462,2233.403383211189,0.0,68.99489938264873,49.99999999999987,947.9387925917846,False,R410A
2024-11-01 11:30:00,453.97310465609,85.72675828980789,47.351324006781056,3.63745696035418,1.54145290557664,21.820143636780557,26.16605683422546,0.24246513393183677,2252.7282277299164,0.0,69.02517185513021,50.00000000000004,948.3020622615625,False,R410A
2024-11-01 11:35:00,458.3775029052624,83.37422481321573,47.73186683067975,3.0621527324185753,0.9722068126938569,20.340593150066926,26.102743571848283,2.2185131832633687,2274.931803206817,0.0,70.01226905265426,49.99999999999992,960.1472286318511,False,R410A
2024-11-01 11:40:00,454.2923173939103,84.78500322269808,47.264549154375494,3.3158453995891795,1.038260522006641,21.23562330479912,26.14615108070335,-0.4353797261891337,2299.968024800301,0.0,69.30360060591187,49.999999999999865,951.6432072709423,False,R410A
2024-11-01 11:45:00,446.78881961110386,88.4630820517303,46.43228600410413,4.424227221131533,1.9859105814209697,21.187821722854643,26.831690220701816,1.3052906290514528,2184.0669441272053,0.0,67.5899507611193,50.00000000000006,931.0794091334316,False,R410A
2024-11-01 11:50:00,448.96454909536976,86.96686357317654,46.775586256771774,3.936947088420285,1.7393928483333407,20.671518560861674,25.98967035182319,1.4653937731479902,2132.0612467010633,0.0,68.28440936024995,49.99999999999964,939.4129123229994,False,R410A
2024-11-01 11:55:00,452.1240318220051,85.79493304549582,47.1094098888412,2.2562059336516165,2.230629376468588,20.990966158179777,26.33098284364435,0.8597103428268609,2279.39413417388,0.0,68.77785838991582,49.999999999999865,945.3343006789898,False,R410A
2024-11-01 12:00:00,128.4957017671001,206.0069739083715,2.6964323288152316,29.675569710271073,1.4327314345702775,21.221805479531795,19.622391126459174,16.073446347988448,27.36079232727308,6706.916184256638,68.32523533860936,49.99999999999879,0.0,True,R410A
2024-11-01 12:05:00,129.23336221576332,206.80646072161153,1.8413867890437605,30.173795245340877,1.8355507273140943,20.811445405708767,19.41168702301348,15.149560141897751,-29.067927907571846,6663.564712591794,68.07751264338168,49.99999999999815,0.0,True,R410A
2024-11-01 12:10:00,130.34041543359044,208.68760611937657,2.2633648966650566,31.057200264086863,2.2665389767425124,20.866882731203347,18.99239205037483,16.545549907817605,4.471305776810819,6567.029399451722,67.52588228258128,49.99999999999575,0.0,True,R410A
2024-11-01 12:15:00,451.28088126167876,85.8834868474303,46.54874416289577,4.534651484159209,1.600422849886212,20.665680870630545,26.299580949292366,0.2320378343667625,2191.8215911175607,0.0,68.61715464826409,50.00000000000003,943.4058557791691,False,R410A
2024-11-01 12:20:00,449.52406578511415,87.03357348633679,47.1165632774842,3.307427750877217,2.311193870101167,21.20224033421664,26.519355799553086,3.168227600382881,2219.316898841027,0.0,68.02199398466031,49.99999999999997,936.2639278159238,False,R410A
2024-11-01 12:25:00,445.66880344901205,88.82136801419834,47.118438601002794,4.245005334818754,2.3273186053242805,21.674163891924156,26.419482410090275,1.6845639130731933,2125.65605667191,0.0,67.16026403104972,49.9999999999999,925.9231683725966,False,R410A
2024-11-01 12:30:00,445.7558500626072,88.60405572837468,47.27067963762448,3.605701640284524,2.31839662739334,20.960402835623416,26.376043478911765,-0.6620326308570802,2126.7065650601253,0.0,67.22248190572296,49.999999999999936,926.6697828686755,False,R410A
2024-11-01 12:35:00,443.4428542762747,89.61611652677271,46.38127479091043,5.387152499471609,2.8715985160014625,21.206614090280688,26.686915808472676,0.7224534216174445,2107.755213784413,0.0,66.74558007616687,50.000000000000085,920.9469609140025,False,R410A
2024-11-01 12:40:00,447.3388628101109,87.2631372339022,46.968163310790516,4.598446545206415,2.635231940007653,20.82607379323823,26.00434240137942,2.3300625468445126,2187.651532413908,0.0,67.81596311773572,49.99999999999993,933.7915574128288,False,R410A
2024-11-01 12:45:00,443.6765058386423,89.56951808100366,46.19889730319524,4.80773065772458,3.0546862264774908,21.12908785722052,26.965575189109515,1.1513602229750943,2026.3697998040452,0.0,66.73512657141401,50.00000000000014,920.8215188569682,False,R410A
2024-11-01 12:50:00,441.49616607550746,90.83718690213665,46.31018348131423,5.0214819086741445,2.897438312811296,21.754462913382437,26.226581062184888,1.8892634244493731,1997.389331071713,0.0,66.12313104391191,50.00000000000004,913.4775725269432,False,R410A
2024-11-01 12:55:00,442.45156951190864,90.63617842254595,46.207431101237525,5.623050850190841,2.9178810364963836,20.804836702316212,26.212766609860996,1.803885738832815,2007.13707406045,0.0,66.13452939996779,50.00000000000014,913.6143527996135,False,R410A
2024-11-01 13:00:00,441.7186412277403,90.49412467760416,46.08782200324818,5.527409517883486,2.935762693938678,21.38954841349695,26.854332877409046,1.9212412602994577,2019.3267113847821,0.0,66.15650615899317,49.99999999999989,913.878073907918,False,R410A
2024-11-01 13:05:00,441.6399337964868,90.64570835829858,46.07910484050863,5.565385022501309,3.030462496712025,21.7034207149077,26.36671186419614,2.131642422682498,2106.9879116141224,0.0,66.0272746516535,50.000000000000135,912.327295819842,False,R410A
2024-11-01 13:10:00,442.15846849929335,89.87105797501971,46.35699745451535,5.053624846133086,2.571080481937612,20.550302321207514,26.66279035486688,1.0117829669126914,2050.1449812717215,0.0,66.34943016751609,49.999999999999936,916.1931620101932,False,R410A
2024-11-01 13:15:00,439.82324109743615,90.97616853312229,45.7927417407076,4.905628572735744,3.3612208621494575,20.71541263842743,26.419823126692755,1.8782290608330654,1958.076741648706,0.0,65.83951455501435,50.00000000000007,910.0741746601722,False,R410A
2024-11-01 13:20:00,436.5395955735078,92.887890829319,45.49137268560725,5.900067640480419,3.5784879627884756,20.485342387003147,25.944798587210286,4.036449472335074,1942.149882470674,0.0,64.96698955105671,49.999999999999986,899.6038746126806,False,R410A
2024-11-01 13:25:00,134.33318469064048,214.01463424388547,4.004851190240958,31.559191136032737,3.137713326760587,20.86214913290988,19.03688530158597,18.117613243031027,-5.008945061498698,6247.090435808186,66.0,49.99999999996602,0.0,True,R410A
2024-11-01 13:30:00,135.57374813238755,213.5267974879058,4.46480279534462,31.014210676125447,2.728185797953708,20.807589033807883,19.359890858408896,18.2348432524102,3.9747703229480167,6261.6647061775,66.0,49.999999999968466,0.0,True,R410A
2024-11-01 13:35:00,134.819418095192,214.6385432304622,2.668207266596927,31.094766281446827,3.2890766034111327,20.644890803184047,18.72340339429168,16.03814261051265,5.86617889315047,6205.363240697618,66.0,49.99999999995795,0.0,True,R410A
2024-11-01 13:40:00,436.77977182701534,92.8679943812563,44.91887092664711,6.168514596332263,3.0338942705869165,21.267948049191265,26.276452674774266,4.049641620077001,1911.2926705007994,0.0,64.79628407689368,50.000000000000036,897.5554089227243,False,R410A
2024-11-01 13:45:00,436.9667551495042,92.22013926642778,45.17233036974573,6.297515676185066,3.290962818590593,21.47799265261962,26.328323083206307,2.279937731637144,1978.2602866240718,0.0,65.06908475639948,49.9999999999999,900.8290170767938,False,R410A
2024-11-01 13:50:00,434.91025927565147,93.82109709129969,45.31116524112284,5.474889511353127,3.6806580898667502,21.435438531616967,26.736439544538527,4.473555956178204,1935.0136217966515,0.0,64.30082519637898,50.000000000000426,891.6099023565478,False,R410A
2024-11-01 13:55:00,433.79283339159974,94.21724626255447,45.72865165372197,5.827296464671565,4.045083360321837,21.744188187234787,27.176555889282493,1.1132596065932485,1941.3616803398406,0.0,64.0820303952089,49.99999999999973,888.9843647425066,False,R410A
2024-11-01 14:00:00,432.13579107574986,94.96263950718756,45.44138376043363,6.3144568190146915,4.702945288270931,20.658420563639822,26.220275896276814,3.0769368517420173,1863.0029022876843,0.0,63.72201943842531,49.99999999999987,884.6642332611037,False,R410A
2024-11-01 14:05:00,430.38615329880656,95.9582624151373,45.05524726473418,6.617657237082377,4.545929977907703,21.039359129281987,26.06086407443785,2.1965681426568917,1903.1089638266262,0.0,63.251284523583855,50.00000000000006,879.0154142830062,False,R410A
2024-11-01 14:10:00,430.7300073600668,95.52834139927002,45.297326299272456,6.02833878598801,4.7240425873993415,21.150515522031963,25.900507591021697,5.9643679230367335,1849.2520782838267,0.0,63.42095606878269,49.999999999999865,881.0514728253924,False,R410A
2024-11-01 14:15:00,434.99001299278996,93.24860389182852,45.04808218311166,6.749593299937571,4.001396636696621,20.873628181974215,25.914252082155034,4.111080257812932,1924.0320674280788,0.0,64.3843340304689,50.000000000000114,892.6120083656269,False,R410A
2024-11-01 14:20:00,434.071864409707,93.47050051861694,45.22665124265444,6.079430794731589,4.205899208865289,21.103624748065148,26.00663859271606,4.231457561648008,1893.254967633599,0.0,64.263233676082,50.00000000000001,891.158804112984,False,R410A
2024-11-01 14:25:00,431.68003162843246,94.63700434576796,45.143385548335566,6.394447940870655,4.68589444251831,20.722937902535,25.922780073220732,5.447583942088004,1903.8082004911382,0.0,63.74248752672924,50.00000000000013,884.909850320751,False,R410A
2024-11-01 14:30:00,432.45434490417443,94.1570027252826,44.439310781396244,6.904216772979648,3.8052236825330947,21.399337982080603,26.167100501426308,3.7488617444526326,1901.2033232742856,0.0,63.950450535552456,50.00000000000006,887.4054064266295,False,R410A
2024-11-01 14:35:00,434.1527685267931,93.50616508498807,44.745427703311,5.674025446481301,3.659424928864146,21.782404139339235,26.822954612201556,4.75095631048535,1888.324671302695,0.0,64.2028874817928,49.999999999999986,890.4346497815136,False,R410A
2024-11-01 14:40:00,432.1033257577212,94.97853561649107,44.49711855914045,6.211915275406483,4.456774483770818,21.100786287277426,26.15471357621805,3.2775559558807936,1810.9009009724125,0.0,63.487737572744756,50.00000000000006,881.8528508729371,False,R410A
2024-11-01 14:45:00,430.8833687320086,95.20483130244142,45.39008815579952,5.695960160212345,4.321517738504486,21.25775303963695,26.605441725559153,4.560199807556367,1907.210127482182,0.0,63.35475745055368,50.000000000000135,880.2570894066441,False,R410A
2024-11-01 14:50:00,430.729023689288,95.15259358336779,45.12924238575274,6.238404881917837,4.390686267886714,20.87200449323226,26.083997582639217,3.19448341061992,1875.8225697478451,0.0,63.350839763910756,49.99999999999987,880.210077166929,False,R410A
2024-11-01 14:55:00,429.4996753234412,95.92496326893273,45.17198731685923,5.766927282269308,4.436790976604781,21.689924535473107,27.448212690026068,3.5075322487526766,1859.9575593035968,0.0,62.97721791152602,50.000000000000085,875.7266149383122,False,R410A
2024-11-01 15:00:00,425.6062148944726,98.45021482445273,43.51344808598895,7.462890569243005,4.910088277039004,21.079565308381415,26.120177379229897,4.685966467600696,1750.6807236993827,0.0,61.82206821570716,50.00000000000007,861.864818588486,False,R410A
2024-11-01 15:05:00,426.73786724555197,97.36110373144167,43.856654532814,7.078747873915271,5.354978899512782,20.93724765218333,26.055816417439456,3.1013505889205506,1757.6637776437085,0.0,62.26250100223945,49.999999999999986,867.1500120268735,False,R410A
2024-11-01 15:10:00,420.9456423031317,100.66834709218674,44.38815305461854,7.452738233827005,5.2613145532003,20.76257148408277,25.823101150408345,5.4206971097209555,1671.1322038380085,0.0,60.81745422530745,49.999999999999915,849.8094507036894,False,R410A
2024-11-01 15:15:00,426.0625116963504,97.88301354389793,43.09883514614888,6.965561523448532,5.221691055129919,21.445922706364367,26.382468413648546,4.203815167483187,1849.179878770998,0.0,61.96845324528509,50.000000000000036,863.6214389434211,False,R410A
2024-11-01 15:20:00,426.17032053860754,97.53272722321871,45.144524349275585,7.337786980293593,5.114322258418233,21.04423192783571,26.22864995354636,2.469493139911417,1748.66350700128,0.0,62.08589245460181,49.99999999999993,865.0307094552218,False,R410A
2024-11-01 15:25:00,425.0435418317347,98.42153027433065,43.45466754237564,6.610333804372338,4.704527858546213,20.954973756034175,26.434467013799463,4.220569962058364,1706.2378577467903,0.0,61.643536304365426,49.99999999999993,859.7224356523851,False,R410A
2024-11-01 15:30:00,423.3103794376775,99.00421093806268,44.68340493707696,7.419773945573643,5.068455912849303,20.991763680217243,26.57042258632037,4.472635308693988,1720.0516704571803,0.0,61.364619976305235,49.99999999999967,856.3754397156628,False,R410A
2024-11-01 15:35:00,422.25984514517813,99.22471591887826,43.78308901541164,7.713246466175871,5.164684394661538,20.80929900436658,26.155717202923558,5.7163280277847415,1699.4175177847642,0.0,61.273016874107,50.00000000000011,855.276202489284,False,R410A
2024-11-01 15:40:00,418.5957974757693,101.46331271933116,44.39465213764086,6.948595921222951,6.009108193921549,20.690020861593943,26.409765543211616,5.624930912420349,1673.6786363498886,0.0,60.32053408014686,50.00000000000011,843.8464089617624,False,R410A
2024-11-01 15:45:00,425.72621888314137,97.86810009246756,46.032175353379685,7.438342474289095,4.98576293965892,21.083959940018616,25.769277203709017,6.043345838461232,1691.9430901443036,0.0,61.80825305712383,49.99999999999994,861.699036685486,False,R410A
2024-11-01 15:50:00,420.8805885898182,100.736289866346,42.80726635977284,6.904495201924679,5.715849491572221,21.452515391874183,25.505278471702024,5.761636029180289,1666.5671253491312,0.0,60.51694713288908,49.99999999999999,846.2033655946689,False,R410A
2024-11-01 15:55:00,421.11804227238594,99.96158444638515,44.40987026265294,7.524960506444088,5.146463541274435,21.507899998431018,26.614043077037,4.529796678135567,1689.0040213399338,0.0,60.83248450326029,49.99999999999996,849.9898140391235,False,R410A
2024-11-01 16:00:00,424.86005511886503,97.57842629647006,43.53891401600834,6.494310617545433,5.77377968460764,21.09985726228915,26.393981192720403,4.517646809116516,1794.0797358337013,0.0,61.847987660813914,50.000000000000085,862.1758519297668,False,R410A
2024-11-01 16:05:00,419.5978577952967,101.27415055129778,44.04239847938792,8.610271265272782,5.916006661249624,20.217782700535086,25.770987388374753,5.046599938716232,1646.0798670338963,0.0,60.210704048744454,49.99999999999999,842.5284485849335,False,R410A
2024-11-01 16:10:00,417.29748192130876,101.92389567364718,43.624101761319956,7.451455682129296,6.179716478394553,21.11795676947438,26.095126925548342,6.017989065318639,1668.5510667342992,0.0,59.93996758158906,49.99999999999993,839.2796109790688,False,R410A
2024-11-01 16:15:00,422.2391621857575,98.92642175156288,44.273878147224345,6.562922406026089,5.225829705439213,20.878593024987538,25.66528784648062,4.947839499472007,1727.066077122651,0.0,61.22396529598244,50.000000000000036,854.6875835517893,False,R410A
2024-11-01 16:20:00,420.5555594225961,100.3708226600553,43.509440016577166,7.779631864476449,5.517167595557936,21.223999338109437,25.303876254559306,4.584396159719369,1653.8408080211398,0.0,60.57408841264342,49.999999999999936,846.8890609517211,False,R410A
2024-11-01 16:25:00,423.79976506823283,98.03606276343325,44.7290450448947,7.008115856460986,5.788772742957456,20.56428582484651,26.740210947247533,4.723567817533912,1749.6645057368542,0.0,61.570065307057206,50.00000000000007,858.8407836846865,False,R410A
2024-11-01 16:30:00,422.67202567857,98.81169006358387,43.48362431446723,6.637293074398146,4.8145792066281246,21.132807915532833,26.0257440880181,5.350776354284871,1653.451310648961,0.0,61.22080862253978,49.999999999999865,854.6497034704772,False,R410A
2024-11-01 16:35:00,417.1947056198308,102.14225024294485,44.290816157457805,8.369577564899515,6.190264085851323,20.3948370973557,26.059819587466592,4.600248427020312,1569.5783184868824,0.0,59.78666006935582,49.99999999999961,837.4399208322698,False,R410A
2024-11-01 16:40:00,420.4961608944624,100.18795906792724,43.76996581584135,6.704795843246581,5.337094207139053,21.104481652459445,25.780730621899842,5.517554136116126,1704.7246123238278,0.0,60.598909251057165,50.000000000000085,847.186911012686,False,R410A
2024-11-01 16:45:00,421.73326866548064,99.65325710214573,43.34311154672122,7.089270333144757,5.485890473117218,21.36805581500379,26.017535652095646,3.5287077232844943,1689.7733782808696,0.0,60.78521836112736,50.0,849.4226203335284,False,R410A
2024-11-01 16:50:00,417.8157365947058,101.65224935121245,44.516899191455614,7.753149825075926,5.849330619984112,21.63150597958721,26.648434254803274,6.646330303427926,1654.0434404382875,0.0,59.91848207942736,49.999999999999964,839.0217849531284,False,R410A
2024-11-01 16:55:00,419.3534406389424,100.80548415391742,43.811744894690484,8.273889567950821,5.576985066847477,21.297933555330996,26.42255065984873,5.899959182645225,1593.4029753500195,0.0,60.2544432562535,49.99999999999992,843.0533190750419,False,R410A
2024-11-01 17:00:00,418.47987185252595,100.58872171322828,44.84646565231811,8.457537294043785,5.820435629449109,20.815064154667333,25.891489599809084,6.939086146159009,1693.8049293241218,0.0,60.38039377892558,50.00000000000011,844.5647253471069,False,R410A
2024-11-01 17:05:00,416.60839645682745,102.36902268896924,44.21620169687994,8.744026280699417,5.422226412843813,20.519911458441833,25.81846553782006,4.576038717260207,1633.358191353491,0.0,59.61472968592874,50.000000000000036,835.3767562311449,False,R410A
2024-11-01 17:10:00,420.6581632036569,99.61294911750069,43.650380738338775,7.524091650459557,5.506082001115064,21.228172095594562,26.25620840736121,6.234180274507133,1670.625130979555,0.0,60.79854290861866,49.999999999999936,849.5825149034239,False,R410A
2024-11-01 17:15:00,420.20666182102684,99.81812790040365,43.9807315220031,6.422043980973789,5.6086111107663745,21.45479800960502,26.11074549395505,6.071478166939498,1692.4918406231675,0.0,60.728603793257264,50.00000000000014,848.7432455190873,False,R410A
2024-11-01 17:20:00,418.1853688374112,101.20851254602633,43.86530143195984,8.12238322777188,5.519173753240798,21.25414414933381,25.92797120780449,5.244724669954712,1651.029434537578,0.0,60.1460865656748,49.999999999999886,841.7530387880977,False,R410A
2024-11-01 17:25:00,416.63229737094883,102.35528213799674,44.38537034100831,8.905661881592193,6.624340628414703,21.997016338284425,27.682907712248674,5.2937316589249805,1583.52673364082,0.0,59.65924997604023,49.999999999999936,835.9109997124827,False,R410A
2024-11-01 17:30:00,416.2115590065984,102.95656328004593,43.73610155685798,8.92710493700755,6.131872220661573,21.08755444293892,26.732665899402487,4.725063676610731,1568.5540892680954,0.0,59.37958053379846,50.000000000000085,832.5549664055816,False,R410A
2024-11-01 17:35:00,419.7831503688864,100.07033514133343,44.07458151163609,7.916227570088058,5.613507792476747,21.645366510818562,26.184908779252225,3.8389433674937044,1688.6055758547377,0.0,60.6304938695676,49.99999999999985,847.5659264348113,False,R410A
2024-11-01 17:40:00,416.7655859056658,102.37005164688043,43.51736032895035,7.582181787831429,5.999267420826245,20.958647143969515,26.060555899400278,4.925698850527626,1562.4678651142249,0.0,59.64613365999869,49.99999999999994,835.7536039199842,False,R410A
2024-11-01 17:45:00,420.50845845131664,99.88639230925462,43.99142921745966,7.3817361843364875,5.619919850021519,20.912122835189503,26.25086571948744,3.8886140437477383,1621.0772004790751,0.0,60.71122062769861,49.99999999999996,848.5346475323834,False,R410A
2024-11-01 17:50:00,414.7895146214955,103.53325381528651,44.089249666870494,9.384302367331058,6.8098383960100355,21.085895854551417,26.086956362955934,7.513117651548839,1585.6087342297592,0.0,59.16520966408356,50.00000000000008,829.9825159690027,False,R410A
2024-11-01 17:55:00,421.7098098730737,99.55882237087441,44.06409690023555,6.875309599552188,6.325579108061297,21.09594768778544,26.338783635661304,3.5816224436153132,1710.4656393293615,0.0,60.83265126623149,49.99999999999958,849.9918151947778,False,R410A
2024-11-01 18:00:00,415.7153618023214,103.13717747368689,43.28898782195687,7.777430775783517,6.575043150968907,20.332234976733822,26.004710874691465,6.000246867964804,1624.8853149652878,0.0,59.29729722028257,49.99999999999987,831.5675666433908,False,R410A
2024-11-01 18:05:00,420.077356362199,100.5802122670641,43.600791095942164,8.293882870583966,6.149005225092854,21.33420001809057,26.05638875938994,5.758312221886428,1660.6943209779506,0.0,60.35478580999735,49.99999999999996,844.2574297199683,False,R410A
2024-11-01 18:10:00,413.4126971334481,104.32550354901822,43.01276648895712,8.398221623096966,7.128729489942854,20.5245108492873,25.877224646049427,6.471300477447682,1556.250361570235,0.0,58.77239750900054,49.99999999999986,825.2687701080066,False,R410A
2024-11-01 18:15:00,416.61385070183707,102.16121308841359,42.93744613538146,7.55779692769391,6.223335811826159,20.964733237820006,26.857070304679933,6.093963099195202,1608.1933792664913,0.0,59.70265102240756,49.99999999999987,836.4318122688907,False,R410A
2024-11-01 18:20:00,420.5988073085864,99.83621282519655,43.637559617753325,8.413655893472757,6.120745566194811,21.508541376895923,26.696104323660848,6.0960706215609255,1667.5058781139007,0.0,60.700659391777506,50.00000000000013,848.40791270133,False,R410A
2024-11-01 18:25:00,419.6822103457766,100.54586359463478,44.647441708289065,8.032885895120698,6.040078245765248,20.35051539656041,26.07603842795987,4.856435743611457,1585.8651525793462,0.0,60.39528418790375,49.99999999999992,844.743410254845,False,R410A
2024-11-01 18:30:00,416.72054995945285,102.38182394969904,43.50217465404628,8.00180037203804,6.235897162020103,20.940492219816953,26.74383276317637,5.780251599916843,1644.413875104175,0.0,59.61459809154674,50.00000000000011,835.3751770985608,False,R410A
2024-11-01 18:35:00,415.9699441131322,102.5229819581991,43.94563943342389,7.635867783189122,6.31385751147432,20.730469009951143,25.76959046538036,5.41519368817315,1544.4814007668435,0.0,59.58248959772224,49.9999999999999,834.9898751726669,False,R410A
2024-11-01 18:40:00,419.1487496061516,100.90562623698897,42.61322604892943,8.886897538090182,5.3167691671498645,20.891667497555243,25.418709167648508,6.665719847410394,1620.2132083195556,0.0,60.273611487679574,49.99999999999992,843.2833378521549,False,R410A
2024-11-01 18:45:00,418.98457813714134,101.05470264103556,44.11350191770959,7.881979072991156,5.981840760498304,21.621781257653478,26.470992888085505,7.494070905839335,1585.4968509816104,0.0,60.21159003527108,50.000000000000085,842.539080423253,False,R410A
2024-11-01 18:50:00,417.71111606888365,102.46441657569983,43.506766355879485,8.915407087149363,5.753618799780728,20.836533542266125,25.966195877416403,4.522809295753242,1669.719484918898,0.0,59.566513888170775,50.00000000000006,834.7981666580492,False,R410A
2024-11-01 18:55:00,418.2430935019289,101.85338997124965,43.43210490921284,8.549716878093927,5.615319360305874,21.31658309760597,25.796125235013363,3.5717992631848823,1613.3430143445685,0.0,59.79419978842159,49.99999999999994,837.530397461059,False,R410A
2024-11-01 19:00:00,420.5736915607531,99.61205170660213,44.132031694134454,7.350813598603206,5.6691279861423896,20.214014251570823,25.629503217371134,5.680395948453844,1645.4033297599171,0.0,60.77747124113036,49.99999999999997,849.3296548935642,False,R410A
2024-11-01 19:05:00,420.0530207508889,100.14776280487581,43.713667627360905,7.461422436815884,5.383669415750758,20.728338852303715,26.583358224454592,6.288265878546483,1638.4190619996111,0.0,60.56421401137845,50.0,846.7705681365413,False,R410A
2024-11-01 19:10:00,417.8362745532204,101.26060534085214,42.73720727418816,8.657631136790522,5.932339562432549,21.30681546479979,26.207275574527863,7.391451001072017,1640.6064077235442,0.0,60.131052624352876,49.99999999999989,841.5726314922344,False,R410A
2024-11-01 19:15:00,416.48676936067596,102.43766338163046,44.08161572376305,8.903936328740548,6.214208018235519,21.207150077108505,26.521977486577256,6.410568013647215,1643.7053632164711,0.0,59.65464467513888,50.00000000000007,835.8557361016667,False,R410A
2024-11-01 19:20:00,416.1344661422591,102.95862657506179,43.66123777191691,7.341903356949221,6.33527622525473,21.116087376887965,25.993471564528924,7.176142303696796,1598.8106391320177,0.0,59.439277309980824,50.00000000000011,833.2713277197699,False,R410A
2024-11-01 19:25:00,418.233466308377,101.88643093437507,43.548464589818245,8.334309040901537,5.788182488297811,20.933902487913656,25.604672985208623,7.219479643286752,1575.1742137402648,0.0,59.88116217917912,49.99999999999999,838.5739461501495,False,R410A
2024-11-01 19:30:00,418.8879826395366,100.93990277070074,43.38437910430019,7.782763543856323,6.112975660962492,21.814545407842733,26.88881270721244,6.808148717848999,1660.1325779864712,0.0,60.31325810756373,50.000000000000156,843.7590972907649,False,R410A
2024-11-01 19:35:00,418.3828690737443,101.34487134241101,43.07839141601494,7.398911519772733,5.888802530302163,21.28010602282559,26.84981627134064,6.296733611405135,1641.8682707670434,0.0,60.16885379751603,49.999999999999986,842.0262455701924,False,R410A
2024-11-01 19:40:00,421.91040208934777,98.8401875301899,44.35042426939823,7.479569159539661,5.48101881623241,20.10268587651519,25.600978404757207,3.56648654923754,1755.6586442858847,0.0,61.302607775637874,49.99999999999994,855.6312933076546,False,R410A
2024-11-01 19:45:00,422.0754986865081,99.39336622090187,44.96316454478463,6.783276184944202,5.0991426962533,21.301393565952665,26.3691774932214,4.949712724599043,1711.0464852983966,0.0,61.083850839125205,49.999999999999865,853.0062100695025,False,R410A
2024-11-01 19:50:00,423.8399483687462,98.12737668259896,44.47734983963214,6.932416854328117,5.112146264612371,20.999667524030954,25.935222942938424,4.965683150710335,1684.8607948524505,0.0,61.668710936697664,50.00000000000014,860.024531240372,False,R410A
2024-11-01 19:55:00,425.57630697044124,97.29966197812308,43.82949958564885,6.57292261535467,5.301347826720689,21.684259344460816,26.325782823853583,4.372349848546032,1791.3283107873017,0.0,62.055681036520696,50.000000000000284,864.6681724382483,False,R410A
2024-11-01 20:00:00,422.445883783129,99.1883104341824,44.34115231094425,7.111979104688599,5.652928026309208,21.291516101540537,26.146218569979183,4.8237687789177865,1717.05468505361,0.0,61.276250526466804,50.000000000000014,855.3150063176016,False,R410A
2024-11-01 20:05:00,423.53299588120365,98.8092790851913,44.270844566825055,7.23423935590444,5.030790797858117,21.06472189145291,26.12864241973445,6.337206666423339,1694.0782548975521,0.0,61.46004279452913,50.00000000000007,857.5205135343496,False,R410A
2024-11-01 20:10:00,422.55957713354354,99.02796469515516,44.71551038430895,6.780898574018149,5.1250144477984385,20.783231478404485,26.46574028674982,4.031850221282529,1742.7221679602083,0.0,61.42263619005821,50.00000000000011,857.0716342806986,False,R410A
2024-11-01 20:15:00,423.9271561820299,98.40010015275446,44.707746262822035,7.914083282281756,4.830887748825961,21.791483437611674,26.61958832313007,5.42654613071176,1763.49516075963,0.0,61.74501246430978,49.999999999999915,860.9401495717175,False,R410A
2024-11-01 20:20:00,425.96817051674003,98.19315788159756,42.935459374257725,7.342147428280148,4.89858193610482,20.334466097382382,25.95458571713258,4.911947436462317,1776.6558963179918,0.0,61.80898837683383,49.99999999999988,861.707860522006,False,R410A
2024-11-01 20:25:00,424.4034007640681,98.2189027771861,44.71516854002539,7.973884930442812,4.656883154039826,21.00103888734943,26.27907814315799,3.7190710270134555,1774.5791836639985,0.0,61.84679316749643,50.00000000000007,862.1615180099571,False,R410A
2024-11-01 20:30:00,426.6653026450992,97.01204786160085,44.15431962712845,6.711880906287004,4.750468129103472,20.780496228725454,25.837851696634132,3.215319392572435,1775.6293316682525,0.0,62.416158218347974,49.99999999999997,868.9938986201756,False,R410A
2024-11-01 20:35:00,426.7874252780799,97.78488841308709,43.81277095277103,6.6940912541909405,5.1584277547943485,20.674813625172447,25.751200293241194,2.7671711618593307,1712.297100737727,0.0,62.06302752932102,50.00000000000013,864.7563303518522,False,R410A
2024-11-01 20:40:00,429.2302128851979,96.54145451156405,44.61726880476526,7.597200460643788,4.48247679425695,21.758926308543785,26.75914355546422,4.703569683346046,1806.1344943526205,0.0,62.56401469320545,49.99999999999992,870.7681763184655,False,R410A
2024-11-01 20:45:00,425.5539664083802,97.64349005868995,44.755811635705626,6.643868688475515,4.905716673614155,21.194832393068676,26.340364367379408,4.369653745011469,1784.3033022485245,0.0,62.134202883174986,50.000000000000085,865.6104345980998,False,R410A
2024-11-01 20:50:00,425.8448255799379,97.78563963510743,43.719038849435975,6.858312449566257,4.881308938271412,20.775707261079926,25.688238946288134,3.6216810305840443,1781.0697948682575,0.0,62.105083078878366,49.99999999999997,865.2609969465404,False,R410A
2024-11-01 20:55:00,429.57660131842874,95.79590894260444,45.22355232847031,6.8650048786599385,4.821516792890747,21.03065269706742,26.606907864906265,2.128876048975225,1723.1878864323642,0.0,62.99003765317744,49.99999999999993,875.8804518381293,False,R410A
2024-11-01 21:00:00,428.41291993135803,96.88263508427694,45.070657545012274,6.129152934189389,4.564538287296703,21.584424369491394,27.148956899471333,4.68072674018692,1816.119124436366,0.0,62.50396832332394,50.000000000000114,870.0476198798873,False,R410A
2024-11-01 21:05:00,429.44809793396064,95.56019089927189,44.94721772524397,6.790674506271193,4.262462331579113,21.078879084213135,26.930651489373467,3.761299870274052,1770.7058187226696,0.0,63.12994567225127,49.999999999999865,877.5593480670151,False,R410A
2024-11-01 21:10:00,430.16705304885636,95.42748970001654,44.52399004658034,6.681271050823818,4.1357911792538085,20.484467533820556,26.23599699409491,3.1759040458908365,1874.2302524986562,0.0,63.22080496451696,50.00000000000013,878.6496595742035,False,R410A
2024-11-01 21:15:00,432.2474933080083,94.5220512178509,44.62141535779303,6.819856845835356,3.8439413307928936,20.819101110679902,25.74363302711557,2.7211542621656117,1918.8095912982562,0.0,63.62961162636713,50.000000000000036,883.5553395164054,False,R410A
2024-11-01 21:20:00,426.9194397858522,97.64613450073027,45.11867787451874,7.304073173200246,5.017806419129266,21.93336459671743,26.261833380163598,4.120475758271909,1766.3917396083511,0.0,62.28189815660966,49.99999999999987,867.3827778793159,False,R410A
2024-11-01 21:25:00,427.62035358590595,97.06454474738271,43.958915901840626,7.363952849654018,4.673430434316088,20.709882605973743,25.943426828042195,4.683960158954491,1817.9264965058678,0.0,62.572072653569535,49.99999999999999,870.8648718428344,False,R410A
2024-11-01 21:30:00,429.5196724158042,96.0737678648857,45.42120808787149,6.426158573129931,4.497812481331127,20.495466331084675,26.41831547825703,3.6513865389627864,1849.7355208615286,0.0,63.03726095323173,49.99999999999988,876.4471314387807,False,R410A
2024-11-01 21:35:00,426.65740603971943,97.55468879211189,44.586359054680905,6.343386661651642,5.15711416786379,21.650917677225035,26.39851887925438,3.086195493708696,1834.9431617339505,0.0,62.450556357989655,49.99999999999992,869.4066762958757,False,R410A
2024-11-01 21:40:00,432.8187656678654,94.30681762689441,45.168364480784554,7.099950399567035,4.444581910303716,20.856698670734385,25.849533433764677,3.4868327374898667,1878.8165603689336,0.0,63.91008461494929,49.999999999999915,886.9210153793915,False,R410A
2024-11-01 21:45:00,426.04790929671213,98.422506566622,43.70035728414195,6.164117343107538,4.43359485851808,20.942839262815443,26.115715989541513,5.473012618121138,1729.4862934576754,0.0,62.14506969826296,50.00000000000011,865.7408363791554,False,R410A
2024-11-01 21:50:00,434.250928038867,93.74824259777971,45.25936901718442,5.176440350898147,4.084047292263722,19.89645518792095,25.476803201358436,3.4299644815792623,1880.4773316727208,0.0,64.22060621932988,49.999999999999886,890.6472746319587,False,R410A
2024-11-01 21:55:00,433.5136022557913,94.04976421331459,45.60612092221439,6.2167931346428045,4.001923192101746,20.40860601078265,25.594930634201248,3.5026526566826774,1968.4034580546534,0.0,64.13154177122321,49.999999999999865,889.5785012546785,False,R410A
2024-11-01 22:00:00,435.92693305144826,92.99063055151244,44.81556407929675,6.500800859791684,3.5498305359592277,21.505643983707998,26.944868860368246,2.8626388789248343,1937.0032842742148,0.0,64.62338432859399,50.000000000000185,895.4806119431279,False,R410A
2024-11-01 22:05:00,434.5986208122905,93.9476054818268,45.57790712057509,5.989989840358199,3.993519523509499,20.641218512008557,25.935775418971694,2.5055506068365117,1940.9528080561768,0.0,64.20957116519776,49.99999999999997,890.5148539823733,False,R410A
2024-11-01 22:10:00,433.62199587942223,94.33670314734555,45.31981261582167,6.465909864541556,3.4483430441242167,20.96839804813505,27.10389486332476,2.5433605983367364,1923.844426180646,0.0,64.0674839706191,50.00000000000014,888.809807647429,False,R410A
2024-11-01 22:15:00,436.37791962969266,92.84503293781115,45.21138386874874,4.624416402044162,4.06111046861306,20.669279596597384,25.718860509147596,1.4604636990282247,1966.5467262827194,0.0,64.75536446843972,49.999999999999865,897.0643736212768,False,R410A
2024-11-01 22:20:00,432.4280398923048,95.14281220383324,45.591358700489046,5.864864642584913,4.269120352797054,21.229838164601357,26.32873519567511,4.7958629600626335,1830.7955215145826,0.0,63.770725752649035,49.99999999999994,885.2487090317884,False,R410A
2024-11-01 22:25:00,436.5684671624656,92.78581738494094,44.46760079005754,4.63805386369928,3.3154684438211115,21.086152573691876,26.394175531295705,3.5374819433187588,1947.500180521899,0.0,64.84994446545818,49.99999999999999,898.1993335854983,False,R410A
2024-11-01 22:30:00,437.0271043054134,92.42694387792291,45.821315699513676,5.859571712258565,3.2937431665983774,21.16190394506124,27.020982116296114,3.0518530723971313,1985.3094849057793,0.0,65.06126753371153,50.000000000000036,900.7352104045383,False,R410A
2024-11-01 22:35:00,134.40874369020662,213.16420715833053,3.8612830850424986,30.277949842711347,2.5406215633416207,20.27191906883877,18.509647279299042,18.347148272783244,10.678695346389574,6281.952072897951,66.0,49.99999999997199,0.0,True,R410A
2024-11-01 22:40:00,135.60420351594925,215.4938311981081,4.084460275895117,30.725579283328464,3.270301531393911,21.073753447330716,19.814418195773392,18.704018102569677,-5.15902240927372,6172.428952779324,66.0,49.99999999995026,0.0,True,R410A
2024-11-01 22:45:00,136.059136625654,214.44640385058216,3.4167891630191103,31.478898405230552,3.0770662095776737,21.45956731741996,18.555453164059763,17.487339512494927,0.8365151813827474,6222.339969037553,66.0,49.99999999996133,0.0,True,R410A
2024-11-01 22:50:00,441.2364079558558,90.80026392885495,45.792247818807276,5.606794566845261,2.6783492746992685,20.684048188114566,26.34517843384437,2.250620061543093,2029.963681651958,0.0,65.8482352183272,49.99999999999999,910.1788226199263,False,R410A
2024-11-01 22:55:00,441.53454762973473,90.3565550350761,45.71086068833266,4.882166657076756,3.1946613813042983,20.635013717875392,26.535401956154427,1.9874420338087488,1976.6571732514033,0.0,66.07669857761726,50.00000000000013,912.9203829314073,False,R410A
2024-11-01 23:00:00,433.87047544092553,94.56465395533495,45.19264911984085,6.159603562996028,4.257556467850116,21.17495808642538,26.059443802052957,5.885941327816778,1868.132826613085,0.0,64.25096537811646,50.000000000000014,891.0115845373974,False,R410A
2024-11-01 23:05:00,441.62266854841744,90.14285841987943,46.38097178848872,5.1234698640635274,2.846367633613638,20.862245972524427,26.772481262641936,3.3747778220830664,2032.6038970972838,0.0,66.29084843874604,49.99999999999997,915.4901812649525,False,R410A
2024-11-01 23:10:00,445.77837004284925,88.4781681383835,45.992633006152026,4.3639466917697805,2.379966056637106,20.886271985432007,26.961810564424905,2.1395424063164086,1999.6749192839063,0.0,67.05667975701796,49.99999999999994,924.6801570842156,False,R410A
2024-11-01 23:15:00,444.08943868116074,89.2362291550004,46.65805435315432,4.080190666384708,2.7580387884673714,20.57828389411483,25.640878697704373,0.9935276829575181,2064.1236065167104,0.0,66.74491318434434,50.000000000000014,920.938958212132,False,R410A
2024-11-01 23:20:00,443.1578671425115,89.8832477931748,47.24642815945931,5.042648502832118,2.754311110641283,20.71488673364351,26.458970673759538,0.9998910438982127,2124.7629667564993,0.0,66.47959440122041,50.00000000000004,917.7551328146449,False,R410A
2024-11-01 23:25:00,441.9916567134633,90.08622968741511,46.14375151737423,5.0736236654703095,2.442422055213412,21.524629346996218,26.781861557487893,0.8865515125177645,2074.524395945726,0.0,66.46584835983447,50.00000000000001,917.5901803180137,False,R410A
2024-11-01 23:30:00,443.61772400311605,89.96209028863136,45.53025773733545,5.177072016242332,2.534256418721024,21.550058901585135,26.98175266875342,2.0072065336222447,2031.6153388948828,0.0,66.5398803706056,50.000000000000014,918.4785644472671,False,R410A
2024-11-01 23:35:00,443.59203499736805,89.90674697076173,45.55025236970978,4.859200221548803,2.6142362074849443,20.77224844975048,26.458128012925947,2.186842612700768,2009.662826709783,0.0,66.5936659809813,50.00000000000006,919.1239917717755,False,R410A
2024-11-01 23:40:00,129.77571547649265,207.83785652368152,2.5533107613070767,29.580778028711627,2.2394839637942976,21.713337655270916,20.03219982465126,17.776555934433354,-8.744684430542183,6592.240205092049,67.66994402909742,49.99999999999666,0.0,True,R410A
2024-11-01 23:45:00,130.90990567337624,209.25798687337092,2.320905675290172,30.695948845454982,2.3535797801333342,20.512680271616794,18.493929867038403,17.126786019477958,20.969652206392965,6527.227432330363,67.29844247045921,49.99999999999437,0.0,True,R410A
2024-11-01 23:50:00,129.36098473682432,206.24695858041554,2.35099123092541,29.911885242779213,1.9756865968895183,20.81394607246085,19.637595555212815,16.814044667805508,14.465618710553095,6680.598475987315,68.17484843421323,49.99999999999858,0.0,True,R410A
2024-11-01 23:55:00,449.6779549136494,86.82034197784589,46.55399171594446,3.664219490472809,1.4481398176493046,21.114746355601138,26.86875355681535,0.9442393853431412,2068.382184311979,0.0,68.18882357473103,49.999999999999986,938.2658828967725,False,R410A
2024-11-02 00:00:00,451.0176262012469,86.09430382867306,47.37904054994661,3.5677103798342285,1.9145936216565627,21.433771101948025,26.39752647832481,-0.23603653898380772,2212.6794441814095,0.0,68.56994340313784,49.99999999999996,942.839320837654,False,R410A
2024-11-02 00:05:00,452.48713403162265,85.4381032739698,47.014252023950846,3.197002596570542,1.5431559509682857,21.237567194399556,26.072494033453655,-0.4012092569623231,2272.342947925893,0.0,68.91573762846853,49.999999999999886,946.9888515416224,False,R410A
2024-11-02 00:10:00,447.8379759923298,88.04162875204483,46.29459335800232,4.5632947085414965,2.8846855353593277,20.57093572856489,26.71287182266251,1.1915180475469433,2151.453820183059,0.0,67.76225436177144,49.999999999999616,933.1470523412573,False,R410A
2024-11-02 00:15:00,449.5549115568851,87.28599438581382,46.60392511806224,3.2183768232587475,1.8111438789958343,20.789622069670017,26.024533859763263,-0.41624180434734415,2191.670505117872,0.0,68.14513161990249,50.0,937.7415794388298,False,R410A
2024-11-02 00:20:00,449.63261143770535,87.61880571849184,46.1507934918554,3.504162806507426,2.0979433224434474,21.074976180614836,26.107570616621253,0.47126633076238056,2225.1071144945004,0.0,67.99818845217872,50.000000000000014,935.9782614261447,False,R410A
2024-11-02 00:25:00,451.54772867045136,85.68473440781698,48.11559442808473,3.3410606926055904,2.3542128836039886,21.819504548771025,26.609316699521145,-1.177375398686659,2221.1599480019486,0.0,68.98910573011713,49.99999999999966,947.8692687614055,False,R410A
2024-11-02 00:30:00,451.72774700583983,86.31682681543319,46.97992850241492,4.436049545193949,1.687401609925403,21.64169252018874,26.63565718194668,1.4653284110350964,2262.145914308239,0.0,68.7416517578511,49.99999999999961,944.8998210942133,False,R410A
2024-11-02 00:35:00,458.63738671307897,82.7972660325602,47.97892910256446,3.3182441969152827,0.7708147605860536,20.55339977693785,26.182370060876746,-0.022087769671796764,2321.218736660476,0.0,70.41779215526228,50.00000000000006,965.0135058631473,False,R410A
2024-11-02 00:40:00,452.9588481176104,85.94027643261627,46.85057774861713,2.6875631783063483,1.2119070115047659,21.652393798091722,26.301007029923564,2.131968726067739,2187.3579400092503,0.0,68.98403284014007,50.0000000000001,947.8083940816808,False,R410A
2024-11-02 00:45:00,455.09344284887663,84.71313973602295,46.82497238630135,3.874425147987902,1.6572315137743545,21.109780746895087,26.87732489621062,2.052794490910948,2318.767795478474,0.0,69.60249679277669,50.000000000000085,955.2299615133203,False,R410A
2024-11-02 00:50:00,454.6972935561498,84.7263746938384,47.261765612714456,3.8364356175939416,0.8139950332491285,21.55718362731441,26.56020290499423,0.5924981738221263,2325.198517286585,0.0,69.6765489817958,50.00000000000001,956.1185877815498,False,R410A
2024-11-02 00:55:00,125.5487006287825,201.30771962935182,1.5707580432316397,28.433157613530717,1.148298051596477,21.42537225682347,19.794869233216932,16.27059463293625,-11.882657796442857,6992.943378210286,69.95967644691592,49.99999999999986,0.0,True,R410A
2024-11-02 01:00:00,124.51913140051347,198.50271200026106,0.3523601816895344,27.35199694209045,0.47065948099616195,20.37211228395395,18.84249849890133,15.160181635165278,-12.167387411752587,7135.545872913964,70.77454784522266,49.99999999999994,0.0,True,R410A
2024-11-02 01:05:00,121.57134749873289,196.52364752785653,-0.13546700190029637,28.26368817329079,0.24299810569100505,20.99693787492906,19.212107933261557,15.926686705915937,10.609730742402197,7245.070355437455,71.40040203107117,49.999999999999986,0.0,True,R410A
2024-11-02 01:10:00,461.3572800135034,82.1553215740774,47.95555935928915,3.057442555177144,0.0690506699442156,21.525897058887768,26.8689968300126,-1.197830129497414,2386.7853004455187,0.0,71.00753929894553,49.99999999999967,972.0904715873463,False,R410A
2024-11-02 01:15:00,458.4664576014038,83.46209820974232,47.91379125588167,3.576591044203046,1.1838982258231137,21.177064503121688,27.026175655375933,2.0767948686822195,2340.8382324551767,0.0,70.43807988139412,49.99999999999987,965.2569585767293,False,R410A
2024-11-02 01:20:00,458.9768985230668,83.34726176519295,48.52082953190376,2.2987124378498165,0.6507868782549583,20.91983459361877,26.61459683746371,-1.1258886672413333,2375.218506534761,0.0,70.53174785993912,49.99999999999986,966.3809743192694,False,R410A
2024-11-02 01:25:00,464.55241932894455,80.31208523510662,48.43919950507617,2.859557197811583,-0.3809592521878094,20.563699041460705,26.57152683772666,-1.7153587084610025,2578.8132397154363,0.0,72.0328647090398,49.99999999999975,984.3943765084775,False,R410A
2024-11-02 01:30:00,464.75262088908835,80.4905772837236,48.56964795168919,0.8891649855268904,0.3789383625472681,21.588384723701807,27.176712487605116,-1.2858872920654416,2393.059340601487,0.0,71.99373763312951,49.9999999999997,983.9248515975542,False,R410A
2024-11-02 01:35:00,465.05721672251,80.76955208955715,48.55996091737777,1.8822102945285464,-0.08500544246800054,20.88515309369342,27.032652352995864,-0.012515634511983287,2606.057531606635,0.0,71.86752879711362,49.99999999999983,982.4103455653636,False,R410A
2024-11-02 01:40:00,464.20888056987445,81.07235566064871,47.578574821995396,1.9179513147765055,0.22693883690359545,20.887474039937985,26.546418364312633,-0.711694454299242,2388.433581475763,0.0,71.74688670123123,49.999999999999694,980.962640414775,False,R410A
2024-11-02 01:45:00,467.1647614666611,79.8364863951556,47.893076223424735,2.4098455009161417,0.08610190309429977,20.841590205206913,26.64602356650858,-0.12172346282436086,2499.310613692339,0.0,72.33264602309202,49.99999999999973,987.9917522771043,False,R410A
2024-11-02 01:50:00,467.1851252770224,79.70235041429872,47.86020840858425,2.4462758284537887,-0.06066510534380498,20.981046613770165,26.401878744478342,-1.0622717515322073,2410.044065671228,0.0,72.4057508090322,49.9999999999996,988.8690097083864,False,R410A
2024-11-02 01:55:00,465.79483655075205,80.28129891430987,47.64203172709898,2.399639021123626,-0.7364634717427826,21.162042318880356,26.948246820853477,0.9473389515269862,2489.7121038313953,0.0,72.15494561318614,49.99999999999989,985.8593473582338,False,R410A
2024-11-02 02:00:00,122.81797817897737,196.4549397817298,0.6038988368852006,27.53089387507705,0.4147759097433352,21.248428042949374,19.26027247196937,15.214475892151302,15.8323409441859,7277.8408851925005,71.5876622011,49.99999999998746,0.0,True,R410A
2024-11-02 02:05:00,120.36157428294608,193.5716037316413,-0.0820110236388795,28.204273446428704,-0.25722019827029535,20.719073096639157,18.59673002508707,17.19351906153799,33.21714442454113,7429.462624314765,72.45407213894151,49.99999999999986,0.0,True,R410A
2024-11-02 02:10:00,121.7474664485074,195.54460897226355,0.09930469632972566,28.314077649080748,-0.03915194425699876,21.796470151201884,19.331587626824845,15.66223196189683,22.048569516226813,7329.1551673256,71.880886670432,50.00000000005032,0.0,True,R410A
2024-11-02 02:15:00,462.1704266532448,82.13054133833096,46.71074539530934,1.4882446033462338,0.2911393112934624,21.011073937979713,26.765494494252838,-1.5255425422621045,2375.2588728191,0.0,71.35227640802793,49.999999999999694,976.2273168963352,False,R410A
2024-11-02 02:20:00,468.67177870207536,78.94649901861973,49.6175155318309,0.5134569489037069,-0.9360459748777741,20.8747798394414,26.447170388112042,-1.3665395532222022,2429.379339601719,0.0,72.90607227339089,49.999999999999766,994.8728672806908,False,R410A
2024-11-02 02:25:00,466.4706785118542,79.98018952009414,47.97553674953044,2.288764309534105,-0.17257906107774207,20.16900731850566,26.652364849665506,0.3684486193942331,2523.995788982923,0.0,72.46046067095256,49.999999999999694,989.5255280514308,False,R410A
2024-11-02 02:30:00,464.47644637835964,81.46167882274759,49.18691365393907,2.0286073148842463,-0.2906604467389249,21.40599038805655,26.61570781042933,-2.501195409545152,2423.827854131726,0.0,71.76268606925225,49.999999999999694,981.152232831027,False,R410A
2024-11-02 02:35:00,467.95727780946277,79.24709543252985,47.85671008008785,0.9156345265545595,-0.527526340084992,21.128384549506787,26.375518592215656,-0.2951409710195748,2498.829261159019,0.0,72.88354885443601,49.999999999999595,994.6025862532321,False,R410A
2024-11-02 02:40:00,469.5514109499332,78.96382741851922,48.23141176517906,1.379097576369169,-0.4699371298149829,21.092304503538532,26.773744291954927,-2.205863223893634,2537.1422096498804,0.0,73.03363291855288,49.99999999999983,996.4035950226346,False,R410A
2024-11-02 02:45:00,465.43125011254756,80.89597719906413,47.20218881422748,2.1105358665802094,0.2507264524198923,21.437641508010458,26.84955460817185,-2.375860784312656,2504.6232805216528,0.0,72.14296934795279,49.99999999999969,985.7156321754335,False,R410A
2024-11-02 02:50:00,469.76407844856425,79.0370539759376,48.82034453670308,1.4395317050239138,-0.7649266796002269,21.01280331391897,26.353624335706087,-1.0607924391436687,2473.51757654304,0.0,73.03808546328463,49.99999999999959,996.4570255594156,False,R410A
2024-11-02 02:55:00,466.3157904488946,80.71637113771224,47.79111867826226,1.101677471879794,0.3131467599966334,21.686047603721697,27.400003783456306,0.7564408875920049,2492.4362231609807,0.0,72.24465890311433,49.99999999999972,986.9359068373718,False,R410A
2024-11-02 03:00:00,468.2739430536805,79.95923165815233,47.9362175243687,2.6458216498915537,-0.012900825835956864,20.621930520372743,26.22923675865376,-0.40124795862189505,2565.268780605327,0.0,72.593913603781,49.99999999999958,991.1269632453719,False,R410A
2024-11-02 03:05:00,469.8277317598371,78.91685171255133,47.97903582597485,1.9483850717445494,-0.6825468354965573,20.510600936579102,25.61566082000138,0.6554475846597478,2611.9877088530047,0.0,73.1074478254988,49.999999999999616,997.2893739059855,False,R410A
2024-11-02 03:10:00,118.45231620988868,192.81459326006768,-0.05703058373495912,27.386603159059376,-0.7783328950246713,21.473715869221582,19.233997000110325,15.8755126680883,-26.14595265501169,7505.997840286362,72.89141623020778,50.00000000000039,0.0,True,R410A
2024-11-02 03:15:00,118.75260753357516,192.13849162113158,-0.19982219180708488,27.296898654457998,-0.9886988722599845,21.656608220652686,18.696178081354923,14.465054689194595,2.3269207659081346,7544.4439061568,73.11110803518172,50.00000000000053,0.0,True,R410A
2024-11-02 03:20:00,118.58873609245524,192.88860413921267,0.4448789723174498,27.718605724134648,-0.379611817762001,21.156364993720853,19.384445392978236,15.722618948105282,2.5280869515581146,7511.39829062768,72.92227594644388,50.0000000000002,0.0,True,R410A
2024-11-02 03:25:00,472.9782925194974,77.41680101356059,48.66719321177387,0.42179393904936624,-1.234580607942712,21.631446874554303,26.93464059907416,0.009200022774261907,2551.2519778588703,0.0,74.02679072616094,49.9999999999994,1008.3214887139312,False,R410A
2024-11-02 03:30:00,472.36323314989954,78.21152192355089,48.97087388835669,1.3460526144907559,-0.4554785621932138,21.108271710181647,26.754683246865902,-1.3954675748606054,2553.3026050558005,0.0,73.63057120755545,49.99999999999948,1003.5668544906655,False,R410A
2024-11-02 03:35:00,472.35245048876413,78.01872726390705,48.25567657220654,0.46750822035958794,-1.07098271015851,20.845030979109247,26.353813113050283,-1.580901121754851,2640.3616689069354,0.0,73.73425112242005,49.9999999999993,1004.8110134690406,False,R410A
2024-11-02 03:40:00,470.50556335933067,78.69731597423458,48.62520269341482,1.2411032852007784,-0.9938309003922299,21.74427420765531,26.788162750904455,-1.0831791190433961,2539.56464254089,0.0,73.44725921275327,49.999999999999616,1001.3671105530392,False,R410A
2024-11-02 03:45:00,475.4488315147673,76.25376656291833,48.99756975372851,0.07305770291277602,-1.2725686417855004,21.292654951411897,25.80261649009823,-4.25456437488411,2666.086219805676,0.0,74.68531309431759,49.999999999999226,1016.2237571318111,False,R410A
2024-11-02 03:50:00,471.3040634504609,78.62610246157614,49.064475305289186,0.6646242401146747,-0.9821478258697951,21.79611869334179,26.73578225303752,-0.9959018671461249,2525.0007090249787,0.0,73.55266753744394,49.9999999999993,1002.6320104493273,False,R410A
2024-11-02 03:55:00,472.9186552783661,77.61194966189605,49.54490926243296,1.7743301611772804,-1.0459661476211837,20.7165986880393,26.00889550133944,-3.3280931625470105,2682.516672065196,0.0,74.09706229126365,49.99999999999952,1009.1647474951637,False,R410A
2024-11-02 04:00:00,478.26379478898474,75.18666792550538,49.99166697350612,0.3681014430217798,-1.3657147051029415,21.410005591609135,26.1239609872746,-4.517000412704996,2648.4486632825524,0.0,75.323023008241,49.99999999999851,1023.8762760988919,False,R410A
2024-11-02 04:05:00,472.71670550894487,78.19975321202229,48.5269933563322,1.1725039194459008,-0.8960305237540652,20.878919209268116,26.86519362007134,-1.0865249028933086,2630.2708204846213,0.0,73.86239864650936,49.99999999999953,1006.3487837581123,False,R410A
2024-11-02 04:10:00,119.1522005319289,192.4186276360129,-0.10779642559289954,26.38727969155494,-0.5707410396935817,21.055632082356638,19.451850590989096,14.349493246496097,-5.854218295871163,7562.4606322665395,73.21406075580879,50.00000000000105,0.0,True,R410A
2024-11-02 04:15:00,117.32927010198561,189.89440266230127,-1.008057954651734,26.71548373464164,-0.9244713734253099,20.183108110134835,19.029568256101136,12.01696272394786,-12.71698670329222,7695.105385134243,73.97203077219567,50.0000000000083,0.0,True,R410A
2024-11-02 04:20:00,115.77864176848522,189.88200628146325,-1.1730332548685602,27.21987125243212,-1.5186645040056708,20.851221128696217,18.69884781274988,15.651859953983312,22.588981705926344,7703.757182422019,74.02146961384011,50.00000000000925,0.0,True,R410A
2024-11-02 04:25:00,476.8642405440227,76.30542813374117,48.971259248437086,0.663048143845017,-1.3164686641495886,20.748099976016782,26.253983262013946,-2.3018488365304544,2634.781580390392,0.0,74.86803997825747,49.99999999999883,1018.4164797390896,False,R410A
2024-11-02 04:30:00,481.36035544850836,74.08622328095429,49.461608569313434,-1.0657835326691276,-1.9407891489745064,21.195966119896713,26.608020379893947,-3.106538749522448,2634.6930527489453,0.0,75.97753724398456,49.999999999998025,1031.7304469278147,False,R410A
2024-11-02 04:35:00,,,,,,,,,,,,,,False,R410A
2024-11-02 04:40:00,,,,,,,,,,,,,,False,R410A
2024-11-02 04:45:00,478.404588738001,75.09659504974134,49.658928605795495,0.8797174230394947,-1.8227481655415092,21.235087170070308,26.07291866918377,-1.9890977200840776,2736.1203951703797,0.0,75.52432715211971,49.99999999999847,1026.2919258254365,False,R410A
2024-11-02 04:50:00,480.4182509883616,74.53259314481387,49.55555345543182,-0.24318473906955718,-1.6058513121471791,21.24953617027568,26.075625661035087,-1.6461994565007911,2697.3609328264006,0.0,75.83113835920076,49.999999999998494,1029.9736603104093,False,R410A
2024-11-02 04:55:00,478.8474964860194,75.58034915953483,50.714851188305204,-0.7768502035160982,-1.7436050527320792,20.27085365823928,25.482873962915303,-5.810804179138746,2676.3691302320844,0.0,75.31163168689653,49.99999999999845,1023.7395802427583,False,R410A
2024-11-02 05:00:00,476.92158773647026,76.09372431866734,50.06851709002367,-0.05306783670319104,-1.480535329577302,21.249220507036664,26.50482394204453,-4.635576834820162,2730.1498814795605,0.0,75.10936492160123,49.9999999999989,1021.3123790592148,False,R410A
2024-11-02 05:05:00,483.18383531909114,73.74216027585885,49.481754587355624,-0.6715800457743059,-2.216392355483834,20.395152129376598,26.205898851050836,-1.3282634168827774,2830.7623720877964,0.0,76.24609505268006,49.999999999998025,1034.9531406321607,False,R410A
2024-11-02 05:10:00,480.12947106317233,74.95301551985322,49.48068896999826,0.5450257757558918,-1.6848013216571316,21.15569491262169,26.20523785856962,-3.000470482264265,2728.4129388291026,0.0,75.64665732626818,49.99999999999821,1027.759887915218,False,R410A
2024-11-02 05:15:00,475.2947748111344,77.41955004425195,49.05150216382629,-0.5698675415466588,-1.3244461821403282,21.25311992910228,27.166281544535035,-2.7098325523427507,2648.5418757470297,0.0,74.42299849469799,49.999999999999275,1013.0759819363761,False,R410A
2024-11-02 05:20:00,481.39780027598596,74.13169943853977,49.846763042026716,-0.255947633883534,-1.5375039211647523,21.1229109263855,26.903364579016724,-2.4531654510105323,2828.515405405919,0.0,76.06353880769444,49.99999999999843,1032.7624656923333,False,R410A
2024-11-02 05:25:00,477.01922157906887,76.57780054882164,48.965872902957415,1.2909165377577922,-0.8167723778631432,20.797069515638324,26.50067092956345,-1.8199241879330408,2775.1541025469996,0.0,74.84396239806168,49.999999999998806,1018.12754877674,False,R410A
2024-11-02 05:30:00,480.18200259682675,75.05120807180545,49.810099106243364,0.21601843866679685,-1.525406316494219,20.719880282023794,27.130777686620036,-1.6400156929100023,2662.5883713030703,0.0,75.57517558550003,49.999999999998494,1026.9021070260005,False,R410A
2024-11-02 05:35:00,115.15148366517309,186.98806229430323,-0.751568305861388,26.970546036207168,-1.0152233770568366,20.321334698613448,18.889741141485445,12.14423519087931,-5.357507745820027,7867.164330158365,74.95522474376209,50.00000000006079,0.0,True,R410A
2024-11-02 05:40:00,115.83056795076686,188.0980122552994,-1.9662103269855349,25.869704560741003,-1.7711606167411673,20.86171801712284,18.80095898022407,11.141226957115915,7.415335955644002,7808.288695369209,74.61879254496691,50.00000000003304,0.0,True,R410A
2024-11-02 05:45:00,115.44336229881374,187.42708186339644,-1.9738691950971987,25.789209416845676,-1.8362091495336634,20.94821092751002,19.06916356856944,14.511436100887705,8.286870956178179,7843.428539292908,74.81959165310232,50.00000000004766,0.0,True,R410A
2024-11-02 05:50:00,476.0622332280294,76.63365321673848,49.064180945625246,1.3109409312240747,-1.5041484676879058,21.445923875089232,26.489896239046796,-2.9906622709032913,2627.7244580039323,0.0,74.81536059539708,49.99999999999925,1017.784327144765,False,R410A
2024-11-02 05:55:00,481.6484976049743,74.09465732972835,49.55893144964214,0.014168709950553866,-2.024069683350409,20.84043583592062,26.610092290042576,-3.1464293341092606,2745.985520519969,0.0,76.07287794585613,49.99999999999798,1032.8745353502736,False,R410A
2024-11-02 06:00:00,476.0702713061931,76.82429638189973,50.273522415894504,0.6859178764091775,-1.4251815301252941,21.505766014660665,26.718904064577366,-6.54895478664935,2652.437134431031,0.0,74.73143860939078,49.99999999999919,1016.7772633126895,False,R410A
2024-11-02 06:05:00,481.0744574728692,74.48957833380449,50.20272956189538,-0.4949096832374469,-2.4284738440738343,21.01636861231364,27.05240363582134,-3.912920587158391,2745.878839787801,0.0,75.87166653836789,49.99999999999828,1030.4599984604147,False,R410A
2024-11-02 06:10:00,478.17163940860223,76.00194695844976,49.884497656597524,0.5006088904239309,-1.2043044621540908,20.837481133750323,26.013760413006295,-4.199443749978654,2653.173087496385,0.0,75.09956394810237,49.99999999999894,1021.1947673772285,False,R410A
2024-11-02 06:15:00,477.54808410610497,75.85168161889575,49.316810578279735,-0.17162668421862182,-0.9523984300414925,21.33381499237061,26.618037838066826,-1.7884633559976253,2731.5173767503675,0.0,75.19731580009714,49.99999999999861,1022.3677896011658,False,R410A
2024-11-02 06:20:00,477.44916728883976,76.12883955614808,49.25470878367218,1.0629479083653819,-1.146191012335657,21.310000424250738,26.669247944437558,-1.7270322318979074,2639.6376716556124,0.0,75.06097463217489,49.9999999999988,1020.7316955860987,False,R410A
2024-11-02 06:25:00,477.9399751264061,76.200110863572,48.64375508765721,1.8711049622141993,-1.1671534120839449,20.621281324036495,26.051415193089586,-4.052972546751372,2640.597738953482,0.0,74.98562078543978,49.99999999999916,1019.8274494252771,False,R410A
2024-11-02 06:30:00,113.07467991335034,184.35771796795268,-1.4832992792431403,26.367801133565614,-1.806333511723368,21.347448412192897,19.00077729862647,12.140664618325046,18.351358677386855,8000.0,75.7483387865341,50.00000000021481,0.0,True,R410A
2024-11-02 06:35:00,112.31565851612432,183.20238250422557,-1.809520050149818,25.627479454715015,-2.3079465637723517,20.844395765648795,19.13450345330976,12.493225536999592,-16.99354744221697,8000.0,76.11009470510842,49.99999999985498,0.0,True,R410A
2024-11-02 06:40:00,115.59259006770822,187.72154816108062,-0.7213610213424733,25.368811131071055,-1.342601287890825,20.796093761146533,19.027997949761446,12.88689752518205,-13.694361109979072,7827.5258962885655,74.72871940736323,50.00000000004029,0.0,True,R410A
2024-11-02 06:45:00,477.7840665639591,76.09451664808644,49.27890370321109,-0.35465680379006814,-0.880748335466446,20.914181392992404,25.823534694766895,-2.2839362961651024,2724.5385045700596,0.0,75.02484949303779,49.99999999999882,1020.2981939164534,False,R410A
2024-11-02 06:50:00,474.82560769945513,77.33073670931837,49.08305010909518,1.5721780059197288,-1.3108493433459558,21.009203861877953,26.403657599624236,-1.4590532069150441,2654.3047271964724,0.0,74.41050581918768,49.99999999999928,1012.9260698302521,False,R410A
2024-11-02 06:55:00,477.73944842165986,76.13168383935268,49.44338601766103,0.007586407190186439,-1.61430484552146,20.992525786865052,26.48801784753543,-0.9713793549190863,2631.6637533708194,0.0,74.95563534234856,49.99999999999873,1019.4676241081827,False,R410A
2024-11-02 07:00:00,480.3638731200291,74.66972174397165,50.06256105661408,-0.007567132657294612,-1.4899585940828648,21.26828252476438,26.97230159840762,-6.302353718854739,2673.987558733708,0.0,75.64429938362808,49.99999999999862,1027.731592603537,False,R410A
2024-11-02 07:05:00,473.9268421137865,77.76981121191159,48.299379150118604,1.2816803723997927,-0.6938767996661177,20.966842207883555,26.790913694233865,-1.5548180016882736,2672.017956619158,0.0,74.09196522977959,49.999999999999424,1009.1035827573552,False,R410A
2024-11-02 07:10:00,476.6641554610375,76.28952611129905,49.664113681170285,1.3463640806127648,-1.649151360800573,21.527230263435808,27.001346811211178,-3.683237140144354,2583.3748707890536,0.0,74.78956163813626,49.99999999999929,1017.4747396576353,False,R410A
2024-11-02 07:15:00,474.60998338412634,77.6051215650662,49.01879899399349,0.8614775059782053,-1.1171744174111022,21.099798561779814,26.11202678175708,-2.462812203411695,2550.258460749344,0.0,74.07745806687976,49.99999999999923,1008.929496802557,False,R410A
2024-11-02 07:20:00,475.64941427187705,76.44306462795518,48.70920596496223,0.47963376658154344,-1.4686044473558695,21.33506132991265,26.760537885476772,-2.010865572353318,2662.078067257812,0.0,74.63606559717087,49.999999999999055,1015.6327871660504,False,R410A
2024-11-02 07:25:00,469.6661788022462,79.05084458508009,47.733317582365565,1.3349832359985392,-0.6799204645384761,21.34258082595471,26.818725801831928,-0.7342751627694537,2523.8451637388844,0.0,73.4016545565136,49.99999999999961,1000.8198546781632,False,R410A
2024-11-02 07:30:00,476.78096175958007,76.28972218228263,49.19085353547912,0.3407272364559925,-1.0143478539389508,21.811761441267713,27.219286724070113,-1.834244995744883,2671.683764575207,0.0,74.6909077104488,49.99999999999904,1016.2908925253856,False,R410A
2024-11-02 07:35:00,116.03505838682288,188.43386333362741,-0.44949630778297156,26.539737598933517,-1.4145610557584338,20.57383665230191,19.18443131198067,14.500844961146056,4.454525681216289,7760.673479797002,74.34670559884002,50.000000000018744,0.0,True,R410A
2024-11-02 07:40:00,117.02387796613239,189.54964875777287,-0.16217361369747096,27.20642411169877,-0.6726165033970879,20.253341064910494,19.088040740998334,14.095182199981428,-12.075312092711329,7699.830581473859,73.99903189413634,50.000000000008846,0.0,True,R410A
2024-11-02 07:45:00,116.5783994647813,187.73383860869487,-1.0797008954684628,26.835256758113733,-1.2268936261271184,20.542125896955657,19.26918695522954,13.430748459532245,2.072952379852984,7790.086150281229,74.51477800160703,50.0000000000268,0.0,True,R410A
2024-11-02 07:50:00,471.274520626115,78.1204008012301,49.88517518385854,2.193572850696068,-0.17437216168894,20.161460539377803,26.249719853421265,-5.044939557447098,2556.3415304827063,0.0,73.74445960516644,49.999999999999346,1004.9335152619974,False,R410A
2024-11-02 07:55:00,468.4792574938753,79.64073777953793,48.611086813419405,1.7093479351206753,-0.41442720788577725,20.617698632408274,26.78398160788342,-0.7629079167833758,2482.852398877439,0.0,73.02015294639408,49.99999999999946,996.2418353567289,False,R410A
2024-11-02 08:00:00,473.79961184620015,76.92115829555081,49.610641114248715,1.3969203228104794,-1.207728022125214,21.066566179591806,25.90447220525786,-4.078679673744064,2616.484543280376,0.0,74.35730490247288,49.99999999999906,1012.2876588296745,False,R410A
2024-11-02 08:05:00,471.97871293565635,78.02590416870514,48.705927053855106,0.5556340805606806,-0.7363089129429565,21.33629467599777,26.715918952727453,-2.4015553588833543,2499.8581276968484,0.0,73.8174466621555,49.99999999999907,1005.8093599458662,False,R410A
2024-11-02 08:10:00,479.8426127790376,74.38094800290695,49.331140959935745,0.4779914722447144,-1.8857310441365844,21.76609068481614,26.946998268456813,-1.7025313479251576,2656.259449303058,0.0,75.56917434554086,49.99999999999869,1026.8300921464902,False,R410A
2024-11-02 08:15:00,472.55096188048054,77.92864488371309,48.58486333826642,0.7403521310904807,-1.4367391326145378,21.333734900407052,27.459054887641052,-0.13023368926896994,2600.3711309474047,0.0,73.79631439121798,49.99999999999935,1005.5557726946157,False,R410A
2024-11-02 08:20:00,472.58988972981894,77.78464703464162,47.90820408286829,1.279768556407693,-0.9901144275219148,21.764361643275137,26.530551203675028,-2.0780511432045956,2641.7546412172974,0.0,73.83591615048117,49.99999999999932,1006.030993805774,False,R410A
2024-11-02 08:25:00,473.16133583255686,77.09808648001251,49.71094838798947,1.2543876217027465,-1.1667577600754417,21.304309065000517,26.501861711447795,-4.817501821632633,2779.6715356061964,0.0,74.17973935470934,49.99999999999942,1010.1568722565122,False,R410A
2024-11-02 08:30:00,468.54862883407395,79.25141586539812,48.366579317204845,1.44174037296893,-1.0608892871967506,20.660796471183833,26.226675553147864,-1.8473426059531255,2516.7774693805636,0.0,73.1663880980636,49.99999999999977,997.9966571767633,False,R410A
2024-11-02 08:35:00,472.73506136521866,77.68366035903674,48.56109356209483,2.2545789247741554,-0.9709944929015886,21.289642370534022,27.17855190897575,-3.1277454881505,2533.42540023238,0.0,73.89816787192649,49.999999999999446,1006.7780144631178,False,R410A
2024-11-02 08:40:00,471.8444223835051,77.96623224057522,48.31461157717013,1.8411933272522705,-1.4929296246847747,20.97615001263617,25.664047168035573,0.6316851295731392,2599.8044522916275,0.0,73.7455931146039,49.99999999999949,1004.9471173752471,False,R410A
2024-11-02 08:45:00,472.14803171784934,77.96784288471406,48.78764145688606,1.735527766208949,-0.9574009507522431,21.531760242957628,26.79480242617076,-1.8019802807213685,2649.775321118871,0.0,73.70618980041118,49.99999999999932,1004.4742776049343,False,R410A
2024-11-02 08:50:00,116.41824873737714,187.6863860624762,-0.3401476240154908,27.160249316889647,-1.1488149816819602,21.312914503051992,18.81064188872768,12.9196520432904,-2.516641603859378,7777.6628227533765,74.44378755859071,50.00000000002315,0.0,True,R410A
2024-11-02 08:55:00,117.36233058398547,189.62745691255012,0.1267343583453293,27.961525341798993,-0.8910562139245597,20.671046078033353,18.902632190478514,12.953069885944627,27.191493572103965,7672.054273473111,73.84031013413207,50.000000000006054,0.0,True,R410A
2024-11-02 09:00:00,120.66087679880282,194.40671977006926,-1.0239991830174888,27.087949606148943,-0.3168865869824925,19.778048085673827,19.16521172205363,14.418466788489573,5.026427972264432,7417.748010790757,72.38713149023289,50.00000000000013,0.0,True,R410A
2024-11-02 09:05:00,473.5831063473575,76.86110612646438,48.85385636523529,1.6437010746973817,-1.0670996048823282,21.427303197196167,26.870305296902604,-2.236649850961223,2661.4331117080524,0.0,74.08288096859582,49.9999999999993,1008.9945716231498,False,R410A
2024-11-02 09:10:00,469.6855622541435,78.80588692568612,48.14428361827994,0.9557611728978569,-0.7838360023457309,20.752677248188185,26.469208527408405,0.3894565156581724,2566.5644553965262,0.0,73.09723334220476,49.99999999999935,997.1668001064571,False,R410A
2024-11-02 09:15:00,467.92837334318193,79.35531926682579,49.05111776230962,1.3085652515281538,-0.4060202331117209,21.04874030650699,27.00801957497349,-4.6580030050022865,2540.8589479208836,0.0,72.81853037787695,49.999999999999766,993.8223645345236,False,R410A
2024-11-02 09:20:00,462.4977992498118,82.22919470122795,48.17531461948083,2.571339094252347,0.3080687941990445,20.648329197404983,25.946799568300627,-1.7478913590668244,2396.6842679521233,0.0,71.41871425555698,49.999999999999794,977.0245710666837,False,R410A
2024-11-02 09:25:00,464.4339014419456,81.24533365174473,47.875417876146415,2.6916733629735883,-0.19501171315222654,20.384793820867536,26.3941684666835,0.1268473625056381,2463.292572977417,0.0,71.84987343956355,49.999999999999766,982.1984812747627,False,R410A
2024-11-02 09:30:00,467.0929811714617,79.9281927358919,48.446384462366325,1.2097477880645893,-0.1331541359417001,21.24339707729964,26.588150699030017,-0.8206703924037381,2538.864396469178,0.0,72.42692779218885,49.99999999999969,989.1231335062662,False,R410A
2024-11-02 09:35:00,461.54848516997157,82.43265895142248,47.715233435822284,2.1384705657929497,0.4731788011559509,21.159173972707578,26.218242865058443,-0.32820183164730077,2364.936936518855,0.0,71.21051399073637,49.999999999999616,974.5261678888365,False,R410A
2024-11-02 09:40:00,466.200336297094,80.16310370879766,49.148814556404844,1.9265106906274576,-0.17211831969751853,20.744922395047052,26.304282711667444,-2.5626190993187334,2547.824078971642,0.0,72.2445106912464,49.99999999999981,986.9341282949567,False,R410A
2024-11-02 09:45:00,461.0776464796536,82.55756874366618,48.1777922952478,2.367733613999107,1.1872307272330092,21.167861903850913,26.86578705901776,0.09762825364149694,2436.4092570507187,0.0,71.07816676730607,49.99999999999986,972.9380012076729,False,R410A
2024-11-02 09:50:00,466.37325023085674,79.7853912908703,48.72193676859094,2.2443159531072974,-0.22491079351558907,20.32264754293895,26.426739722468785,-0.729517664370582,2461.4778156027373,0.0,72.3654001550206,49.99999999999933,988.3848018602472,False,R410A
2024-11-02 09:55:00,460.0031814063156,83.22785684574413,46.420046304425924,4.379957083402432,0.5782230017982661,21.182387735503227,26.7984269726049,-1.2436528265134688,2402.6546693898545,0.0,70.67601344917966,50.000000000000014,968.112161390156,False,R410A
2024-11-02 10:00:00,462.37943444456795,81.27173387418907,48.071605492115786,2.4029939122226796,0.0666156251974197,21.092297961828947,26.59867732033836,-1.9747615917120898,2463.2612630297153,0.0,71.61333288408052,49.99999999999961,979.3599946089663,False,R410A
2024-11-02 10:05:00,120.51082830949844,195.02880505171865,1.059326361802988,27.65012266319231,-0.27356088464944933,21.232886636594486,19.261067363590957,14.317292500982923,21.991176031497982,7343.797691204286,71.96455823545307,50.0000000000003,0.0,True,R410A
2024-11-02 10:10:00,121.44726556838681,196.70002204851386,0.9271030656689778,27.61578436533114,0.4698077386036569,21.364051577328606,19.438539922991055,14.179673589751706,-17.12785921365926,7257.586514272277,71.47192293869873,49.99999999999979,0.0,True,R410A
2024-11-02 10:15:00,121.48245636629596,197.48745111440797,-0.5496600074802035,28.211257828687145,0.16801069507411326,20.469882748281123,18.484176308377247,15.643090584003135,-25.53918898639859,7219.1403250820185,71.25223042904011,49.99999999999994,0.0,True,R410A
2024-11-02 10:20:00,463.08455563122055,81.22626784667932,47.95270184259234,1.717322045073417,0.017062543988486167,20.084048266303032,25.811103884010105,-2.111267922621951,2432.915657090071,0.0,71.62510602382437,49.99999999999978,979.5012722858926,False,R410A
2024-11-02 10:25:00,460.3068370465104,82.93370257440338,47.1847318936965,2.8531193937798984,0.4578720299306075,21.67049855904334,26.798503831161884,-0.32781559514304676,2249.3883270390515,0.0,70.76131100441563,49.99999999999987,969.1357320529877,False,R410A
2024-11-02 10:30:00,462.0082142977937,81.70493807198699,48.84707768626986,2.5706416097742113,0.0491477371275445,21.3063097276776,26.17607896445435,-2.8284440664496784,2481.1196264122505,0.0,71.31073841623581,49.999999999999794,975.7288609948298,False,R410A
2024-11-02 10:35:00,458.6018298968463,83.5304715929098,47.77450319498626,2.56526382593979,0.2715229284388516,20.614846398051753,26.345652843521364,0.25719264867064884,2381.5250176851546,0.0,70.40630414359546,49.99999999999993,964.8756497231456,False,R410A
2024-11-02 10:40:00,458.38129011976014,83.7472872840457,47.20629778866173,3.87221674885529,0.74085728181564,21.58807865239577,27.22596299367012,0.7787035046729387,2423.3477655790875,0.0,70.2405215160732,49.999999999999886,962.8862581928784,False,R410A
2024-11-02 10:45:00,458.51813637094307,83.5891885109349,47.60891880104846,2.509823234675972,1.139547488109606,21.412094421903245,26.267642283781143,0.051006700804961,2289.152379246889,0.0,70.24490621140816,50.00000000000007,962.938874536898,False,R410A
2024-11-02 10:50:00,458.09780950121655,83.36215234268107,46.3141129167421,2.7832235576824584,0.9020330332711185,21.695399396144328,26.93122948272491,-0.32455291232889305,2380.5388809952624,0.0,70.3141218167369,50.00000000000006,963.769461800843,False,R410A
2024-11-02 10:55:00,456.17107820109305,84.61712995905388,46.828599389150256,3.491474611773515,1.6400658598850435,20.850887893493436,26.268865219308843,1.9163734292783974,2324.5778376399135,0.0,69.65621344234279,49.999999999999865,955.8745613081135,False,R410A
2024-11-02 11:00:00,453.87708623321817,85.42286813230015,47.23319653743818,3.8260612141848793,1.6053206587967206,21.171596063834322,26.743873799965066,0.5600010787541311,2261.004154435735,0.0,69.23993246540007,50.00000000000008,950.8791895848008,False,R410A
2024-11-02 11:05:00,128.65192936981012,206.90936499183033,2.2989779546495224,30.51492853119446,2.0333297135050747,21.131437710853934,20.14327056586086,18.29527063797716,-2.3019430829717207,6693.350905351998,68.24771945915427,49.99999999999885,0.0,True,R410A
2024-11-02 11:10:00,127.55374395960933,204.88713469175534,0.6240852208850922,29.808990520680382,2.159536987979577,20.831792951569742,18.624640814651105,16.269615031739413,-20.164849797696238,6791.840201585683,68.81051543763247,49.99999999999975,0.0,True,R410A
2024-11-02 11:15:00,127.20819744014369,205.0329142747823,1.4267307150975692,30.142764719342782,1.5881646904478202,21.730166425272454,18.90767548985995,16.601038705678988,35.61308493177718,6783.942070867925,68.76538326210243,49.99999999999943,0.0,True,R410A
2024-11-02 11:20:00,446.14747873496236,89.23557086925645,47.03527643737327,3.960201156500887,2.3116779445663425,20.975079161233133,26.652633713186106,-0.8459921049868715,2164.037194689006,0.0,67.41448951497028,50.00000000000014,928.9738741796435,False,R410A
2024-11-02 11:25:00,451.98235168903085,86.10687988259592,46.33210614784921,4.048597233460731,1.5861169267874984,21.2316911113569,26.914448853845453,1.3207748619178648,2209.5793892349775,0.0,68.82088749342893,50.000000000000014,945.8506499211471,False,R410A
2024-11-02 11:30:00,451.6292667890836,86.48826439889227,47.08433934648529,4.159367336287269,2.1701387805641343,20.525449632390472,26.329649305796053,0.7871545663131174,2165.606209599664,0.0,68.58599447758186,49.999999999999936,943.0319337309824,False,R410A
2024-11-02 11:35:00,450.1954327871608,87.35136266596525,46.82381675521979,4.702003999154392,1.9463152567153506,21.046296199112934,27.215766021515858,1.5416956355233724,2207.1966792644153,0.0,68.10887867644476,50.000000000000014,937.3065441173371,False,R410A
2024-11-02 11:40:00,452.5847851014371,85.18533234674318,48.019965235099924,2.6154152373235546,1.2551500212146942,21.31415929282889,26.5126405580053,-0.019552739966547383,2263.4077910631454,0.0,69.10073353312436,49.99999999999987,949.2088023974921,False,R410A
2024-11-02 11:45:00,451.27305396166616,86.2729814701125,46.840440120591175,3.272397486003482,1.9022917051928712,20.08836310170754,25.71708462209048,2.274840833528577,2275.7805344218145,0.0,68.54802191239196,49.99999999999998,942.5762629487035,False,R410A
2024-11-02 11:50:00,450.4234745016228,86.3100932750285,46.85715890466998,4.154291546206962,1.497843118206203,20.970330433098354,26.54526398333721,2.298459405142845,2229.5391614335695,0.0,68.51455787695338,50.00000000000007,942.1746945234406,False,R410A
2024-11-02 11:55:00,447.56014668277464,88.19023718970003,47.02743706428717,2.8743748431195333,2.3600985368444096,20.344784023269078,26.068728728329273,-2.141873488767268,2179.0407638897477,0.0,67.59988583387954,49.999999999999936,931.1986300065544,False,R410A
2024-11-02 12:00:00,448.56560051368984,87.38632540693735,46.06095973788058,4.2804909910205,2.1586401843688754,21.662918322084234,26.565100458876504,0.35436796242521207,2191.1816249055473,0.0,67.93102419174735,50.00000000000008,935.1722903009681,False,R410A
2024-11-02 12:05:00,447.0048896798148,87.78241969771351,46.546263309040725,4.654295662710814,2.0675726499031803,20.863191377173784,26.440369835960627,1.8421443730021188,2202.646831307884,0.0,67.75121309950974,50.000000000000036,933.014557194117,False,R410A
2024-11-02 12:10:00,445.0848855305678,89.48453753100081,46.114768471042275,4.254971074274731,2.7129021696759983,21.927666967176282,27.171277412881004,2.813896623505886,2054.9607443036616,0.0,66.9136826039001,49.99999999999986,922.9641912468012,False,R410A
2024-11-02 12:15:00,444.39662341032204,89.38331191002392,46.28065668504145,4.318088211418702,2.0868462323821517,21.439632053521876,26.646473592863817,1.5140476590332064,2115.3312772118834,0.0,66.93363357705067,50.00000000000011,923.203602924608,False,R410A
2024-11-02 12:20:00,130.59650915343158,208.71787482930424,2.7107302172290972,29.749458319127726,2.335415629145174,21.365079461017693,19.5454458441072,16.588942128991476,7.506489338045703,6549.715552538312,67.42694601450464,49.99999999999551,0.0,True,R410A
2024-11-02 12:25:00,129.80911335632527,207.84834422223838,2.4450921576796696,29.907237855272882,2.0291817997385637,20.46745137848197,18.410491219465484,18.561854417811546,12.444342650649098,6591.196004701496,67.66397716972284,49.99999999999646,0.0,True,R410A
2024-11-02 12:30:00,132.6442166276504,212.01459985778396,2.3898557996252614,30.51791270290872,3.622876027074956,20.212595923354485,18.520993934509985,18.450073620643238,9.643183638690974,6382.53106613864,66.4716060922208,49.999999999984595,0.0,True,R410A
2024-11-02 12:35:00,443.1004641101031,90.14454147814567,46.24520338949086,4.422774312330894,2.8109424704557173,20.710389262759147,26.84955488225263,3.3221816302931613,2071.2894559890187,0.0,66.47161010087268,49.99999999999998,917.6593212104723,False,R410A
2024-11-02 12:40:00,447.80168172435816,87.26931985390127,47.399643910660735,3.758596772960443,1.9485182469176605,21.115037849749335,26.18896558903898,-1.3140141965805334,2157.4560781385617,0.0,67.74512827629462,50.000000000000014,932.9415393155352,False,R410A
2024-11-02 12:45:00,444.19591541593417,89.31981880166991,45.87068466037174,4.482674261195298,2.2046861328235705,20.99640037084568,26.129353536567454,1.598156066323651,2153.101941838163,0.0,66.76364669272101,49.999999999999574,921.1637603126522,False,R410A
2024-11-02 12:50:00,442.27173682317846,90.3101655195693,46.17320684789227,4.724283231913596,3.2574572487799367,19.89906078990569,25.55775387303422,3.3147259944048146,1989.8240266663563,0.0,66.26832922051668,49.9999999999999,915.2199506462002,False,R410A
2024-11-02 12:55:00,440.13269566262994,91.64927464227047,45.75247372298852,6.13832720132008,3.0962514355324187,21.661315585143925,26.197667725802972,2.4385353911336534,2055.9247131593324,0.0,65.5974774972209,49.99999999999999,907.1697299666508,False,R410A
2024-11-02 13:00:00,438.4664174064319,92.0599292953425,45.73713289123962,5.111393562897481,3.07108051433336,20.530804092699626,25.945277803125325,2.1976291050639487,2025.8573302319642,0.0,65.38302773108802,50.00000000000013,904.5963327730564,False,R410A
2024-11-02 13:05:00,439.27802686267614,91.25955707946719,45.086092639200885,5.30351317432848,3.232327830435269,21.220585447814166,26.840143248491785,1.7182416298473362,2069.614665477467,0.0,65.7371238675349,50.000000000000085,908.8454864104189,False,R410A
2024-11-02 13:10:00,438.77711835886055,92.13841585195213,46.43598123099911,5.070758778304507,3.554115910964353,20.92210824380502,26.586700607928655,-0.15209487809692435,2050.0907442601097,0.0,65.28159947691469,50.000000000000085,903.3791937229762,False,R410A
2024-11-02 13:15:00,438.7733925488077,91.67191273151498,45.4105088695494,4.974955685421281,3.459939453304868,20.637933202374242,26.079926740560694,3.644837124800686,2047.6550463626213,0.0,65.46049285331598,49.9999999999999,905.5259142397919,False,R410A
2024-11-02 13:20:00,135.41266770824018,214.06797847184086,3.699845157833658,30.33462390389058,3.1927342996746995,20.73847649142573,18.928937967323094,16.67714431602894,0.09976721905075875,6234.616789535088,66.0,49.999999999963535,0.0,True,R410A
2024-11-02 13:25:00,136.05733548388858,215.5828595445814,3.1010929312293642,30.626098111347574,3.4595382763191367,20.68135681568574,18.86943323154227,19.040833703597045,-0.756854501760241,6155.876567661408,66.0,49.999999999946084,0.0,True,R410A
2024-11-02 13:30:00,136.51659696474977,216.6531221462813,3.2578986825959433,30.967151868717323,3.640262131248034,20.976819297689616,18.47668448694917,17.862432249797674,-19.701085284936664,6100.272147009662,66.0,49.999999999929955,0.0,True,R410A
2024-11-02 13:35:00,436.1421695682926,92.97454422051456,46.11713420705731,5.7444183082806015,3.7534887705892284,21.528002600712693,26.927971880799063,0.4422694961136225,1983.4432613173758,0.0,64.69486021819887,50.0,896.3383226183864,False,R410A
2024-11-02 13:40:00,439.8780971904172,91.10326876904554,46.29110472203016,5.812536933920688,3.4019156650488407,20.77244816722897,25.799719093843745,0.12820452566104015,1976.582269649219,0.0,65.45109978744321,50.00000000000008,905.4131974493185,False,R410A
2024-11-02 13:45:00,435.0684383758166,93.74507077481721,45.426865539040556,5.009957617140829,4.231625705980252,21.362498860775204,26.32142061862162,3.182545008951277,1858.6980730930136,0.0,64.19342023882282,49.99999999999993,890.3210428658739,False,R410A
2024-11-02 13:50:00,432.3904248527894,94.64767725059467,45.54013998797649,5.8460419818944835,4.137504841176647,20.83797946794664,26.231070375636484,3.333452752653424,1850.0367911820392,0.0,63.75883923486221,49.99999999999994,885.1060708183466,False,R410A
2024-11-02 13:55:00,432.56236383180584,94.48825336204685,45.02762169877206,5.420690526791145,3.8590949017172114,20.831513916853062,26.0287124923386,3.1597799476251227,1914.488384986354,0.0,63.79172823706736,49.99999999999993,885.5007388448084,False,R410A
2024-11-02 14:00:00,431.9443241759544,94.99429907382901,45.06274299868218,6.111959036211068,4.200810072346632,20.89549918720865,26.39299674137119,3.17267240933644,1796.419116000217,0.0,63.511804833444316,49.99999999999976,882.1416580013318,False,R410A
2024-11-02 14:05:00,429.0426594641475,96.1153842724861,44.5462979457618,7.035071224195289,4.723320722962213,20.990360823575482,25.991831461906894,5.316960024307186,1824.031903366085,0.0,63.00562704531657,49.99999999999979,876.0675245437989,False,R410A
2024-11-02 14:10:00,432.54474151743193,94.2967983060733,45.613787750589665,5.89421843127664,3.581701244565174,20.93069193725062,26.035332303002495,3.6427089481505552,1798.6982452508892,0.0,63.764680735838745,49.999999999999986,885.176168830065,False,R410A
2024-11-02 14:15:00,433.0822986512299,93.80306487483062,44.88489885768736,6.0007674828721,3.49030031036036,20.593214175869473,26.39410884544739,3.398577675747001,1921.70155399511,0.0,63.9509480620561,50.00000000000003,887.4113767446731,False,R410A
2024-11-02 14:20:00,429.63170121255996,95.86021943122094,45.620595258284915,7.223591417108168,4.771460055329708,21.53304449950952,27.061787001180164,3.3513244965599247,1889.175112686509,0.0,63.00804556217598,50.000000000000036,876.0965467461118,False,R410A
2024-11-02 14:25:00,426.28738009792636,97.49468727195304,44.447992384734356,7.087737840061603,5.314824219863047,20.977807263217418,26.331895912057757,3.950843553676966,1777.044714753685,0.0,62.282425250384705,49.999999999999936,867.3891030046165,False,R410A
2024-11-02 14:30:00,423.8758642510535,98.73777225123119,44.415618933742365,6.746134536446013,4.746620453848571,20.799215524705335,26.205563709768537,3.9850092559930457,1811.918696533413,0.0,61.747639071291175,49.9999999999999,860.9716688554942,False,R410A
2024-11-02 14:35:00,425.96460320929754,97.35978767595327,45.0145079973967,6.899265660158491,4.849945798490497,21.04728564285459,26.08652416768374,5.08515218915513,1810.7475679596168,0.0,62.36038396551874,49.999999999999986,868.3246075862248,False,R410A
2024-11-02 14:40:00,431.51957589601625,94.31797797458468,45.14444260924326,5.742878296100899,4.036789267926939,20.79864908852934,26.904149174450268,2.903053715331117,1872.9486639203067,0.0,63.686694396395914,50.000000000000156,884.2403327567511,False,R410A
2024-11-02 14:45:00,428.6702805893801,96.1635108122353,44.67268824806737,6.781384466087974,4.492894426047486,21.16317928672051,25.86147910059545,1.8248975880717593,1829.5609393859713,0.0,62.85771308056006,50.00000000000006,874.2925569667207,False,R410A
2024-11-02 14:50:00,427.24484185399103,97.01807230225405,44.658527654691305,7.026284238908995,4.86027346449954,21.43267280777748,26.45635672460171,4.326922199337502,1784.7667562038646,0.0,62.462771676254775,50.00000000000027,869.5532601150572,False,R410A
2024-11-02 14:55:00,427.31542131236097,97.48775647352592,45.01763608405099,6.222117606721168,4.51783638826717,21.762409364384414,26.368064753571964,4.126306629400186,1788.0274358346542,0.0,62.18860508605921,49.9999999999999,866.2632610327105,False,R410A
2024-11-02 15:00:00,425.1793911369467,98.41443045590974,44.069566063373244,7.2195851427707565,4.79984518393015,20.659760742523414,25.950736909905093,4.046222217270568,1762.9600140718476,0.0,61.73597913184426,50.0,860.8317495821311,False,R410A
2024-11-02 15:05:00,427.37096386649,96.44923955352317,44.655690434628276,6.6494681199821635,4.6178793971037555,21.027186145352225,25.93406241888707,5.11981086892782,1845.819271517509,0.0,62.583490502039744,50.00000000000014,871.001886024477,False,R410A
2024-11-02 15:10:00,425.19456163869035,98.08398586053076,44.445083659444094,7.352418304218912,5.036466926264608,20.3447432959697,25.897739992038147,1.8465600025847402,1774.8373469356836,0.0,61.839840788734286,49.99999999999991,862.0780894648115,False,R410A
2024-11-02 15:15:00,423.71882972302666,98.7155594752479,44.763677486245115,7.640493674201179,4.88703361698636,20.558136570085892,25.864880411325665,6.301064213661503,1697.0142533037074,0.0,61.550359702616774,50.000000000000036,858.6043164314015,False,R410A
2024-11-02 15:20:00,422.53475732375415,99.43589876219347,44.15811381035343,7.628009472343446,5.626178972717899,20.10846804683828,25.367992889267075,5.943962430728635,1739.9260116415353,0.0,61.221430659437715,50.0,854.6571679132526,False,R410A
2024-11-02 15:25:00,425.9901795097952,97.40575584712796,45.430599448119445,6.813136788813338,4.839465173569905,21.114762949161673,26.92685987024431,3.8366802023083966,1741.706927282285,0.0,62.07053306899356,49.99999999999992,864.8463968279227,False,R410A
2024-11-02 15:30:00,424.5118480338605,98.3518665519317,44.280799151499856,7.654573756622127,5.061363464370073,21.593157912755128,26.890307286850163,4.237124474507125,1733.7919393047857,0.0,61.62418250761974,49.9999999999999,859.490190091437,False,R410A
2024-11-02 15:35:00,429.15246737646976,95.22472942266876,44.74421784315926,6.079389062029002,4.600718087253098,20.738839477506392,26.069418094048498,4.520307401646817,1774.347659867791,0.0,62.96815909963175,49.99999999999972,875.617909195581,False,R410A
2024-11-02 15:40:00,424.30326545541004,98.47543355214549,44.230925241236854,6.584483933920963,5.206072447785464,20.94546103591586,26.529911574998273,5.275960920446711,1696.784578114274,0.0,61.510510138788575,50.00000000000011,858.1261216654628,False,R410A
2024-11-02 15:45:00,423.03743164488856,98.58272810832652,43.64199411516969,5.668603551721339,5.517489937873483,20.94793023961356,26.24122642768774,4.132365036430178,1759.9143514407851,0.0,61.46750621199652,50.00000000000014,857.6100745439581,False,R410A
2024-11-02 15:50:00,424.3722865776482,98.0697153659806,43.85720166189201,7.130842743769623,4.885886458298001,22.14255204011213,26.79757440899567,3.0491364657739406,1705.9353050348934,0.0,61.6681735607236,50.00000000000008,860.0180827286832,False,R410A
2024-11-02 15:55:00,421.65006233717884,100.36593091972233,43.7116322693017,7.286605828024949,5.278163068652624,21.05600535450505,26.163357011572057,7.311071768973671,1642.2592010015003,0.0,60.605241904456676,49.99999999999995,847.2629028534801,False,R410A
2024-11-02 16:00:00,420.5451888043786,100.25926186881941,44.553086130560764,7.88531562985675,5.593502122679492,20.945378263289008,26.31394242000138,6.142562441754626,1644.0843895947405,0.0,60.62712321636185,49.99999999999997,847.5254785963423,False,R410A
2024-11-02 16:05:00,425.2846821694324,97.60273180495534,44.37866635421203,6.1540804577871056,5.157765006689793,20.599740982458073,26.100942426711093,4.796547183103639,1671.2741360382797,0.0,61.720611690381425,50.000000000000135,860.647340284577,False,R410A
2024-11-02 16:10:00,418.665489224093,101.2292614962296,43.561989403549525,7.6039953934070805,5.555357885627575,20.764033335321432,25.72226313869483,5.603359918096875,1638.6749809623843,0.0,60.14483066228634,50.00000000000011,841.7379679474361,False,R410A
2024-11-02 16:15:00,420.9788597165742,99.87336388982521,44.623799256158726,7.887759108458343,5.2362980870160225,21.31541561698502,26.102564931345192,5.773941184022621,1633.8981627637481,0.0,60.6947516889478,50.00000000000001,848.3370202673735,False,R410A
2024-11-02 16:20:00,417.212308877834,101.9912483071726,44.44200945629108,7.596520740365577,6.166128148241462,20.222510237183876,25.82848740024548,6.3525020995850765,1615.86388056167,0.0,59.77712237291986,49.99999999999996,837.3254684750384,False,R410A
2024-11-02 16:25:00,420.9367157298471,99.60504181656026,44.67139154866415,7.813027950026072,5.381065405525153,20.886856712749992,25.638918503053684,3.0220328982316733,1695.0110607940242,0.0,60.78320084856072,49.999999999999915,849.3984101827285,False,R410A
2024-11-02 16:30:00,417.70844246344166,101.43058668255978,43.32565656296151,7.718553287027189,5.5613110694591334,20.6228013627896,25.40640342227265,5.146192605195882,1632.4346217544824,0.0,60.00587083087758,50.000000000000036,840.0704499705311,False,R410A
2024-11-02 16:35:00,418.61470495022945,101.18806292021809,43.53469445683206,7.94050415587149,6.246510698455707,20.746423258494687,25.82250451029522,5.002078354557163,1622.5280094406967,0.0,60.08618337847703,49.9999999999997,841.0342005417243,False,R410A
2024-11-02 16:40:00,416.74477534786774,101.97123947769833,44.56626479662379,8.418383321253184,5.931265916166629,21.22446986840678,26.77441303326672,5.459369659542775,1575.9699188032516,0.0,59.75839136391049,50.00000000000004,837.1006963669258,False,R410A
2024-11-02 16:45:00,417.4397093902388,101.9492601990639,43.773595440799824,8.605697718491236,6.474242688093186,21.375832307897767,26.395411104526918,6.400093150075392,1621.6443969320665,0.0,59.74140158613284,49.99999999999999,836.8968190335942,False,R410A
2024-11-02 16:50:00,417.89579466303303,101.71329090622734,43.54386416968524,8.142675936149267,6.104970967821791,21.763012893691347,26.642455051730018,3.8063495330316517,1602.3793979761374,0.0,59.80714053902207,50.00000000000021,837.6856864682649,False,R410A
2024-11-02 16:55:00,420.09760518644816,100.06873124836306,44.29262633537964,7.348391712941674,5.843824518997637,21.48213291005252,26.291516414868095,3.9062544748176693,1612.0533986746234,0.0,60.489206279237905,50.000000000000036,845.8704753508548,False,R410A
2024-11-02 17:00:00,419.5711559639726,100.18431032417853,44.41716491669693,7.552960058119675,5.718529565480444,20.88525617700038,25.971143721862525,4.600234452773874,1681.4095053411659,0.0,60.436041021381,50.000000000000036,845.2324922565722,False,R410A
2024-11-02 17:05:00,417.5985925448635,101.60553376630808,43.393800487272316,8.412443984561545,5.2974176296543565,20.671966369198856,25.895881462210234,5.748311429484627,1653.1827074776552,0.0,59.81206739396387,49.999999999999936,837.7448087275665,False,R410A
2024-11-02 17:10:00,415.89461648908144,102.43530913565853,43.65670213843828,7.760063662754283,5.929654507179475,21.016228236009493,26.625569566395033,6.60281606783596,1622.567801915405,0.0,59.45861909100883,49.999999999999964,833.503429092106,False,R410A
2024-11-02 17:15:00,417.38222305634423,101.82485019016785,44.0970289205358,8.065968187110206,6.117288647514692,21.596361998954734,25.699223261393925,7.286324904991467,1673.7771799125615,0.0,59.689997029139384,49.99999999999996,836.2799643496726,False,R410A
2024-11-02 17:20:00,413.7995762693899,103.29234466324203,42.83287240899323,8.256369974855048,6.558730765223597,20.782691085981046,25.94548697684507,5.6629578241514364,1581.3198031750082,0.0,59.10137595192843,49.9999999999999,829.2165114231411,False,R410A
2024-11-02 17:25:00,416.59540539293914,101.99864576093746,43.624769348393905,8.123523615432733,5.638302300375779,20.628229024685563,26.123156816774063,6.5056854167172,1614.9459742894614,0.0,59.64959098581558,50.00000000000013,835.795091829787,False,R410A
2024-11-02 17:30:00,417.9649030185328,100.7076557557527,43.281119340707484,7.377606512398186,5.866167264664736,20.432419036945948,25.2376990375695,6.092410255288625,1683.2000589722008,0.0,60.23550444595425,49.99999999999996,842.826053351451,False,R410A
2024-11-02 17:35:00,417.14744684224627,101.43846095843409,43.24009490086549,7.098180958122077,5.6874739080639225,20.58974479445535,25.671800324686902,6.065822285298262,1582.2983046758131,0.0,59.951693731543735,50.000000000000014,839.4203247785248,False,R410A
2024-11-02 17:40:00,416.8699671601737,102.43625005099803,43.279384394288,8.512458730608957,6.322473472156032,21.557451882261038,26.13280546135583,5.727806482790935,1528.8878677768914,0.0,59.49582515474173,50.000000000000014,833.9499018569007,False,R410A
2024-11-02 17:45:00,416.0300325600706,102.76806109068922,43.73871769123139,8.815188482022114,6.327302534567842,21.227528019519948,26.525529738992088,5.433590831837286,1554.6227444522824,0.0,59.33375445944442,50.000000000000036,832.0050535133331,False,R410A
2024-11-02 17:50:00,411.9844542250679,104.86518407391092,43.01303527641697,7.8718504002695395,6.990988359747489,20.91445253041441,25.218296716138717,5.202538548416004,1549.9171918850573,0.0,58.464124241962764,49.99999999999993,821.5694909035533,False,R410A
2024-11-02 17:55:00,417.8382174303644,100.97882770147801,43.47708035303506,8.11607719310409,6.251660991697238,21.1414007054201,26.424929574199943,4.300021246519259,1611.847370590012,0.0,60.13677177471804,49.999999999999915,841.6412612966166,False,R410A
2024-11-02 18:00:00,416.86860048921824,101.27495656245851,43.80323141862993,8.504985941465995,6.101091453825614,20.525734213761325,26.461267253895493,5.8104763075414105,1636.198661955481,0.0,60.07321103191319,49.99999999999993,840.8785323829584,False,R410A
2024-11-02 18:05:00,417.16235832099477,101.87759642116993,43.11229888087495,8.383581863370276,6.343744416680286,20.713555256898697,26.048606272113968,5.5312038297071995,1651.2954282473631,0.0,59.828747320021776,49.99999999999997,837.9449678402614,False,R410A
2024-11-02 18:10:00,418.7676890994034,101.6816801024349,43.912527894152184,7.860829863681668,5.964062210242551,21.346847985867253,25.29142830855884,5.153657575179516,1660.5816172962866,0.0,59.8616700939606,49.999999999999964,838.3400411275272,False,R410A
2024-11-02 18:15:00,418.7200125240973,101.07209178531313,44.358303253871085,7.471438651268716,6.790122059524239,20.324338768132456,25.956480561915782,6.107995462440904,1579.3519802497217,0.0,60.11362632771181,50.00000000000001,841.3635159325418,False,R410A
2024-11-02 18:20:00,420.84918389307825,99.47278379916884,44.014742550315816,7.63469627859523,5.2285615099717715,20.794988601599606,26.120791570244123,4.8937180718314615,1692.3943355832946,0.0,60.81158552215953,49.999999999999865,849.7390262659144,False,R410A
2024-11-02 18:25:00,418.90445820110256,100.98568103570462,43.70819876232993,8.044528184116727,5.76230892132049,21.036490040467164,25.552713629498232,4.507456500908058,1634.0031812702573,0.0,60.15872869061343,50.0,841.9047442873613,False,R410A
2024-11-02 18:30:00,419.82500609476205,99.87017521812304,44.188994315210195,7.711538237441405,5.934042056687524,21.14607416077004,26.345134140163413,4.897136412833272,1719.7102618478298,0.0,60.67273103627309,49.999999999999865,848.0727724352771,False,R410A
2024-11-02 18:35:00,422.13764402849307,98.8587752275803,43.15505706975283,7.35087697938308,5.666760685900161,20.747556321687842,26.428013692953073,5.761574141649856,1720.6006627029028,0.0,61.118111411116274,49.999999999999716,853.4173369333954,False,R410A
2024-11-02 18:40:00,420.29572167857424,100.12889933203971,44.23489549687493,7.170025113170634,5.857567680974717,21.217753556849523,25.881011861354086,4.187837723056093,1673.63951166836,0.0,60.577298049535976,50.000000000000085,846.9275765944317,False,R410A
2024-11-02 18:45:00,420.92223798023207,99.70300878808321,45.589011443272646,7.827252757120807,5.818504208864313,21.031419621338273,25.397147370224996,5.325185429003924,1743.277866393926,0.0,60.76818277706724,49.99999999999986,849.218193324807,False,R410A
2024-11-02 18:50:00,417.5191396815612,102.07864784523962,43.5933717733711,8.362480735302146,5.501986341713573,20.926385801384924,25.334340871993856,5.571627743701501,1620.3808470257877,0.0,59.74589302380923,50.0,836.9507162857109,False,R410A
2024-11-02 18:55:00,417.2745508003324,102.09450325147174,43.59299356808924,8.230336282800957,6.60671482843147,21.042898391472676,26.137482182269363,4.8691153287006665,1571.5509858030618,0.0,59.74014955985976,50.00000000000007,836.881794718317,False,R410A
2024-11-02 19:00:00,420.73809170944037,100.01937575601062,44.35401611042383,7.7458800087036455,5.629215898508032,21.012783770337006,26.258923580483163,4.897030999128526,1672.36584146037,0.0,60.61923362766397,50.00000000000013,847.4308035319676,False,R410A
2024-11-02 19:05:00,419.04031250149797,100.71093146461861,44.70330167883903,8.665444284219646,6.199587795027849,20.79213624614995,25.693818869465346,3.7541365315679385,1698.185171489521,0.0,60.34836091930681,50.00000000000011,844.1803310316817,False,R410A
2024-11-02 19:10:00,423.30086676998974,98.54636085048969,44.71287094657887,7.053961241897561,4.756092660493873,20.636220973264752,26.01091309939321,4.975790828341592,1665.0267192060974,0.0,61.267698731631484,50.00000000000011,855.2123847795777,False,R410A
2024-11-02 19:15:00,420.17023845022794,100.65478197726243,42.79996667206679,8.47035740025024,5.90661040256627,21.62375160135147,26.53729004000579,3.964906868124553,1634.9726387566595,0.0,60.34072029695618,50.00000000000033,844.0886435634741,False,R410A
2024-11-02 19:20:00,417.43887174805764,101.62727862103607,44.016481341638354,7.653278534979768,5.851240085847234,21.00924114226634,25.760080086159814,6.592727986813478,1592.4503365861638,0.0,59.959418460818625,49.99999999999993,839.5130215298235,False,R410A
2024-11-02 19:25:00,417.08376208308914,101.95096687338851,44.98110238454063,8.627625537251827,6.244786296248004,21.0922216027619,26.339430650903225,5.481177827739425,1583.0512151701498,0.0,59.85369949845277,50.00000000000003,838.2443939814333,False,R410A
2024-11-02 19:30:00,421.40555250755153,99.91399343344511,44.32664653809965,8.262782422080381,5.741219782780763,20.908044220045486,26.205773669684046,4.574284990470835,1638.8244297709675,0.0,60.70780270591978,50.000000000000014,848.4936324710375,False,R410A
2024-11-02 19:35:00,416.99239650672234,102.23675311620826,43.07383716851258,7.9852902314344485,6.241630172385143,21.526920213432746,26.084657778484775,6.792375161191843,1590.373224011447,0.0,59.73636833372922,50.000000000000135,836.8364200047507,False,R410A
2024-11-02 19:40:00,423.33047515149144,98.75682067244871,44.3441547438316,8.22616161820069,5.077997584700825,21.35769050460755,25.626023130086363,3.8638312469455047,1680.023699339879,0.0,61.20863981765945,49.99999999999998,854.5036778119135,False,R410A
2024-11-02 19:45:00,422.2519114121035,98.91221889480671,43.547486424089186,7.650744543693419,5.399135864074791,20.925629770447852,25.483295946873042,4.168543694485035,1775.0742273486983,0.0,61.16754679935925,49.99999999999994,854.010561592311,False,R410A
2024-11-02 19:50:00,418.5293461723637,101.78080433412592,44.33897107673843,7.597938136624383,5.982524242815865,19.991076014627414,25.454708560821118,3.7073276951630216,1618.8383808303365,0.0,59.92685128561067,49.99999999999986,839.122215427328,False,R410A
2024-11-02 19:55:00,415.9681668824787,103.01219283278297,43.05433786667347,8.103216155222153,6.438887464928987,20.91975937750016,25.49241335776621,7.099800756749534,1636.9441094219235,0.0,59.41941109516648,50.000000000000135,833.0329331419979,False,R410A
2024-11-02 20:00:00,418.904098595128,101.23627068472761,43.85693616694093,8.473295353593434,6.203703299170148,21.228123225961408,26.04794564511341,7.279779897133306,1681.3958570628943,0.0,60.186171598919785,50.00000000000011,842.2340591870375,False,R410A
2024-11-02 20:05:00,420.5097494701273,100.60895413397483,43.48593209448426,8.241769556964742,5.825379982629002,20.5804398233981,26.206597774532398,3.606643227834359,1615.3520883378071,0.0,60.43952558794717,50.000000000000014,845.2743070553661,False,R410A
2024-11-02 20:10:00,424.9215286286672,97.36700967009196,44.174783407300055,6.540303217878288,4.686471732051354,21.726407761145325,26.64454045691672,3.753550977951267,1716.1903227104692,0.0,61.861353162864134,50.0,862.3362379543695,False,R410A
2024-11-02 20:15:00,424.9595510548997,97.26282065375884,45.22342579046437,6.95657072052592,5.058473019491198,20.990356533160103,25.875547770240587,4.5960129581292195,1780.4160083928089,0.0,61.94760124675767,50.000000000000085,863.371214961092,False,R410A
2024-11-02 20:20:00,420.8617527121571,99.99725088504388,44.10180425932197,7.701660588888088,6.38322196602261,20.735397018028188,26.183740718172277,4.58420496049118,1643.6916565498561,0.0,60.800201805000334,50.000000000000085,849.602421660004,False,R410A
2024-11-02 20:25:00,422.6311659016978,99.21200620230786,43.901465883322096,7.171441545215584,5.919045437849724,20.587975134099548,26.251985726359788,4.893928833610491,1702.387737745338,0.0,61.14951232049322,50.00000000000013,853.7941478459187,False,R410A
2024-11-02 20:30:00,424.31283244299533,97.6970075069777,43.874731795436716,8.24910548718059,4.177885756665921,20.579582926802463,25.699028613517207,4.452607683782922,1811.1932021152832,0.0,61.85958874901354,49.99999999999986,862.3150649881625,False,R410A
2024-11-02 20:35:00,422.9183979606512,99.24512987704813,43.26452324157793,7.516333225332472,5.418504299738263,20.955681068163074,25.907785817713123,5.307053213808114,1645.55969288453,0.0,61.20099729274038,49.9999999999999,854.4119675128846,False,R410A
2024-11-02 20:40:00,422.84088570100505,99.01399417326905,43.6253445846215,7.301114036038018,5.611655989066146,20.6742462856148,26.268398584699426,3.871054637535596,1691.8690127381806,0.0,61.335959737020914,49.99999999999986,856.031516844251,False,R410A
2024-11-02 20:45:00,421.80093788173804,100.17324327032647,44.12007287308836,8.176634518974152,5.526510893074713,21.17091071115511,26.058789639335217,5.273868647089351,1670.2434056862837,0.0,60.83758200630979,49.999999999999865,850.0509840757175,False,R410A
2024-11-02 20:50:00,423.20959702969844,98.39858791054881,44.86939975279899,6.978349407997033,5.0229288993732855,21.03534844364418,26.305186197890084,3.5448287525072533,1717.8922080135944,0.0,61.6780876491671,49.99999999999996,860.1370517900052,False,R410A
2024-11-02 20:55:00,422.28097765717274,99.55800755465768,43.927595157533524,7.893352600315829,5.309549530482121,20.041907557656323,26.17643808983985,4.477780878975594,1683.6245280211344,0.0,61.22072240998567,50.00000000000004,854.6486689198281,False,R410A
2024-11-02 21:00:00,425.71106568707415,97.33867145277848,45.376435244465654,6.044582543400317,5.044105586822204,20.769344708949095,26.348201695496105,2.6416974136817877,1782.3617042555827,0.0,62.24310251761638,50.0000000000001,866.9172302113966,False,R410A
2024-11-02 21:05:00,427.210954009679,96.79695240401655,44.3376590261325,6.511293993881736,4.3935800246920165,20.352597459790697,25.650483839365535,3.83357282555295,1802.6272435752119,0.0,62.52375796599096,50.000000000000014,870.2850955918915,False,R410A
2024-11-02 21:10:00,425.4411479184526,98.24252011244297,44.35021390591214,7.56557551938585,5.397646905680038,20.962233776675465,26.114500083996948,3.968302727289252,1789.2583540839555,0.0,61.91791937960554,50.00000000000004,863.0150325552665,False,R410A
2024-11-02 21:15:00,430.46825436019395,95.16744846214678,44.44424365980806,7.139722833659251,4.337826075854994,21.48862290638193,26.799714681299683,4.798203330103076,1874.4778698672087,0.0,63.29075205327117,49.99999999999994,879.489024639254,False,R410A
2024-11-02 21:20:00,422.36363565839895,100.12256545989456,44.684911448946025,7.027311367947537,5.133451942217069,19.934568478303156,25.501922886659617,4.854699152130933,1711.8267872720544,0.0,61.17208155109893,49.999999999999986,854.0649786131871,False,R410A
2024-11-02 21:25:00,428.544575447853,96.47468708863454,45.84337772456561,6.162259291832905,4.944475158361838,20.39760124628088,26.467161991230242,4.229673343046047,1845.8501901629263,0.0,62.785659780115544,50.000000000000064,873.4279173613864,False,R410A
2024-11-02 21:30:00,429.1574735604166,96.27447650051572,43.95604660012775,6.834449774390767,4.0871872876720445,20.894287412858528,26.34176447607647,4.028274530708355,1789.1381820463473,0.0,62.89854688158893,49.99999999999997,874.7825625790671,False,R410A
2024-11-02 21:35:00,429.1370069626336,96.04458274446277,44.72124870006594,6.162710073363424,4.307663991721806,20.60439018383917,26.10857841446559,1.8451181764163986,1816.9632351183432,0.0,63.05154595835544,49.999999999999915,876.6185515002652,False,R410A
2024-11-02 21:40:00,427.16529897400324,97.77764565807577,45.2489120656682,6.7103481849314,4.673134624223548,20.944995638722702,26.77509722595561,2.3476908836374286,1756.343372601805,0.0,62.31072571238181,49.999999999999936,867.7287085485818,False,R410A
2024-11-02 21:45:00,429.923168908539,96.14784240995485,44.16601454379625,6.91888610635651,5.12386617545877,20.639618225216733,26.37563532918428,3.6620059606071265,1811.751529527538,0.0,63.03863281202414,50.00000000000006,876.4635937442897,False,R410A
2024-11-02 21:50:00,435.73228905852807,92.6969404269993,45.75243605347168,5.435823442544812,3.5023683027599852,21.232693981334016,26.385799296535602,3.4864345215256236,1957.9790575027564,0.0,64.58425093329636,50.0000000000001,895.0110111995563,False,R410A
2024-11-02 21:55:00,429.2295134296279,96.63012356600485,45.43744149345497,5.581679933097242,3.9179032427150533,20.65643801386149,25.73958672084081,3.8295276161449725,1839.1689183992287,0.0,62.87121438226983,50.00000000000003,874.4545725872379,False,R410A
2024-11-02 22:00:00,433.5786760561244,94.03578138405875,45.30334789490447,5.330479798562319,3.806477481781517,21.243055629999013,26.40466847543983,2.6169630414318092,1894.265097763745,0.0,64.03795596726948,49.999999999999936,888.4554716072337,False,R410A
2024-11-02 22:05:00,433.2148557848169,94.73581573837484,45.419251599416334,6.146151040931781,4.277838352293074,20.91281944901533,26.046632508794914,3.4008601287059377,1890.6230443823174,0.0,63.71765350385671,49.99999999999994,884.6118420462805,False,R410A
2024-11-02 22:10:00,136.87015822386698,216.71984587685685,4.524421140589693,30.712258373289448,3.8791953115009705,21.34394629143383,19.112216331692373,18.316884413481496,0.543714358305337,6074.610518365939,66.0,49.99999999992163,0.0,True,R410A
2024-11-02 22:15:00,138.80016529917773,220.06686814000932,5.066688403352039,31.943894917652806,4.775437034334298,20.83015312735795,18.723934575800797,19.871478375183838,-30.264806864932723,5917.6337057944875,66.0,49.99999999985086,0.0,True,R410A
2024-11-02 22:20:00,136.4419435968995,216.77750069393258,3.591990187212646,30.926925535607893,4.045043065025652,21.16892714979801,19.33458960063094,19.345993775595694,17.863887812413232,6081.95917219454,66.0,49.99999999992377,0.0,True,R410A
2024-11-02 22:25:00,434.9487197922657,93.24242161704993,45.19564164845687,6.537528739290814,3.7739360140325604,20.524521490852674,25.714518930889167,2.664144708214378,2011.6185977290397,0.0,64.56488152828398,50.00000000000006,894.7785783394078,False,R410A
2024-11-02 22:30:00,436.8373011846883,92.22843660159293,45.194909273882786,6.542705524823322,3.192709587168052,21.103525660183042,26.102062934539884,2.910209973591275,2001.6990707907025,0.0,65.07973154511903,49.9999999999999,900.9567785414282,False,R410A
2024-11-02 22:35:00,432.8563189365482,94.7749063995042,45.7400895487248,5.468758150815044,4.485064931390286,20.700937350644942,26.243808506434817,1.2740559881784874,1909.720024690799,0.0,64.00428659602784,50.000000000000135,888.0514391523342,False,R410A
2024-11-02 22:40:00,433.78669000951874,94.55384198509702,44.616431798489366,6.058619903505829,3.8196714983890008,20.719118627703242,26.54477184266775,3.854884958927551,1951.2808942177026,0.0,64.13951887302626,50.00000000000011,889.6742264763151,False,R410A
2024-11-02 22:45:00,438.99315834773085,91.71699494572935,45.66049363558682,4.804090594558344,3.086845289692389,21.602366927298117,26.189257428857438,4.436890551347213,1946.2522731384058,0.0,65.43141507888646,49.99999999999986,905.1769809466376,False,R410A
2024-11-02 22:50:00,439.43351764003893,91.46342335398903,45.89419562422635,5.054874547307259,3.0844102076882938,21.781215738500077,26.087883590354743,2.681384716992899,1996.4580351052914,0.0,65.58093530333096,50.00000000000004,906.9712236399715,False,R410A
2024-11-02 22:55:00,440.9954561853646,90.46136410115044,45.78077360552035,5.8587015148049275,2.581280379157982,20.646320299471807,26.184522670849315,3.6257116550335433,1993.4664807356007,0.0,66.08606629834594,49.99999999999997,913.0327955801515,False,R410A
2024-11-02 23:00:00,438.67079495355046,92.30482946971924,45.868309365475525,5.128790082182143,3.222628328694093,21.322127682097854,27.105296978248816,1.702051278401783,1993.1287241023708,0.0,65.27573128790922,50.000000000000064,903.3087754549108,False,R410A
2024-11-02 23:05:00,133.87506528842522,212.31143411218613,4.166647961373544,30.74137257110861,2.8144588032336397,20.48390790221577,19.443905653658625,17.246717477676455,6.146173016182075,6340.4630442204925,66.23121739554567,49.999999999979714,0.0,True,R410A
2024-11-02 23:10:00,132.8906973459302,211.546462657041,2.703209060578169,30.29274372213759,2.9832053374950758,19.95079430787544,18.264213392397735,15.628183938740078,15.467480396606582,6382.597075486996,66.47198328849711,49.99999999998428,0.0,True,R410A
2024-11-02 23:15:00,133.9898961464739,213.82121705622762,2.848607796505659,31.639405299051784,2.949884109689047,20.46139840792191,18.646380013498653,18.21761715022909,12.29905347302312,6276.791286423226,66.0,49.9999999999709,0.0,True,R410A
2024-11-02 23:20:00,444.815959015924,89.03102094393266,46.842756499932946,2.92157919841529,2.172974777125749,20.30376752020349,25.570014846680326,0.20073650453613645,2033.0639387311683,0.0,66.89357490064539,49.99999999999996,922.7228988077446,False,R410A
2024-11-02 23:25:00,444.056516865573,89.432429128414,46.39956102976579,4.405575728976812,2.145842743165612,20.77287104250826,26.463170320453077,-0.42841072000380986,2126.7335535681186,0.0,66.74605122051476,50.000000000000114,920.9526146461772,False,R410A
2024-11-02 23:30:00,448.13614665347944,86.86696064385785,47.46551484034025,3.982594346619521,2.0684083179441854,20.937718009233098,26.87119323866718,-0.8061762387219088,2096.354710262921,0.0,67.9889252126255,50.00000000000008,935.867102551506,False,R410A
2024-11-02 23:35:00,444.1278791139871,89.5684660787195,46.38115823008416,4.271042108175473,2.6233685291416977,21.008431401471572,27.259664762517893,2.705791120332775,2065.4603283751526,0.0,66.79683845379814,50.00000000000006,921.5620614455777,False,R410A
2024-11-02 23:40:00,441.9604577006333,90.95739937016678,45.95135391593906,5.331018727299482,2.732952160069948,20.910294348677155,26.453916390967404,2.946483569772338,2023.9856388293817,0.0,66.2015080531322,50.000000000000036,914.4180966375864,False,R410A
2024-11-02 23:45:00,445.2823331763705,88.89471568375984,45.55675738370061,5.002853871654724,2.261603291521866,21.084797383378444,26.072279446756657,0.7059791096348398,2076.9813043239706,0.0,67.19631954066102,50.000000000000135,926.3558344879323,False,R410A
2024-11-02 23:50:00,444.6867865279911,89.60934323274694,45.5300076740006,3.840813549018283,2.663379385297792,20.841348152486685,26.633905061506503,2.8199532785502885,2100.46454966899,0.0,66.90633338908393,49.99999999999994,922.8760006690071,False,R410A
2024-11-02 23:55:00,450.5947044509662,86.049358502042,46.06083151047237,4.741835519304174,2.112256068525576,20.230115698844113,26.170300920375457,1.2043966898041703,2265.1512664979628,0.0,68.60981561516246,50.00000000000001,943.3177873819496,False,R410A
2024-11-03 00:00:00,449.5733897775604,87.39312754476803,46.93978923252107,3.288211055317971,1.7657970922515327,21.15853749541399,26.35787504299761,2.090878086411245,2112.060303342873,0.0,68.00031906501054,50.000000000000036,936.0038287801266,False,R410A
2024-11-03 00:05:00,452.5312335675699,85.77529771468197,46.352754634838604,4.265809507808137,1.648165017834845,20.99657948155899,26.108769320179917,0.9956362761231872,2171.2350435258472,0.0,68.75701166605957,50.00000000000011,945.0841399927149,False,R410A
2024-11-03 00:10:00,128.33878971535626,205.3857658371629,2.364438849155527,29.811564015463684,2.0241312873974326,20.658881445114304,18.44842135027081,17.1176875332513,-1.9550568766963776,6742.172441831457,68.52669966760833,49.99999999999918,0.0,True,R410A
2024-11-03 00:15:00,129.6523360768185,207.07499226203433,1.9831532185638936,29.71617938757901,1.7351956490767415,20.88678832914657,19.25941848691558,18.077265736176695,13.049756510508733,6661.189522352429,68.06394012772816,49.99999999999835,0.0,True,R410A
2024-11-03 00:20:00,126.49577174009146,204.42819634884623,1.4378677718150497,29.355277766527966,1.5552715969968924,21.368083794127983,18.555159473867473,16.355939177263465,-7.904811454038031,6804.013569021941,68.88007753726824,49.99999999999968,0.0,True,R410A
2024-11-03 00:25:00,456.6011498532355,83.45832622665885,47.10686243408214,2.944856975757431,0.950214690161288,20.98515384575787,26.388627986989547,0.7457181799842968,2359.0258658322705,0.0,70.07677325782483,49.99999999999997,960.921279093898,False,R410A
2024-11-03 00:30:00,457.6053925459246,83.25440941411095,47.89344470203084,2.9944551604042453,0.4968576589592986,21.206534180884727,26.78723944731183,1.6400149247291451,2262.2012238033835,0.0,70.2195075410553,49.99999999999958,962.6340904926635,False,R410A
2024-11-03 00:35:00,458.4952445683582,82.71629004993785,47.299369590973654,2.271098156654432,0.7817249707698821,22.018653265233073,27.689017116246443,0.09794516753043714,2384.05134687039,0.0,70.5376493353196,50.000000000000114,966.4517920238353,False,R410A
2024-11-03 00:40:00,455.2804915291152,84.95403040167865,46.82484931064442,3.1263122709216584,1.252745653342183,20.955755158746562,26.089949103203637,-0.38211391565699504,2203.5360489297777,0.0,69.5134355004783,50.0,954.1612260057395,False,R410A
2024-11-03 00:45:00,452.0462916972292,87.03749084915687,47.54694527975233,3.344303162603327,1.8961648489459415,20.889109342151528,26.711721315496426,-0.5943173017768815,2137.8557509976754,0.0,68.54072085186576,50.000000000000085,942.4886502223891,False,R410A
2024-11-03 00:50:00,453.27803664543654,85.65190191152877,47.39560480806657,2.7680829328909864,1.019541754029709,21.2739550153671,26.58301330648103,2.310485307037297,2261.4638132848663,0.0,69.24878460714416,49.99999999999987,950.9854152857298,False,R410A
2024-11-03 00:55:00,462.320540836752,81.07709494205501,47.92860100555571,1.8632565225312443,0.2749034893385606,21.297276429831,26.36133040270899,1.060695886577754,2436.0963829385273,0.0,71.45617525247961,49.999999999999744,977.4741030297554,False,R410A
2024-11-03 01:00:00,455.4275817839489,85.07380042265507,47.67450836799263,2.619956849484576,1.6094643849290384,21.041069433127948,26.38369069161614,1.4099319321611694,2284.6093113478055,0.0,69.6101116683354,50.00000000000007,955.3213400200249,False,R410A
2024-11-03 01:05:00,457.30335229604657,84.44126296412544,47.46952173704061,2.8365148096443935,1.6698422155933392,20.709051881094997,25.864837588491977,-1.797565318072098,2253.794415522299,0.0,69.90681546796068,49.9999999999999,958.8817856155284,False,R410A
2024-11-03 01:10:00,463.05053532055024,80.81698848081061,48.32293702743033,2.3743301831282286,0.5421315110855034,21.334982634144254,26.51326350742489,-0.9777399966022908,2446.5942934601862,0.0,71.68381453921197,49.9999999999998,980.2057744705436,False,R410A
2024-11-03 01:15:00,461.3356009114508,82.16367163394244,47.495936584519555,2.5212077961459336,0.10773116736187982,20.833259265427234,26.340109705311317,-0.6237478686018503,2340.4736887284926,0.0,71.0782947618861,50.00000000000008,972.9395371426331,False,R410A
2024-11-03 01:20:00,125.73975395671224,200.75315801585705,1.9248689747218766,29.87684205859689,1.0249854748796534,21.322070500345312,18.975863800335304,15.934538062094685,-3.1500916422629186,7038.615615406703,70.22066065946687,49.99999999999989,0.0,True,R410A
2024-11-03 01:25:00,122.61743418777128,198.66999562476553,0.27266858749933465,27.457252064477487,0.4175345988491127,21.3342197108326,19.48758973564606,17.250743405778117,3.3289664938403005,7153.132500031894,70.87504285732511,49.999999999999915,0.0,True,R410A
2024-11-03 01:30:00,119.86371251853205,194.0358394854321,0.6382938901379293,28.094956209770036,-0.05454409539808347,21.142570610610406,19.191036508529752,13.779744093105744,5.220530009544631,7398.899995667971,72.27942854667413,50.000000000000014,0.0,True,R410A
2024-11-03 01:35:00,462.0124274107861,82.0337808410206,47.90391246854969,2.3387475949929453,0.10387246399769154,20.972777479363653,25.737966764640333,2.077739564327199,2410.238847242531,0.0,71.32892504853847,49.99999999999983,975.9471005824616,False,R410A
2024-11-03 01:40:00,469.529247382101,78.25276716673858,49.09880553495751,1.814159201679273,-1.1077180020624005,20.91717971105901,26.32557179806493,-3.976003932780953,2560.2709913905737,0.0,73.18735193901341,49.9999999999994,998.248223268161,False,R410A
2024-11-03 01:45:00,465.811954946599,80.52745653039692,48.659576404482884,2.3016130621954534,-0.15997471156970056,20.34131030724718,26.316905853736213,-3.8235208534331955,2415.2854163891425,0.0,72.11323907991951,49.99999999999966,985.358868959034,False,R410A
2024-11-03 01:50:00,462.74165834525394,82.03430048262041,48.60852127797805,2.204043591061717,0.5033202751123098,20.569816228048648,26.429399504754166,-1.8682558215589065,2499.7132904745476,0.0,71.42692106774139,50.00000000000011,977.1230528128966,False,R410A
2024-11-03 01:55:00,465.8013201165183,80.0984922331035,47.990345914203644,1.8721152853807654,-0.12781043040546924,20.917465070594545,26.68238206909792,0.2100939097765131,2448.2816183128016,0.0,72.42842071409522,49.99999999999961,989.1410485691426,False,R410A
2024-11-03 02:00:00,468.61717339145275,79.29511274433689,49.10199439256454,1.2090631376406085,-0.2980178979258432,21.505652540234387,27.147017787824538,-2.768955344876415,2423.8119316667494,0.0,72.8378045118003,49.99999999999972,994.0536541416035,False,R410A
2024-11-03 02:05:00,465.51508148918117,80.7052036610765,49.25238969039194,2.201280303095603,-0.040654589687810536,21.01175785144071,25.856163683357373,-3.8750151533876287,2542.4950354868215,0.0,72.21111937316326,49.999999999999666,986.5334324779591,False,R410A
2024-11-03 02:10:00,466.3112085902831,80.78163853976501,48.187855064926744,0.9709599012084124,0.0317561697234765,21.485855651528183,26.6007626449437,-0.087573944991164,2438.60559596491,0.0,72.17920414546047,49.99999999999982,986.1504497455256,False,R410A
2024-11-03 02:15:00,465.38547401980844,80.87232993490778,48.33688480433811,2.2957041916352585,0.06614450003661068,21.53872456862117,27.337251219650142,-1.6262667715900578,2495.579515101255,0.0,72.18541805537879,49.99999999999976,986.2250166645456,False,R410A
2024-11-03 02:20:00,467.28605826666035,79.99942346537033,48.23311804510628,1.6619581227534659,-0.4088595838148643,21.24787836311404,26.004342938324157,-1.6237010191086871,2467.798642419302,0.0,72.65291031025696,49.999999999999744,991.8349237230836,False,R410A
2024-11-03 02:25:00,467.7198170214869,80.12171311794957,48.30736969880217,1.4490185478915,-0.28258326476707035,21.646306878633872,27.017188045171512,-0.9023205972972126,2622.3043956422143,0.0,72.61490086638591,49.999999999999496,991.378810396631,False,R410A
2024-11-03 02:30:00,119.63118974795857,192.9063812433627,0.4127661913470203,27.44078819215741,0.08003230434168185,20.890142356895417,19.136539574840036,13.737091191979673,33.35384259820858,7505.030822841729,72.88589041623845,50.000000000000284,0.0,True,R410A
2024-11-03 02:35:00,118.7094731256263,191.70420390479276,-1.1308529259958495,27.291666219775063,-0.5861263542304059,20.769212364105837,18.990808464286793,15.424012584947885,-9.71440671695219,7570.057482025762,73.2574713258615,50.00000000000115,0.0,True,R410A
2024-11-03 02:40:00,116.80826589581973,190.4915428394453,-1.303534461331242,27.816176829834394,-0.8197060014696811,20.045057275610503,18.664418837182623,13.589357417684546,-17.813069542607987,7641.36626764205,73.66495010081172,50.00000000000357,0.0,True,R410A
2024-11-03 02:45:00,473.1415081269644,77.64806225356988,49.78226090038029,2.6476662553934642,-0.9382152240628719,21.211739149663483,27.1314380859175,-4.189536794511891,2643.8709027712025,0.0,73.93816115246159,49.999999999999446,1007.257933829539,False,R410A
2024-11-03 02:50:00,475.72661849794406,76.09027377646042,49.59537503761895,1.2324676458421617,-1.4428403217278951,20.887633209561603,26.362838660092663,-2.757666047907046,2642.2969423393083,0.0,74.75493553246605,49.999999999998984,1017.0592263895927,False,R410A
2024-11-03 02:55:00,476.146185129632,76.24756752984405,50.32378156815257,0.36587518221337334,-1.4820687139579896,21.315468101023065,26.874047640099693,-3.313852113420083,2668.6499287320626,0.0,74.7029238496835,49.99999999999926,1016.435086196202,False,R410A
2024-11-03 03:00:00,474.74303805163856,76.66364881158749,48.98635911768905,1.0327863300066704,-1.2195010248263394,21.58022061897103,26.202532097057457,-2.448231556485662,2605.9203008540135,0.0,74.56420916427194,49.99999999999909,1014.7705099712633,False,R410A
2024-11-03 03:05:00,474.6932685079091,77.18958060207828,49.1853056101699,1.173777860960588,-1.3146012826558993,20.011638909686834,25.798312753063993,-0.5208756193234005,2708.8613657307146,0.0,74.3257734441363,49.99999999999942,1011.9092813296359,False,R410A
2024-11-03 03:10:00,471.91807209167644,78.36023866266122,48.59624318044728,0.6353107689988144,-0.9457633486207403,22.203169977446546,27.326612393136212,-0.33356528449532385,2559.052896503496,0.0,73.80421773955516,49.999999999999446,1005.6506128746619,False,R410A
2024-11-03 03:15:00,476.354099550561,76.16207443085527,49.422815023683256,-0.09861890108955651,-1.7053736644371014,21.064782766652026,26.36987407298635,-2.4141602034244642,2633.4171114112514,0.0,74.93643850495843,49.999999999998934,1019.2372620595012,False,R410A
2024-11-03 03:20:00,474.92512438006673,77.3813616344239,48.24403051297874,0.7935877200470745,-1.142368274134236,21.33663438412908,26.572964941411634,-1.6451040072335164,2598.3273565492555,0.0,74.34954363098905,49.999999999999105,1012.1945235718687,False,R410A
2024-11-03 03:25:00,474.85049722998656,77.34354324844475,49.488223118125205,1.2095260149537845,-1.019069303144125,21.36967013354508,26.825183466072506,-2.168036762964885,2636.8764648750907,0.0,74.38865557279387,49.999999999999325,1012.6638668735264,False,R410A
2024-11-03 03:30:00,478.3721670934875,75.48293469653916,49.66507267568619,-0.47701831238740744,-1.734688636559968,21.576421285600993,27.15683973216451,-1.625392183329716,2681.7611818621967,0.0,75.34222835717338,49.999999999999,1024.1067402860808,False,R410A
2024-11-03 03:35:00,477.17397407489625,76.55624348523943,49.27285983353868,0.23736817981060815,-2.004696417428984,21.130087937290988,26.676174782330563,-2.09665419769109,2670.338723864768,0.0,74.80436577272438,49.99999999999919,1017.6523892726926,False,R410A
2024-11-03 03:40:00,478.9116042618884,75.31281885467344,49.34900422360828,0.5607440066177247,-1.5484703846608365,20.35382132572253,26.05635565387384,-2.643062511650243,2686.685987578196,0.0,75.45116369575496,49.99999999999865,1025.4139643490596,False,R410A
2024-11-03 03:45:00,475.64061840548084,77.08151425185137,48.77959117710567,0.7182375789156631,-1.2665690748916987,21.109738042008836,26.82301416271607,-1.7564450644795802,2665.3111319130694,0.0,74.60524845543925,49.99999999999875,1015.2629814652711,False,R410A
2024-11-03 03:50:00,477.7404211824295,76.13916340146135,49.77024761198218,1.1662819356784335,-1.8398243096251026,21.719304162774552,26.79417457702166,-3.624070638146941,2747.260403669134,0.0,75.08370974924213,49.99999999999873,1021.0045169909056,False,R410A
2024-11-03 03:55:00,482.4941289860911,73.69143581740857,49.28885934100715,-0.8715561721832927,-1.9338913724481395,21.33883768338619,27.155183971679627,-2.7417206899501996,2791.2758886641136,0.0,76.33174489029025,49.99999999999797,1035.980938683483,False,R410A
2024-11-03 04:00:00,479.8223719376524,75.2674269775053,49.841144759050295,1.3958200626904982,-2.1997899642489838,21.67527550463762,26.976326931792748,-1.6306504338948495,2811.434085619568,0.0,75.56052480806846,49.99999999999845,1026.7262976968216,False,R410A
2024-11-03 04:05:00,115.06958726741287,187.73829007648106,-0.3655939247823563,25.828184156028126,-1.0891973375897448,20.82692608047851,18.966798441917728,13.735234758074084,-10.104343531996875,7840.9868677654795,74.80563924437416,50.00000000004674,0.0,True,R410A
2024-11-03 04:10:00,112.69051092165996,183.78942585985126,-1.2696056956820339,24.97305170058169,-2.029576425898347,20.524465758187965,18.168922360788024,13.939290125720683,-19.6005002558363,8000.0,76.02473288000837,49.99999999981648,0.0,True,R410A
2024-11-03 04:15:00,114.4472167241747,185.1904230954868,-2.546699320022867,26.176408261563807,-2.4747948713007397,20.636470408976642,18.28704024541566,12.828566563451684,-12.393807405165173,7977.947372040639,75.58827069737508,50.00000000016957,0.0,True,R410A
2024-11-03 04:20:00,479.67637938071476,75.1595101182754,49.37176567746027,-0.42074240763222326,-1.8000140673302474,20.899172858926605,26.04512479178027,-2.8128036558354728,2629.347435458092,0.0,75.70702588701843,49.999999999998494,1028.4843106442213,False,R410A
2024-11-03 04:25:00,484.2623157993264,72.78140190084954,50.323564873486376,-0.5031638363007136,-2.6056437147055553,21.38962895045138,27.327385660875066,-4.10110500825444,2776.7963791833013,0.0,76.96757200855654,49.99999999999715,1043.6108641026785,False,R410A
2024-11-03 04:30:00,481.9924963970258,74.78782557015475,49.694093116609736,-0.009175542966543049,-2.1393668910361505,19.90444306980877,25.62629606403575,-2.8780570070379357,2701.0087774834547,0.0,75.94462420697842,49.999999999998394,1031.335490483741,False,R410A
2024-11-03 04:35:00,486.44223776515304,72.78169912641006,49.38624225972419,-0.5458139312075923,-2.669244553590742,21.224842172623678,27.154253012560996,-0.9820342001895068,2742.795675276727,0.0,76.89585365030774,49.999999999997556,1042.7502438036931,False,R410A
2024-11-03 04:40:00,483.4531316774849,73.553946403713,50.14338896809257,-0.6888468392394869,-2.3058060603990596,20.353590016993984,26.237033136526776,-2.492097957954645,2635.9994910011987,0.0,76.5352826462822,49.99999999999777,1038.4233917553863,False,R410A
2024-11-03 04:45:00,479.4660432273476,75.23160049088166,49.656532303089236,0.3342737420933296,-2.0276109385466583,20.686813222822362,26.278689197834435,-2.9675905499947364,2766.2980153902595,0.0,75.76410866839304,49.99999999999869,1029.1693040207165,False,R410A
2024-11-03 04:50:00,482.4274981404277,74.2355249415062,50.81172743446791,-0.2980881976049453,-2.696426713177876,21.055563107708114,26.160704386706698,-3.6455615782884268,2632.8431745493026,0.0,76.27883928044272,49.99999999999809,1035.3460713653126,False,R410A
2024-11-03 04:55:00,484.4243763515322,73.32310106319791,49.90569845986709,0.17541535380962836,-1.9947967155645916,20.14770808392162,26.47292936765146,-4.474947807333676,2854.0588134132518,0.0,76.7528341631355,49.999999999997435,1041.034009957626,False,R410A
2024-11-03 05:00:00,482.853182759117,74.13047719858879,50.47133287512445,-0.2732943695457054,-2.2564155400700945,21.457899098946974,26.89981896198705,-3.5135018126888715,2897.3158723894308,0.0,76.3662164865631,49.99999999999794,1036.3945978387574,False,R410A
2024-11-03 05:05:00,484.30342599159803,73.29169451543254,49.42492876974937,-0.8936210065191024,-2.6308777998492863,21.87664292835022,26.613492140839995,-2.1521037865471664,2751.7176033067317,0.0,76.82259459017162,49.99999999999727,1041.8711350820595,False,R410A
2024-11-03 05:10:00,484.8812090366899,73.40964512074567,49.52044881435418,-1.2231265603249377,-2.717798389166844,21.04907316945489,26.47825276694215,-3.3063030576452075,2819.6654110212985,0.0,76.75854256880649,49.999999999997584,1041.1025108256779,False,R410A
2024-11-03 05:15:00,483.1568948643317,74.21289218929577,50.243365595722224,-0.2627675368141588,-1.9454932008540968,20.65153038249828,25.899069086367263,-3.6348845692325447,2753.9982359557644,0.0,76.35342564217994,49.99999999999761,1036.2411077061593,False,R410A
2024-11-03 05:20:00,486.3856416002128,72.28303046773587,50.803100865984476,-1.316249586589033,-3.0711768916366795,21.156794926951907,26.69330195302388,-4.0298310849419625,2882.0382633819695,0.0,77.36329460181544,49.99999999999669,1048.3595352217853,False,R410A
2024-11-03 05:25:00,485.36263426231926,73.26715699275553,49.593441880596394,-1.1044985851805078,-2.3893214676207286,21.08980161685578,27.246940473968465,-2.2800368582381867,2751.942153080078,0.0,76.85903531635624,49.99999999999734,1042.3084237962748,False,R410A
2024-11-03 05:30:00,486.1616839958989,73.11768044330772,50.09510437157583,-0.1803589032050087,-2.6191822583405764,20.45009819856775,26.664818565478242,-3.02535063316013,2777.726082867122,0.0,76.888175115557,49.99999999999751,1042.658101386684,False,R410A
2024-11-03 05:35:00,488.4444622509845,71.59309719499107,49.679491573178154,-1.7158765771719546,-2.9846674447589585,20.557666546788386,25.97448468944685,-3.9542459608003684,2912.5572549336084,0.0,77.65408309318052,49.9999999999962,1051.8489971181664,False,R410A
2024-11-03 05:40:00,486.71454433601997,72.31349050792339,50.148389432080066,0.05409756218938555,-2.9830669862698405,21.04586024981474,26.268919566569878,-3.4603874965316423,2819.7078868677027,0.0,77.30399825395415,49.999999999996746,1047.6479790474498,False,R410A
2024-11-03 05:45:00,113.19987309529404,184.83651358672782,-1.4997701534131553,26.16162664597255,-2.104327375981716,21.24650421435047,18.657235835524872,15.287651579322208,9.392338446290564,8000.0,75.83646309245043,50.000000000243915,0.0,True,R410A
2024-11-03 05:50:00,112.27638420801465,182.66529086661524,-2.4638745187700506,25.73168341528554,-2.243751551749921,20.020305364697137,17.948779297627567,13.973227805003667,-22.046331884518555,8000.0,76.49279053840397,49.99999999999994,0.0,True,R410A
2024-11-03 05:55:00,108.74512935294425,178.85962963533413,-2.9717885003523627,24.635345882344247,-2.7766774794757634,21.04173018535315,18.70860759472711,13.621354182289387,21.156657043825472,8000.0,77.69454229476094,50.000000000000036,0.0,True,R410A
2024-11-03 06:00:00,489.0907336990234,71.37829941233917,49.86313431362571,-0.5218565355268436,-3.1397204280832067,20.978453107903288,26.511778915501075,-5.156146629328028,2877.594242352076,0.0,77.80808536739664,49.999999999996064,1053.6970244087597,False,R410A
2024-11-03 06:05:00,485.35204232497097,73.03072679334298,49.7956752056859,-0.49459168346318244,-2.5204195373957092,21.169443677771085,26.615678226510035,-3.144241494501426,2866.557181204841,0.0,76.98627843332898,49.9999999999971,1043.8353411999476,False,R410A
2024-11-03 06:10:00,481.46638523560733,75.33781605492086,50.550316732359825,-0.23806335370727805,-1.6284787030457506,21.532944365643402,27.16283406794404,-5.53980413148776,2729.3916510904287,0.0,75.79003006467376,49.999999999998195,1029.480360776085,False,R410A
2024-11-03 06:15:00,484.86676869326544,73.22018065051431,50.10331240648841,-0.3225542658473304,-2.921255181257846,21.081558158072458,26.960233286945485,-2.3786264183392785,2930.690175194185,0.0,76.84493322834625,49.99999999999712,1042.139198740155,False,R410A
2024-11-03 06:20:00,481.280746026022,75.29647840459975,49.16149750133951,-0.7249279072727747,-1.8854158716306422,21.00324561534904,26.080165167914792,-1.3237283011008847,2771.8097533627533,0.0,75.76707035910617,49.99999999999848,1029.204844309274,False,R410A
2024-11-03 06:25:00,482.6702972782146,74.00330740859147,49.75450488591476,-1.0335180469395868,-2.5010896647856695,20.72655722143602,25.81843907047281,-2.389428268244978,2772.6645201726574,0.0,76.43170896233003,49.99999999999776,1037.1805075479604,False,R410A
2024-11-03 06:30:00,482.876725230286,74.26974469332633,49.05588280873562,-0.6995552017423988,-2.455267410726819,21.640004411188148,27.181161381475125,-3.511932201751318,2780.1613276327366,0.0,76.27892431818373,49.999999999998025,1035.3470918182045,False,R410A
2024-11-03 06:35:00,487.04703289957024,72.1874494521793,49.73228707477427,-0.47772559398764713,-2.574185773893075,21.217497810011416,26.259061334212543,-3.8135025657897406,2811.34238899711,0.0,77.304978455585,49.99999999999686,1047.65974146702,False,R410A
2024-11-03 06:40:00,112.51522119255951,184.19953987456302,-1.3187590353512184,25.99944193422249,-2.1625043454747126,21.312528264103573,18.740055145716,13.62164196125841,-27.41828997522403,8000.0,75.9978578097489,49.99999999980503,0.0,True,R410A
2024-11-03 06:45:00,111.62913583556269,181.8516533798978,-2.426138268844661,26.169592576126515,-2.7199379945218887,21.195975362659638,19.50146857658946,13.365176116558068,3.9398905769715906,8000.0,76.70979411330272,50.00000000000018,0.0,True,R410A
2024-11-03 06:50:00,113.88525631071067,184.63630342042626,-0.9708273976170592,25.62381258824805,-1.518907528046666,20.74669243221214,18.599418996667133,13.224759886769743,22.902267972203312,8000.0,75.83238497133532,50.000000000242025,0.0,True,R410A
2024-11-03 06:55:00,484.7293677441198,73.05433447042792,50.01358245434541,-0.12767457788391273,-2.1389816438250353,20.986585606481412,27.03956902605859,-2.785217578735013,2788.667273412336,0.0,76.83001699624916,49.99999999999734,1041.96020395499,False,R410A
2024-11-03 07:00:00,482.0737630795454,74.05990186593156,49.86679581212549,-0.23664882315928767,-2.759405333869397,20.554471929076893,26.392099412556476,-2.629591011193096,2731.42662973875,0.0,76.3594270939233,49.999999999997954,1036.3131251270797,False,R410A
2024-11-03 07:05:00,482.2757023435822,74.34197586228258,50.14825259432571,-0.575263284109999,-2.5460691251401557,20.864908741517834,26.609744301533137,-2.334644128992305,2643.3347877084857,0.0,76.20748137347907,49.999999999997904,1034.4897764817488,False,R410A
2024-11-03 07:10:00,483.26128789955266,73.67502320224223,48.61951717195423,-0.0817607820621174,-2.096377496022973,20.717913009829225,26.72763800706367,-2.058453642246765,2869.4599217665295,0.0,76.54882923483714,49.99999999999777,1038.5859508180458,False,R410A
2024-11-03 07:15:00,482.04746534955405,74.38157546835568,49.92436567262147,-0.12886727684885804,-2.1813234976374836,21.220121569866308,26.500028623521473,-1.965695640489713,2754.032868770073,0.0,76.19172269545248,49.99999999999815,1034.3006723454298,False,R410A
2024-11-03 07:20:00,483.6457896337344,73.65063240802976,49.928997224193914,-0.5858802213718781,-1.8211482309926925,21.021145705902804,26.7616799656934,-2.7477351904157628,2790.477625778173,0.0,76.54264124859836,49.999999999997655,1038.5116949831804,False,R410A
2024-11-03 07:25:00,484.2447172999742,73.03014414717917,50.822708259794815,-0.4185855404776113,-2.2546841644873536,21.377825859910285,26.182966618352644,-2.988634501376993,2770.478732124038,0.0,76.87917016809931,49.999999999997215,1042.5500420171918,False,R410A
2024-11-03 07:30:00,479.0289555092079,75.6090398847023,50.09006160947963,0.12493892383420101,-1.720456226040904,21.239023461832392,26.355521651214012,-4.89759419226686,2684.8369717104524,0.0,75.6205917663942,49.99999999999835,1027.4471011967305,False,R410A
2024-11-03 07:35:00,480.97279471430465,75.11510423847766,49.12144664420973,0.005432649763732089,-2.2242821235251475,21.37001798310271,26.67400504195899,-3.19805396017728,2651.196216154511,0.0,75.83544663195502,49.99999999999834,1030.0253595834604,False,R410A
2024-11-03 07:40:00,484.92024507846077,72.9665799773809,50.70826780054469,-0.6558945632632662,-2.3021658998485246,20.077026134423868,25.17156655600124,-3.7426261376396144,2864.998538032114,0.0,76.89919597661573,49.9999999999974,1042.7903517193888,False,R410A
2024-11-03 07:45:00,481.304574178011,74.29751106482281,49.72378475420992,-0.7923969587807052,-2.522651875759026,21.849969204186785,26.606828887647918,-2.0959664145307753,2807.794306802547,0.0,76.27984537866777,49.99999999999808,1035.3581445440134,False,R410A
2024-11-03 07:50:00,485.6047121656433,72.96107916756104,49.63771297080794,-0.41587007066051085,-2.0616794185849274,21.324289662697563,27.411241373849407,-3.6661216650025117,2800.584725994386,0.0,76.9065055572159,49.999999999997584,1042.8780666865907,False,R410A
2024-11-03 07:55:00,485.99156665877524,72.59921661380599,50.245906784987945,-0.931164066263829,-2.40316530269765,19.971608737535956,25.800939558644593,-2.215873011490099,2799.1367419407693,0.0,77.05961375880625,49.9999999999971,1044.715365105675,False,R410A
2024-11-03 08:00:00,479.8588273436117,75.29891143503463,49.54046903796862,-0.36596938822273906,-2.103254127427983,21.199433741875644,26.971077535762554,-2.407147665436332,2627.1066660990064,0.0,75.71160990880142,49.999999999998536,1028.539318905617,False,R410A
2024-11-03 08:05:00,486.60482671795285,71.94388330184758,51.04207964267973,-0.8174792362719232,-2.4557260857809258,20.93170044068038,26.987689141063658,-2.3775340557854574,2897.69795287825,0.0,77.39425862844124,49.999999999996795,1048.7311035412947,False,R410A
2024-11-03 08:10:00,480.32383292965835,75.38014115354235,49.7842617533948,0.5484122865538262,-1.1461435187913622,21.02952972877835,26.955197352161356,-1.6816421819774559,2695.2617170121316,0.0,75.63720197106453,49.99999999999862,1027.6464236527743,False,R410A
2024-11-03 08:15:00,482.47787357172206,74.15378497591689,49.93231439074983,-0.013173153230278192,-2.1712650370186037,20.83954589711699,26.816222545245914,-1.7630499823036905,2665.789575871307,0.0,76.21195981415153,49.99999999999805,1034.5435177698184,False,R410A
2024-11-03 08:20:00,114.43893342039881,184.27018255145722,-1.473743510851223,25.810361843542264,-1.758943095371555,20.66082680015624,19.374266805960396,12.599567191219185,-32.684581507716814,8000.0,75.84813410455789,50.000000000247766,0.0,True,R410A
2024-11-03 08:25:00,114.49379213446531,185.90061986201002,-1.1182773591067354,26.04961380291298,-1.794261964060392,21.983517375659492,19.6232313953438,13.74418628232595,17.31490133907724,7932.649608853582,75.32942633630618,50.00000000011358,0.0,True,R410A
2024-11-03 08:30:00,114.97624967421935,186.6468003452377,-1.1486326473207806,26.777471436624953,-1.5148295291839269,20.819163614433144,19.34920198805024,14.197452795078933,17.4885146822881,7889.152318064301,75.08087038893886,50.000000000075495,0.0,True,R410A
2024-11-03 08:35:00,480.6344823968434,74.55755226015619,50.39678139978604,-1.114434102561707,-2.368236585847521,21.205857837117346,26.94858454119745,-6.467392917237519,2654.882687760143,0.0,75.83213243567617,49.999999999998536,1029.9855892281141,False,R410A
2024-11-03 08:40:00,476.4712372972051,76.73669479393318,49.57104667754478,1.0430751998158994,-1.3557661488356,20.950292727656407,26.69530117858617,-0.15391384723498014,2671.3768849463927,0.0,74.71121458956767,49.99999999999892,1016.5345750748121,False,R410A
2024-11-03 08:45:00,477.1391781554752,76.27127143905994,49.419713648249925,-0.3848584419806047,-1.4347773555662515,20.002760535062848,26.185163238760897,0.318102491598639,2638.9461118008257,0.0,74.89570110903087,49.999999999999034,1018.7484133083703,False,R410A
2024-11-03 08:50:00,479.85230208840915,74.97435310446971,50.17229560339616,-0.44465005063101204,-1.1972467634160977,21.104596848521048,26.547343687927295,-3.7896578019717087,2742.088282152329,0.0,75.47389219293905,49.999999999998586,1025.6867063152686,False,R410A
2024-11-03 08:55:00,475.97570667632664,76.40577888731943,49.236981858207045,0.3662938467042335,-1.9150741714751591,20.979586844173493,26.485900757144726,-1.0706924755341625,2653.77647181684,0.0,74.75314647532831,49.9999999999989,1017.0377577039396,False,R410A
2024-11-03 09:00:00,471.84790378759953,78.43944217155715,48.91987953043294,2.2140537084512744,-0.9552734007464826,20.90497206982639,25.69636529132094,-0.7822497655546303,2648.02220033518,0.0,73.7420167260283,49.999999999999396,1004.9042007123396,False,R410A
2024-11-03 09:05:00,470.7744622971383,78.9283547316885,49.66803942632583,2.0957083897706483,-0.3565661248871745,21.330625476422096,26.798206159784666,-4.066434631923211,2513.5499322351557,0.0,73.48600258047297,49.999999999999325,1001.8320309656756,False,R410A
2024-11-03 09:10:00,472.9183516750847,78.06678166026849,49.755920736349765,1.4266323147356956,-0.999143011902499,21.110045120540864,26.196762369094316,-4.0367817744313905,2602.897933233949,0.0,73.85322312632576,49.999999999999325,1006.238677515909,False,R410A
2024-11-03 09:15:00,476.83351086825104,76.15627201872346,49.26456382717136,0.820068881637034,-1.4096047674061905,20.750933913482925,26.18955939154241,-0.8937974121501622,2684.840164275295,0.0,74.71640461502139,49.99999999999909,1016.5968553802567,False,R410A
2024-11-03 09:20:00,471.3329245235601,78.36357332477773,48.63055540907232,0.2590865856935889,-1.059752637764826,20.984013547265533,26.646262895010867,-2.2829921251665963,2525.78120222875,0.0,73.61954986060034,49.99999999999953,1003.4345983272041,False,R410A
2024-11-03 09:25:00,118.16689276848071,191.7322835483257,0.07698565956805692,27.423777990904156,-0.9343827046150196,21.16020725601173,19.02163602758565,13.284681996334681,-11.396058599508192,7579.1103816876675,73.30920218107238,50.000000000001336,0.0,True,R410A
2024-11-03 09:30:00,118.73195254296435,191.966625483922,-0.20673125078978333,27.118448810972623,-1.154696559497336,21.167460605246728,19.224722898009283,13.995730381510112,32.39483941713902,7562.429150411586,73.21388085949478,50.00000000000117,0.0,True,R410A
2024-11-03 09:35:00,118.76511058234661,192.41944090537,-0.37298707273013876,27.06088763335982,-0.7195422741220663,21.33268433936415,19.29777647915227,15.12547547506669,-13.155419829181385,7535.7721949400875,73.06155539965764,50.000000000000625,0.0,True,R410A
2024-11-03 09:40:00,469.8092423522281,79.17834045814514,48.49252685154318,1.5394506028031194,-0.8347574587178472,20.465100104930343,26.49695699321689,-1.9038871004584101,2451.424465196414,0.0,73.07590188436842,49.999999999999574,996.910822612421,False,R410A
2024-11-03 09:45:00,469.6030217166359,78.51252794695425,48.94704261335334,1.0561858966152604,-0.6728474485642679,20.825075254663773,26.721485983352956,-1.4336751655787476,2527.3313212943126,0.0,73.41651819732277,49.99999999999956,1000.9982183678734,False,R410A
2024-11-03 09:50:00,471.3668068382198,77.95101545834859,48.86635814188231,1.5983666105495429,-1.0725836231620018,21.23917928198766,26.627389578001974,-1.4429587664868921,2565.6767942514575,0.0,73.67256632486976,49.999999999999424,1004.0707958984373,False,R410A
2024-11-03 09:55:00,474.2787906746634,76.47274937926672,48.80815625329459,-0.15507784124778556,-1.3309777529560038,20.74091580772724,26.432794298974077,-2.698969696075909,2677.777017331009,0.0,74.3742009148829,49.99999999999905,1012.4904109785948,False,R410A
2024-11-03 10:00:00,468.3168732085116,79.11594407188892,48.73116125813349,1.4819855860531597,-0.6911817430371294,21.076317730455713,26.18368804566576,-3.495288041905551,2531.8775025122586,0.0,73.11104025023965,49.99999999999962,997.332483002876,False,R410A
2024-11-03 10:05:00,469.1337540050914,79.01663625729226,48.81203931269448,0.9880150017434102,-0.5868859411866797,20.55303229240981,26.199611733027332,-2.0989489259183722,2494.108234165083,0.0,73.14487277299914,49.99999999999954,997.7384732759896,False,R410A
2024-11-03 10:10:00,467.9796626925649,79.58201759583811,48.38361559660679,1.366764578786286,-0.586974183677319,21.143878813356707,27.003808308364157,-0.6675309894391741,2446.7065594740325,0.0,72.85683501351174,49.9999999999997,994.2820201621407,False,R410A
2024-11-03 10:15:00,472.4321711525136,77.44661108927271,49.39776229223801,1.2245139458286154,-1.2463350908921453,21.032670427294956,26.718494338493443,-3.4416557956335323,2516.551084671433,0.0,73.85559852782201,49.99999999999954,1006.2671823338641,False,R410A
2024-11-03 10:20:00,120.82133367272976,194.28974007459377,0.4470014080201915,27.24393128055966,-0.1716848549509515,21.00953431908752,18.43753086823093,15.296948195726102,26.272027531585305,7419.095175847357,72.39482957627061,49.99999999999993,0.0,True,R410A
2024-11-03 10:25:00,122.19133226872685,197.5555670275466,0.7789259773899331,28.37609320021846,0.6142220954416102,21.9042864511463,18.85900870707817,15.903549525405365,6.550355513880471,7247.108004303221,71.41204573887555,50.00000000000007,0.0,True,R410A
2024-11-03 10:30:00,119.45383970503727,193.70934461531226,-0.4068934485959108,27.625061641406454,-0.230229397251681,21.016087207242528,18.627651335312922,14.10483584347364,-10.414246974544572,7444.06923959612,72.53753851197783,49.99999999999993,0.0,True,R410A
2024-11-03 10:35:00,466.7996347283388,80.02022864166469,48.801385849122894,1.4384064380399426,-0.41424626084319943,21.055566309933173,26.46203690701073,-4.0719092543588005,2554.5987306015895,0.0,72.46260025874322,49.999999999999744,989.5512031049187,False,R410A
2024-11-03 10:40:00,465.34536482538294,80.9165319456307,48.277489160693655,1.780035807709696,-0.02162187081293193,20.287431136522308,26.064535606049,-0.10961994443398804,2393.986169687469,0.0,71.96935589856969,50.0,983.6322707828363,False,R410A
2024-11-03 10:45:00,459.8645930252562,83.20826410538346,47.20672378638637,2.4899283535140664,-0.04798553199943245,20.701519554185584,26.40328881154406,-0.14454577112941178,2361.5435709805543,0.0,70.86559140178494,50.00000000000007,970.3870968214193,False,R410A
2024-11-03 10:50:00,467.0210352124838,79.47970024205944,48.819440376630055,1.3053141605434808,-0.35258840803657254,20.61154211753507,25.650292622890944,0.09631103937118934,2481.6027862968895,0.0,72.62153516634982,49.99999999999983,991.4584219961979,False,R410A
2024-11-03 10:55:00,463.8436378728507,81.38002141014084,48.195492620714276,2.1736448373484083,0.04999128895846114,21.78384642784004,26.783647115506685,0.051471164023152105,2493.9778279355346,0.0,71.65980480062879,49.99999999999964,979.9176576075456,False,R410A
2024-11-03 11:00:00,465.2932039086977,80.35506525627305,49.58908353044582,1.8044989832854152,-0.33645081328350024,20.585769693082714,25.616405375594503,-1.7725921430486593,2458.31645519759,0.0,72.11282541176308,49.99999999999969,985.3539049411571,False,R410A
2024-11-03 11:05:00,464.15148200816446,81.0509003734611,48.875415646741985,1.831985111329585,-0.088003125836525,21.872351382184984,27.252643378379897,-3.32790992446253,2384.502083803917,0.0,71.72474724027387,49.999999999999865,980.6969668832866,False,R410A
2024-11-03 11:10:00,461.9185016548252,81.95469089001841,48.3262097476348,3.167408224728111,0.24941675731472474,20.302341632465225,26.82536495302002,0.9400213578844645,2450.918018114408,0.0,71.25502578444676,49.99999999999964,975.0603094133612,False,R410A
2024-11-03 11:15:00,457.9177936263069,84.12847254276227,47.6895936512726,3.120942093776127,1.2110596152972644,21.346879134904146,26.10097894180395,2.447998029633635,2406.6061584572553,0.0,70.17335573500935,50.00000000000011,962.0802688201125,False,R410A
2024-11-03 11:20:00,455.6741876969195,84.82588336904391,47.51827116579899,2.8934304993285394,1.4124047406740448,20.93716306188621,26.502479410830585,0.6385291772476438,2282.666252788424,0.0,69.83042676871997,49.99999999999987,957.9651212246396,False,R410A
2024-11-03 11:25:00,458.74684639967626,83.37763247017146,47.17382503684928,2.838703897191252,0.48733613331155395,20.656536830768115,26.763913391642394,0.7650803587196654,2313.036845349813,0.0,70.46845263644221,49.99999999999965,965.6214316373064,False,R410A
2024-11-03 11:30:00,460.018497770524,82.57745468285187,46.933832986729925,2.082154464506735,0.4401413209204706,21.20576824329119,26.088021502602498,-0.8349637558049988,2403.524339361814,0.0,70.80887093421302,49.99999999999971,969.7064512105563,False,R410A
2024-11-03 11:35:00,452.39682014065596,86.34850185253802,46.70098588125049,3.265260282222349,1.3358690984250667,21.381835337654845,26.73291680116731,1.8777026114939788,2318.1599456334193,0.0,69.03270782877672,49.999999999999865,948.3924939453206,False,R410A
2024-11-03 11:40:00,459.16305342416933,82.6341530145017,47.76281213040009,2.45773375546713,0.860636135351291,21.148637084172027,26.5891927176771,1.2468306502105542,2408.8467163396817,0.0,70.76445503862749,49.99999999999999,969.1734604635299,False,R410A
2024-11-03 11:45:00,459.64540239021113,82.84980454415266,46.67411460783265,2.074090715795541,0.7411396365399675,21.344823273533173,26.544761322938637,-0.2969655133161284,2280.752380798762,0.0,70.60502465849903,49.99999999999967,967.2602959019885,False,R410A
2024-11-03 11:50:00,461.46719164683094,81.54978153537863,47.67225546610186,2.601121874346223,0.43528180914132686,21.019998946865055,25.835292739805112,0.4936044214238523,2428.6892553381535,0.0,71.18511029930198,49.999999999999744,974.2213235916237,False,R410A
2024-11-03 11:55:00,453.1889912686215,85.73084738120045,47.078864989571755,3.143631640514956,1.5573167758477253,20.541068783342777,26.45234001713354,1.1769107306659734,2264.030595314322,0.0,69.20712401635726,50.00000000000006,950.4854881962871,False,R410A
2024-11-03 12:00:00,454.00575991933624,85.45602782190026,47.12819983980922,3.174382510873702,1.1731918220741244,21.049432649732744,26.714775646986034,1.2429011348732553,2216.485811513969,0.0,69.29576831080519,50.00000000000006,951.5492197296624,False,R410A
2024-11-03 12:05:00,450.00533828947584,87.82053009051717,46.470031051423696,3.6477829364146315,2.3413088382825262,20.001655930947745,26.37095678212173,2.2441626067415825,2232.868038025499,0.0,68.1357142680474,50.00000000000011,937.6285712165686,False,R410A
2024-11-03 12:10:00,457.62053493152166,82.82309065828176,47.50566000247862,4.244322749095787,0.7642540565481769,20.790262937535957,25.843878499999384,0.7836769627737192,2359.750608138621,0.0,70.47044509245153,50.000000000000036,965.6453411094185,False,R410A
2024-11-03 12:15:00,127.2685928286471,205.27218111613266,2.495086581063706,29.30183209191477,1.3763659331442017,21.642370300682025,19.059343281248147,16.49415184082893,4.2565768657531216,6778.4011165493785,68.73372066599646,49.999999999999375,0.0,True,R410A
2024-11-03 12:20:00,125.94621408863668,202.63038618542168,1.5904776025253864,28.22506648483717,1.1905128886407328,20.678824042672687,18.9885996016766,17.09270131721022,32.68449337202055,6909.2082633769705,69.48119007643983,49.99999999999968,0.0,True,R410A
2024-11-03 12:25:00,128.78496348181085,205.1283414646646,1.3616515864620904,28.841835989431747,2.011380472173527,20.743365870934472,19.032169775489262,17.75365806443578,20.135801048255786,6775.3693087810925,68.71639605017768,49.999999999999375,0.0,True,R410A
2024-11-03 12:30:00,456.947816875293,83.53986307837734,47.459762059762625,3.3877367060895693,0.8805427539467205,20.740819383582966,26.476902943185674,-0.046109039278145136,2301.2042322128896,0.0,69.98382921051629,50.00000000000006,959.8059505261956,False,R410A
2024-11-03 12:35:00,448.7401032915851,87.99573628102257,46.683928021230656,4.7374467604325075,2.3540877543043925,20.968102930027,26.689997914662786,1.5674212875443674,2166.6931058283017,0.0,67.86155917081811,50.000000000000135,934.3387100498175,False,R410A
2024-11-03 12:40:00,449.16128473724103,87.20854027456231,46.444368442282276,3.5546398587771013,1.7079347166320722,20.96179904336685,25.912125161575293,-0.37315435075737224,2279.486926102068,0.0,68.20892309107293,50.00000000000004,938.5070770928753,False,R410A
2024-11-03 12:45:00,450.8864991042054,86.23948812596224,46.605831883875155,4.318945511154959,1.4497715673040343,20.63358784574896,26.305556066741158,1.7630687238684395,2159.362306812808,0.0,68.64105864732555,49.9999999999999,943.6927037679067,False,R410A
2024-11-03 12:50:00,449.1738596193652,87.49682711200792,47.259613246199535,4.364993351873035,2.1920775751300505,21.254512628339015,26.243669023604024,0.21731592821603352,2129.91302538806,0.0,68.01160329609647,50.00000000000006,936.1392395531576,False,R410A
2024-11-03 12:55:00,451.62510187608007,85.95882021189615,46.794628504750314,3.5658990098286614,1.3984473071279833,21.026102097738285,26.084181489418256,0.9033438478324443,2271.475620597821,0.0,68.67872184935659,50.000000000000114,944.1446621922792,False,R410A
2024-11-03 13:00:00,450.52453242145435,86.5798761086959,46.33007129689562,3.6998842042333333,2.0768694211671095,21.453003605113125,27.049091022213563,1.4635435039532951,2192.3910152270028,0.0,68.3397853077628,49.99999999999996,940.0774236931536,False,R410A
2024-11-03 13:05:00,449.2753334812594,86.98668489111596,46.77249032652702,4.031687781792175,2.0467404682913535,20.153770590117755,25.479510084761195,1.2210569336404085,2244.69376918348,0.0,68.1174946628313,49.99999999999997,937.4099359539757,False,R410A
2024-11-03 13:10:00,452.0299868071314,85.50925948853482,47.09134323445541,4.062276767222361,1.361470675805263,21.72452537453951,26.64696956175614,0.7396526322696768,2198.4372532534867,0.0,68.75290228770892,50.000000000000036,945.0348274525071,False,R410A
2024-11-03 13:15:00,444.8001580773134,89.37338343881079,45.365857680732574,4.729034225691519,2.5089541196957077,21.581600930186784,26.142811949114122,2.2625582297406037,2075.3912317834634,0.0,66.93922611421198,50.00000000000013,923.2707133705437,False,R410A
2024-11-03 13:20:00,443.369829783953,90.22862969478201,46.165519664576266,4.413738724454167,2.587510588185654,21.542612899665315,26.49502676971362,1.4679003363257315,2095.312454592178,0.0,66.49571424929297,50.00000000000001,917.9485709915158,False,R410A
2024-11-03 13:25:00,131.36043669705504,208.68499255114438,2.7418088262000517,30.220715335512768,2.412511826026639,21.24746284926835,19.60927716980066,17.072541922582488,13.141076656417392,6542.263399340927,67.38436228194816,49.99999999999485,0.0,True,R410A
2024-11-03 13:30:00,131.54176336121122,210.92405535655186,2.849926440823803,31.61494347542385,3.190651221549512,21.27408959134569,19.550538868992053,16.719760819957006,4.012453047054201,6431.490888177989,66.75137650387423,49.999999999988596,0.0,True,R410A
2024-11-03 13:35:00,130.28192410422832,209.43480431046456,3.5247640313902266,30.53547337244084,2.298655092926515,21.00903866206141,19.26929626350474,17.998943059642418,7.439602948192079,6506.54673417254,67.18026705241451,49.99999999999309,0.0,True,R410A
2024-11-03 13:40:00,443.73921664719126,89.85736187444795,46.83607965686903,5.1539628258240455,2.87943299454029,20.117203764628062,26.220246986297155,-0.04146176734956003,2070.8114819649304,0.0,66.56139977523452,50.000000000000135,918.7367973028144,False,R410A
2024-11-03 13:45:00,444.98611010197277,89.06901716165264,47.04528415480737,4.842186303715368,2.5795760025910064,20.61963403197875,26.096655280944493,-0.8589941072941726,2041.5301835036053,0.0,66.85551237981849,49.99999999999999,922.2661485578219,False,R410A
2024-11-03 13:50:00,444.26103474767206,88.82808466699817,47.75704794881562,4.660672230854247,2.531210669774349,21.066909983638425,26.442161520179376,-0.4389278955222093,2112.4341605352806,0.0,66.95201328228922,49.99999999999987,923.4241593874706,False,R410A
2024-11-03 13:55:00,439.4063413223459,91.34851079722043,46.31125710276392,5.144777487505382,3.040866501278391,21.399794847359452,26.576403277406516,-0.1302972182785005,2035.711921237478,0.0,65.8191439250043,49.99999999999987,909.8297271000516,False,R410A
2024-11-03 14:00:00,442.3546237902247,90.14744778282044,46.20270108859728,5.28714066648792,2.5812201199199643,21.00963057123203,25.660207649843116,3.4823405243980647,2087.144921697689,0.0,66.32310929234913,50.00000000000006,915.8773115081896,False,R410A
2024-11-03 14:05:00,436.93633001908483,93.36462761429878,46.046161727956786,5.946932342667181,3.6881532097965755,20.770670375929875,26.08340146423699,0.14659890966840983,2002.3553761562475,0.0,64.82477754997632,50.000000000000135,897.8973305997159,False,R410A
2024-11-03 14:10:00,440.68897247393403,91.2885294108793,45.60003022020581,5.2924154898013605,3.07384622581977,21.02477376332269,26.0826149214342,3.2955137162274704,2008.2210462726575,0.0,65.67906249840883,49.99999999999999,908.148749980906,False,R410A
2024-11-03 14:15:00,441.5406084631189,90.33770697178777,46.07692591049787,4.622341736225542,2.6977829738778683,20.58280104533446,25.885330754361842,1.764015713691193,1971.7063625269723,0.0,66.06155400200103,49.999999999999936,912.7386480240124,False,R410A
2024-11-03 14:20:00,435.64574440879403,93.41455439935473,45.17351502482045,5.862940940961422,3.9744135168616754,21.0372695180306,26.577733936623957,3.9843999385670856,1989.6625979637959,0.0,64.65967692362563,49.99999999999999,895.9161230835075,False,R410A
2024-11-03 14:25:00,436.55434048738357,92.70876673096303,45.80955866467688,5.4857408505720375,3.548947705616782,20.6868561449325,25.794007682839002,4.056550418809687,1904.1199621782587,0.0,64.96151036238784,49.99999999999989,899.5381243486543,False,R410A
2024-11-03 14:30:00,436.22501907353285,93.089487301807,45.208977701877295,5.465962383144519,3.551660651614085,20.76557697870261,26.612847946715355,4.204596631411599,2013.4481625126748,0.0,64.75981932236589,49.99999999999989,897.1178318683906,False,R410A
2024-11-03 14:35:00,434.5654268175195,93.90964519696654,45.04562087303792,7.153941156857993,4.216570153798848,20.701986250073876,25.481464951582545,4.785570060513656,1896.5567170920015,0.0,64.37089366125008,49.99999999999999,892.450723935001,False,R410A
2024-11-03 14:40:00,438.3521867989778,91.49218982914263,45.996766815647966,4.510434120685802,2.729135313879816,20.891873398494045,25.725171545126432,3.072404774618741,2014.971506431525,0.0,65.44008045092056,50.00000000000013,905.2809654110467,False,R410A
2024-11-03 14:45:00,437.3382883480009,92.79057916895013,45.475237738426046,6.0871318177736375,3.989721629363623,21.497723644721468,26.867628468657873,4.345822089908138,1908.1018283456287,0.0,64.78424922351022,49.99999999999994,897.4109906821226,False,R410A
2024-11-03 14:50:00,436.1041371846817,93.27568825265551,44.47350534093691,5.318976649479368,3.486255736865419,20.46363334651386,25.92632739176533,4.874492073926708,1914.1791961592226,0.0,64.49937575678743,50.000000000000064,893.992509081449,False,R410A
2024-11-03 14:55:00,437.4359113790235,92.19209568005145,44.869923309618976,5.6019953843049946,3.5998574014579523,22.0586131840741,27.209282525774057,1.9143452757487927,1888.599876569702,0.0,64.9272047207334,49.99999999999987,899.1264566488007,False,R410A
2024-11-03 15:00:00,433.88577892047863,93.6411542285199,44.779630643227925,7.146608574266884,3.6858956884855787,21.224605205568434,26.420356411245315,2.7590766729585896,1945.6062178773345,0.0,64.27537037055642,49.999999999999964,891.3044444466772,False,R410A
2024-11-03 15:05:00,430.2737662062325,96.1925160711435,44.47291674398441,5.966278573199433,4.170562758475737,20.925065978614384,26.27638042090637,2.4517623610943433,1815.0877489544623,0.0,63.105073858777075,49.999999999999865,877.2608863053248,False,R410A
2024-11-03 15:10:00,431.982470687364,95.02117593458308,45.29917361380406,5.8487810738333845,4.604883359037547,20.812761573379486,25.932701655808042,4.771861525971787,1891.2100396416222,0.0,63.57856519750597,50.00000000000011,882.9427823700715,False,R410A
2024-11-03 15:15:00,434.9145403937553,93.15854962891979,45.496438898684104,5.808617164559815,4.374239003354201,21.313436206840212,26.573028391967043,1.8088417657472724,1896.051619652793,0.0,64.36525193372877,50.00000000000011,892.3830232047452,False,R410A
2024-11-03 15:20:00,138.58660483726425,218.07851199304713,4.407595875750208,31.451347711084928,3.8085884947052837,21.151843752277905,19.019800138387037,17.09511384941991,-18.680679731849228,5993.765333534787,66.0,49.99999999988912,0.0,True,R410A
2024-11-03 15:25:00,143.13341149154505,225.7118250953301,5.305839358749268,33.371466622748535,5.030080857936671,20.722756255848054,19.52092958968535,18.83204576638322,20.798837973927423,5624.696543452566,66.0,50.000000000102176,0.0,True,R410A
2024-11-03 15:30:00,141.17164906419038,222.42075331369935,5.030854886811925,32.22763869068895,4.512000784219346,22.165520667576896,19.707271600877792,17.756591398196164,-5.074327286742425,5776.783806947791,66.0,49.99999999975312,0.0,True,R410A
2024-11-03 15:35:00,430.42831250209423,95.4747715337507,45.24440372995309,6.740063974443295,4.932211205574483,20.978131936975554,26.119431461091807,4.185217184194059,1789.650915615993,0.0,63.17388169126275,50.00000000000001,878.086580295153,False,R410A
2024-11-03 15:40:00,428.89523062617764,96.2327878308556,44.90933839992893,5.92940710692238,3.960056538586354,21.192936022661126,26.44029590810758,3.0094590274364457,1846.840174194017,0.0,62.81199665435517,50.00000000000007,873.743959852262,False,R410A
2024-11-03 15:45:00,430.8973488792293,94.44844968706276,45.65398241944343,5.290842184523415,4.307394967981593,20.628019642505095,26.512665223951487,2.003975023596741,1859.6320725912408,0.0,63.61148412879894,49.9999999999999,883.3378095455873,False,R410A
2024-11-03 15:50:00,424.77911446799726,98.62661289231531,44.87165635143865,7.0029075697653385,4.8992621649986825,20.689093125348137,26.40509913992253,4.575526739136691,1754.8390377277206,0.0,61.76519988151627,49.9999999999998,861.1823985781953,False,R410A
2024-11-03 15:55:00,428.4619368595453,96.18995702920502,44.994037328261804,5.807759888334794,3.885224600912238,21.00896572556363,26.213940173458862,4.109125835800638,1805.761187146439,0.0,62.81597238529282,50.00000000000013,873.7916686235138,False,R410A
2024-11-03 16:00:00,424.21523412860995,98.55366781953967,45.05912710980241,7.861012890552943,4.993719404941446,21.01512984677143,25.438834850441005,2.732095336684119,1763.8129540801021,0.0,61.796243131659566,50.00000000000007,861.5549175799149,False,R410A
2024-11-03 16:05:00,427.7246686028861,97.19604367085189,43.45070330340874,6.07030168853858,5.389618071059245,22.138000487525666,26.527366632205123,3.6215022603155553,1785.3069871164423,0.0,62.329593132427846,49.999999999999936,867.955117589134,False,R410A
2024-11-03 16:10:00,423.6329155473459,99.57295298251118,44.07187428232447,6.8583488303050455,5.180377417020274,20.727040975985897,26.466448444786995,4.802553422167396,1685.922507300188,0.0,61.24561565171921,49.99999999999988,854.9473878206305,False,R410A
2024-11-03 16:15:00,425.2931997112978,98.33576319856724,44.24683167423795,7.3405073999855475,5.370927109217626,20.546131592452614,26.028281694157204,4.2768741837783555,1753.4322344297418,0.0,61.73260508550351,50.00000000000013,860.7912610260422,False,R410A
2024-11-03 16:20:00,422.995168198758,99.35228625923911,44.80327494285629,7.070906686148324,5.723690320298337,21.415197278460255,26.530443948986978,4.53460543412659,1703.509975935965,0.0,61.27182267764135,50.000000000000014,855.2618721316962,False,R410A
2024-11-03 16:25:00,423.0577190975838,99.54606308278387,44.9645234591001,6.6690380675665875,5.4244230117145324,21.278075262286592,26.419475769714513,6.107519031236501,1748.9858175517636,0.0,61.143535894999225,49.99999999999999,853.7224307399906,False,R410A
2024-11-03 16:30:00,422.3357355024668,99.54277563655742,43.448508335129404,8.455184719723261,5.471339325210669,21.436868761347704,26.78546068976342,7.0817474320108555,1706.373324766421,0.0,61.129594720625434,49.999999999999886,853.5551366475052,False,R410A
2024-11-03 16:35:00,422.72701426956587,99.31733096779872,44.90853111694822,6.895253058588771,4.881180588206224,20.498416427088213,25.94389850941861,4.582771474186756,1658.7721846376621,0.0,61.20786007966288,49.999999999999915,854.4943209559547,False,R410A
2024-11-03 16:40:00,423.5730077312976,98.42505977215659,43.76518552392605,7.100660273666134,4.983940018462614,20.607670597472627,26.006416680607874,3.376907644834654,1718.7092235040375,0.0,61.60242164517118,49.999999999999915,859.2290597420542,False,R410A
2024-11-03 16:45:00,419.0784943941167,101.61124969264252,43.25969042391953,7.78833967768039,6.165038225032404,20.85799177613261,26.404465447649333,5.1583528391195905,1596.8354106875581,0.0,60.21412812453319,50.000000000000036,842.5695374943982,False,R410A
2024-11-03 16:50:00,425.07242040883034,97.78216469326921,44.32492229907542,7.432401042331156,5.095450195458987,20.263043144593198,25.695013909212527,4.7715395697673895,1766.8403121504982,0.0,61.84550706730427,50.00000000000011,862.1460848076513,False,R410A
2024-11-03 16:55:00,422.61237048768817,98.90694742978084,44.107080046422055,7.5429318536844,5.421958055781975,20.843156325570664,26.351765713812274,4.758477078579027,1755.1775630598543,0.0,61.376488753302255,50.00000000000006,856.517865039627,False,R410A
2024-11-03 17:00:00,423.04840839638507,99.00137242269216,43.468183287081004,6.923410245215245,5.376758037985663,21.337794112545584,26.283359038325656,5.447501882305142,1731.8811819139733,0.0,61.3263784718385,50.00000000000013,855.9165416620621,False,R410A
2024-11-03 17:05:00,422.01403423967184,99.60984657697706,44.47116694023042,7.308782453299496,6.129297245310078,20.956966645640623,25.956280924088205,7.183605312217363,1686.4357219027672,0.0,61.056607875957695,50.00000000000013,852.6792945114925,False,R410A
2024-11-03 17:10:00,424.00436706770734,98.85286734365926,44.59022196256916,7.219177782954616,5.203483050368944,21.53590917182948,25.788686881837826,3.1195181426452034,1711.67450113463,0.0,61.33472200054895,49.99999999999996,856.0166640065875,False,R410A
2024-11-03 17:15:00,421.3865448696125,100.1241333864605,44.56251844868461,7.993816214962258,6.1009594787588695,21.31543652751956,26.267259015743857,4.612256798829172,1694.9986732891082,0.0,60.761327068274056,49.99999999999988,849.1359248192886,False,R410A
2024-11-03 17:20:00,421.9086193401638,99.51153337454156,43.9145098551689,6.907522349160243,5.531734273251564,20.49111647209343,26.462466413249494,6.53282648395105,1721.335059104806,0.0,61.016633386820914,49.99999999999997,852.199600641851,False,R410A
2024-11-03 17:25:00,425.0306555723483,97.6444839965891,44.408847414233016,8.104203582752232,5.60340799674858,21.133732258910243,26.677833749871166,4.073102744108506,1772.5402665010224,0.0,61.80970339125132,50.000000000000036,861.7164406950159,False,R410A
2024-11-03 17:30:00,421.19878812974645,99.91724326672951,44.04387442886799,7.208290957844535,5.220389224796812,21.64757334932926,26.771249986148195,5.877376157148681,1720.6056242809332,0.0,60.824234696851484,49.99999999999998,849.8908163622178,False,R410A
2024-11-03 17:35:00,423.58536452081137,98.37224768218846,45.152074627670466,7.251522759040057,5.311293119707612,21.624670295373594,26.562362048907428,5.386798154766013,1696.2210054126579,0.0,61.488205085163294,49.999999999999915,857.8584610219596,False,R410A
2024-11-03 17:40:00,424.9284212915586,97.33044020885222,43.06712761940009,6.441005265864451,4.902893950534031,21.38774460946458,26.177594160729498,5.757879842524874,1801.20232045932,0.0,61.95800002857786,50.00000000000007,863.4960003429344,False,R410A
2024-11-03 17:45:00,421.14322826376764,99.93500109445077,43.58479825963274,6.933226582009969,5.62414778858529,20.430835980514264,25.869973447968142,6.995645831989807,1755.4224439154068,0.0,60.835387824339435,50.000000000000085,850.0246538920734,False,R410A
2024-11-03 17:50:00,420.2905003391029,100.3103644524274,44.010822528895574,7.218716318794962,6.022643402133612,20.736912705767406,26.227135826135925,5.489003230434297,1713.179945107025,0.0,60.688138953332455,49.99999999999997,848.2576674399895,False,R410A
2024-11-03 17:55:00,420.39328717779387,100.1492960252315,43.500569682883565,7.123598657379443,5.722503147818954,21.05011682916139,26.269554649694243,3.3630304807916658,1728.0201351315684,0.0,60.782279467576856,49.999999999999886,849.3873536109224,False,R410A
2024-11-03 18:00:00,420.97572481779457,100.30660265299016,43.88452008368875,7.441297804823507,6.014541123909003,21.08591575662769,26.479302875887424,4.448019140636803,1675.9527374457189,0.0,60.70314736619816,50.000000000000135,848.4377683943779,False,R410A
2024-11-03 18:05:00,426.4488263208855,96.8990414194785,44.49846667600282,6.428511560034424,4.71692774643411,21.086644873281344,25.829086348720526,6.6040469410099085,1734.429447547131,0.0,62.164011851167416,49.99999999999997,865.9681422140089,False,R410A
2024-11-03 18:10:00,424.7490968941987,97.36029504396241,44.1724547559888,7.34604579680039,4.751419248896171,20.744020427914187,26.003135491559846,3.0840717767683117,1743.3311201338802,0.0,62.00346082769343,49.999999999999936,864.0415299323212,False,R410A
2024-11-03 18:15:00,418.09930836057873,101.98282713823127,43.79067994355083,7.5972474116748225,5.99357088127519,21.3209502096641,26.72965656425042,5.985545928524584,1654.4817628611067,0.0,60.022521281331976,49.999999999999886,840.2702553759837,False,R410A
2024-11-03 18:20:00,425.1654416576773,97.91880341176487,44.71913725104835,6.679675437048116,5.114987530256749,21.01018199828604,26.40947284542962,2.112073959705887,1672.9534320916257,0.0,61.74683363245185,50.0,860.9620035894222,False,R410A
2024-11-03 18:25:00,421.092612314214,100.39624029764411,43.87991287246508,7.472787441300587,5.613514062711963,21.324407858140596,26.731852591306776,3.8180446914697113,1712.0807354689778,0.0,60.66145625328156,50.00000000000007,847.9374750393786,False,R410A
2024-11-03 18:30:00,423.70219897226866,98.73536194595509,44.032214742324705,7.818003293602722,5.033994336553368,21.19642753865761,26.897218928662078,5.708521135654487,1661.0194151954454,0.0,61.356832291490846,49.99999999999995,856.2819874978903,False,R410A
2024-11-03 18:35:00,421.54258571896173,99.77010460277147,44.01063671912734,7.649412516866167,5.901569907016533,20.791565611643325,26.38942944569836,5.077935350390723,1761.688577193856,0.0,60.916051139878064,49.99999999999996,850.9926136785368,False,R410A
2024-11-03 18:40:00,423.13869092567467,98.57272920437458,44.291925557151245,7.222630261090881,5.16362386584457,20.96419902340513,26.337754710099748,4.396033200646338,1733.6758541662114,0.0,61.455049947930775,50.000000000000014,857.4605993751693,False,R410A
2024-11-03 18:45:00,420.8335245412824,99.98635400657868,43.2086775459098,6.845027843579647,5.989373665227792,21.256354137956198,26.166490377668286,4.247194204209074,1695.5319857439285,0.0,60.876899542872025,50.000000000000284,850.5227945144644,False,R410A
2024-11-03 18:50:00,422.5089789081356,99.39345482003533,44.40506623197139,6.862926739413819,5.438103978906891,20.53652384475159,26.349259873326233,2.937738429710581,1795.3627731578276,0.0,61.13143806130866,50.000000000000114,853.5772567357039,False,R410A
2024-11-03 18:55:00,423.8546794868102,98.57838240939358,44.08042041592028,6.619566989121952,5.4533006383859775,21.35264165114992,26.241267444564038,5.452177845368402,1687.0816297454974,0.0,61.48245608171647,49.99999999999998,857.7894729805977,False,R410A
2024-11-03 19:00:00,425.3484119843749,97.90017456856802,45.0395010562242,7.775114253411267,5.289001534464199,20.296447522594192,26.526276926278104,4.3385412719175225,1729.0232622241404,0.0,61.75662271684981,50.000000000000085,861.0794726021978,False,R410A
2024-11-03 19:05:00,422.0179937209822,99.85327491488458,44.38356878948975,7.8145588260078025,5.301994842336723,20.7318860231101,25.570943327254785,3.5274120899283243,1657.3065134074557,0.0,60.90144547111604,50.00000000000006,850.8173456533925,False,R410A
2024-11-03 19:10:00,425.00151522692016,97.67832408666405,45.02960641348978,6.643092130364633,5.184063261292477,21.358196322665147,26.733099064457512,4.604091524337013,1713.55232446173,0.0,61.85219523034654,49.99999999999996,862.2263427641585,False,R410A
2024-11-03 19:15:00,421.3887289371354,99.6381937576451,43.63645106906365,7.195210223525713,6.055895928778672,20.856477980224437,26.58723768307405,5.5586440608486685,1682.3791518900534,0.0,61.04520790912292,50.00000000000008,852.5424949094751,False,R410A
2024-11-03 19:20:00,417.2192904838233,102.56506341157477,43.4945560088161,7.680355806001584,6.168484570050359,20.981783796543503,26.66161050460393,5.3923272039948795,1590.1164832656855,0.0,59.8139982117595,49.99999999999986,837.767978541114,False,R410A
2024-11-03 19:25:00,420.5077267999825,100.69794017092558,43.36050377866032,7.248092028624275,5.961405658682532,20.85954625557195,26.064495238279594,5.307015320127051,1616.0855778539037,0.0,60.61795472637074,49.999999999999964,847.4154567164488,False,R410A
2024-11-03 19:30:00,422.0437887679617,99.66064244333796,43.80265742593305,7.689813141744474,5.667644179514039,20.964039809291737,26.04884821672682,4.9977894416238255,1685.9631460004925,0.0,61.08067474772723,50.00000000000003,852.9680969727268,False,R410A
2024-11-03 19:35:00,424.1542714683713,98.31447970741849,45.00894253446829,7.012378793322518,5.248261801224171,20.803266195985152,26.075055998811127,3.9493520950864984,1772.2914751923715,0.0,61.68770619257066,50.000000000000014,860.2524743108479,False,R410A
2024-11-03 19:40:00,428.97628121622455,95.67487504060728,45.56050560208773,7.618236787980095,4.633596531148787,21.246916678071248,26.89702591978224,4.1319125291311956,1774.2306226048925,0.0,62.84469416833727,49.99999999999992,874.1363300200474,False,R410A
2024-11-03 19:45:00,427.6592010625782,96.29986063430944,44.15055550626747,7.325683707365551,4.8646984628434415,21.048584633094293,26.49274568871146,4.935720726430994,1826.2815280217637,0.0,62.59899240978589,49.99999999999992,871.1879089174307,False,R410A
2024-11-03 19:50:00,422.19063679759006,99.65614507060982,43.96181454571619,8.066802330400263,5.6410469241095855,21.134976878254882,26.70761426279809,5.9467058334924845,1739.248390028431,0.0,61.175875679666206,50.000000000000014,854.1105081559946,False,R410A
2024-11-03 19:55:00,427.57016938689367,96.69331801732787,44.63770360123938,7.101276571138931,4.359948866549546,21.284691688743653,25.980736274695197,5.056327422254211,1742.166447910088,0.0,62.46880383267026,49.99999999999992,869.6256459920432,False,R410A
2024-11-03 20:00:00,427.4794649107193,96.59524511497335,44.994754570818564,6.519401464861509,4.804921866844039,21.008109934215746,26.590888582063652,3.5556329688791903,1872.472805855767,0.0,62.538537999769794,50.000000000000014,870.4624559972375,False,R410A
2024-11-03 20:05:00,426.8212039707383,97.21808008971428,43.72552068560465,7.158327685767592,4.804208879278605,21.1547621525413,26.733511553816328,4.995644795072584,1748.34236817252,0.0,62.281135512994396,50.00000000000003,867.3736261559328,False,R410A
2024-11-03 20:10:00,429.12953279389546,95.8709839608126,44.02929280145617,6.38452652977515,4.441484823943966,20.862194353136292,25.97240372258613,4.524409304376024,1845.978110207929,0.0,62.882114245921045,49.9999999999999,874.5853709510526,False,R410A
2024-11-03 20:15:00,429.5958902168045,95.27505594175209,45.19047385760492,7.220923644472554,4.794574932816945,21.85272936537106,26.836220848346404,3.196076826663178,1894.3708581917654,0.0,63.18842876178326,50.00000000000001,878.2611451413992,False,R410A
2024-11-03 20:20:00,427.7791056054266,96.6304132288363,43.76076544338203,6.8884267210703,4.466343155126183,20.353093401601217,26.647253459463666,3.721974292005903,1854.2327964297533,0.0,62.62742594090931,50.00000000000007,871.5291112909118,False,R410A
2024-11-03 20:25:00,430.50063400161145,95.55417319775319,44.68468748248653,6.587065265226893,4.037454367832384,21.5306339586255,26.677869898682466,4.635578188572925,1870.0136714990454,0.0,63.08822982814923,49.999999999999986,877.0587579377908,False,R410A
2024-11-03 20:30:00,429.69411808240284,95.36988615862677,45.03742583784023,6.45502975313367,4.6302082895346715,21.617882445522856,27.407498641478913,5.268401574725358,1800.3155730878138,0.0,63.217013156162174,49.999999999999886,878.6041578739462,False,R410A
2024-11-03 20:35:00,430.5269797630828,94.75130429370576,45.29224510749381,7.0909170503107575,3.7946656796641616,20.4641284004755,25.896701711093083,1.9091119386498299,1826.9147031763753,0.0,63.55843232673934,49.999999999999915,882.7011879208721,False,R410A
2024-11-03 20:40:00,428.7844024167107,96.0092687592306,44.83072291434094,5.747682216931133,3.8861744604619566,20.620626345220835,26.119804925217263,5.604618622218821,1818.1335461103395,0.0,63.07088523230096,50.00000000000001,876.8506227876115,False,R410A
2024-11-03 20:45:00,431.8825241783702,94.78567821067995,44.929118199591294,7.103148501680949,4.456484894843576,21.53110154130706,26.52709827284634,4.848164263754757,1952.65069773757,0.0,63.63199082430682,50.00000000000007,883.5838898916819,False,R410A
2024-11-03 20:50:00,432.1870513276988,94.66193433541021,45.56389689877753,6.05144113771388,4.192134716609695,21.214553677822387,27.173931318908306,3.843636541606982,1865.4238602706982,0.0,63.7109639171181,49.99999999999966,884.5315670054173,False,R410A
2024-11-03 20:55:00,430.819969505054,95.49134653824163,45.15800668628085,5.6097205479615555,4.454610924080013,20.921011170320032,26.609208129281765,3.5720784125113827,1861.8219808394858,0.0,63.37440992826124,49.99999999999998,880.4929191391348,False,R410A
2024-11-03 21:00:00,433.183841338413,94.48665695861173,44.85759683266319,5.715754942659907,3.9591315360475483,21.39268992347715,26.13425863833945,3.982293257700578,1839.2831461134776,0.0,63.816280383037125,49.99999999999995,885.7953645964457,False,R410A
2024-11-03 21:05:00,433.05686614099227,93.61532520499291,45.3766986938382,5.030813374642102,3.4408951665211878,20.966644820507046,26.573249674427366,2.715651645344923,1887.1866703092169,0.0,64.28756598799221,50.0000000000001,891.4507918559066,False,R410A
2024-11-03 21:10:00,433.1882916543137,94.48067635970052,45.41297590331464,6.364973183477428,3.682408646599308,20.160611103132368,26.3857382162299,3.3604497907379383,1894.303633372405,0.0,63.92371037863079,49.9999999999999,887.0845245435695,False,R410A
2024-11-03 21:15:00,433.20495107069337,94.79979101889579,46.02536018417752,5.5925314402242945,4.030021245568169,20.470365537500673,26.003184626376257,2.136650963958575,1854.3227185776607,0.0,63.77664416920489,50.00000000000037,885.3197300304588,False,R410A
2024-11-03 21:20:00,136.8105233899982,217.69330813936196,4.138816023022866,31.829988021979425,3.3639333315016633,20.6131360483508,18.737683253513474,17.004131231808714,-13.878316941965696,6039.021033893024,66.0,49.999999999908376,0.0,True,R410A
2024-11-03 21:25:00,137.10767249732945,217.6559146272672,4.335989601641817,32.29581968874777,3.820827045778542,20.663990194770363,18.989745341356855,21.06101780837073,22.030365204482724,6044.951089217304,66.0,49.999999999910386,0.0,True,R410A
2024-11-03 21:30:00,135.2784335635454,215.13654293990146,3.059636993542043,31.028932227408788,3.226203310281532,21.03519868731874,18.736833139327878,18.428015910100143,-10.765578230596688,6172.270757907851,66.0,49.99999999994998,0.0,True,R410A
2024-11-03 21:35:00,438.8166502957994,91.25005428966591,45.56687807435438,5.09398878351196,3.283551444233747,21.163997302384377,26.449383333512127,2.931729651026522,2068.4975014646766,0.0,65.54391873995169,49.999999999999936,906.5270248794204,False,R410A
2024-11-03 21:40:00,435.971262930485,93.14047436738198,45.4090206625225,4.979369149803331,3.677596893229268,21.98430853437988,27.429328915702417,3.100319661650465,1932.8573651783836,0.0,64.73789509047732,49.999999999999964,896.8547410857279,False,R410A
2024-11-03 21:45:00,437.59742525929425,92.70569998944909,45.52744323570625,5.340182033490622,3.6504004542935795,20.699377888251995,25.877987683443045,2.2065865684853305,2003.031794420893,0.0,64.93127882406755,50.00000000000008,899.1753458888107,False,R410A
2024-11-03 21:50:00,437.62404289769,92.78902384531085,45.077965839297676,6.844374055037866,3.70720700058788,20.949638385480203,26.87749086092024,2.7503001326379133,1810.2542223199862,0.0,64.88527551519763,50.00000000000013,898.6233061823716,False,R410A
2024-11-03 21:55:00,437.6400450927906,92.24181381558121,46.32152787433113,5.804218500651586,3.312081741362591,21.281945185806915,26.427834907968787,0.506440612564715,1929.452972291935,0.0,65.16949616280726,49.999999999999986,902.0339539536873,False,R410A
2024-11-03 22:00:00,439.14298813473454,92.00039957472306,46.16715639218357,5.233660692814296,3.4212166822512473,21.364068260138577,26.273915625426756,0.1693876247091333,1934.2198491910929,0.0,65.2679481954778,50.000000000000135,903.2153783457336,False,R410A
2024-11-03 22:05:00,437.26241412283315,92.61899704294945,45.481290666576385,5.1819831856062955,3.558629642223205,21.27217877585177,26.599353220186618,2.2356244760026733,1998.660052644776,0.0,65.0243455926057,49.999999999999865,900.2921471112684,False,R410A
2024-11-03 22:10:00,437.4760323902791,92.98075378025246,45.89256136553363,5.5497419141361775,2.8423915192363847,20.58926507496862,26.514147508535636,3.5505474051884387,1980.385972810725,0.0,64.85788277607122,49.999999999999886,898.2945933128545,False,R410A
2024-11-03 22:15:00,437.24092940597967,92.66416552924399,45.7497308983809,5.547316953591505,3.6762493012525326,21.301486844619934,26.611557304075838,3.1706562693628286,1931.6098386472377,0.0,65.03541684501063,50.00000000000011,900.4250021401275,False,R410A
2024-11-03 22:20:00,440.26900385347477,91.06137850499725,46.27932431097252,4.897918052418008,3.1524355648569626,20.986611718360056,26.615916235743402,3.0003606777345806,2027.4427048492535,0.0,65.78509418801823,49.99999999999995,909.4211302562187,False,R410A
2024-11-03 22:25:00,437.38381662834865,92.84571819091254,44.95776662230365,5.7584693524636155,3.662654414151122,20.5310227005692,26.9580552741505,3.698484566597887,2021.3216531057622,0.0,65.0131204908439,50.000000000000014,900.1574458901268,False,R410A
2024-11-03 22:30:00,440.8749915777404,91.56713553814548,45.7582332316198,4.748524564011775,2.8391952304078005,21.25579287806409,26.3461802906079,2.5547243967437114,2034.3737864470215,0.0,65.54950338191604,49.999999999999886,906.5940405829924,False,R410A
2024-11-03 22:35:00,439.0623157798857,91.9771187787326,45.739506446820236,4.829438548143692,3.2139004330871077,22.00426548506564,26.763846507254357,2.6397444453543475,1971.71631611939,0.0,65.38273522872834,50.00000000000011,904.5928227447401,False,R410A
2024-11-03 22:40:00,440.0079787004902,91.10630716263498,46.24643756020177,5.27227571466385,2.759719149169074,21.241004173838405,26.693364479692395,4.069630548390803,1942.2886259556426,0.0,65.8256440277225,49.99999999999982,909.9077283326701,False,R410A
2024-11-03 22:45:00,441.18779078484306,90.94486814862691,45.65323934376076,4.459068264082045,3.266769553728106,20.621473380613683,26.23829751125957,1.599373931955124,2001.5957924332272,0.0,65.91322171827152,50.00000000000004,910.9586606192582,False,R410A
2024-11-03 22:50:00,443.6153322930506,89.29528821044485,45.013912088425066,5.012672025809589,2.226628436757771,20.880907436830952,26.458738283396674,0.2745316511539524,2106.4915733230014,0.0,66.70367320124336,50.00000000000014,920.4440784149203,False,R410A
2024-11-03 22:55:00,441.0162398974767,90.8353293436051,45.48018387506222,4.964814715263295,2.6933585868850662,20.90769673160782,25.965249140991904,3.0274937235192425,2107.568807981174,0.0,66.05608995707647,49.99999999999991,912.6730794849176,False,R410A
2024-11-03 23:00:00,437.0064419477319,93.57499397181911,45.53662932514138,4.6631742999789445,3.7374231478191455,20.83439862971919,26.250134240673727,2.4477788144632817,1954.715554596216,0.0,64.8457421813249,50.00000000000003,898.1489061758987,False,R410A
2024-11-03 23:05:00,444.74973261365574,88.99675187130354,46.38540125871622,4.583470701494401,2.339908779030754,21.39116177081813,26.411132601122993,0.9513701814204798,2055.090078469207,0.0,66.94255772257215,49.99999999999997,923.3106926708658,False,R410A
2024-11-03 23:10:00,132.34805053471172,210.64376400175877,3.433855532846025,29.749408159239035,2.3134642744968157,21.437292079010046,19.445273226315386,18.477219488625952,20.1884877617421,6442.806484963264,66.81603705693294,49.9999999999895,0.0,True,R410A
2024-11-03 23:15:00,131.16111043101606,209.03365337688533,2.644074333553288,30.699382118052068,2.6247169420862932,20.892300932350004,18.634399156321674,17.20793272946508,2.380291226349599,6526.554610371517,67.29459777355153,49.99999999999416,0.0,True,R410A
2024-11-03 23:20:00,130.96700967889305,208.53063064554166,2.312538997714318,30.147416693473275,2.5560873850761334,20.97249763826734,18.486997027594967,16.00820980046673,-10.195516755502661,6554.879149665499,67.45645228380286,49.999999999995396,0.0,True,R410A
2024-11-03 23:25:00,442.6839354542995,90.55713207610847,46.12090863974172,5.742736404076826,3.0338156535857164,21.507510924291214,26.419391449837207,4.252140414832971,2038.9479841651473,0.0,66.36561140835317,50.000000000000014,916.3873369002381,False,R410A
2024-11-03 23:30:00,448.17799579790545,87.01811095722867,47.325061918792976,4.5050294519087934,2.2239859319045787,20.607433360507617,25.554921725362334,-2.6413132346749086,2212.4498182272746,0.0,68.06125394055502,50.00000000000007,936.7350472866601,False,R410A
2024-11-03 23:35:00,449.4246588356581,87.10112526762228,46.47269478774898,3.445987061780493,1.9068595312149883,21.1381891388902,26.25022786430985,1.3896549225603056,2151.1276313863245,0.0,68.04733337020718,49.999999999999986,936.5680004424863,False,R410A
2024-11-03 23:40:00,452.3275058237443,85.20191244555289,47.04959198239355,2.4966515663941653,1.445643605923889,20.934094470289093,26.72185337132415,-0.882255276532316,2286.8430467774897,0.0,68.98595700337026,49.99999999999994,947.8314840404431,False,R410A
2024-11-03 23:45:00,451.37620386270777,85.75153597281974,46.50717098497519,3.2200493115451954,1.4031755563808017,20.375575058340814,26.072587571619376,1.3682581737931097,2147.6280257767694,0.0,68.80480012011824,49.99999999999995,945.6576014414188,False,R410A
2024-11-03 23:50:00,455.05586346195474,84.22744885591112,48.042166159719024,2.612419851422991,1.2733679031529697,20.979442135807208,26.577740938682002,-2.418059547372245,2224.0123479894396,0.0,69.55390169432366,49.999999999999595,954.6468203318838,False,R410A
2024-11-03 23:55:00,450.19127149485905,86.98576807470755,47.0641298270008,4.755695232105234,1.6844566904689329,21.546030038684545,27.11683502391414,2.1621010039960566,2172.0339835644154,0.0,68.31434762266662,50.00000000000013,939.7721714719995,False,R410A
2024-11-04 00:00:00,445.62013019161805,89.41723603887903,46.11721427478695,4.3668747733080195,2.2421122411700023,20.95995950371827,25.943660964261504,1.8546457166413866,2124.4327254546274,0.0,67.2559357941038,50.000000000000064,927.0712295292458,False,R410A
2024-11-04 00:05:00,454.2696747192916,85.13820679778006,47.159921551875485,3.843843992712063,1.5571047208153495,20.837159606449543,26.5309981682196,2.227742369627309,2280.875853515825,0.0,69.24573081875904,50.000000000000036,950.9487698251087,False,R410A
2024-11-04 00:10:00,457.5364916949032,82.96403504549728,47.879638089760704,2.69106759951462,1.1889448294442273,21.083072248298347,26.498215815013506,-0.09613086161401124,2385.5302995846687,0.0,70.33283388842017,49.999999999999986,963.9940066610419,False,R410A
2024-11-04 00:15:00,452.69529392719335,85.91476754231606,47.00192897721194,3.4071150110955712,1.6164268315169226,21.225868115368847,26.429406343267512,-0.6075956009100234,2377.626890235629,0.0,69.0061024895282,49.99999999999994,948.0732298743385,False,R410A
2024-11-04 00:20:00,457.4339553995279,83.44136419990063,47.312662529557166,2.8771560348609277,1.431764305688152,21.620899190350936,26.615758664861275,0.6309855991422475,2299.5958582651433,0.0,70.21306090776923,49.99999999999992,962.556730893231,False,R410A
2024-11-04 00:25:00,453.5444747557378,85.7566962264553,46.86309044868747,3.9662999370566947,1.2013756061506475,21.477132002772994,27.800425990722363,0.660472797301276,2247.4800676685354,0.0,69.17393944447906,50.00000000000001,950.0872733337487,False,R410A
2024-11-04 00:30:00,458.0803999026171,83.487652078018,47.769412060617725,3.0225708965077427,0.31536612690766574,20.59543219745162,26.165523743120968,-1.4525013627070118,2292.5539458397707,0.0,70.26648296265911,49.99999999999996,963.1977955519094,False,R410A
2024-11-04 00:35:00,459.3750890686687,82.59932730007284,47.601525308450675,2.097263147520312,0.8403184361355107,20.733378782540377,26.280957866559074,-0.9294502068270658,2403.9592044604415,0.0,70.74813986148271,50.00000000000007,968.9776783377927,False,R410A
2024-11-04 00:40:00,459.53936364536736,83.01832798169495,47.488333692616564,3.5243069890459564,0.4814998542087282,21.151272610606625,26.27092001218365,-0.5240825254737417,2428.7632739761493,0.0,70.57390015999451,50.00000000000008,966.8868019199341,False,R410A
2024-11-04 00:45:00,457.6091303084523,83.94726909403315,46.897973880980295,2.765585905829508,0.829885982790055,20.43245082048891,25.93699759241844,1.9673770457233974,2315.750404314744,0.0,70.17601268935468,50.000000000000085,962.1121522722561,False,R410A
2024-11-04 00:50:00,460.4546878578447,82.11064798648906,47.96077925554089,2.209627981691932,-0.09355090940608074,21.185102616811946,25.968662958473136,0.6448338432002352,2504.2635961384435,0.0,71.1252239127395,49.9999999999996,973.5026869528738,False,R410A
2024-11-04 00:55:00,462.5474233414895,81.18492549873639,48.028333393266095,0.759987198659418,-0.09502322441981206,21.88574132784087,26.820354589148206,-0.6729953130087989,2388.491219754635,0.0,71.65052030043213,50.000000000000085,979.8062436051855,False,R410A
2024-11-04 01:00:00,463.477783985071,81.29120894500772,47.95416442001584,2.497215003131565,-0.2706530174228743,20.13505634447087,26.534770830192596,0.1508849374231354,2505.891995769364,0.0,71.6399695848982,49.99999999999958,979.6796350187785,False,R410A
2024-11-04 01:05:00,466.75524409030334,79.64253076912287,48.526320783881424,1.814592392981524,-0.36620490587550847,21.190203142574212,26.433779265686507,-2.775373806709463,2558.603688806914,0.0,72.47182785369884,50.000000000000085,989.6619342443861,False,R410A
2024-11-04 01:10:00,121.77287001653869,196.37974808458353,0.5511447315756397,28.22710642850864,0.05877815204280536,21.1760963223001,18.925741351769865,14.612237489059689,-11.700079658575703,7287.999739927309,71.64571279958463,49.999999999965695,0.0,True,R410A
2024-11-04 01:15:00,118.74867782901279,191.47380285825628,-0.21046611117979586,27.23733881729456,-0.5342607236855673,21.27631742162047,19.62974887742205,14.839746531858333,-8.704523687749594,7546.43709650251,73.12249769430005,50.00000000000048,0.0,True,R410A
2024-11-04 01:20:00,120.24896429578541,193.78436323445735,0.047905794854131045,27.48393262433786,0.1434584337108027,21.564148159435174,19.51617680391363,14.936917850799718,22.28340340223027,7429.960459458513,72.4569169111915,49.99999999999989,0.0,True,R410A
2024-11-04 01:25:00,464.6125629968471,81.32011238997387,48.05518843330617,1.9145116897527439,0.3023737826373044,20.663540662366707,26.277844905617368,-0.9400542427356493,2465.679059011235,0.0,71.80139619366409,49.9999999999998,981.6167543239691,False,R410A
2024-11-04 01:30:00,465.79807818497625,80.31454618116541,48.09630924173436,2.058502555957003,-0.659728770469781,20.754597618481846,25.867322494893116,-0.7113860117376367,2415.155232258758,0.0,72.34615575921327,49.99999999999972,988.1538691105592,False,R410A
2024-11-04 01:35:00,466.18771518478326,80.23700704690032,47.896511523178525,2.094933094730347,-0.04222116110247173,21.22261945361439,26.878542755815264,-0.3865172870743106,2560.3214784116617,0.0,72.44925158357265,49.999999999999616,989.3910190028719,False,R410A
2024-11-04 01:40:00,468.9196370042947,78.9986711775997,48.369076922383634,1.3302773044091394,-0.5206804921711233,21.05733433406086,26.746742133222725,-1.063563561572049,2587.2466940667205,0.0,73.10841380280712,49.99999999999978,997.3009656336855,False,R410A
2024-11-04 01:45:00,467.0992983348213,80.34033706467937,48.444957261830034,2.227625794809388,-0.27619088195982106,21.450669621916074,27.2620755429844,0.11416100457448097,2535.818108531212,0.0,72.49368590469798,49.99999999999961,989.9242308563759,False,R410A
2024-11-04 01:50:00,468.2954507425154,79.98792549339875,48.108001860685405,1.6256530141424015,-0.3416697543300272,21.532416002751777,26.302232673438695,-0.516157785461217,2531.744214628314,0.0,72.66971979069771,49.99999999999949,992.0366374883727,False,R410A
2024-11-04 01:55:00,469.4278082013224,79.08394372958402,48.72991129880956,1.1720431519370627,-0.5144779105752334,20.527883739089344,26.308205745914652,-0.5646031685714308,2515.417729528957,0.0,73.15168727800221,49.9999999999997,997.8202473360266,False,R410A
2024-11-04 02:00:00,468.84700284557755,79.05402588156394,48.240748620015445,1.46790517549185,-0.8388686492659012,20.652478922226216,26.267799545589014,0.5822521762682515,2527.601833632318,0.0,73.26260522392366,49.999999999999346,999.1512626870839,False,R410A
2024-11-04 02:05:00,470.9865679382615,78.33644760711032,48.05204619618103,0.476917269840347,-0.8980947781701148,21.694646606345167,26.7348538805413,-0.5158831879476565,2582.5215719608223,0.0,73.68677904182545,49.999999999999574,1004.2413485019053,False,R410A
2024-11-04 02:10:00,115.27531350301071,187.60699499506774,-0.9050236500241089,26.80163244408312,-0.9595449732889559,21.188539326557034,19.690681076991577,15.426231735924466,22.27347881772031,7810.154348659777,74.62945342091301,50.00000000003357,0.0,True,R410A
2024-11-04 02:15:00,113.92111357678887,185.25787248903399,-1.9228192482115067,25.54329699670823,-1.8967836858562446,21.035712521587428,19.055956382539993,12.642473683251234,-28.28947366725838,7939.964182685005,75.37122390105716,50.0000000001217,0.0,True,R410A
2024-11-04 02:20:00,115.76007002521565,188.24416918581835,-1.6658606895427566,26.238792657077305,-1.55631025578334,21.286637269756945,18.910226459603276,12.160242264223639,-19.765137748055025,7786.570352025784,74.49468772586162,50.00000000002547,0.0,True,R410A
2024-11-04 02:25:00,475.43365806706015,76.92723111526895,48.6609770804944,-0.2865465715491404,-1.2957130725529833,21.41357168736744,26.62536820855651,-1.917481658901735,2593.2637120431577,0.0,74.55440173638166,49.99999999999923,1014.6528208365798,False,R410A
2024-11-04 02:30:00,474.60278443667085,77.3360225032417,49.35989618781913,0.7146039230590017,-1.5370075376321524,21.25743232917575,26.409600492975425,-1.92343396228263,2574.3461030965905,0.0,74.3956752012105,49.999999999999034,1012.748102414526,False,R410A
2024-11-04 02:35:00,480.44787281634285,74.814866063338,50.30296060945542,0.984141179525967,-2.337510608064881,21.346392304571083,26.284788605944204,-3.361261519239224,2656.696117594322,0.0,75.64135134325716,49.99999999999857,1027.6962161190859,False,R410A
2024-11-04 02:40:00,480.3422909917174,74.54725329473155,49.48212580832692,0.029911351019285312,-2.0148904715624423,20.661185803762272,26.629840312839146,-3.541594751096836,2559.303376844041,0.0,75.82310063687999,49.99999999999827,1029.8772076425598,False,R410A
2024-11-04 02:45:00,477.73653258730553,75.87883662823162,49.349372619973146,0.7122536133106591,-1.1749525110367274,20.95346625257524,26.089249114578113,-2.1884180368658464,2648.578176935512,0.0,75.21907815281182,49.99999999999853,1022.6289378337417,False,R410A
2024-11-04 02:50:00,480.0609584806215,75.11163330123227,50.14216269384587,1.3676945834544247,-1.8200435939648372,20.69754381336708,26.934583164646945,-4.403282999158883,2698.838382782772,0.0,75.61692473040354,49.99999999999826,1027.4030967648425,False,R410A
2024-11-04 02:55:00,484.76821509128024,72.50265371770158,49.21362822244614,-0.2897735087736771,-2.4382283044992605,21.10659043916296,26.23797076805583,-2.891698928849366,2657.0438262305533,0.0,76.98360286566745,49.99999999999709,1043.8032343880093,False,R410A
2024-11-04 03:00:00,480.4034303771764,75.10392520670392,50.62464156053026,-0.23754900772590665,-2.493987492877233,21.057775683693983,26.429974687853175,-5.0264726326705915,2729.2164262416054,0.0,75.70988597086378,49.99999999999848,1028.5186316503655,False,R410A
2024-11-04 03:05:00,486.3086805468836,72.25592354169662,51.40526854538823,-0.8914088270013099,-2.446186877901107,21.083029583822942,26.42476288008817,-2.719056072427046,2808.180601787085,0.0,77.15524905126678,49.999999999997115,1045.8629886152014,False,R410A
2024-11-04 03:10:00,484.4484697942851,73.14709025671826,48.675093613171754,-0.37068739973089493,-2.3430067454494594,21.15159582216032,26.203617988803764,-1.791918872930421,2718.9602459051594,0.0,76.7420330076848,49.999999999997655,1040.9043960922174,False,R410A
2024-11-04 03:15:00,479.3757816025039,75.99377587977528,49.445782333380855,0.024174080250566388,-1.8588530455307781,21.548479692893586,27.114898891970984,-0.6236331258963099,2656.0386994678784,0.0,75.31875719423795,49.999999999998586,1023.8250863308554,False,R410A
2024-11-04 03:20:00,477.8099704460495,76.30553338920053,49.093469719055236,0.11703218677326244,-1.5499091718993094,21.054997061833667,26.32694716902978,-2.0711171058639373,2723.976724280666,0.0,75.20784862664004,49.99999999999886,1022.4941835196804,False,R410A
2024-11-04 03:25:00,486.35890852504525,72.7776138974647,49.96795645582381,0.025503832928179704,-2.416086636554178,21.130399182268597,26.37355784819464,-3.7829688752961306,2769.4566943946706,0.0,76.93424624340314,49.99999999999736,1043.2109549208376,False,R410A
2024-11-04 03:30:00,483.5215485903586,73.65054940128631,49.739613017401766,0.24800407077313447,-2.582920448120351,20.30365783392244,25.917462151184267,-1.230539975519606,2766.4253869091062,0.0,76.53014813922594,49.99999999999776,1038.3617776707115,False,R410A
2024-11-04 03:35:00,483.02278922733177,73.75243123486483,50.357105828224775,-1.0917479463377975,-2.1687455872794925,20.872522502939248,26.90772174335652,-3.8459351520489555,2790.8903432726165,0.0,76.53660341062692,49.999999999997854,1038.439240927523,False,R410A
2024-11-04 03:40:00,479.7250835328207,75.71547578643971,49.538222820375644,-0.2017617907629647,-1.4335364050547081,21.163313474290746,26.835939662463606,-0.5020981886977218,2663.976122610778,0.0,75.58535406362572,49.99999999999852,1027.0242487635085,False,R410A
2024-11-04 03:45:00,485.7102873613167,72.66698534959576,49.72696270712509,-0.8085572790901228,-2.6449375282754817,21.445043502872906,26.337035608226557,-1.7324197207146965,2886.596785857672,0.0,77.15311017126685,49.999999999996746,1045.837322055202,False,R410A
2024-11-04 03:50:00,486.537334811659,72.43593276313882,50.15557995461734,-0.35601890727056373,-2.915841641084323,21.335305781488927,26.457740435304128,-1.6661645889243206,2839.957052513306,0.0,77.31112676070639,49.999999999997,1047.7335211284765,False,R410A
2024-11-04 03:55:00,482.22333272542187,74.79503485631335,50.061890253405856,0.4988736143532986,-2.1259382008400483,21.178288427091314,26.020443337549718,-1.8872733239264439,2749.1510380672266,0.0,76.14532835979907,49.99999999999788,1033.7439403175886,False,R410A
2024-11-04 04:00:00,487.270292003621,72.43848129551652,49.6568749776481,0.6860031117626195,-2.408596896854994,20.859870688077066,26.446124111363794,-5.277470895512137,2956.0102123205315,0.0,77.32996171074865,49.9999999999966,1047.9595405289838,False,R410A
2024-11-04 04:05:00,484.52433508956904,73.535216780871,49.233148415245125,-0.6411903277814917,-2.776249331429343,21.39177385237737,26.916793484551146,-3.947474510715706,2849.5589780309388,0.0,76.81670735928031,49.99999999999757,1041.8004883113638,False,R410A
2024-11-04 04:10:00,490.80850239439906,70.94043689707141,51.54027380299971,-1.2664008939470746,-2.884969059140805,21.011313314880343,26.334773458858876,-3.2516483160830005,2812.642078312919,0.0,78.11707307355212,49.99999999999538,1057.4048768826256,False,R410A
2024-11-04 04:15:00,487.42000684980337,72.55312167108897,49.91404815653005,-0.3527303206934959,-2.8504196660684973,21.063305570886424,26.707839219001162,-3.822662327063286,2792.34459927268,0.0,77.2940306570247,49.9999999999968,1047.5283678842964,False,R410A
2024-11-04 04:20:00,491.0301908626465,70.88666298935762,50.47498135045114,-1.3993188180253056,-2.9855915341339543,21.263892762795244,26.86737601446854,-3.8734903368857627,3039.839058903955,0.0,78.11642091709575,49.99999999999517,1057.397051005149,False,R410A
2024-11-04 04:25:00,489.1149382045877,71.57932715438706,50.21507578344299,-0.9557789125529634,-3.0545973643213737,21.076579100285603,26.295178796339282,-2.7724898009817798,2820.5836164682814,0.0,77.7705959636154,49.99999999999598,1053.247151563385,False,R410A
2024-11-04 04:30:00,484.4567277320623,73.9505207277395,50.23545187927905,-0.48939642404241335,-2.45198245617511,20.448872891093817,26.100046296314698,-2.9518516546792783,2786.0605599711066,0.0,76.56375473930129,49.99999999999781,1038.7650568716156,False,R410A
2024-11-04 04:35:00,486.127473422099,72.50926314348173,51.14184400188164,-1.984759014733576,-2.2170035789109717,20.41295562761832,26.521050106809895,-4.392952658105826,2900.475914504213,0.0,77.34786410756297,49.999999999996795,1048.1743692907555,False,R410A
2024-11-04 04:40:00,487.9720824415039,72.05311414052063,50.64002789391458,-0.7384646823241385,-3.2228072745599587,21.210006811490334,26.33121433918625,-2.4144225842613465,2919.6355708839496,0.0,77.60016259479983,49.9999999999966,1051.201951137598,False,R410A
2024-11-04 04:45:00,489.38592580798706,71.33187029520097,49.74080636286775,-1.0911657285017315,-2.8543753955866737,20.86019322170619,26.01872487402064,-2.9850824736966106,2923.641270964983,0.0,77.99997049770067,49.99999999999581,1055.9996459724082,False,R410A
2024-11-04 04:50:00,488.70860403447404,71.900436870615,49.70403547434562,-0.2258473920047369,-2.342065593856801,20.93118019187499,26.91583891833647,-3.6104588601127503,2903.9863094490333,0.0,77.72292583426636,49.99999999999592,1052.6751100111965,False,R410A
2024-11-04 04:55:00,487.4864796260624,72.36567105489345,50.11866347031298,-0.7547826068670789,-2.5518712326934088,21.160932989539816,25.810796542144313,-2.546261626530582,2840.6073895170925,0.0,77.5150556212705,49.99999999999672,1050.180667455246,False,R410A
2024-11-04 05:00:00,486.22360646672394,73.08901767635531,50.05349648732368,-1.2108578552775047,-2.9828132218321732,21.344447978887782,26.730983266957455,-2.9884370530228304,2777.457137935961,0.0,77.16696823224083,49.99999999999715,1046.00361878689,False,R410A
2024-11-04 05:05:00,495.7890770398281,69.03197067908258,50.083211204850855,-1.7212985559886247,-3.9767232721734858,20.95020274784046,25.82567952963532,-2.760887927083618,3000.557844315948,0.0,79.18449823899772,49.999999999992454,1070.2139788679726,False,R410A
2024-11-04 05:10:00,490.422790321262,71.06684206300855,50.970659386270874,-2.1268599898131906,-3.3068061812387963,21.177894477597814,26.90256630311696,-3.4301106826873666,2861.955772291079,0.0,78.16263713648975,49.999999999995055,1057.951645637877,False,R410A
2024-11-04 05:15:00,488.16972764848975,72.25584192612796,49.791942546163845,-1.3855960177392663,-2.732764726683483,21.428549622071696,26.42427600433301,-1.9562094335587659,2788.6325810074663,0.0,77.5602742002789,49.99999999999622,1050.7232904033467,False,R410A
2024-11-04 05:20:00,488.72336097955423,71.87006715990786,51.15967073753642,-0.5662736245549029,-2.816243800404686,21.1086037185082,26.796965280942327,-5.257679390006614,2954.638267970532,0.0,77.7680532172628,49.99999999999609,1053.2166386071535,False,R410A
2024-11-04 05:25:00,487.68413893995194,72.44078861089545,51.21725817268031,-0.86625938541343,-3.1240981317265066,20.985417122070064,26.14393239965433,-2.78337014222477,2804.4203602975463,0.0,77.4851783308732,49.99999999999652,1049.8221399704785,False,R410A
2024-11-04 05:30:00,488.08427287661874,72.24664012416477,50.22150854204715,-0.3329262914019532,-3.056007648685077,21.200272188236735,26.308548480129126,-3.6920422078318262,2958.0609980461604,0.0,77.58836082230198,49.99999999999632,1051.0603298676235,False,R410A
2024-11-04 05:35:00,489.64438181025315,71.6046730194939,50.6840616145133,-1.9362131845112978,-3.19621180516628,21.64605053825959,27.115787011067628,-4.311818047415778,2886.1575231639786,0.0,77.90553411814454,49.99999999999587,1054.8664094177345,False,R410A
2024-11-04 05:40:00,490.1362849260456,71.49138299432404,49.860439015443674,-1.0897808673095737,-3.0227742110821656,20.731903801374816,25.77003570951119,-2.310049589242572,2878.5850023070807,0.0,77.93710033729539,49.99999999999552,1055.2452040475448,False,R410A
2024-11-04 05:45:00,489.0166522329638,72.05338958109216,50.667404551757926,-1.0451781005517211,-2.2120132141705056,19.92399202147929,26.10913524904373,-2.418334419481508,2733.8218098647253,0.0,77.61484370271566,49.99999999999638,1051.3781244325878,False,R410A
2024-11-04 05:50:00,484.7308241753433,73.75601383932363,49.783978988515926,0.10049069099578872,-2.657389719997849,21.70764131419842,26.689568662143117,-4.883910289403286,2901.0640171235523,0.0,76.75486720062163,49.99999999999784,1041.0584064074596,False,R410A
2024-11-04 05:55:00,489.3880878497252,71.59107131013496,49.891941503248034,-0.577697501306308,-3.207166235330355,20.611971411924593,26.575833529649845,-2.6985832500731535,2860.5998314515814,0.0,77.82815777077923,49.999999999996135,1053.9378932493507,False,R410A
2024-11-04 06:00:00,487.30863907246925,72.21703831674085,50.18342995145773,-0.44967051906815597,-3.1107386826554575,20.095302612335725,26.06776504638853,-2.6766485477063693,2695.5844944536075,0.0,77.54159318822461,49.99999999999634,1050.4991182586953,False,R410A
2024-11-04 06:05:00,487.23821406187557,72.50342861881028,50.04165671869789,0.07133072184130607,-2.508710925828075,21.107169212842287,26.758811922090672,-3.9224458038584036,2909.1237491716442,0.0,77.3987485944015,49.99999999999653,1048.7849831328178,False,R410A
2024-11-04 06:10:00,483.8562175593119,74.3067908105574,49.763996298180565,-0.41947822088654074,-2.2478371451497874,20.33889505867504,26.48642088177124,-3.570738613206422,2744.0770448349053,0.0,76.47086933248652,49.99999999999762,1037.6504319898381,False,R410A
2024-11-04 06:15:00,488.09670050546583,72.22352918065526,50.783333148944905,-0.07711717906527749,-3.0135255611666243,20.50523886734163,26.740945247910716,-4.835232821314044,2805.626357891838,0.0,77.48931519343127,49.99999999999653,1049.871782321175,False,R410A
2024-11-04 06:20:00,484.4415213923564,73.78513023469145,49.61893100274987,-0.870882807530175,-2.457618407223806,21.383462230330064,26.127243316689896,-3.1863116293272706,2845.478098946045,0.0,76.69755946418061,49.99999999999737,1040.3707135701675,False,R410A
2024-11-04 06:25:00,483.6422914079633,74.2756371550549,50.777334804451336,-0.7535366143020353,-2.4505508297064984,21.147724965233074,26.74170707241375,-2.890585277725754,2624.153196187237,0.0,76.42619547883838,49.99999999999777,1037.1143457460607,False,R410A
2024-11-04 06:30:00,486.4050688850907,72.82725122902194,49.51197348752274,-0.18963111949805078,-2.477237020890446,20.76672420299366,26.53225548509152,-2.269007624888707,2782.333383499864,0.0,77.13200881049445,49.99999999999684,1045.5841057259333,False,R410A
2024-11-04 06:35:00,486.5158364520079,72.86994414105598,50.96045106916674,-1.289351612640988,-1.7316682613976861,20.97783660683602,26.290390581312845,-2.7676008789360287,2801.303669542729,0.0,77.07396248687317,49.99999999999708,1044.8875498424782,False,R410A
2024-11-04 06:40:00,486.11139067601573,72.81628693397852,49.649033487147264,-0.2566689165913402,-2.377792409093148,21.28464997530471,27.100185443019548,-4.1029598461051515,2856.1183672482302,0.0,77.08610346160164,49.99999999999712,1045.0332415392197,False,R410A
2024-11-04 06:45:00,485.61203416149226,72.9011937270061,50.1410034644528,-0.47135684410081524,-2.549909995493688,20.938330330004334,26.399916643687803,-2.783139116016634,2941.954709189695,0.0,77.04402688192296,49.99999999999713,1044.5283225830756,False,R410A
2024-11-04 06:50:00,482.868408411222,74.34222300587854,49.6200273770518,0.38242578593969934,-2.3529932246341234,20.275479014906768,25.81465286313741,-2.907545997791651,2757.138657561232,0.0,76.30700115677547,49.999999999998145,1035.6840138813056,False,R410A
2024-11-04 06:55:00,483.856429888894,73.21412326059773,49.927849945916044,-0.49600769139074175,-2.869305733478752,20.873647692076176,26.305945279058474,-3.901111922577743,2815.017420272978,0.0,76.93257141782658,49.99999999999712,1043.190857013919,False,R410A
2024-11-04 07:00:00,485.1524333296559,73.3442444067835,50.46816621038329,-0.3952923164595882,-2.2032098701864413,20.64220648403161,26.517467495383954,-4.512824033379729,2956.7700222655876,0.0,76.84663357921471,49.999999999997314,1042.1596029505765,False,R410A
2024-11-04 07:05:00,487.9050437793115,71.25044873075488,51.24190459279279,-0.7346890957753991,-2.785515338727956,21.852710278233975,26.650424852382837,-2.8645182572123447,2837.396494482152,0.0,77.9786431844757,49.999999999995694,1055.7437182137085,False,R410A
2024-11-04 07:10:00,488.9721044075989,71.2612133708421,51.0965289747762,-1.3330136047610615,-3.1415191287384134,21.078716298651297,25.885130479680836,-3.0552916802517043,2875.9813532764115,0.0,78.00337765946236,49.9999999999957,1056.0405319135482,False,R410A
2024-11-04 07:15:00,481.79039161316337,75.14043914843269,49.56072976476861,-0.3706470616644893,-1.6535437130365922,21.06196487970955,26.306507981474283,-1.9607748796384707,2681.1044341282977,0.0,76.03508781583875,49.99999999999835,1032.4210537900651,False,R410A
2024-11-04 07:20:00,487.1893162589592,72.51242540441768,50.33712645371556,-0.42278373676266756,-2.653666375018851,20.53665069755348,25.68854096769564,-3.88824289017614,2934.9991443561826,0.0,77.31999691336875,49.999999999996874,1047.839962960425,False,R410A
2024-11-04 07:25:00,488.100214995064,71.72280517683589,50.00794014305234,-0.8799493444140017,-2.6328772192301435,21.26704938624717,26.9144731599079,-3.1942255777469195,2805.853959626373,0.0,77.73061087969737,49.999999999996234,1052.7673305563685,False,R410A
2024-11-04 07:30:00,482.7789684705302,74.35846921159623,49.40830608922106,-0.40909861933001035,-2.116582560067967,20.747080602539974,26.182451172255146,-4.080805807745119,2781.076811002493,0.0,76.41088332135574,49.999999999998046,1036.9305998562688,False,R410A
2024-11-04 07:35:00,485.83926659038696,73.28924107531442,49.51158172931107,-0.48770162608270623,-2.499450340197165,21.09866973162208,26.662024543793994,-3.9328923880857536,2808.2236438837863,0.0,76.89261915246774,49.99999999999751,1042.7114298296128,False,R410A
2024-11-04 07:40:00,484.05739468743934,73.68395159145854,49.78955043343813,0.4528303046789084,-2.6309148326325027,21.606316259051898,26.22101991756347,-2.8107172494919217,2776.3830671120845,0.0,76.68889889848052,49.99999999999766,1040.266786781766,False,R410A
2024-11-04 07:45:00,485.9572706615689,73.27700209832484,50.181103072933716,-0.6299095466049408,-2.452061320943796,20.971241778429764,26.492064349386098,-2.646047312912816,2746.777346861051,0.0,76.81680068646999,49.999999999997335,1041.80160823764,False,R410A
2024-11-04 07:50:00,484.9507836848666,73.18136093151577,49.11075369673611,-0.6582248421234919,-2.16959983481403,20.532104512078135,26.309600262876547,-4.5510329314218465,2781.2008824319805,0.0,76.84443007096496,49.99999999999757,1042.1331608515795,False,R410A
2024-11-04 07:55:00,484.2561719230593,73.54833523642728,49.96303775598438,-1.1686749220309254,-2.4673933432695057,20.78452225174123,26.838378479913302,-3.8724975240023154,2891.614804126259,0.0,76.62990561939935,49.999999999997364,1039.558867432792,False,R410A
2024-11-04 08:00:00,486.8700245728269,72.46643399646176,50.923765560947125,-0.5755138006417045,-2.4224149128821937,21.471134213960006,26.811360310611303,-3.419730167646383,2937.66714817583,0.0,77.1086746631263,49.99999999999716,1045.3040959575155,False,R410A
2024-11-04 08:05:00,482.4356233089478,74.17901113654027,50.396444607896754,0.2144563244739453,-2.4388061957534526,21.32304854206233,26.92169498917129,-1.655466698235959,2759.039863641018,0.0,76.2279708622925,49.99999999999807,1034.73565034751,False,R410A
2024-11-04 08:10:00,480.93258276789567,74.63371419161996,49.45881753715682,0.41621962394690787,-1.7678619330544183,21.01873187086953,26.44674633715537,-3.314982186759745,2707.42358249641,0.0,76.00375886778704,49.999999999998266,1032.0451064134445,False,R410A
2024-11-04 08:15:00,477.1409181013245,76.65544740306397,48.67085781621124,0.5617164396784172,-1.3985099601898605,21.56364546270228,26.080439953736544,-1.851817078341771,2628.9852712365227,0.0,74.9847847222737,49.99999999999894,1019.8174166672844,False,R410A
2024-11-04 08:20:00,481.1773389931036,74.6574601441965,49.95987886627317,0.5046318358194237,-2.3339181783719676,20.73992931496214,26.31409574276772,-2.2278923100869368,2879.3800502908916,0.0,75.94656990144203,49.99999999999818,1031.3588388173043,False,R410A
2024-11-04 08:25:00,486.7374825110272,71.69949630663008,49.12807551639478,-0.35010432105792205,-2.782923879054526,21.621760481274116,26.67677491532759,-3.4654113477215156,2846.3610244596853,0.0,77.4314390439961,49.99999999999629,1049.177268527953,False,R410A
2024-11-04 08:30:00,481.31562441768176,74.5131527322104,50.307365980281894,0.5534232183920602,-1.723619623658561,20.59671736444594,26.34963262767195,-2.2350318582946374,2801.1369444487095,0.0,76.00610379290814,49.99999999999821,1032.0732455148977,False,R410A
2024-11-04 08:35:00,473.87025014814,78.02493199123376,48.99458100938447,1.3569850099706677,-1.5128760799640801,21.713045120898943,27.20414572352062,-2.98008312233186,2646.262985472547,0.0,74.27033263553622,49.99999999999906,1011.2439916264348,False,R410A
2024-11-04 08:40:00,115.02742174347028,186.42985505249524,-0.6788565052321291,27.190482432532797,-1.9157917371083095,20.8706120395758,19.085342413554624,12.749706135917222,-19.25897216452596,7908.07733293229,75.18901333104165,50.00000000009072,0.0,True,R410A
2024-11-04 08:45:00,112.81133154881059,183.45785600658473,-2.90159774509043,25.877038414414677,-2.058964088738145,20.49830271690788,18.949678962102563,14.396244855166698,11.435044869677634,8000.0,76.0762300046044,49.999999999839524,0.0,True,R410A
2024-11-04 08:50:00,114.51269537055326,186.47104993066918,-1.113301613366173,25.764096252849157,-0.9323755068404315,21.28447142172662,18.86793705415771,14.93239017602752,23.37395233710495,7900.331154089531,75.14474945194019,50.000000000084,0.0,True,R410A
2024-11-04 08:55:00,480.6720684142713,74.58022132613642,49.637444148196266,0.41492794970488944,-2.11870484734967,21.020091945062283,26.091415343195287,-1.5740106768609174,2853.761809018451,0.0,75.83386284427564,49.999999999998444,1030.0063541313077,False,R410A
2024-11-04 09:00:00,481.7572124295667,74.06179979951494,49.60492238614295,0.3630130588227298,-1.8786813359630092,21.20256466907524,27.041828406129955,-1.4268713458850102,2783.121984614138,0.0,76.05452707167731,49.99999999999793,1032.6543248601276,False,R410A
2024-11-04 09:05:00,478.65787566526427,75.56931081780789,48.78864997849792,1.153568748551912,-1.5533883258582524,20.662725705210846,26.333196399083842,-3.957339804178421,2699.8574199874583,0.0,75.26285789627732,49.99999999999881,1023.1542947553279,False,R410A
2024-11-04 09:10:00,476.63230501237433,76.15135247157038,49.66141219488066,1.1559275227184502,-1.6615736254460662,21.345889245380064,26.27108043663973,-2.9334135406599735,2739.0856062380612,0.0,74.9694353107328,49.9999999999989,1019.6332237287936,False,R410A
2024-11-04 09:15:00,481.39686463983645,73.80761242060277,50.13294572474907,0.912900184784752,-2.0114960376120674,20.60993702416573,26.4652275699452,-2.870937612825642,2772.1355292227818,0.0,76.11967208629505,49.999999999997996,1033.4360650355407,False,R410A
2024-11-04 09:20:00,479.64152291041427,75.05683309041827,50.43289476524782,0.5894858378100963,-1.8547915509816568,20.74696556162791,26.516691135829774,-2.3047992259391306,2782.882073820306,0.0,75.44088230470635,49.99999999999846,1025.2905876564762,False,R410A
2024-11-04 09:25:00,475.60101267138344,76.61981051599051,49.747553708340355,0.7897005267559023,-1.432046206248365,20.076910893024387,25.694367743921475,-4.637788743719856,2641.2757908344665,0.0,74.64940953842682,49.99999999999929,1015.7929144611219,False,R410A
2024-11-04 09:30:00,476.1470669215616,76.10409563583819,49.04155199700717,-0.1438244426429266,-1.9497144528119934,20.832298405036923,25.79803134891769,-1.2064285823568799,2686.5141998456593,0.0,74.9026657639601,49.99999999999899,1018.8319891675212,False,R410A
2024-11-04 09:35:00,474.31623791690197,77.37680010450099,48.586078414377226,1.0367019923423924,-1.1246771453745446,21.262744422659235,27.103940609804912,-1.2389742466598013,2642.3507342815183,0.0,74.2346925498293,49.99999999999924,1010.8163105979515,False,R410A
2024-11-04 09:40:00,477.5321691568716,75.69710693101779,48.69452014411104,0.21872717373470169,-1.2352930958428745,21.186674149057424,26.7768987825905,-1.648897687098431,2598.688184772191,0.0,75.01004229565928,49.999999999999,1020.1205075479114,False,R410A
2024-11-04 09:45:00,116.4887195872541,190.1268620943353,-0.19314186933718813,27.176000964559314,-0.9125263097230176,21.162129821204267,19.13499234439702,14.046715334305867,-1.5036501051138778,7675.413914754923,73.85950808431384,50.000000000006146,0.0,True,R410A
2024-11-04 09:50:00,115.40828361596985,186.8291730699334,-1.8025170199969214,26.613826715296838,-1.0862775496112593,20.811246219452332,18.91279008529776,12.38653729191589,-14.059867434661166,7844.7004572502965,74.82685975571599,50.00000000004833,0.0,True,R410A
2024-11-04 09:55:00,119.57397844359927,193.11884564192633,0.28660739242609,27.782359252365506,-0.2794093082760581,20.968679848928176,19.2497129502136,11.845328544454922,11.764454186943125,7508.727639720847,72.90701508411912,50.00000000000039,0.0,True,R410A
2024-11-04 10:00:00,476.3374924183546,75.97406790780504,49.537166834752334,0.5851602261356883,-1.3840368109941223,21.360025298325727,26.642688329712698,-0.5843319370593303,2640.542595785527,0.0,74.73234883819012,49.99999999999909,1016.7881860582814,False,R410A
2024-11-04 10:05:00,474.0242956179157,77.07591475434685,49.21785260674302,1.396975207438232,-1.2589125538301054,21.030292136105835,26.395296032369973,-2.1870326741855988,2646.4167300057793,0.0,74.14106977585612,49.99999999999901,1009.6928373102734,False,R410A
2024-11-04 10:10:00,469.2187444273498,78.96883201622504,48.55384596416791,0.028716016298385272,-0.7555859418725069,21.610585926290685,27.0603523266663,-2.976820022235143,2557.67674021601,0.0,73.21941365452817,49.99999999999932,998.632963854338,False,R410A
2024-11-04 10:15:00,466.25114688313835,80.82752574279431,48.68546546302035,1.9548247788866213,-0.5813251508734376,21.675624384321388,26.897474120396797,-0.20221098768937196,2469.2473355165093,0.0,72.2803440173846,49.99999999999959,987.3641282086152,False,R410A
2024-11-04 10:20:00,468.71000669435335,79.3456010685109,48.60247526115095,2.120964032817151,-0.5604045237886282,20.93625977829257,26.186693555432893,-0.5614914476900941,2523.170485908574,0.0,72.96056171351826,49.999999999999396,995.5267405622192,False,R410A
2024-11-04 10:25:00,467.550867750733,79.83313884115321,48.32749582062893,2.5855542990769917,-0.3056703275818696,21.215165053199744,27.021998634934864,-0.08157764366974929,2481.6338320131154,0.0,72.69893991030223,49.99999999999939,992.3872789236268,False,R410A
2024-11-04 10:30:00,468.54396697633877,79.54702455854475,48.88916137547449,1.9777686929920126,0.1264143531392516,21.36385173804585,26.163746036074645,0.2275037255978536,2472.500905279218,0.0,72.77642395240105,49.99999999999974,993.3170874288124,False,R410A
2024-11-04 10:35:00,470.1342464480238,78.7378293234369,48.58710184400642,2.2969909798019557,-0.3869544345056505,20.6931910234777,25.953517997541034,-1.9644369007689313,2468.967549135654,0.0,73.09090106297862,49.999999999999545,997.0908127557435,False,R410A
2024-11-04 10:40:00,467.57023636139684,79.95206747942957,48.010041130196214,1.8721899717918795,-0.471734220128885,21.200646529565322,25.993713178029417,-1.587259732755834,2475.4596733595595,0.0,72.42455605217498,49.999999999999844,989.0946726260997,False,R410A
2024-11-04 10:45:00,467.8819413689409,79.520988610081,48.75984581106911,1.7215213901784896,-0.7117203804406833,20.984761483825167,26.2358401771969,-1.0986131661825143,2454.063613149603,0.0,72.55981979557009,49.99999999999974,990.7178375468409,False,R410A
2024-11-04 10:50:00,466.69467176638386,79.68570614230086,48.38425348531886,2.043046070769688,-0.2836273770055596,21.28665243172295,25.99716108274784,0.09997843321097433,2465.886530125782,0.0,72.44332350168838,49.99999999999973,989.3198820202606,False,R410A
2024-11-04 10:55:00,462.0050235753894,82.12861489748066,48.20612505209708,2.3828427969302344,0.6279692724240918,20.753761176554566,26.4144356305332,-2.2181990554366187,2354.0650620080987,0.0,71.23112012324847,49.9999999999998,974.7734414789816,False,R410A
2024-11-04 11:00:00,464.9214570152174,80.59806184231591,47.985477327995056,1.6589449230951214,-0.016061243904514966,21.492739721786794,27.10645325980298,-0.32167000680494173,2321.438438368778,0.0,71.89975268579241,49.9999999999996,982.7970322295089,False,R410A
2024-11-04 11:05:00,460.35586171283177,82.71743441801532,47.21470842531734,2.3166877743902843,0.7369031489579126,21.127899715385066,26.3590781513636,1.0064297209369033,2498.275279572386,0.0,70.85138420708753,50.00000000000007,970.2166104850503,False,R410A
2024-11-04 11:10:00,121.90267502750594,195.88772511433606,1.0477202145463198,27.624106780251104,0.12584559851352595,20.718226159636018,18.81982196657969,16.071039680307322,-2.391948273358409,7286.935868348786,71.63963353342163,49.999999999968935,0.0,True,R410A
2024-11-04 11:15:00,124.80480731907484,199.90937761242853,1.560257818482732,29.051140660533566,1.0020522435156245,20.575143221382366,19.58987710114373,16.49551369793828,8.817587698830163,7074.566760414669,70.42609577379811,50.000000000000036,0.0,True,R410A
2024-11-04 11:20:00,123.7197668262562,198.78240028725827,1.0768532038988816,28.64065662951814,0.15578331645620286,21.832266072688274,19.02612710172536,16.697961243513443,0.9411797277502582,7127.763746856234,70.7300785534642,49.999999999999964,0.0,True,R410A
2024-11-04 11:25:00,454.4734221156153,85.26370029746307,47.11563683603305,3.0738007033273687,1.7351983977502476,20.969577967159946,26.455935351679862,-1.9932389448092804,2364.013463295993,0.0,69.49211247658717,50.000000000000036,953.905349719046,False,R410A
2024-11-04 11:30:00,456.7000816088887,84.09016756246052,47.35320264086851,2.7121759516493014,0.661772795600833,21.068833583599883,26.71874675169845,2.10898651964022,2257.5089323222555,0.0,70.00896433986411,49.99999999999989,960.1075720783693,False,R410A
2024-11-04 11:35:00,454.08269828224627,85.65556781859934,47.900002746001306,3.640742809029047,1.6263343348481663,20.379360613385863,26.259532068604866,-1.281380410497392,2265.297377877718,0.0,69.22357072814154,49.9999999999998,950.6828487376982,False,R410A
2024-11-04 11:40:00,457.8479474015431,83.38395754716836,47.41419263130655,3.2687472235180297,0.7968679348123082,21.3956817133,26.7007396618728,1.7131744048909991,2280.0123390837007,0.0,70.24295373357401,50.00000000000007,962.9154448028883,False,R410A
2024-11-04 11:45:00,455.2251332965361,84.7691799201284,47.013617554046974,2.6615489054532437,1.192057533595765,20.882426804844464,26.86036274985013,-0.4478285732075393,2408.323042877559,0.0,69.54638819258832,49.999999999999986,954.5566583110599,False,R410A
2024-11-04 11:50:00,456.90999951304,83.83446933985083,48.40839300750089,2.3931234388686407,0.9646352019654054,20.9277693887756,26.471761456689258,-3.7168610708322,2304.880509797581,0.0,69.9260684524871,50.00000000000007,959.1128214298452,False,R410A
2024-11-04 11:55:00,454.4712212429222,84.79161871378221,47.26886596021606,3.7536485764465075,1.3530749741514478,21.2488545798491,26.468789835131247,2.5627712836416396,2356.75430131432,0.0,69.447212802728,49.99999999999976,953.3665536327361,False,R410A
2024-11-04 12:00:00,453.6703356137789,85.40260738206872,48.0485244468294,2.7600176706590664,1.5848416528876323,21.104645440451012,26.550396048268215,-2.478937544716151,2297.780166812084,0.0,69.10483142019328,49.99999999999994,949.2579770423192,False,R410A
2024-11-04 12:05:00,453.73902075623545,85.15666949537788,46.48932295498678,3.6890515364688605,1.7328165731045386,20.667181707705918,26.164397071539106,0.6044592149245283,2228.7646221291175,0.0,69.16938376088476,50.00000000000006,950.0326051306171,False,R410A
2024-11-04 12:10:00,453.89576371173484,84.61108092960373,47.53814227031639,4.103054827478154,1.7169848928803604,21.446755104250183,27.230523161519482,1.3220548685636357,2294.9754889799656,0.0,69.41079954379771,49.99999999999965,952.9295945255725,False,R410A
2024-11-04 12:15:00,127.71142822840513,202.9912000101505,2.430622880685263,30.20469898277352,1.4946280451099665,21.299276717498042,18.548955852750364,17.16796824136547,-6.253942396584153,6861.721446623066,69.2098368378461,49.99999999999994,0.0,True,R410A
2024-11-04 12:20:00,125.81647882410927,201.43587973042418,1.1947198793414138,29.54878080232803,1.693946778762474,21.377058115426067,19.26431261851456,17.25826080187627,19.45857444610733,6937.054422545806,69.64031098597604,50.000000000000014,0.0,True,R410A
2024-11-04 12:25:00,126.91520674425922,204.13884044055757,1.4376917769653046,29.924098780760264,1.5975857859459457,20.49588591237568,18.383538734385176,16.793080190490006,-4.751607877593977,6800.607091915279,68.8606119538016,49.999999999999716,0.0,True,R410A
2024-11-04 12:30:00,447.51139745536517,87.88081556009611,46.08360866797808,5.235974222728508,2.433252606306158,21.527834240954256,27.343984610731653,0.5557112745712434,2188.2535837617897,0.0,67.77995900473945,50.000000000000036,933.3595080568733,False,R410A
2024-11-04 12:35:00,452.5360724229036,85.1037391250376,47.68237357926598,2.3111994324886442,1.6070131658073736,21.221149009116218,26.302308195987802,-0.8149701035602496,2297.381532394931,0.0,69.04320547212893,50.00000000000013,948.5184656655473,False,R410A
2024-11-04 12:40:00,451.8096080032204,85.6995482882589,46.6371472845017,3.404883727530298,1.4722901761430056,21.24340115647385,26.128139038779914,1.8596076219707494,2184.2736206439,0.0,68.72589686885877,49.99999999999993,944.7107624263053,False,R410A
2024-11-04 12:45:00,443.5846597086191,90.08574766595112,46.209336005772606,5.081925543914831,2.7120498656904837,20.533435370295592,25.747565095199104,0.3426447281903111,2034.9816151948746,0.0,66.68464076124694,49.99999999999989,920.2156891349633,False,R410A
2024-11-04 12:50:00,448.74450417468,87.12804834411247,46.13359092503896,3.830233742832007,2.149828810005723,20.80850567716059,26.232565823465134,2.9175620884063376,2127.4704920289887,0.0,68.00224550649403,49.99999999999987,936.0269460779283,False,R410A
2024-11-04 12:55:00,446.03338613701305,88.77838524491061,47.226243458059926,5.022827610288569,2.39327901656427,21.479985591443153,26.77672388803501,-3.084137156575235,2059.7034246292246,0.0,67.1941230880299,49.999999999999936,926.3294770563588,False,R410A
2024-11-04 13:00:00,444.33121402389054,89.55016141258335,46.876200438515035,4.581979258975318,2.7255132445296804,21.748779007252267,26.612661360073172,0.6360719257242624,2056.5480358730706,0.0,66.79668742173918,50.00000000000006,921.5602490608701,False,R410A
2024-11-04 13:05:00,443.48217814536224,89.9202399497577,46.20294188646752,4.774226248736687,2.9679632063659573,20.529962699025802,26.170079621442174,1.5742443505100647,2024.1862322479342,0.0,66.58329136286423,49.99999999999994,918.9994963543706,False,R410A
2024-11-04 13:10:00,447.86236726508133,87.39635499275464,46.05467133778269,4.020334927108814,2.150660316633015,20.77105004637971,25.923850809926652,2.363181740515322,2146.834600375138,0.0,67.68465548153642,49.99999999999997,932.2158657784371,False,R410A
2024-11-04 13:15:00,132.81559031309382,210.96516138611494,3.4274834381771577,30.398274434151812,1.7763636129510978,21.75701113596652,19.544295481391167,18.169724118855047,-21.897090205260742,6419.164530255455,66.68094017288831,49.999999999987494,0.0,True,R410A
2024-11-04 13:20:00,129.52273588733814,207.88513738387945,2.0381800939631454,29.94759097591289,2.7246270029347306,21.344940008372287,19.56233738020798,17.184023408580984,-11.886818670357815,6572.598914879648,67.55770808502656,49.9999999999957,0.0,True,R410A
2024-11-04 13:25:00,136.10271601328782,216.97226764337748,2.9522141388757492,31.640399707702898,3.41553913021841,20.903127574549224,18.833349643792218,18.955903198664828,-6.153837895208857,6123.314204250421,66.0,49.99999999993692,0.0,True,R410A
2024-11-04 13:30:00,445.7172059941049,87.73806582613635,45.66989731892833,3.8781090835357626,2.018407500197507,21.08474222536113,26.603713160829876,1.6789429110331737,2196.5928208740997,0.0,67.4692168671056,50.000000000000014,929.6306024052673,False,R410A
2024-11-04 13:35:00,444.8795857350048,88.73973711240758,46.04263017004332,4.989118793758708,2.1752832633172194,21.500835384137414,26.685823821827498,2.7264671785831873,2131.8034267107832,0.0,66.97496729597387,50.00000000000007,923.6996075516864,False,R410A
2024-11-04 13:40:00,444.21201248723435,89.02226629989778,45.576506382370184,4.921512370787874,2.4939656377863684,20.79121070328931,26.405719464071503,4.280171170601842,2166.7531479931868,0.0,66.81020118302709,49.999999999999964,921.722414196325,False,R410A
2024-11-04 13:45:00,444.77600746231695,88.86856798138218,45.99613169691073,5.139652066922073,2.421119497042058,21.142662462774332,26.2914159297857,0.7487048558022775,2126.470246758296,0.0,66.8201123071257,49.999999999999936,921.8413476855085,False,R410A
2024-11-04 13:50:00,437.102116979886,93.14692990892644,45.935114701041776,5.01832404307961,3.361683381910702,20.75035627319813,26.214297741154425,-2.6053601068620695,1951.4543752409527,0.0,64.83442755784779,50.000000000000014,898.0131306941734,False,R410A
2024-11-04 13:55:00,433.44974593117166,94.90233986726616,45.06854368351196,5.141936705940675,3.7870370983805253,20.60316235421418,26.140713382893185,3.076000712387983,1932.1919485264048,0.0,64.01665004133221,50.000000000000085,888.1998004959864,False,R410A
2024-11-04 14:00:00,439.4337871232028,91.17900393316151,46.04727278975296,5.172005657255985,3.3330213822898136,21.597022153112142,27.079234448708014,2.1900726351578386,2009.7094061139017,0.0,65.65180292985627,49.99999999999987,907.8216351582753,False,R410A
2024-11-04 14:05:00,441.12160200469464,90.39712014869198,45.62267410214782,6.470278397561181,3.629987123082351,21.291755859601455,26.223952087441997,2.1433099153834463,2069.7801140156166,0.0,65.95824381843715,49.999999999999986,911.498925821246,False,R410A
2024-11-04 14:10:00,442.3852557660241,89.3449760029203,46.18671592476258,5.427595866940001,3.0406629572971857,20.76579674685043,26.455984126224152,1.3680525239651034,2088.27694250572,0.0,66.41101704421456,50.0000000000002,916.9322045305748,False,R410A
2024-11-04 14:15:00,136.11010729741736,215.92546936943023,4.426652780369176,31.18897921507281,3.8029818247525373,21.687648715795433,19.86368539883583,19.338636538527755,-0.20717133137443294,6136.829170735842,66.0,49.99999999994101,0.0,True,R410A
2024-11-04 14:20:00,137.05720623508867,216.52770701152266,3.39241774667848,31.7789168529076,3.4534377762579065,20.580320440399564,18.341066198993747,17.185331329810243,-2.4671142624966267,6101.668725007825,66.0,49.99999999993076,0.0,True,R410A
2024-11-04 14:25:00,136.02968385152386,216.07551161622595,3.70226969173026,31.873848426642272,3.5414545825856036,20.717092850815437,18.388151335471456,18.960830078642086,18.752354742318804,6121.4807594778495,66.0,49.99999999993655,0.0,True,R410A
2024-11-04 14:30:00,434.5914044147352,93.85843538644242,44.555184242881026,5.198542070813245,4.010680912448761,21.005931246054647,26.196086552120768,4.021201809036718,1897.863890098303,0.0,64.23452761764065,50.0,890.8143314116877,False,R410A
2024-11-04 14:35:00,433.3289972597189,94.45810609268335,45.98144171292089,6.722961398900698,3.8402810962905645,21.572475359880357,26.568180242623264,3.8546143714240073,1799.6517301355968,0.0,63.923703071233206,50.000000000000135,887.0844368547986,False,R410A
2024-11-04 14:40:00,432.52145740892956,94.43255781966496,44.98361853580669,5.95332546955069,3.909318511796425,21.086908799672297,26.692232145789443,4.024180808787084,1837.596015326197,0.0,63.92592493407768,49.99999999999998,887.1110992089322,False,R410A
2024-11-04 14:45:00,434.0721262452887,93.97249124516814,45.80455175151951,5.915613008941046,4.217319018744899,20.558278233911217,26.10213476185639,1.9102206869724392,1897.2375571869252,0.0,64.07809313751005,49.999999999999865,888.9371176501206,False,R410A
2024-11-04 14:50:00,434.97648969912166,93.26190892622863,45.31896526777961,5.8378184421715105,4.153013938984615,20.900925722569003,26.883513104522535,3.3794913947114806,1947.013575065194,0.0,64.34814777509084,50.00000000000007,892.1777733010902,False,R410A
2024-11-04 14:55:00,430.0642612703367,95.91363876387562,45.23654475305804,6.997929975590427,4.445882986791058,20.971518630390886,25.6850806859562,3.5791632922108274,1878.1062737834602,0.0,63.14868018812704,50.00000000000006,877.7841622575244,False,R410A
2024-11-04 15:00:00,430.94385901952023,95.10960343583136,45.39450553007877,5.877076498934935,3.8961204238020204,20.48935034437482,25.934290078722608,4.241038016660503,1863.1067348897616,0.0,63.49066484392873,49.999999999999936,881.8879781271446,False,R410A
2024-11-04 15:05:00,428.73674806237136,96.37508530851474,44.621574688616455,5.682788519777354,4.447595927204283,21.057548508725954,26.72288059550035,4.636639759781571,1780.9456676828506,0.0,62.92745295566084,49.99999999999986,875.1294354679301,False,R410A
2024-11-04 15:10:00,428.866194184684,96.3602305147351,45.39067731564866,6.701845516093048,4.107968529291265,20.863444282153385,26.61801282924067,4.930048890861778,1802.5840905377352,0.0,62.919264260713945,49.99999999999996,875.0311711285674,False,R410A
2024-11-04 15:15:00,433.8408719565324,93.64793072423136,44.89827457077324,4.941148286553718,3.9855380525907,20.970985221766373,25.508664694533756,1.750584569749803,1841.297658577591,0.0,64.07404534071944,49.99999999999993,888.8885440886332,False,R410A
2024-11-04 15:20:00,137.91269129152502,218.70451280288742,4.358068882071013,31.81854997448947,4.045722705438667,21.145757999265015,19.61087269000887,18.785570251372683,1.9304038100286522,5960.814379779966,66.0,49.99999999987358,0.0,True,R410A
2024-11-04 15:25:00,139.89724914479336,220.67838600390834,4.0556421379402305,32.84418192995291,4.169531658712163,21.02806369536723,19.812087493290168,18.18537649759947,-0.6529256983420193,5862.239325241776,66.0,49.99999999981654,0.0,True,R410A
2024-11-04 15:30:00,138.6104989052038,219.97375846551927,4.3279543461257575,32.44272232356409,4.225688738524689,20.886832749676874,18.79762323520749,19.714140198421752,12.162278781302168,5896.388619866596,66.0,49.99999999983835,0.0,True,R410A
2024-11-04 15:35:00,427.5102870695109,97.0636564057542,44.46425807993141,7.260838591384578,4.8647309302470925,21.624787406399722,26.056880571499594,4.966369729859703,1867.367630563413,0.0,62.52067888295612,49.99999999999961,870.2481465954735,False,R410A
2024-11-04 15:40:00,428.1557657736776,96.71281400998917,44.76824926841465,6.98582730785295,4.752710238123672,21.113388932111114,26.65641784941711,3.901238944094453,1838.2768957782969,0.0,62.64869674949693,50.000000000000014,871.7843609939631,False,R410A
2024-11-04 15:45:00,426.3024837951873,98.36603873649953,43.908439683328794,8.277451865492129,4.711825533411346,21.066586337804054,26.807564357398984,3.8430166391419918,1722.3556179627624,0.0,61.855430757799155,49.99999999999994,862.2651690935899,False,R410A
2024-11-04 15:50:00,426.1501321524681,97.32073522899735,44.742949887842684,6.546984992173879,4.765125508348478,21.222135692169918,25.801224256226384,4.938068340928382,1720.4215729002224,0.0,62.31779038799543,49.9999999999999,867.8134846559453,False,R410A
2024-11-04 15:55:00,427.08680882226867,97.4951818647428,44.59321445090746,7.1042384606006035,5.028125515576322,21.061981791083518,26.03707323308353,4.271930305103483,1778.8273330173154,0.0,62.18965475580711,50.000000000000135,866.2758570696855,False,R410A
2024-11-04 16:00:00,423.7672476211874,99.05969488203624,44.03854496396652,7.0361107763899895,5.728784543388115,21.119958274086134,26.51560247910883,6.181637674119618,1735.441736841611,0.0,61.489657976007365,50.000000000000014,857.8758957120884,False,R410A
2024-11-04 16:05:00,425.0731703052229,98.27843614987931,44.3973048522593,7.578642187684829,5.018663827655784,21.177116487257752,26.596430997821443,6.373194606876882,1747.7951180332834,0.0,61.799516894545214,50.00000000000013,861.5942027345427,False,R410A
2024-11-04 16:10:00,425.47934143523486,97.89471575419125,44.5463714696386,6.996720253235235,5.192759751394917,21.299867418264313,25.855226711603773,5.528218739895372,1790.0545395710553,0.0,61.94498461747904,49.999999999999936,863.3398154097484,False,R410A
2024-11-04 16:15:00,421.9599135099757,100.08639811363871,43.80663997322848,8.372997773240641,5.777020907095766,20.48058047176836,26.19416246786682,5.246232739566722,1719.352667663206,0.0,60.97284933296277,49.999999999999865,851.6741919955533,False,R410A
2024-11-04 16:20:00,424.5288821513885,98.2970655344188,44.334570492483145,6.869325648501714,5.075745316690934,21.044406948376725,26.144838375442898,6.460308512385348,1823.0977577648848,0.0,61.730532747594594,49.99999999999992,860.7663929711352,False,R410A
2024-11-04 16:25:00,425.4581897761046,98.11131264286819,43.90856748802085,7.821771984900746,5.4627310462884555,20.574876009097554,24.97264753184014,4.8589290126220535,1726.8412755226755,0.0,61.76358255591549,49.99999999999999,861.1629906709859,False,R410A
2024-11-04 16:30:00,425.62733766557585,97.41603242017581,45.69518114777887,7.266816927540825,5.330899311698109,21.735227515533964,26.047562688809126,3.991053271853234,1855.875484602541,0.0,62.059505675462326,50.000000000000036,864.714068105548,False,R410A
2024-11-04 16:35:00,422.2384870445128,99.88475428488024,44.63790405459832,7.505976499464207,5.936322454226055,20.609331276167183,26.006711205049875,4.346866597571627,1637.7293627075942,0.0,60.95558593198461,50.00000000000003,851.4670311838154,False,R410A
2024-11-04 16:40:00,420.14833793500077,100.62918153161473,44.125388638829435,7.952765720911756,5.819074202677454,20.312461601166063,25.79701777074903,4.478042989530676,1619.4842883608521,0.0,60.63691089603641,49.999999999999964,847.6429307524369,False,R410A
2024-11-04 16:45:00,423.15750575857254,98.92706013490758,44.84470523562261,7.452433831252234,6.029842812384899,20.301632573217212,25.954268904136736,4.815431890152579,1741.9202393991761,0.0,61.35639672502472,50.00000000000007,856.2767607002966,False,R410A
2024-11-04 16:50:00,419.7686705152172,100.73134542620504,42.98270239991861,7.88153915577857,5.518976881823363,20.40775382869951,25.939290564343285,5.666648631814934,1670.202077614823,0.0,60.59287636869467,49.99999999999994,847.114516424336,False,R410A
2024-11-04 16:55:00,427.6167464719268,96.35111532975785,43.39448288564088,6.665467457375622,5.406126269776499,21.29673832681194,26.634926121868446,2.8537460544368995,1784.9464202300467,0.0,62.46219401215436,49.99999999999991,869.5463281458524,False,R410A
2024-11-04 17:00:00,423.0190268666234,99.35521320415661,43.97065411985404,7.0888062119171815,5.670090312292207,20.484566294454645,26.127942167170296,4.490674538127013,1683.1676418492423,0.0,61.120799068610644,49.99999999999991,853.4495888233276,False,R410A
2024-11-04 17:05:00,422.08413201711573,99.44375723966981,43.46378554540438,7.2950409504115035,5.864692710300784,21.030057047444547,26.39539537634816,5.175427524340165,1762.2740910132272,0.0,61.07484697921447,50.000000000000085,852.8981637505736,False,R410A
2024-11-04 17:10:00,423.5038153914022,98.52490276914749,44.18140403618502,6.425485113146975,5.171046275758572,21.51611239778285,26.222500873418063,5.410683871281968,1690.906876389545,0.0,61.46588479575783,49.999999999999936,857.5906175490941,False,R410A
2024-11-04 17:15:00,416.2959800275593,102.75284109565087,43.730450188509124,8.584145008650736,6.416513253273554,21.263363011224538,26.022108969186164,5.637248090304604,1561.6375537585545,0.0,59.67365831523115,49.999999999999964,836.0838997827739,False,R410A
2024-11-04 17:20:00,422.22853977069144,99.32942036196911,44.63514233857788,6.81583789470216,5.861512129889208,21.088694556006388,25.948103910488925,5.1779280146182405,1739.983518795409,0.0,61.1331602384202,49.999999999999865,853.5979228610424,False,R410A
2024-11-04 17:25:00,422.8120058659392,98.61773227055441,43.73118305887763,7.157423071028489,4.940039005529178,20.309835707037884,25.77882898284335,3.527724191655793,1780.1895612097135,0.0,61.46750680270732,50.00000000000011,857.6100816324879,False,R410A
2024-11-04 17:30:00,422.4133223117339,99.10304527889772,44.426966884807584,7.687820465103778,5.314800059818635,20.80718460982039,26.447345678972965,3.952011206685736,1737.7675331138935,0.0,61.272404111273474,49.999999999999886,855.2688493352817,False,R410A
2024-11-04 17:35:00,427.43559118758054,96.37286203394785,44.673925520652396,7.197390793114925,4.135316628095613,20.483414097388696,26.218078602473803,4.216830597280897,1812.2691724383606,0.0,62.44461513087006,49.999999999999936,869.3353815704407,False,R410A
2024-11-04 17:40:00,424.5747527649568,98.36491592961212,44.50443487960584,6.338433732062316,5.1722598074261885,20.02920868598977,26.06239020939981,5.23631081567093,1694.0183553328898,0.0,61.54848059903813,50.00000000000007,858.5817671884575,False,R410A
2024-11-04 17:45:00,420.25889808858403,101.34422506494433,43.567845991655865,7.850433339677239,5.651554919251752,20.894076030382678,26.109509090504538,5.627660669471639,1643.8225678244398,0.0,60.20728524542044,49.99999999999987,842.4874229450452,False,R410A
2024-11-04 17:50:00,422.38804096904056,98.99739482690082,44.90003975728153,7.618576099923776,5.323373443809345,21.5653936785125,26.390977642630656,4.039879363637314,1650.7939312389258,0.0,61.22259249960126,50.00000000000013,854.6711099952153,False,R410A
2024-11-04 17:55:00,423.28441182406664,98.99268081321404,44.145357008286176,7.42985961129644,6.280944563946674,20.965479536788244,25.78333048829415,4.667289563117081,1713.475859763465,0.0,61.19229688666944,49.99999999999987,854.3075626400332,False,R410A
2024-11-04 18:00:00,417.7555140434543,102.04389765018044,44.592836897026714,8.731043098470339,6.5743466716727275,20.939780161650386,25.78274698734894,7.070843962510375,1643.4704224182499,0.0,59.88198876073287,49.99999999999993,838.5838651287943,False,R410A
2024-11-04 18:05:00,417.54898249972666,102.05758252034245,43.30964790466552,7.649306908033859,5.628376096980971,21.335920833574157,25.609773522829478,6.1044685905877225,1649.7696492205248,0.0,59.87957928401768,50.00000000000011,838.5549514082121,False,R410A
2024-11-04 18:10:00,419.55067144187376,100.96867144850867,44.24704979481727,6.807964601785578,5.999206657360498,21.490818687338958,25.825616395998182,5.169952123524271,1617.7268605555907,0.0,60.33502966623864,49.99999999999987,844.0203559948636,False,R410A
2024-11-04 18:15:00,421.5715045171253,99.60122047391937,44.06541535808794,7.9448302105599895,5.779346528293501,21.854147500293017,26.865551415571282,4.013830440456083,1681.3707399834625,0.0,60.92066559564854,49.99999999999997,851.0479871477825,False,R410A
2024-11-04 18:20:00,421.112610409783,99.90049997516334,43.88335847873371,7.335150690767968,5.502324624565835,21.062128484481963,26.303611726170256,4.390322633437134,1667.1211205521406,0.0,60.79261249884557,49.99999999999988,849.5113499861469,False,R410A
2024-11-04 18:25:00,422.34780139136427,99.00723660379953,44.51180189466281,6.526537401968282,5.459299981708846,21.3504437673202,26.868894877914098,4.912398062995354,1694.6596472018412,0.0,61.18838459847744,50.00000000000004,854.2606151817293,False,R410A
2024-11-04 18:30:00,422.889846691415,98.45098089038346,44.14879789066202,7.189564297707678,5.351615155215414,21.71462803131294,26.64899771379042,5.044767591590921,1746.8708996409518,0.0,61.46235901401816,49.99999999999994,857.548308168218,False,R410A
2024-11-04 18:35:00,423.6039760442092,98.05907546552463,43.04524192602764,7.780312861824109,4.761050461999701,20.46946830637079,26.848677044862384,5.230597318959818,1703.5953034014287,0.0,61.66993225228348,50.00000000000006,860.0391870274018,False,R410A
2024-11-04 18:40:00,423.58862274238305,98.72105442505311,42.734581212475575,6.680353325676674,5.002580828357179,21.366908067592714,26.327895236195605,5.199965218971838,1735.4309795280667,0.0,61.37604073083395,50.000000000000135,856.5124887700075,False,R410A
2024-11-04 18:45:00,424.2934153944626,98.0352206079239,45.0179688576635,8.325654273611677,5.20934531217034,20.777718999096585,26.471751443940324,4.287419934369359,1756.195677332145,0.0,61.68468740672391,50.00000000000003,860.216248880687,False,R410A
2024-11-04 18:50:00,425.6976635514248,97.13177025138643,45.151258777881935,6.532886470808892,4.981648026471753,20.818030735694535,26.093677982818907,3.940722368684642,1772.0023502304132,0.0,62.09634546384555,49.99999999999992,865.1561455661467,False,R410A
2024-11-04 18:55:00,422.0861149576642,99.54140949546867,45.09267396406651,7.511500772478155,5.2554265307901,20.882354937271273,25.843101569220885,7.014984227704948,1668.7686200288235,0.0,61.064009309169435,50.0000000000001,852.7681117100333,False,R410A
2024-11-04 19:00:00,422.30383568390346,99.63088361368969,44.12281820923649,6.881657346572756,5.252910713540407,21.31431410472382,26.258035309548344,4.4347562335686765,1738.006960485298,0.0,61.01755288900688,50.0,852.2106346680827,False,R410A
2024-11-04 19:05:00,418.78808183523324,101.63638833062903,43.16580030130291,7.937981571278871,5.890242622029502,20.68220748963256,26.144677858522545,4.125472701632966,1652.805112844785,0.0,60.165647206138274,49.99999999999997,841.9877664736592,False,R410A
2024-11-04 19:10:00,424.17009958372137,98.1134163431918,44.17852484759791,7.082037063889448,5.4147562606637685,21.13434781275739,26.237063100949307,3.010193496716349,1728.0820036369012,0.0,61.702178050462436,49.99999999999995,860.4261366055492,False,R410A
2024-11-04 19:15:00,422.65748589720243,99.58256890260786,44.150991321552304,6.7282142970055885,5.450015516887071,21.133368187916794,25.851596640692794,4.61977236104142,1636.7703827546259,0.0,61.05407750365774,49.999999999999936,852.6489300438927,False,R410A
2024-11-04 19:20:00,422.41495829662534,99.79044361295368,43.600156643213744,8.941345810667055,6.015251575382294,21.089161931877026,26.319554040492864,5.96841614685843,1718.4280706671411,0.0,60.9431353476168,50.000000000000036,851.3176241714017,False,R410A
2024-11-04 19:25:00,423.1994261378249,98.97942196549597,45.05960414168909,7.105242375221106,5.144164795431686,20.514784148948806,25.28623754270943,4.27696327038926,1740.8283257767039,0.0,61.29417808053909,49.99999999999987,855.5301369664692,False,R410A
2024-11-04 19:30:00,421.0523192026245,100.43507607542728,45.11804504735241,7.42171057797293,5.7268747970623926,21.177707688696376,25.972243704479716,6.646456398569206,1742.2027679720723,0.0,60.6621162867481,49.99999999999991,847.9453954409772,False,R410A
2024-11-04 19:35:00,420.90433754679077,100.58193078840422,44.20934871428821,8.190906787779328,5.6001002193713,21.312059528508193,25.921052091176417,5.199107302963945,1687.6985420460717,0.0,60.587222303794995,49.99999999999998,847.04666764554,False,R410A
2024-11-04 19:40:00,421.7043775222114,100.03075091008989,44.049942490151004,8.499961623674098,5.769222465923797,21.616327869558752,26.393855089220825,6.202392248746606,1661.08154276493,0.0,60.814331636000276,49.999999999999936,849.7719796320033,False,R410A
2024-11-04 19:45:00,422.8185727936116,99.19130760192267,43.544149605080364,7.974374308245378,5.176679509575667,20.430055180190706,25.015779883189097,4.153434741715662,1774.7013128714127,0.0,61.177688251513544,50.0000000000001,854.1322590181625,False,R410A
2024-11-04 19:50:00,423.11214775368325,99.01535990902765,44.994739690201186,6.770712948989146,5.949522336700567,21.75479548128716,26.743708326494687,4.129086282582648,1730.7331113403152,0.0,61.25739397899511,49.99999999999991,855.0887277479413,False,R410A
2024-11-04 19:55:00,425.4839595699516,97.5572629849882,44.49817604124966,7.160257656980483,4.54611943131035,21.23979089417055,26.35235683361795,4.644348855563125,1671.027983511214,0.0,61.89339369553369,50.00000000000013,862.7207243464043,False,R410A
2024-11-04 20:00:00,424.1351037893377,97.98346438787874,44.262079167566355,6.183765269778624,5.6390955828751945,21.59377302025567,26.7126654456798,5.107006177316017,1716.5104123669562,0.0,61.75109697805776,49.999999999999616,861.0131637366932,False,R410A
2024-11-04 20:05:00,424.6851028481062,98.20542836188606,44.612753848801106,7.621296801376064,5.197440801447536,21.490980593867583,25.693590168533525,4.491487018148932,1723.6894003920493,0.0,61.65911147857023,50.000000000000064,859.9093377428427,False,R410A
2024-11-04 20:10:00,425.66445563358076,97.09939161533428,44.277433449545065,6.088686978681896,5.072008422471201,21.54925229253338,26.01934075792528,4.698746498627912,1776.523175305077,0.0,62.18743790410575,50.00000000000004,866.249254849269,False,R410A
2024-11-04 20:15:00,423.0435326451951,98.95249745695025,44.357162910072965,6.886765573512636,5.688723706244842,20.65735209005732,25.704504197908836,5.3768521887674865,1643.6124604679237,0.0,61.42326752936549,49.99999999999999,857.079210352386,False,R410A
2024-11-04 20:20:00,422.2535355799772,100.06706531427356,43.38009673302115,7.5299590367257085,5.788858237291184,20.539365525587197,26.180177781325717,3.6110541089679966,1664.7494992501893,0.0,60.93688042251728,49.99999999999958,851.2425650702072,False,R410A
2024-11-04 20:25:00,426.8744843493356,97.11113616950807,45.124866090410244,7.114073286191797,4.672561939283372,21.495867329732302,27.068899395254284,4.05063255643215,1806.5676306294527,0.0,62.21685998875741,50.00000000000021,866.602319865089,False,R410A
2024-11-04 20:30:00,424.31461260090435,98.84308090008275,44.244398439970105,7.140727407585078,5.451221585861518,20.843259823091003,26.243435533596465,4.25251219022298,1611.4457771813,0.0,61.45761056143452,50.0000000000003,857.4913267372143,False,R410A
2024-11-04 20:35:00,426.95030946856247,96.77477920590705,45.22291262615466,7.568192243916244,5.368892597340189,21.218656632271678,26.66051466703947,3.838528247928935,1805.92105593356,0.0,62.38269918890039,49.999999999999886,868.5923902668047,False,R410A
2024-11-04 20:40:00,425.7023999204865,97.37534178484718,44.46343200633831,7.27628633075065,4.648479026006263,21.050943445649835,27.005763565521676,4.821544268172858,1791.404600391825,0.0,62.17066692069098,50.0000000000001,866.0480030482917,False,R410A
2024-11-04 20:45:00,427.5624149618539,96.59689994234746,44.634065394153,7.052808712305454,5.365974888631543,21.5063577178479,26.245015906542175,3.7256568996910864,1786.309676490383,0.0,62.5391073294533,49.9999999999999,870.4692879534396,False,R410A
2024-11-04 20:50:00,425.184732303609,98.19121996566459,43.84493903880175,6.450502545077364,5.180913741860264,20.628256769774485,26.70416021981119,2.5601253598578606,1714.017754708636,0.0,61.869594007860606,50.000000000000114,862.4351280943274,False,R410A
2024-11-04 20:55:00,428.5233595181039,96.22419129398145,45.16073306248081,7.475211180810375,4.495558900461597,20.619730759844945,26.281067384296403,3.889008580203349,1796.099765440803,0.0,62.74894553592465,50.0000000000001,872.9873464310957,False,R410A
2024-11-04 21:00:00,425.21988555678587,98.54340985728062,43.9657054805013,6.72696681784362,4.860512574600399,21.680489873193878,27.234500377344222,3.564093358724563,1687.943379097004,0.0,61.743001220034245,49.99999999999992,860.916014640411,False,R410A
2024-11-04 21:05:00,427.955490213617,96.51718941378157,44.50350527111158,7.539815939545288,4.604058600729258,20.72994664613127,26.441379924551548,4.667376704234286,1791.3879016664443,0.0,62.657910553896514,49.99999999999995,871.8949266467582,False,R410A
2024-11-04 21:10:00,429.58956385552045,95.7983300020045,44.872544442002166,7.515069729848247,3.9173887020643128,20.6828595578192,25.726539954136634,4.8096691932391815,1856.063254307412,0.0,62.992055597229076,49.99999999999998,875.9046671667489,False,R410A
2024-11-04 21:15:00,431.18401096914613,94.56675628634171,45.15410310711492,6.465006912488217,4.084105305588694,21.12407533230083,26.306957251131408,1.5338497862829632,1810.3813310032715,0.0,63.582642707387336,49.99999999999967,882.991712488648,False,R410A
2024-11-04 21:20:00,428.7732758776389,96.47368772876946,43.934111552250634,7.133126519027024,4.53824179703063,21.103212031163718,26.215685866639365,3.3428879001469904,1864.2317744009504,0.0,62.76576005962537,49.99999999999991,873.1891207155045,False,R410A
2024-11-04 21:25:00,427.5912344955955,97.11630155100616,44.57762617185325,5.201167979008556,4.420303765803265,21.35914939103838,26.06178036705271,4.596000883956198,1784.162975318301,0.0,62.51474427892602,50.00000000000011,870.1769313471121,False,R410A
2024-11-04 21:30:00,429.450708421304,95.88320614433607,45.30999680278058,6.352656534309842,4.674511300526339,21.005477830114476,26.71890856443546,2.541282606853467,1842.0791897166196,0.0,63.09968451588994,50.000000000000085,877.1962141906794,False,R410A
2024-11-04 21:35:00,425.82732730930934,98.29647341403646,44.341985827823784,7.509543026512125,4.892830320215539,20.495358218705835,26.49999382334374,5.2411210837325655,1756.8654305057178,0.0,62.08307958689529,50.00000000000013,864.9969550427434,False,R410A
2024-11-04 21:40:00,428.3128120001947,96.89377140243832,44.66073838486563,7.098116118193979,4.445122620652608,21.48856974422394,26.661645912942983,5.185177518899159,1844.7081074366272,0.0,62.72827803192612,50.000000000000064,872.7393363831135,False,R410A
2024-11-04 21:45:00,432.9225976352142,94.21642260425016,45.30915222424902,5.419539399179856,3.9318008877092314,20.96036885331502,26.206845045329462,3.3673854343365583,1920.1338216076342,0.0,63.94119786354041,50.000000000000036,887.2943743624849,False,R410A
2024-11-04 21:50:00,433.8468886393065,94.25747301351817,45.15557686676231,5.895062869351646,4.148456131280336,21.532014279218348,26.829796891809508,2.768012289767158,1860.8786792501282,0.0,63.91615222142883,50.000000000000135,886.993826657146,False,R410A
2024-11-04 21:55:00,431.7003666093796,95.05079195668463,44.58518803163093,4.931222870299787,4.221371986040459,20.818047513739412,26.11852390955781,1.3888379974250475,1905.1411194060017,0.0,63.60118875419928,49.99999999999994,883.2142650503913,False,R410A
2024-11-04 22:00:00,435.3239795141729,92.96953305189237,45.44182268999562,5.9265020843142855,3.509713137801636,21.048421431653257,26.288721419081018,4.0340309589890095,1958.0466203723288,0.0,64.55998867154418,49.999999999999915,894.7198640585302,False,R410A
2024-11-04 22:05:00,431.15242189682886,95.05179446636413,45.64152993266011,5.199011335843704,4.178371578669248,21.043672617902292,26.311492945045387,5.64321251513347,1870.0596134405594,0.0,63.71864892708577,49.999999999999886,884.6237871250293,False,R410A
2024-11-04 22:10:00,434.5509314645551,93.53244471310664,44.89096278716461,6.343171240329572,3.7627295316659093,21.240781750652804,26.5694000959299,5.07358351727094,1989.2414422386357,0.0,64.44413536212842,50.000000000000085,893.329624345541,False,R410A
2024-11-04 22:15:00,435.8116899206273,93.07297631656142,45.32095284766053,6.247104040487453,3.3139023431841044,21.243642034445827,26.708733084906015,2.9607680926382436,1912.726510452488,0.0,64.6885167797425,49.99999999999996,896.26220135691,False,R410A
2024-11-04 22:20:00,435.4721981773778,93.26000571084303,44.804966474193684,5.43510707791511,3.585739077066182,21.881867685644117,26.941329962452745,2.0796146674004623,1926.6856654928868,0.0,64.65541902976328,49.999999999999964,895.8650283571594,False,R410A
2024-11-04 22:25:00,139.09897281997155,219.67584699257512,4.443656629955214,32.233603619937085,4.146767135836308,20.569448901707563,19.26429921319925,19.810589881038172,7.815260112208948,5959.462020851485,66.0,49.99999999987297,0.0,True,R410A
2024-11-04 22:30:00,135.81668540945503,215.75865149030395,3.373044200027925,31.31067394141661,3.590864781415817,20.856403686299142,18.91139213905042,18.292354527294837,7.086052580521865,6153.271843793598,66.0,49.999999999945395,0.0,True,R410A
2024-11-04 22:35:00,136.08688384432034,215.0449811577917,2.8926280597567695,31.438682074067135,3.248738576838683,21.3909831112248,18.811339792964674,18.79585960020312,-11.459801432467778,6188.795243204105,66.0,49.9999999999541,0.0,True,R410A
2024-11-04 22:40:00,435.43096435180735,93.69430202923942,45.501686046260126,5.152299293460377,3.9289608435177454,21.34895595941476,26.941323422054978,3.528680708378898,1899.9926816940338,0.0,64.5481419898361,49.999999999999865,894.5777038780333,False,R410A
2024-11-04 22:45:00,437.29779110713895,92.68483237209477,45.03566916056789,5.794620620932468,3.189387660217127,20.34996574583007,25.577018030640208,3.0763777734923208,2046.4714189088586,0.0,65.03325138137498,49.99999999999995,900.3990165764998,False,R410A
2024-11-04 22:50:00,440.92189081032535,90.65848170863627,45.475976049595225,4.189108964453891,2.725005228108101,20.789410017182814,26.723548034453454,3.5382153830486303,2097.8350895653866,0.0,65.9805968408678,49.999999999999865,911.7671620904135,False,R410A
2024-11-04 22:55:00,440.8526861926415,90.80725305762189,45.25156247586623,4.109529264445823,2.9491178566224097,21.452248550501928,26.794764985249714,3.5901624146411315,2011.4106190599978,0.0,65.95101130877899,50.00000000000011,911.4121357053476,False,R410A
2024-11-04 23:00:00,441.24863114053926,91.06808526834016,45.40388263640039,5.022672834761046,3.5329068339206824,20.68365319387308,25.922983342390626,2.0609493083829795,1945.1326345618465,0.0,65.83272601381091,49.99999999999992,909.992712165731,False,R410A
2024-11-04 23:05:00,440.4030792916991,90.60075098577029,46.72866444956104,4.827717483446189,2.98231461121329,20.886241896541808,26.59306856117985,-0.9897733481345978,2119.0956793433274,0.0,66.13332175349635,50.00000000000008,913.5998610419563,False,R410A
2024-11-04 23:10:00,446.06105953430426,87.70057076208812,46.20859662713003,4.369276474914105,2.1505158667384974,21.211955181893213,26.988717913301695,-0.7659902299119596,2166.8895725591633,0.0,67.53374878072354,49.99999999999989,930.4049853686826,False,R410A
2024-11-04 23:15:00,448.1166479116677,87.07904977281031,46.93421234567979,3.7404465424097757,2.5284416878899343,21.175367806175284,26.418429894943543,1.2190389274281463,2153.4304230789635,0.0,67.86959942494411,49.999999999999986,934.4351930993294,False,R410A
2024-11-04 23:20:00,447.51144954551097,87.65225153965451,46.19903856374223,5.119926801265879,2.0909994378120227,20.913316223477366,25.98178770682711,0.5837558098617504,2137.7985415711833,0.0,67.64583806325383,49.999999999999616,931.750056759046,False,R410A
2024-11-04 23:25:00,130.40313486355322,207.36518631784122,2.4824130609579624,30.182948682766074,2.773066159262151,20.73030823644613,19.244937486188352,17.52184310707344,-20.984565858770317,6614.073834173277,67.7947076238473,49.99999999999724,0.0,True,R410A
2024-11-04 23:30:00,130.44277432343253,207.66600748004015,1.623487534052962,30.25296942377673,1.9831435974323957,20.63708504092029,18.439314912259483,16.800661599673187,11.727539201389307,6602.215012918484,67.72694293096276,49.999999999996874,0.0,True,R410A
2024-11-04 23:35:00,131.23426127619038,209.7336142436212,2.434211902685337,30.51321487750798,2.111079320029068,20.932661015377473,17.99182752848548,17.187169288507164,-29.07408073755963,6504.890721418439,67.17080412239108,49.99999999999331,0.0,True,R410A
2024-11-04 23:40:00,448.32293859704174,87.73585011443492,46.67298021056981,4.639382193626932,2.08801866669733,20.993941733158852,27.03576430280462,2.449893354904774,2134.4147769186065,0.0,67.72414548169422,50.000000000000014,932.6897457803307,False,R410A
2024-11-04 23:45:00,447.7413288128421,88.09615026862592,47.754683690138165,4.500300678009076,2.137566692515738,20.276718310482625,25.869145683205293,-0.3904533491994121,2173.8575306427215,0.0,67.57541605846632,50.00000000000001,930.9049927015958,False,R410A
2024-11-04 23:50:00,451.30831991213813,85.98027055672534,47.28390492216,3.9294192456275816,1.4660943028686573,20.514252698289386,26.217842342165845,1.091720235836785,2218.700479930114,0.0,68.5831794084531,50.00000000000004,942.9981529014374,False,R410A
2024-11-04 23:55:00,450.19048213108965,86.84347584254868,46.5297921681614,4.26633315199808,2.6789333230128163,20.345989859880923,25.521672284165426,3.084766775500545,2135.8375444665344,0.0,68.20331780086943,49.99999999999992,938.4398136104331,False,R410A
2024-11-05 00:00:00,447.93661066902973,87.96830378107319,46.98783261658632,3.227281835128322,2.2351771239934926,20.659423906328016,26.421882546308566,2.377738069984952,2229.864260484625,0.0,67.72082169269618,50.000000000000036,932.6498603123539,False,R410A
2024-11-05 00:05:00,448.4112765188631,87.59121586001275,47.79899230185632,3.1333694192221575,2.1660681166165205,20.795918034527855,26.064343540963467,-1.3890676092290963,2212.01960551019,0.0,67.9464135109699,50.000000000000064,935.356962131639,False,R410A
2024-11-05 00:10:00,452.5958155110594,85.69901127201496,46.25107675801472,3.5407775563401236,1.4402431488497687,21.819254731375416,26.139533921615424,0.7075536630387151,2246.6891332788673,0.0,68.84238614201831,50.00000000000001,946.1086337042196,False,R410A
2024-11-05 00:15:00,450.8359070147301,86.5789843778032,46.50630865997998,3.6644301503065884,1.589966276224,21.386575759185032,26.834360872790008,2.0516467851515747,2198.1152092329853,0.0,68.47346581670493,49.99999999999995,941.6815898004592,False,R410A
2024-11-05 00:20:00,446.63228768222166,88.95148717696492,46.415796855129,4.577577409109906,2.5953399938011112,20.961684599573513,26.101472608286556,1.9905181854652878,2073.9249744082567,0.0,67.4246550258284,50.00000000000008,929.0958603099408,False,R410A
2024-11-05 00:25:00,452.7377876718804,86.01365991419915,46.834202496361556,3.6196796378483804,1.1069186549796992,21.757360607210394,27.52331709061355,-0.011488523577350085,2213.1527224433476,0.0,68.78065762648674,49.99999999999985,945.3678915178409,False,R410A
2024-11-05 00:30:00,454.05958921748527,84.44973413050519,47.18508535144754,3.4889808664104742,0.8551890573462583,21.297382073372074,26.849625169930228,1.5927612389614392,2216.8734891817735,0.0,69.60390320163327,49.999999999999886,955.2468384195992,False,R410A
2024-11-05 00:35:00,454.5853834769588,84.6017776358261,46.70021015909168,2.5741006427016155,1.1227057257999917,20.514482975003006,26.56596715873458,1.9541304776791366,2263.3066024626883,0.0,69.60620344503548,49.999999999999986,955.2744413404258,False,R410A
2024-11-05 00:40:00,125.26684422758736,201.8797385731141,1.8335515754703748,29.12620126349102,1.5368877403856624,19.94178077325714,18.03701604523165,17.31296241670121,-4.503795771843646,6953.949257956621,69.73685290260926,49.999999999999986,0.0,True,R410A
2024-11-05 00:45:00,124.92542199510453,200.76399199406538,0.24369513771340512,28.284471067972824,0.842644345060873,21.282007228685647,19.450262446531834,17.49774843846618,-13.169280127731295,7015.750197066899,70.09000112609657,50.000000000000036,0.0,True,R410A
2024-11-05 00:50:00,124.71675628935742,200.4358039791054,0.7930810295895158,29.086616401586465,1.0180329015830245,20.538576821482593,18.57543346065275,17.962385563957756,-18.67423700849431,7037.384397959732,70.21362513119847,49.999999999999964,0.0,True,R410A
2024-11-05 00:55:00,461.6801217933822,81.33419089877965,48.54068230442728,1.3705014674224354,0.3179625924205234,20.576063785289243,25.857818466156026,-0.9603969760730029,2338.409603996266,0.0,71.38071202279181,49.999999999999794,976.5685442735016,False,R410A
2024-11-05 01:00:00,461.85272909375175,81.51361008501883,47.99447595756737,2.4947305344167043,0.7094530090273063,20.87199241416848,27.16756931543239,0.16123726690598578,2364.650048113994,0.0,71.35884902970747,49.999999999999716,976.3061883564897,False,R410A
2024-11-05 01:05:00,460.9653331288995,82.13603365050557,47.43180643738468,1.7034956151033556,-0.03742159991196431,21.753704236032384,27.142794906054554,-0.27043256973906254,2407.2502802704757,0.0,71.12400938889618,49.99999999999973,973.488112666754,False,R410A
2024-11-05 01:10:00,462.3417836713605,82.24424517707511,47.220922229770025,2.2812226927797687,0.6937755505074996,21.152716947075096,26.503915076507994,-1.8566151076114712,2413.341509369879,0.0,71.05402682121867,49.99999999999983,972.6483218546241,False,R410A
2024-11-05 01:15:00,462.92564279603937,81.7600974887725,47.86485651689187,2.8076556925169536,0.3005221678695503,20.84841293295465,26.379458027496696,-0.1289403077676258,2345.9537902781135,0.0,71.27961630641535,50.00000000000013,975.3553956769841,False,R410A
2024-11-05 01:20:00,461.70413653618755,81.92256568874629,47.59069974228426,2.48807062735322,0.6518458912298336,20.990821477531373,26.926197387249594,0.39351669196596273,2453.409076418817,0.0,71.25123873389198,50.000000000000114,975.0148648067038,False,R410A
2024-11-05 01:25:00,461.9553630181232,81.90351463471167,48.09289082365136,1.5234695177380226,0.10051499777007863,20.91988171813058,26.664702224526437,-0.11014746497247227,2472.1502505267085,0.0,71.30740074079965,49.9999999999996,975.6888088895959,False,R410A
2024-11-05 01:30:00,460.66932334946205,82.50832695301565,47.2066841051774,2.1205901722670015,0.46410501557286554,21.409676312323814,26.617910069369582,-1.9314339040584025,2405.340648664525,0.0,71.08642581077197,49.99999999999971,973.0371097292636,False,R410A
2024-11-05 01:35:00,120.0688340125366,195.1186443429192,0.3915482215636448,27.234341090381434,-0.045721660153971166,21.033956101776134,19.402413697956153,14.69840900437276,-3.5996401483998928,7355.239376408057,72.02993929376032,49.999999999999986,0.0,True,R410A
2024-11-05 01:40:00,121.23388029149773,195.64198417450095,0.10746381269326405,27.202309801308434,-0.2510415902850921,21.27582454828184,18.756831374525902,15.695021099967713,8.788739033343273,7332.608832111139,71.90062189777794,49.99999999999993,0.0,True,R410A
2024-11-05 01:45:00,119.09077090323353,192.99624711456084,-0.2656419486113013,27.698271442279445,-0.7446840496716294,20.84817315599826,18.310669172101942,13.613524819248548,-15.744850221289143,7476.1960510256395,72.72112029157509,50.00000000000023,0.0,True,R410A
2024-11-05 01:50:00,465.78124458979727,80.60227662115753,49.05153440714078,2.1721544810856934,-0.2821180992533009,20.652104804774893,25.985240058711256,-2.9423034454571573,2479.9594114792453,0.0,72.21598938138871,49.99999999999963,986.5918725766646,False,R410A
2024-11-05 01:55:00,466.77825719045063,79.85992622381347,48.273554186758034,1.8970337124325558,-0.28428990922678893,21.477812269184003,26.458898363034795,-0.3916422470460379,2578.4670012322626,0.0,72.64653849585058,49.99999999999968,991.7584619502069,False,R410A
2024-11-05 02:00:00,466.9238263369431,80.11312313240904,48.10440382121038,2.0115638493372168,-0.5168232253940066,20.00519481423728,25.887271574323794,0.32821808292308563,2450.5441433481533,0.0,72.57949911620531,49.99999999999963,990.9539893944639,False,R410A
2024-11-05 02:05:00,468.29964562878956,79.71068463736621,48.27798438330675,1.591556311250175,-0.5015103322152615,21.355842484987484,25.97388626235529,0.8101171294871073,2620.3453606065427,0.0,72.80497652661384,49.99999999999967,993.6597183193659,False,R410A
2024-11-05 02:10:00,469.16554412033827,79.38102618716218,48.52505219042421,1.3682175903772322,-1.0608265065928548,21.199779879148473,26.480889377197194,-1.3729133628584498,2581.72359897604,0.0,72.99017460049556,49.999999999999815,995.8820952059467,False,R410A
2024-11-05 02:15:00,471.3035743557575,78.36501246707972,48.7691531803953,0.7106178327475603,-0.8640424798664011,20.89866845371372,26.193281780691418,-1.0690901219305804,2582.6898064281495,0.0,73.50569500744257,49.99999999999944,1002.0683400893107,False,R410A
2024-11-05 02:20:00,470.7169961841447,78.3603611573252,48.42508133435755,0.9927198939134992,-0.4801642762237495,20.954827104534736,26.64628314872269,-1.0721710976537306,2608.4944314031104,0.0,73.57448054042251,49.99999999999953,1002.8937664850702,False,R410A
2024-11-05 02:25:00,470.01686781364737,79.28988023424424,47.66539912539248,0.7700701381248991,-0.35770157142099107,21.845671307425302,27.016971761048776,-0.4198808098236487,2613.495122285845,0.0,73.13851133842404,49.999999999999346,997.6621360610884,False,R410A
2024-11-05 02:30:00,474.3194588460349,76.82791758884821,48.86436304030054,0.3843138487831307,-1.2191799687615525,21.178966573833694,26.364155803679996,-1.1557003020120638,2674.6659224682394,0.0,74.38620677530682,49.999999999999496,1012.6344813036818,False,R410A
2024-11-05 02:35:00,475.27787969172095,76.74435848992724,49.34670638621659,0.8220720311214922,-1.14929558659328,20.31711414319983,26.098053143289995,-0.2973858437977579,2636.4122718972053,0.0,74.44478280819504,49.999999999999254,1013.3373936983406,False,R410A
2024-11-05 02:40:00,473.5074438134215,77.53182533719126,49.10323778147693,0.8942854517626333,-1.2952896231451527,20.5866310557714,26.452825204125183,-3.8781082346877436,2548.8155496935033,0.0,74.09362300893382,49.99999999999949,1009.1234761072058,False,R410A
2024-11-05 02:45:00,115.82848364379049,189.01141069475491,-0.5112583613847993,28.421328422649673,-0.6237039913102929,21.111173234660903,19.624324425507663,14.30698548192528,-8.871606638544247,7738.8624587042,74.22207119259542,50.00000000001448,0.0,True,R410A
2024-11-05 02:50:00,114.53383217524771,186.0991937821085,-0.5852098351786278,25.764149094086974,-0.9426243552063506,20.421266844462632,18.92163277944239,13.924457901863711,23.37887923596366,7897.033587506182,75.12590621432103,50.000000000081585,0.0,True,R410A
2024-11-05 02:55:00,115.5993057706536,187.33325095476818,-1.003236976761368,26.55454677709351,-1.3334567732788098,21.265612405233583,19.0865489525785,13.381866904979432,0.49593050103913155,7834.01635187171,74.7658077249812,50.000000000043165,0.0,True,R410A
2024-11-05 03:00:00,476.9004175879384,76.29551378218083,50.006079564550255,-0.13162504673005837,-0.6425532403097483,20.93298112392083,26.12271769219461,-6.683768733623781,2658.8061455882657,0.0,74.83951798225638,49.99999999999898,1018.0742157870766,False,R410A
2024-11-05 03:05:00,482.3797704882383,73.51181085117582,50.22606787147111,-0.31746723843770086,-2.3276290119133285,20.7006025668645,26.18284894110537,-2.6845704112263595,2781.6100015949537,0.0,76.24714860090546,49.99999999999804,1034.9657832108655,False,R410A
2024-11-05 03:10:00,478.085693541449,75.9884716995561,50.23546302708125,0.31910221011898965,-1.8826749708441037,20.598481085024147,26.22370252463542,-5.217911961513392,2716.3768542906996,0.0,75.01470239764683,49.99999999999885,1020.1764287717621,False,R410A
2024-11-05 03:15:00,477.72947966540943,76.04201495332225,50.29742990368962,0.9264358977245966,-1.708891241620208,20.609035556049296,26.463491962373187,-2.818048705468249,2643.49484094323,0.0,74.99200823078395,49.99999999999899,1019.9040987694074,False,R410A
2024-11-05 03:20:00,477.6779612291275,75.82624520427461,49.90008218216129,0.20916726802858915,-1.6318465418849473,20.472811893547814,26.637811794381555,-4.190708092534577,2774.577884172174,0.0,75.1319989247249,49.99999999999896,1021.5839870966987,False,R410A
2024-11-05 03:25:00,474.4127161704812,77.70445092483163,49.43604652032431,0.793864937155891,-0.41685529745514005,20.74178883336519,26.2886031365646,-2.405960090310289,2599.4494729359208,0.0,74.22095052563205,49.99999999999905,1010.6514063075847,False,R410A
2024-11-05 03:30:00,481.1904543955213,74.62118114716566,49.539939260001674,-0.07189944252992828,-1.9410881995156066,20.489315506911677,25.987135269975496,-4.409385466088965,2683.5390796898796,0.0,75.71348092258764,49.99999999999868,1028.5617710710517,False,R410A
2024-11-05 03:35:00,479.84442252457836,75.23690317548879,49.499364055027435,-0.3939027993744604,-1.9512736711870622,21.4492341009424,26.68578417627205,-1.6027592451274808,2660.580392944675,0.0,75.3867538546917,49.999999999998636,1024.6410462563006,False,R410A
2024-11-05 03:40:00,483.66048298533536,72.7357845391383,49.837188559793006,-0.6675274865207337,-2.6110139584974106,21.126232766643934,26.74085374107308,-2.145327106880533,2825.778005204873,0.0,76.68295260124836,49.999999999997584,1040.1954312149803,False,R410A
2024-11-05 03:45:00,479.26491255807844,75.0228918322476,49.908562661433244,0.011782501143803886,-1.4552425077013027,21.318483102164972,26.142014502786747,-2.5130259924678278,2779.637875090926,0.0,75.59449828262856,49.999999999998906,1027.1339793915429,False,R410A
2024-11-05 03:50:00,480.0336484748835,75.20870660622657,49.19837416597218,0.2921820288340532,-1.445540388376428,21.028199086225694,25.88332270159033,-1.6410554307135308,2659.6901992327403,0.0,75.48946182573827,49.99999999999868,1025.8735419088591,False,R410A
2024-11-05 03:55:00,479.8682515800521,74.769425534705,49.562651092422904,0.4018680471952729,-2.0232490523232225,21.308550049447,26.899460988871333,-2.7258761248804544,2626.3220618498735,0.0,75.75521119283428,49.9999999999983,1029.0625343140114,False,R410A
2024-11-05 04:00:00,476.6176045800065,76.4018170502037,48.19922624518273,0.380286828115312,-2.0651501518523196,21.274909542342645,25.75719901660749,-0.9351996418610118,2749.3461404966806,0.0,75.00482983405834,49.99999999999913,1020.0579580087002,False,R410A
2024-11-05 04:05:00,114.12701290308325,186.1562770976567,-0.7816080820838435,26.230758838539227,-1.9817310928828835,20.702225188966185,18.918750060606044,14.349531806300433,-16.804291604381795,7925.103560314535,75.2863060589402,50.000000000106084,0.0,True,R410A
2024-11-05 04:10:00,113.56306972270579,184.50384502212313,-2.0078668762991274,25.241963835750504,-1.3812564337561055,21.287019497243993,19.21435158298451,11.463445043591108,9.845337777387693,8000.0,75.79525917001195,50.000000000229946,0.0,True,R410A
2024-11-05 04:15:00,112.59139127753022,183.37873118974656,-1.8484676495703574,26.19360939038953,-1.8696155028738048,21.533773490391134,19.53381338120925,11.528550287820243,-27.898627652848305,8000.0,76.15251573647728,49.99999999987614,0.0,True,R410A
2024-11-05 04:20:00,478.81826792564004,75.68946625614166,50.274127671200354,-0.07492804203455783,-1.707340685792046,20.76224198620498,26.306944263710413,-2.695697375416009,2710.1348027517543,0.0,75.45395819691907,49.99999999999886,1025.447498363029,False,R410A
2024-11-05 04:25:00,481.9993182930792,74.21165024962436,49.98261320810333,0.2636062999378996,-1.5493053672316703,20.803843858671204,26.538432258677762,-1.677758969149898,2817.0406286577563,0.0,76.21991063835397,49.99999999999809,1034.6389276602476,False,R410A
2024-11-05 04:30:00,484.56721608585985,73.04161989738164,50.786298840488044,0.23938398800532912,-1.8313381040783139,20.625693841733593,26.460783234401884,-4.18121699095033,2829.170822140873,0.0,76.83767197184353,49.9999999999974,1042.0520636621225,False,R410A
2024-11-05 04:35:00,487.38803212312763,71.74085529730868,49.70222175336254,-0.8580783925974628,-2.7749027598393496,20.361040937008692,25.921063638633935,-4.834500917673867,2827.6250555378238,0.0,77.52824175850192,49.99999999999641,1050.3389011020229,False,R410A
2024-11-05 04:40:00,485.0491959145472,73.51844464693036,51.1720351510702,-0.8094514487447492,-2.303067336521303,20.43839759896993,26.33063265585415,-2.590023742751681,2886.363816346699,0.0,76.5955916167236,49.9999999999977,1039.1470994006831,False,R410A
2024-11-05 04:45:00,481.1712962382527,74.92087071399651,50.25800045093175,0.039056891207024116,-2.1272078068834497,21.915307944121935,27.085725770685972,-6.094909194123103,2771.0278566852944,0.0,75.90518760449964,49.999999999998415,1030.862251253996,False,R410A
2024-11-05 04:50:00,477.5230332152746,76.82632754090842,49.4633884805878,0.6959680198833444,-1.5637639653715154,20.31316836668201,25.9242337064962,-2.295090367050824,2850.1637846742174,0.0,74.95676595825195,49.99999999999883,1019.4811914990233,False,R410A
2024-11-05 04:55:00,482.7794729206195,73.98765224932347,50.60667159520582,-0.349935905814151,-2.638073397930827,21.189687273257412,26.3120075171665,-2.739455094791548,2694.17233685806,0.0,76.38435181038159,49.99999999999788,1036.6122217245788,False,R410A
2024-11-05 05:00:00,485.2816875885326,72.89632470050864,49.5201246307772,-0.7546086363855082,-2.9197053445510646,20.654444482943315,26.218168786952734,-3.063027820560562,2733.466404272631,0.0,76.94517886339169,49.999999999997115,1043.3421463607003,False,R410A
2024-11-05 05:05:00,486.5542896257823,72.22426859977165,50.097173904342995,-0.37354235295495464,-3.172106118975431,21.902688004214156,26.97630309676378,-2.028770176521168,2884.323429107163,0.0,77.31061691660733,49.999999999996746,1047.727402999288,False,R410A
2024-11-05 05:10:00,482.4838533449689,73.85187756584948,50.68663925952182,-0.037229611080405844,-1.9607176463516705,20.706971176917765,26.280265316040595,-0.9512625093020002,2777.2170818074023,0.0,76.57203749685502,49.999999999997826,1038.86444996226,False,R410A
2024-11-05 05:15:00,489.69893085955454,70.82869972806705,49.61685273097493,-1.2403219153934588,-3.5355977621036487,21.33112803685547,26.911309648100012,-4.046094948062039,2932.357676156543,0.0,78.13435419045976,49.99999999999531,1057.6122502855171,False,R410A
2024-11-05 05:20:00,484.51955031662976,73.27312975229081,50.38915323149651,-1.3055988746531475,-1.8935771024109567,20.524897893169122,26.0871144190153,-4.109224955826043,2734.158989619797,0.0,76.95713158404561,49.99999999999703,1043.4855790085473,False,R410A
2024-11-05 05:25:00,484.68357857395694,73.21663606022453,50.40925693750267,-0.2960360507503935,-2.7433385107999406,20.877388016591393,26.27739165331584,-2.6353789884565435,2806.4800981622907,0.0,77.04845028688024,49.99999999999709,1044.581403442563,False,R410A
2024-11-05 05:30:00,486.77292096773573,72.54804030511086,51.26701808243843,-1.093537162090498,-2.188668593335049,21.150849634079588,26.27409458678831,-1.5783934509270898,2883.4871668939363,0.0,77.41974713073962,49.9999999999967,1049.0369655688755,False,R410A
2024-11-05 05:35:00,489.21493924182926,71.93466025210223,49.596042688891224,-0.7428566606513028,-2.9595435011961,21.785905743873712,26.846175839925344,-3.7532423546761016,2832.534972192173,0.0,77.70005439667293,49.99999999999612,1052.400652760075,False,R410A
2024-11-05 05:40:00,486.6303287070104,72.84086808025263,51.02326136993591,-0.5490158393872624,-3.094450486502924,20.95236580804438,26.35800379789536,-2.2742355632125677,2830.405268996765,0.0,77.24918891045357,49.9999999999971,1046.9902669254427,False,R410A
2024-11-05 05:45:00,487.7992095405697,72.5450622836281,49.9833776672907,-1.6286244320082086,-2.299017049067236,20.698269422771098,26.744124525385867,-4.0212863110209955,2743.2898548309827,0.0,77.36830143697375,49.99999999999659,1048.419617243685,False,R410A
2024-11-05 05:50:00,489.62195268441496,71.46401209065013,50.24073705469131,-0.9117815373238625,-2.5317626912396816,21.386581600227004,26.43099421392716,-3.4310510114295267,2882.582013114437,0.0,77.9046447590593,49.99999999999587,1054.8557371087115,False,R410A
2024-11-05 05:55:00,482.8682338626043,74.72186637426725,49.234073014989654,0.13049931806116155,-2.3985822447061693,20.832706734219308,26.666090428229253,-3.7887092269262226,2833.1308894887375,0.0,76.25353388925214,49.999999999998025,1035.0424066710257,False,R410A
2024-11-05 06:00:00,487.955221484414,71.94667349681549,49.83054928445104,-0.5140575299240906,-2.932129417558569,20.543218148426835,26.185370791165244,-3.321801677100087,2797.3899237067753,0.0,77.66526747515867,49.99999999999628,1051.9832097019041,False,R410A
2024-11-05 06:05:00,485.58566954654117,73.3768440389485,50.30165112801606,-0.4078370635039774,-2.7382587200204274,21.032683631736038,25.955301917289525,-3.0829749177677335,2718.217281640431,0.0,76.93303987810427,49.99999999999723,1043.1964785372513,False,R410A
2024-11-05 06:10:00,493.4468330632494,69.6991780381416,50.232460306068255,-2.3734280399200376,-3.4209930262825576,21.081704941617158,26.297966799889608,-3.2767121187831654,3015.103911735439,0.0,78.76967003589048,49.99999999999378,1065.2360404306858,False,R410A
2024-11-05 06:15:00,483.63566216092374,74.02817451620237,50.34488592526181,0.3388821865128434,-2.267309600348219,20.971903135401195,26.4176017362093,-1.0215967358909523,2709.932341368104,0.0,76.59931668916096,49.9999999999976,1039.1918002699315,False,R410A
2024-11-05 06:20:00,483.42476995038606,74.36617069199505,49.5734926399543,-0.001122884147620462,-2.31204913565354,21.50443125882677,26.922967940745774,-3.095529638828255,2815.8813017475,0.0,76.41326843583782,49.999999999998046,1036.9592212300538,False,R410A
2024-11-05 06:25:00,486.73520092875486,72.75145421458512,49.59406223701294,-1.2024318512682677,-3.146439605200284,21.925226795767507,27.182341084969128,-5.100501333928721,2840.855607488943,0.0,77.20154437316606,49.9999999999968,1046.4185324779926,False,R410A
2024-11-05 06:30:00,484.98092842525614,73.3360152920123,49.82991292074889,-0.8523048453175861,-2.632687119765455,21.273671266255757,26.580663849856546,-3.160527214418025,2791.5553985515207,0.0,76.9168466504769,49.99999999999755,1043.0021598057228,False,R410A
2024-11-05 06:35:00,485.0566447604502,73.20671237139648,50.29452453859028,-0.38594915230224547,-2.2905056278832934,20.23195620663453,25.769953958511824,-2.7022436334610767,2869.149315513965,0.0,77.00312251389902,49.9999999999972,1044.0374701667881,False,R410A
2024-11-05 06:40:00,488.4342874476604,71.64132234520139,50.290937080476134,-0.5662595186064017,-2.9688214780343047,21.42412025912969,26.331484640204305,-3.204251526998792,2901.5569949435567,0.0,77.81230323051106,49.99999999999592,1053.7476387661327,False,R410A
2024-11-05 06:45:00,485.88327035253064,73.12422799828009,50.16308917258677,-0.7719602460676898,-2.6262110061623516,22.338606248204968,27.742235732290432,-3.1854016281790956,2824.424740462584,0.0,77.05595763578768,49.99999999999709,1044.671491629452,False,R410A
2024-11-05 06:50:00,489.1347365438168,71.61090423843795,50.772823012319,-0.486863004845077,-3.1788586720438436,20.64902862467347,25.65063324833449,-1.9119107677382625,2745.8316957136,0.0,77.79925141706923,49.99999999999588,1053.5910170048307,False,R410A
2024-11-05 06:55:00,488.2291686804339,71.79228512725942,50.93521474052645,-1.7550554341740556,-3.041687430383252,20.991187536711266,26.827706897678038,-3.2224574797561525,2919.796934918001,0.0,77.71734403924793,49.99999999999595,1052.6081284709753,False,R410A
2024-11-05 07:00:00,484.0588688340143,73.93965530722463,49.830578317663075,-0.8353974681572773,-1.8914835306357962,21.088260570302197,26.658560830895343,-2.9189642277298513,2723.609616536004,0.0,76.62833592522077,49.999999999997726,1039.5400311026492,False,R410A
2024-11-05 07:05:00,484.27117155030237,73.91539411324827,49.458174540651775,-1.3392294028408458,-2.6489805749604365,20.69536811320749,26.252051424125614,-3.5847535247507754,2794.3733057605814,0.0,76.6140947958396,49.999999999997435,1039.3691375500753,False,R410A
2024-11-05 07:10:00,488.0546536993107,72.07282578489189,50.35382244699063,-1.203069514807344,-2.5381200143669287,21.77493740084781,26.513118507463936,-5.001077630713693,2833.5878139023234,0.0,77.50873388674499,49.99999999999619,1050.1048066409398,False,R410A
2024-11-05 07:15:00,487.70209292455894,72.35434161218686,50.47815011327204,0.09693816531205135,-2.642983860688939,21.493642986999514,27.142951112328888,-2.827868490642059,2929.218749551802,0.0,77.31420085392,49.999999999996746,1047.7704102470398,False,R410A
2024-11-05 07:20:00,486.5566387637429,72.73860364507654,49.422593225599186,0.49162661251248707,-2.4638313058437937,20.70110644267821,26.437847670202395,-2.7918566049128586,2794.642340796797,0.0,77.07454900956043,49.99999999999716,1044.8945881147251,False,R410A
2024-11-05 07:25:00,482.10749162158885,74.33911090208103,49.411538605898656,-0.025161771754705728,-2.3621638901743123,20.733305214462103,26.024976611016736,-3.7017875407981,2667.7915471010374,0.0,76.28491401173986,49.99999999999795,1035.4189681408782,False,R410A
2024-11-05 07:30:00,486.8244468918285,72.60933572807357,49.79911773421275,-0.8641628465599016,-2.6504814527400002,20.42867902831367,26.123907662843333,-3.0893206024774424,2915.1559064903518,0.0,77.08989648585124,49.9999999999971,1045.078757830215,False,R410A
2024-11-05 07:35:00,482.2350828919592,74.26521670314278,49.743282791400176,-0.24041179810595886,-2.1313079017320753,20.957945789696257,26.173340103973135,-2.7734432812076015,2754.240482608985,0.0,76.25918369536097,49.99999999999808,1035.1102043443316,False,R410A
2024-11-05 07:40:00,481.3041299259315,75.00627017555799,49.31226732652415,0.31295757429979054,-2.0799124604994796,20.777596113064472,26.505673978016247,-3.0482128955258965,2761.4536661356938,0.0,75.84742474223344,49.9999999999983,1030.1690969068013,False,R410A
2024-11-05 07:45:00,482.55907352898186,74.12286782405872,50.202912897871386,-0.9140138062501251,-2.0330937492196197,21.262766772900054,26.840492088972113,-3.425834093579818,2856.5950868504788,0.0,76.26504676086117,49.999999999998366,1035.180561130334,False,R410A
2024-11-05 07:50:00,479.4084853563905,75.51181553658752,48.78513168640293,-0.0698473041667842,-1.6463660113392604,21.1986878594057,26.700040763988135,-1.878516045071326,2796.3028060237516,0.0,75.56719543235235,49.999999999998614,1026.8063451882283,False,R410A
2024-11-05 07:55:00,482.4073785557297,73.77434817107563,49.13001128621753,0.4909523574721416,-1.5746821926670058,21.017988925499587,25.942521911327432,-2.9523058813033325,2736.368130252211,0.0,76.45298835950597,49.99999999999776,1037.4358603140715,False,R410A
2024-11-05 08:00:00,482.7063705816256,73.98868825941551,49.70640103909205,-0.6873156277945581,-2.0810035843216657,20.99750432431442,26.519601166104323,-3.2554541845581357,2716.5008965469106,0.0,76.32892118626076,49.999999999998124,1035.9470542351291,False,R410A
2024-11-05 08:05:00,484.2060137837832,72.97164975988797,49.9818697036727,-0.8007739239542748,-2.9999342709791543,20.205922204686864,26.063393291772474,-3.787933500060406,2846.2997674644166,0.0,76.852522948647,49.99999999999741,1042.2302753837641,False,R410A
2024-11-05 08:10:00,479.6755758167709,75.66899573301816,48.822275237977934,0.27380059544807867,-1.3838905082910375,20.837189775565584,26.42249680683698,-2.3627812983051775,2703.9533335660503,0.0,75.46559246508528,49.9999999999985,1025.5871095810235,False,R410A
2024-11-05 08:15:00,483.37733523408207,73.88545934138617,49.5544371610748,-0.0021776467790965426,-2.2049099690223093,20.839284605315953,26.868865280453193,-1.7192652076616821,2785.05347826229,0.0,76.2874975530629,49.999999999997875,1035.4499706367549,False,R410A
2024-11-05 08:20:00,479.3424306837885,75.2674439344378,49.3985599054654,-0.1112777753329976,-1.1951981433522048,20.674997723173988,25.199416373720013,-2.0921356780197775,2655.0607472190745,0.0,75.59755150446652,49.999999999998614,1027.1706180535984,False,R410A
2024-11-05 08:25:00,480.3894195012271,74.95908939808542,49.447245745562235,0.1799558995282287,-1.4172489563461568,20.996742414780506,26.756984374111745,-2.5956483140723856,2749.3654659389294,0.0,75.7170525841955,49.99999999999823,1028.6046310103459,False,R410A
2024-11-05 08:30:00,482.1930866646889,73.82240734056934,49.92808737757226,0.1677742522995619,-2.2877757296836285,21.654050859619606,26.70315290474741,-2.3277050900017384,2793.1306605089194,0.0,76.27239102914032,49.999999999997954,1035.2686923496838,False,R410A
2024-11-05 08:35:00,480.9364362524928,74.428729181558,49.404166312403675,1.0007849057278768,-1.7633701709925937,20.677882015084908,26.08265063436791,-1.115555991486346,2744.594640190794,0.0,75.9598820123079,49.99999999999817,1031.5185841476946,False,R410A
2024-11-05 08:40:00,116.18871829538088,188.30632112648146,-0.5486779258393856,26.649281734439086,-1.4657826201678885,21.413926209320177,19.941488597759264,14.20281795933661,-0.5660627344028432,7800.658626545233,74.57519215168705,50.000000000030056,0.0,True,R410A
2024-11-05 08:45:00,114.57850935690092,186.27576690245078,-1.3422986444226939,26.392950378040236,-1.585593716365072,20.77482485231925,18.747250550127138,13.673800017283378,-7.43316675051736,7905.240337501318,75.17280192857896,50.00000000008825,0.0,True,R410A
2024-11-05 08:50:00,114.59706217602917,184.69948313688238,-2.207370063501586,26.959912869808832,-1.6010178588747388,20.87898626316128,18.870312226853628,13.834716201078958,25.892673492041027,7981.334656113323,75.60762660636185,50.00000000017469,0.0,True,R410A
2024-11-05 08:55:00,475.9682572671536,76.55839177737042,49.32723967959596,0.352105160301384,-1.0394118487356154,20.91767937176865,26.70027157058734,-2.0313256470719043,2705.224183392807,0.0,74.74662382109913,49.99999999999875,1016.9594858531896,False,R410A
2024-11-05 09:00:00,476.9065775524298,76.34943160847777,49.35988796341087,-0.05935025519184567,-1.1286119901448832,21.43815325214314,26.697480304315995,-1.7131059180412327,2559.031138466286,0.0,74.79434747762151,49.99999999999912,1017.5321697314581,False,R410A
2024-11-05 09:05:00,467.02365988219395,81.0178029999346,49.04434284750768,1.8758150074844258,-0.22681259077120738,20.808178414661043,26.00798197861119,-3.738264904224401,2498.3768199570645,0.0,72.49861896069011,49.999999999999744,989.9834275282813,False,R410A
2024-11-05 09:10:00,474.31589487361214,77.41024099081206,48.77178464033462,1.4421197061535533,-0.350940636366039,21.34645912978302,27.04449702251632,-3.1465211277259346,2600.6346726294523,0.0,74.19193561278081,49.9999999999993,1010.3032273533696,False,R410A
2024-11-05 09:15:00,474.9867794889965,76.72551019981427,49.57305765382187,0.9280058276510683,-1.3620238619069014,21.216052446942953,26.138847136509142,-3.9096818875614305,2622.2752957992034,0.0,74.50503547989754,49.99999999999906,1014.0604257587706,False,R410A
2024-11-05 09:20:00,470.2100302340249,79.149294882274,48.756935460552505,1.303481207678014,-1.1301711530581524,21.13257502160874,26.366859799845454,-0.8013308791128266,2582.942710896606,0.0,73.29602192709672,49.99999999999941,999.5522631251607,False,R410A
2024-11-05 09:25:00,477.7326843211923,75.32788251053678,50.168849882791065,-0.2882855193229914,-1.9884986213183693,20.811473086751068,25.961848073239192,-4.851801791025827,2709.689070765416,0.0,75.12817766551115,49.99999999999873,1021.5381319861336,False,R410A
2024-11-05 09:30:00,472.3471504636394,77.78814162798082,49.61247929514536,1.0147706189316115,-0.5138424393974994,21.138199255448665,26.328893793541948,-2.920223689832436,2575.314177681988,0.0,73.9120895168684,49.99999999999937,1006.9450742024209,False,R410A
2024-11-05 09:35:00,467.57700397733123,80.47456600905618,48.56039183096431,2.334041224934155,-0.3055321141780543,21.298255152915818,25.841684818226724,-1.5041395590856457,2498.6778557799266,0.0,72.56507247644802,49.99999999999964,990.7808697173763,False,R410A
2024-11-05 09:40:00,471.9036212877851,78.17538365928253,48.72766441317084,0.5712004943252358,-0.7640237154889258,20.89080914373122,26.304643419678538,-3.08312537676984,2513.284033278721,0.0,73.62348192981031,49.99999999999937,1003.4817831577237,False,R410A
2024-11-05 09:45:00,475.0291530377547,76.49874548349825,49.39929409402262,0.6829715608544978,-1.3574120162211676,21.580815608083785,26.66988280761193,-2.391770698099063,2551.084642667434,0.0,74.38930970448773,49.999999999999034,1012.6717164538527,False,R410A
2024-11-05 09:50:00,470.9626765867755,78.62006973525554,48.64206723087413,1.1632013080038608,-0.7788670697067157,21.316510227623496,27.002923345786275,-2.683995628468945,2610.4750883669317,0.0,73.28611265183392,49.9999999999995,999.433351822007,False,R410A
2024-11-05 09:55:00,122.05599922733252,196.0127286245766,0.8991958072756134,27.710189968967573,-0.17708650399834228,20.950424875567325,19.338020084356707,15.397078609777122,17.99240626232322,7329.335210999744,71.88191549142711,50.00000000004629,0.0,True,R410A
2024-11-05 10:00:00,120.0345847801532,194.14964445500866,-0.1685021980649729,27.916224265106028,-0.06639199315445213,20.309853464893877,19.160006994127368,14.0401848931409,-0.39747865419200057,7422.708033003717,72.41547447430696,50.000000000000014,0.0,True,R410A
2024-11-05 10:05:00,119.29540313095201,192.23918418450046,-0.6799447645545574,27.744529172329866,-0.5063374235592686,21.28515468478256,18.841587522079756,15.507565744197638,-14.136229226339218,7516.993206904348,72.95424689659627,50.00000000000053,0.0,True,R410A
2024-11-05 10:10:00,467.769350430569,79.34684601939816,48.30882326097089,1.8315723803862527,-0.2543394586694453,21.06142149859099,26.59424507645587,0.07895773054899469,2550.876392432301,0.0,72.76968214402093,49.99999999999983,993.2361857282513,False,R410A
2024-11-05 10:15:00,467.1370616833044,79.75518425343529,47.844298176938445,1.2438404921420294,-0.1659231104551634,21.266274424027,26.07129448983174,-1.6927287192885383,2498.1480908506555,0.0,72.53550925210081,49.99999999999977,990.4261110252098,False,R410A
2024-11-05 10:20:00,464.17705838071083,81.06742660766662,48.4850434739589,1.2346562729501669,-0.07011549997286082,21.820603851109635,27.81828780663066,-1.250458743138306,2427.922123557275,0.0,71.88470375976598,49.99999999999979,982.6164451171918,False,R410A
2024-11-05 10:25:00,461.6112149777483,82.8201279633044,47.456285109343995,2.642806604047036,0.07399319819083577,21.39333095528703,26.771824184270244,0.5460520384653241,2372.7737947775468,0.0,70.97677522843665,49.99999999999963,971.7213027412398,False,R410A
2024-11-05 10:30:00,460.87755955555144,82.77665516535107,48.40556519799204,2.271719050061114,0.060938692002632466,20.903201128172043,26.304782427993405,-1.4954816477495698,2404.9876735504295,0.0,70.95064285839511,49.99999999999966,971.4077143007414,False,R410A
2024-11-05 10:35:00,461.4628535262335,82.2473200043695,47.291379788702244,3.335359768906013,1.3241990565711401,20.670046086394287,26.87255824185483,-2.096417032560508,2302.362666812362,0.0,71.16759284187475,50.00000000000013,974.0111141024971,False,R410A
2024-11-05 10:40:00,465.36673751396347,80.44432337917577,48.297435740768364,2.9638348262984886,0.4650320116180085,21.15357382286461,26.912033735401142,-0.1967491516794262,2538.6416573682404,0.0,71.95684004341797,49.999999999999716,983.4820805210156,False,R410A
2024-11-05 10:45:00,463.8852615296827,80.36660686678516,48.82744383638929,2.992235621010596,0.3989454938799399,20.866556547123583,26.014425976397813,-5.200699869030689,2437.1190423877283,0.0,72.00621855237485,49.999999999999815,984.0746226284981,False,R410A
2024-11-05 10:50:00,459.5814823901868,82.66386892847149,46.770407511455176,2.067903157793318,0.3355765662146062,20.843124102024692,26.440974037292804,-0.5105575015880869,2396.4104819406684,0.0,70.92408278337865,49.99999999999986,971.0889934005439,False,R410A
2024-11-05 10:55:00,121.89218958575817,195.39879667051966,1.1072247666770663,28.38277653815202,0.10094491490990914,21.86856835774048,19.247313241490264,16.191748802677203,23.6455888013893,7315.667801826659,71.80381601043806,49.999999999771134,0.0,True,R410A
2024-11-05 11:00:00,123.30103481225852,198.1981202783361,0.30893210973240653,28.9570509669572,0.2769658706165101,20.52678071205885,18.443177633047025,18.531344841750823,-8.792594315723948,7167.448852083989,70.95685058333709,50.000000000000014,0.0,True,R410A
2024-11-05 11:05:00,124.48011523377953,199.85902269167897,0.8485303236311306,29.15715974932226,0.3843580040002934,20.302540300337164,18.57165627505941,15.539158798401093,4.014557883449694,7077.706078607479,70.44403473489987,50.00000000000006,0.0,True,R410A
2024-11-05 11:10:00,461.3258108904574,81.60291972742257,48.26226470026382,2.1874142445622105,0.18798116054642997,20.376497657615197,26.12119211895826,-1.382502661710905,2405.7861420983663,0.0,71.27077356668173,49.99999999999959,975.2492828001808,False,R410A
2024-11-05 11:15:00,461.017863010139,82.0199886315161,48.25056181667193,3.1229193999971225,0.8811924375433329,21.528254968821138,26.196263909999466,-0.5301552259006072,2394.00417566286,0.0,71.03332610297107,49.99999999999963,972.3999132356531,False,R410A
2024-11-05 11:20:00,458.2844407057283,83.81176531437431,47.67539172803941,2.948971147970507,1.2009572648644369,20.01896950521075,26.200858902867544,0.5148033428275504,2232.556462882228,0.0,70.1025326904255,49.99999999999999,961.2303922851061,False,R410A
2024-11-05 11:25:00,455.2357123826059,84.99876800948338,47.80687836466277,3.3198049653882697,0.9647375024339435,20.70509790648689,26.139385631462034,-2.4144893366183258,2204.417525934404,0.0,69.4884961941589,49.99999999999992,953.8619543299068,False,R410A
2024-11-05 11:30:00,452.81307019953493,86.03420516184278,47.37076753991117,2.7494403628444135,1.4239122736857424,20.8431315309224,26.662491918952714,0.09353341275318017,2289.6270539611387,0.0,68.96328582253403,49.999999999999865,947.5594298704084,False,R410A
2024-11-05 11:35:00,453.0766333168546,85.6617150200977,48.045123806907284,3.7694715022649947,1.6718259690594746,21.82725742726231,27.153554808946215,-1.9797609889938435,2260.4055812481233,0.0,69.10582196504299,49.999999999999986,949.269863580516,False,R410A
2024-11-05 11:40:00,453.83683241205864,85.19581449843807,47.49522317167328,3.224381609552487,1.1832960477824912,20.795376638020894,26.22922158945361,1.2501647325639347,2281.2581569207223,0.0,69.29082506732263,50.00000000000011,951.4899008078713,False,R410A
2024-11-05 11:45:00,455.08803933247447,84.07773606754965,48.41506834426931,3.322055318613244,1.1135417610128004,21.849122288536094,26.94065877896377,-2.079743051493365,2247.8576874270398,0.0,69.82066822487404,49.9999999999999,957.8480186984884,False,R410A
2024-11-05 11:50:00,125.82326815482392,201.30117116913874,1.5432811958162242,29.210298625599705,1.2132960098168395,21.061934833556975,18.67147277394986,15.211138975604362,10.252639332906607,6967.540378505912,69.8145164486052,50.000000000000014,0.0,True,R410A
2024-11-05 11:55:00,127.39409706213966,203.23582450356582,0.48780707390508504,29.4811504251211,1.507961302342456,20.757905638940283,19.04317064737119,15.720619637103422,-5.758741955155246,6863.261252123774,69.21863572642157,49.999999999999964,0.0,True,R410A
2024-11-05 12:00:00,127.41411645544378,205.213435109696,2.9814551394681272,29.653047014040865,1.7521474285812926,21.185395548345024,19.283377664812324,16.262045250603773,-7.32671673885439,6763.433669904028,68.64819239945157,49.999999999999325,0.0,True,R410A
2024-11-05 12:05:00,450.8838931340576,86.44925724965672,46.681360749016164,4.101922796323864,1.5125137768588839,20.93980875921391,26.669496456376937,0.20919653140941985,2173.831893171436,0.0,68.58275414201273,50.000000000000014,942.9930497041527,False,R410A
2024-11-05 12:10:00,456.2318622405639,83.4025633910905,48.24208870179552,2.908131472631268,0.8422853648181559,21.13352067655023,26.34767523197519,-2.6995672553139642,2301.788249493405,0.0,69.9848445178524,49.99999999999964,959.8181342142288,False,R410A
2024-11-05 12:15:00,452.8595090276806,85.22478720483686,47.18240924639938,2.713717923820624,1.1012216780909285,21.2281380869152,26.375727140901045,1.5849526341508566,2208.118719144968,0.0,69.11736673290577,50.000000000000064,949.4084007948692,False,R410A
2024-11-05 12:20:00,447.9133921302059,88.11666300141599,47.18405196141105,4.413135359707299,1.6602565784696508,20.79915148160239,25.828896848830077,-1.101663404705158,2185.744662393714,0.0,67.74268488695934,49.9999999999999,932.9122186435121,False,R410A
2024-11-05 12:25:00,449.65022051872626,86.59131869500406,46.57497977261919,3.369871600141402,1.7399497400901531,20.88446397987834,26.84518176243546,-0.4791125964867964,2232.7924416204187,0.0,68.45125127480556,49.99999999999982,941.4150152976669,False,R410A
2024-11-05 12:30:00,453.6318034834951,85.04265969246023,47.48023715635508,2.78138256557854,1.6883913712957668,20.84543177172088,26.24883029752246,1.9684621859845837,2242.368259861373,0.0,69.11297302616077,50.00000000000013,949.3556763139294,False,R410A
2024-11-05 12:35:00,443.76603822600634,90.39992968576782,46.098352486034806,4.188947987952691,2.2859849367778056,20.955273964604405,25.889626058821943,2.6167894748090617,2134.0962790553885,0.0,66.59986068995202,50.00000000000004,919.1983282794242,False,R410A
2024-11-05 12:40:00,448.31314405679836,87.51166037751071,47.49538723853999,4.2004852793517315,2.140711062910548,20.959988111157422,26.335780098744568,-2.324313874073927,2117.697524658297,0.0,67.88236182065346,50.00000000000011,934.5883418478414,False,R410A
2024-11-05 12:45:00,446.51511168410354,87.92653991237269,46.860386666021924,4.09700382203468,2.380652587597124,20.9322939893722,26.29275460139454,1.2798842174682084,2170.445401630636,0.0,67.70947355283579,50.0,932.5136826340296,False,R410A
2024-11-05 12:50:00,129.92524598359722,208.2789032241225,2.654133298281025,29.119820462793818,1.6351418469838381,21.01796978709808,18.677566197293817,16.394063148572453,-13.576252738349455,6584.843307829416,67.62767604473952,49.99999999999648,0.0,True,R410A
2024-11-05 12:55:00,130.67771079201975,207.5487160777353,1.0213346647007104,29.911545128910912,2.02219877039638,20.93194225397679,18.693014511512832,17.780278809516876,-11.302587983902736,6613.819414846964,67.79325379912551,49.99999999999719,0.0,True,R410A
2024-11-05 13:00:00,127.96750226979863,206.4674463022748,1.8990481879808034,30.5264501403625,2.435697588012628,21.68401183751135,19.594677097404688,16.57018230182746,-1.9416807629646775,6670.35791524371,68.11633094424977,49.999999999998224,0.0,True,R410A
2024-11-05 13:05:00,441.930538016653,90.89108545910283,46.307195689471,4.638459001944178,3.029689142738079,20.6209700365487,26.458992654354397,2.2913335035249056,2122.6349038604894,0.0,66.27178632517827,49.99999999999997,915.2614359021394,False,R410A
2024-11-05 13:10:00,443.9459436209305,89.4959852433561,46.44634424699195,4.471212664923417,1.9928137969185267,20.789895642897065,26.661401422931792,1.864756521794956,2082.3865608622027,0.0,66.89209811672558,50.00000000000008,922.7051774007068,False,R410A
2024-11-05 13:15:00,444.3914630260378,89.67876233043195,46.76289416541367,5.1450749739239185,2.8210810939838256,21.615058502663718,26.51635522260598,-1.8565552744650502,1975.794767760039,0.0,66.75284148947932,50.000000000000085,921.0340978737518,False,R410A
2024-11-05 13:20:00,443.84204665365087,89.52240008578072,46.117556359873504,4.997066652512633,2.375000985141865,21.966077013651255,26.796763925371074,3.504718191367519,2071.3047148391533,0.0,66.80135595317927,49.99999999999999,921.6162714381513,False,R410A
2024-11-05 13:25:00,447.3029669940704,87.78980141986943,46.6032714596101,4.739038334368812,2.4355548695707836,21.853140837307066,26.611746495193117,2.3904928477264753,2202.5495603506233,0.0,67.5436744189141,49.99999999999994,930.5240930269692,False,R410A
2024-11-05 13:30:00,441.1490705187797,91.18209792073132,46.57373663852525,3.6362255198828097,2.815477794929429,21.018212445054505,26.777094458083486,-0.7248812761402067,2034.0847367448328,0.0,65.95499535018068,49.9999999999999,911.4599442021682,False,R410A
2024-11-05 13:35:00,445.4133903975127,88.95970098982527,45.19130992834768,5.4258889457939254,2.543217693249281,20.743818344179616,26.38023321619031,2.250989347568213,2003.8105862305956,0.0,66.88174514685426,50.00000000000014,922.5809417622512,False,R410A
2024-11-05 13:40:00,441.1971176056793,90.69341880883239,46.31930627118248,5.285358857229551,2.805895808946702,20.925694249248085,26.387290737745197,3.441276554362975,2091.571570536676,0.0,66.06568272096882,50.000000000000135,912.788192651626,False,R410A
2024-11-05 13:45:00,445.23768143772185,88.48095685617007,46.216614848348314,5.719328525218628,2.489537635028104,21.290955170341086,26.105235313047416,2.044331330964144,2125.0435709599865,0.0,67.0228193635869,50.00000000000003,924.2738323630429,False,R410A
2024-11-05 13:50:00,445.2203362585386,87.96679823546347,46.01443408783616,3.981379451128908,2.202358414342746,20.911073919754646,25.912035222873293,3.4292966531841396,2093.2828650178217,0.0,67.2549150669679,49.99999999999999,927.058980803615,False,R410A
2024-11-05 13:55:00,439.9408841934956,91.56737600332022,46.005125823642494,4.335803081836209,3.150466912194321,21.221753286138185,26.518849471118756,5.63537922657847,2016.8466350004883,0.0,65.56494323067867,49.999999999999915,906.7793187681441,False,R410A
2024-11-05 14:00:00,133.27520639943899,212.37425159352284,3.531843610588298,30.92172719054656,2.565436459690767,21.154927117602487,19.430022888159378,17.791996226272587,2.5942258281405417,6328.658713235611,66.16376407563206,49.99999999997854,0.0,True,R410A
2024-11-05 14:05:00,132.0167013005814,210.14751630869893,3.1315319652675906,30.47427388464692,2.7591579281496976,21.31557500887953,19.50775344594264,17.029430306484635,18.019413231885576,6435.813982666075,66.776079900949,49.99999999998909,0.0,True,R410A
2024-11-05 14:10:00,136.0027485677808,216.02746211736468,3.3771365419525248,31.77152504921325,3.497278619999016,20.703339595512247,18.9827651437823,17.455283805385115,-29.33054132052189,6144.357429907956,66.0,49.99999999994279,0.0,True,R410A
2024-11-05 14:15:00,433.1632680117149,94.53921219445756,45.752117434630215,6.451801568626858,3.4293777441024353,21.047186377334995,26.666795334053703,-1.299237226761607,1855.8961823390441,0.0,64.17132520733264,50.00000000000001,890.0559024879917,False,R410A
2024-11-05 14:20:00,435.10030900095506,93.84632870432888,45.84940947689812,5.735852223993326,4.077374294493652,20.86251156501969,26.554579536453765,2.0276443478827186,1931.1149994294651,0.0,64.44100140713385,50.0,893.2920168856062,False,R410A
2024-11-05 14:25:00,438.36703364923267,92.04667098839904,45.65214512659123,5.285204961309882,3.352672596319896,20.05069139402028,25.787525493533092,2.552065174152963,1964.4968422267625,0.0,65.1888820315675,49.99999999999987,902.2665843788101,False,R410A
2024-11-05 14:30:00,436.7486931800504,92.70150628249152,45.22545988196679,5.8320263658102105,3.61919517492292,20.222717814591096,26.101114502055022,3.9460222035222134,2023.5310066938537,0.0,64.8586670878957,49.99999999999998,898.3040050547485,False,R410A
2024-11-05 14:35:00,433.8446125768133,93.85331813058258,45.06408947410298,5.696227014268231,4.053759848723236,20.82968548370587,26.294847973495244,4.400843518003301,1963.93346600278,0.0,64.35121730577103,49.99999999999991,892.2146076692524,False,R410A
2024-11-05 14:40:00,433.5549088179089,94.38951313364802,45.7012887006858,5.786859581215964,4.055323304372352,20.55792687921679,25.700232492480012,-0.1241195982666643,1912.17883788126,0.0,64.0862987366713,50.0000000000001,889.0355848400555,False,R410A
2024-11-05 14:45:00,436.5807586119801,92.77267233957477,45.51293415705117,6.139890717460958,3.9708841956615846,21.211489741807217,26.296131167167655,2.1905090533781246,1957.7882237090082,0.0,64.75735350375336,50.00000000000006,897.0882420450404,False,R410A
2024-11-05 14:50:00,434.61046444292464,93.18432565180163,44.9469422617833,6.336511099586993,3.6186335144735833,21.625946601955153,26.56521306275461,4.95130906058564,1942.0933953646118,0.0,64.58675565772958,49.99999999999992,895.041067892755,False,R410A
2024-11-05 14:55:00,434.3098017525747,93.58262853474037,44.55947948184126,6.339435255803793,4.1077809497403575,21.42206522859094,26.196280250250545,3.2273869840786444,1937.9230015374512,0.0,64.40509573225552,50.00000000000003,892.8611487870661,False,R410A
2024-11-05 15:00:00,138.88094488176262,219.37266769691774,4.396459841670695,31.896429259259744,4.017421500964701,20.858893785461763,18.97882511692546,18.320256578503802,-12.755558647637823,5956.809559532123,66.0,49.999999999871676,0.0,True,R410A
2024-11-05 15:05:00,137.98283074728567,218.34858224553656,3.576502526878248,30.779997244133767,4.0021817653623675,21.172679946321924,19.43504582920372,17.804718443106143,4.843378681189048,6002.537891696374,66.0,49.999999999893504,0.0,True,R410A
2024-11-05 15:10:00,138.44074377660672,218.88461420099523,4.100118231005337,31.86082130998092,4.056013105016717,21.307720966410997,19.273189477865746,18.79346857277623,2.6884158201808903,5972.7764763879295,66.0,49.99999999987953,0.0,True,R410A
2024-11-05 15:15:00,430.0910258599596,96.52489662858012,45.46715106903729,6.157946506324496,4.909155610255878,20.86832754347777,26.53384161286752,5.544830933641297,1881.5638529040748,0.0,62.92612697467396,49.999999999999936,875.1135236960874,False,R410A
2024-11-05 15:20:00,429.1664798051689,96.58084150391545,44.170375712318055,6.50202022283497,4.783306444408051,20.685842262435646,26.467664870752632,4.75232071410339,1848.961468943875,0.0,62.86623453531947,49.99999999999994,874.3948144238335,False,R410A
2024-11-05 15:25:00,430.26093315763404,95.89493175058413,44.900227302581804,6.100726563190226,4.303388365456077,20.85332280932958,26.599361505590913,4.118034355859825,1814.6336578211935,0.0,63.12745598090194,49.999999999999936,877.5294717708232,False,R410A
2024-11-05 15:30:00,426.99333658598914,98.28646497147562,44.4155081896509,6.988489721920096,4.806479536452942,20.66372365023122,25.875227480540584,6.087380593243945,1727.0202135984503,0.0,62.00228070069421,49.999999999999986,864.0273684083305,False,R410A
2024-11-05 15:35:00,430.0299246239707,95.54052662961402,45.13271613884848,5.889902584004882,4.394614154342214,20.891922689689316,25.888146798174187,5.30531556359117,1859.5536640150153,0.0,63.18091920275867,50.0,878.171030433104,False,R410A
2024-11-05 15:40:00,425.04786673194775,98.3485049750165,45.10157782332637,6.383644182819272,4.7959724688546865,20.879434700327902,26.544033658252772,4.858125111900986,1723.9179392429057,0.0,61.951994197643074,50.000000000000064,863.4239303717169,False,R410A
2024-11-05 15:45:00,427.585538769053,97.1131634419298,44.006866798644666,7.382555466650953,4.455552064967603,20.914712580645883,26.653496672552762,7.0473293829016415,1747.3468164673427,0.0,62.45758054926899,49.99999999999999,869.4909665912278,False,R410A
2024-11-05 15:50:00,420.8518710239197,101.16049294182245,44.289849035046046,7.175237779058623,5.0216508449530375,21.327807937969332,26.75613637414639,4.9126434301489414,1691.6293404116047,0.0,60.6798668285151,49.9999999999999,848.1584019421813,False,R410A
2024-11-05 15:55:00,430.39559468742976,95.05636513527394,45.50967778124969,6.341611287624388,3.8766666476475975,21.479327502998082,26.77446551585437,4.939473972155404,1794.8841680224662,0.0,63.31710905000758,50.000000000000085,879.8053086000909,False,R410A
2024-11-05 16:00:00,429.03536464297537,95.7220559432096,44.79235384836789,6.963200916173045,5.081565401205085,21.748887462816633,25.946584067804775,3.5929468878294997,1807.4312308592755,0.0,63.028113014256746,50.0,876.337356171081,False,R410A
2024-11-05 16:05:00,426.95669667988375,97.8185599272867,44.448286577124804,7.434471965019627,4.780369827015908,20.918049337098633,25.88486584777609,5.380168338324262,1750.234019391439,0.0,62.045360196190316,50.00000000000011,864.5443223542838,False,R410A
2024-11-05 16:10:00,425.572610840731,97.99867840435013,44.687510660139736,7.426376134927977,5.599990122416645,20.820750191499787,25.616666629448446,4.2805648489055255,1709.6588255806612,0.0,61.9420959350594,49.999999999999865,863.3051512207128,False,R410A
2024-11-05 16:15:00,421.4867296096985,100.1714472927972,44.298679118578626,7.649739151072452,5.619252274168359,21.44804351727303,26.829684325373773,5.459674209738706,1695.8074743443442,0.0,61.003388212356626,50.000000000000014,852.0406585482796,False,R410A
2024-11-05 16:20:00,427.6336761882634,96.8422521706867,44.943499355452055,7.158904251910443,4.781975191151187,20.752867957187433,26.254650653466445,6.68703850752457,1779.1310446911948,0.0,62.406194804715966,49.999999999999936,868.8743376565917,False,R410A
2024-11-05 16:25:00,423.2976517824147,99.1345731714207,44.55559128178734,7.986609374854092,4.8498837735046445,20.786345646141054,26.397612373783133,5.75191710993229,1767.1517273558197,0.0,61.399869382897975,49.99999999999987,856.7984325947757,False,R410A
2024-11-05 16:30:00,422.4726082031505,99.5745050089125,43.70932698685354,7.612093777449193,5.40098314912432,20.89677056143084,25.655789251063247,5.376423593141357,1675.5489548394446,0.0,61.20083503909699,50.000000000000036,854.4100204691637,False,R410A
2024-11-05 16:35:00,423.4561453029947,99.15970262319844,44.75253158543016,6.404867711155977,5.891124014653538,20.262570789713067,25.34068725960012,4.048766092384678,1702.5045913126294,0.0,61.35306223087386,50.00000000000007,856.2367467704862,False,R410A
2024-11-05 16:40:00,426.5780447682511,96.73170193091173,45.24046307706353,6.526304735633742,5.257862361913812,20.721302161146962,26.55897554048266,4.478800043212017,1743.1781799273847,0.0,62.41885732258242,50.000000000000014,869.026287870989,False,R410A
2024-11-05 16:45:00,421.65081762489825,100.1921168655624,44.18172936533583,7.8966011445401305,5.63068770448836,21.685643565765123,26.159032536123032,4.040413607104569,1685.8466574407846,0.0,60.90316778264183,50.00000000000004,850.8380133917019,False,R410A
2024-11-05 16:50:00,421.9041368244744,100.39450809453625,43.28923764124715,7.304698307115985,5.273645764199182,20.452292401392185,26.431898652819058,6.005222622207719,1685.556269593743,0.0,60.76350745205862,50.000000000000085,849.1620894247034,False,R410A
2024-11-05 16:55:00,422.2354898690972,99.69390400813069,44.08374320172946,8.288564996756643,5.191362323452574,20.354342849235206,24.886951827757244,5.84038956671716,1714.5815863001453,0.0,61.04297614594536,49.99999999999989,852.5157137513444,False,R410A
2024-11-05 17:00:00,422.67108783081545,99.1616521755861,44.323307068095,7.333604579750499,5.109416940815977,20.572027253674246,26.192378809345218,4.685559047920125,1723.570794292434,0.0,61.26961101233257,50.000000000000014,855.2353321479909,False,R410A
2024-11-05 17:05:00,422.5797939570477,99.18063423078958,43.65124202056912,7.411234866396347,5.752056958925439,21.455541488458312,26.399272940789366,6.5321424676003375,1790.9471775507363,0.0,61.26277903856675,49.99999999999987,855.153348462801,False,R410A
2024-11-05 17:10:00,423.3213952576627,98.75572155005943,44.112144580621376,7.839420616237695,5.766564647619455,20.93521152509897,25.688539461891423,6.299944586156819,1748.9921530594943,0.0,61.445902966426345,50.00000000000011,857.3508355971161,False,R410A
2024-11-05 17:15:00,421.7224259005338,99.78031898216449,43.42124182186375,7.407339697154647,5.55753249629957,21.213761318160703,25.951195603302182,5.1484112442552465,1661.994878773601,0.0,61.00247070838141,50.0000000000001,852.029648500577,False,R410A
2024-11-05 17:20:00,423.0601989679292,98.92201323808541,44.56838385215506,7.40182153164831,5.2227588831272715,21.36931645809096,25.567784762623933,5.37919413543869,1693.987330510671,0.0,61.37263397243157,50.000000000000014,856.4716076691788,False,R410A
2024-11-05 17:25:00,425.24864364631065,97.91974399666599,44.50018139557392,7.559956757835694,5.575008164834434,21.175988572629663,26.223472680066816,4.021937797895037,1766.760273991025,0.0,61.77920996832773,49.999999999999886,861.3505196199327,False,R410A
2024-11-05 17:30:00,424.9399607325759,97.37606835065017,43.69459088557837,6.240554734769166,4.683117980426522,21.706126514772063,26.102415465101473,4.204509515389421,1700.2019714106457,0.0,62.04661991462798,49.999999999999964,864.5594389755357,False,R410A
2024-11-05 17:35:00,425.14999223572465,97.98281456202275,44.5858733486852,6.977163028280612,5.135359107754496,20.931928887783403,26.2498863659545,3.5418043955108143,1749.6911239338485,0.0,61.76037578105122,50.0000000000001,861.1245093726146,False,R410A
2024-11-05 17:40:00,422.38899818200133,99.30215477764426,44.17005478187254,7.816830973599314,5.5411441257735925,21.08880598261224,26.306873709471265,4.423917336188755,1729.7938760260695,0.0,61.19549134818049,49.999999999999865,854.3458961781658,False,R410A
2024-11-05 17:45:00,423.1351040824218,99.05014366811604,44.49297711329878,7.386440111609199,5.0947998552849825,20.973323140715152,26.27552216859247,4.749251173182094,1739.241137624042,0.0,61.29271992512419,49.99999999999994,855.5126391014903,False,R410A
2024-11-05 17:50:00,422.21858948239645,99.20210974809132,44.02269435702159,8.109052807506323,5.184611635050191,20.9460580302825,25.789382736652083,3.2150186548125372,1681.789259092267,0.0,61.249228197064824,49.99999999999987,854.9907383647779,False,R410A
2024-11-05 17:55:00,422.2709582226767,99.85595033084493,43.70107618906017,6.742950468330971,5.316790873668149,20.64489239474674,26.03477064534222,5.607726122420552,1703.774937496265,0.0,60.93817570515114,49.99999999999999,851.2581084618137,False,R410A
2024-11-05 18:00:00,424.30690786596887,98.51553146701367,43.92238428511493,6.411256984901824,5.681275925671317,20.369873556272786,25.39182910260882,5.7783861394011655,1763.8303270198085,0.0,61.48748426225022,49.9999999999999,857.8498111470027,False,R410A
2024-11-05 18:05:00,419.0686472080628,101.61950231746464,43.53214266407659,8.316539561843635,6.506006486649404,20.850618549124967,26.494321843927718,5.423778568622953,1609.4901983947552,0.0,60.136607392935446,50.00000000000014,841.6392887152253,False,R410A
2024-11-05 18:10:00,422.3404573895381,98.90512614634208,44.25916529440661,7.7665666126449455,5.368100764249527,20.532390288340807,26.094879443894083,2.136420946740053,1706.2802372700185,0.0,61.332673989642885,50.000000000000036,855.9920878757147,False,R410A
2024-11-05 18:15:00,423.6068462633872,98.80996963283044,44.333089034464315,7.224561927581523,5.240721354884604,20.75589035988599,25.865387534592795,4.568194166582343,1719.5458284704248,0.0,61.357626138005116,49.99999999999999,856.2915136560614,False,R410A
2024-11-05 18:20:00,421.21196636408644,100.14033299213966,43.947109210247426,7.810238334487549,5.430088811966698,20.4852255647836,25.536207132776237,3.7166549220972063,1636.9377804052417,0.0,60.779917731070626,50.00000000000011,849.3590127728474,False,R410A
2024-11-05 18:25:00,426.1502188641238,96.59696873155914,44.41873729816652,7.198740725262664,4.8266611304820595,20.289163484619305,25.486636361982704,3.7165182039102094,1790.0187888034766,0.0,62.34772552710608,49.99999999999989,868.1727063252731,False,R410A
2024-11-05 18:30:00,424.6382256837471,98.00402685433502,44.22765992224774,6.721919655406823,4.963784732901659,21.182889994457415,26.452095740729824,6.08078755896122,1790.4926068545028,0.0,61.74229748333461,49.99999999999997,860.9075698000153,False,R410A
2024-11-05 18:35:00,420.76393564954736,100.49821274702312,45.25376634213695,7.3133705466307175,5.637685661448801,20.006274111744784,25.9854126615678,2.732321651285832,1697.4347795419424,0.0,60.666410531689266,50.000000000000036,847.9969263802712,False,R410A
2024-11-05 18:40:00,426.9318650034182,96.76797650729664,44.21560091400146,6.960245103265228,4.989351860567087,20.54402531561611,25.830622802968897,3.5490194887785513,1803.5740445451763,0.0,62.26923597266819,50.00000000000001,867.2308316720182,False,R410A
2024-11-05 18:45:00,420.3056715256931,100.71700298298045,43.68461866998409,8.167238247603954,5.593599884819983,21.259878846667014,26.219914610318376,6.044763379511986,1665.948322195083,0.0,60.56961246468581,50.00000000000013,846.8353495762296,False,R410A
2024-11-05 18:50:00,419.49570450889144,101.25921030447144,45.524130540061265,7.247416888984759,5.773518933379522,20.62806915605011,25.61213871146986,4.628469232615091,1625.5330248126945,0.0,60.3392092956725,50.000000000000014,844.07051154807,False,R410A
2024-11-05 18:55:00,423.93386199036337,98.82686650650501,44.47008902141315,7.221583023788656,5.264920494234475,21.664006016940082,26.98462253811121,4.0421266625842405,1708.2656060129273,0.0,61.35888632048767,49.999999999999865,856.306635845852,False,R410A
2024-11-05 19:00:00,422.0076136416069,99.8961058884594,43.39075730077224,7.436884839182327,5.463734124616705,21.62117595594445,26.73171867918678,7.091409323642074,1627.0620176941025,0.0,60.88199368993091,50.00000000000007,850.5839242791709,False,R410A
2024-11-05 19:05:00,419.34361662968104,100.44441058197866,44.440697788492,7.849840637183558,5.508426721557313,21.00853680963284,25.937376943742507,5.5192484780727,1686.6597891963202,0.0,60.718277830675646,49.99999999999978,848.6193339681078,False,R410A
2024-11-05 19:10:00,424.5251586695036,98.08515267939998,43.95165232771009,7.120088451914692,5.353096617800151,21.955110752210246,26.84978037731581,5.558740047951086,1744.678063073125,0.0,61.75112472616178,50.000000000000135,861.0134967139414,False,R410A
2024-11-05 19:15:00,421.8334730091087,99.81627328312496,44.587049238968355,7.217033561344165,4.958754544552662,21.151023529993534,25.654938417822702,5.484645071119814,1669.1688121802028,0.0,61.02004929350882,49.999999999999986,852.2405915221059,False,R410A
2024-11-05 19:20:00,425.42008188576796,97.25713383935509,44.46025358806071,7.536636586717305,5.384637654038981,20.91697038148278,26.470112949429094,4.57405108793738,1740.1144751460297,0.0,62.175292607322795,50.000000000000085,866.1035112878736,False,R410A
2024-11-05 19:25:00,426.09479352801554,97.43294031769041,44.32135648804192,6.675365375474084,4.985652955245394,21.221522181927806,26.382187545513407,5.709019026256618,1763.7496830300702,0.0,62.11001176743101,50.000000000000085,865.3201412091722,False,R410A
2024-11-05 19:30:00,427.17479365744356,97.09831012580808,45.395363355738894,6.732910656722479,5.06196411102916,21.68906959282928,26.553694126465803,6.284305442700491,1809.0775583112102,0.0,62.24208232353359,50.000000000000085,866.9049878824031,False,R410A
2024-11-05 19:35:00,424.0714088048338,98.36102203988784,44.68303660402284,6.337803278449222,5.351075431353697,21.33766521560351,26.794351443986947,2.9500351717983886,1772.2202315514069,0.0,61.73289580718193,49.99999999999986,860.7947496861832,False,R410A
2024-11-05 19:40:00,423.0701841245985,99.42712476876227,44.71683992492081,7.002726786648772,5.1471219770625485,20.77241324971064,26.288920900802026,4.824222368884673,1710.459273967406,0.0,61.28092054985656,49.99999999999968,855.3710465982788,False,R410A
2024-11-05 19:45:00,426.1302588603036,97.26501803489276,44.81195858856811,7.132039706425339,4.599694101402042,20.93309657666108,25.687140167462104,4.330802919857386,1836.196951412565,0.0,62.25199666348837,50.00000000000007,867.0239599618604,False,R410A
2024-11-05 19:50:00,429.29588728907265,95.51007348332061,44.67118369548673,6.635759701666383,4.165777938092805,20.693502981345432,26.757447426318517,3.546181488176705,1919.8775106621272,0.0,63.049082553022096,50.00000000000006,876.5889906362651,False,R410A
2024-11-05 19:55:00,429.68268415839066,95.8876640987147,45.131670735425494,6.865100461304366,4.491221557322908,20.47028401415448,25.98891038342745,5.046402595744923,1802.7449690684034,0.0,62.86931606745703,49.99999999999998,874.4317928094845,False,R410A
2024-11-05 20:00:00,425.82046644689166,97.67371600816381,45.15020294003103,7.2146974847211025,5.148967749213576,21.403989269982954,27.330590314927015,4.696094024267325,1741.7624046353922,0.0,62.121587316503465,49.999999999999964,865.4590477980416,False,R410A
2024-11-05 20:05:00,423.1802622504686,99.6102489470255,44.302389308277185,8.397163302789702,5.178177677075878,21.176114863264036,26.35436732356754,6.778779149084904,1723.6941244144462,0.0,61.29338743071575,49.9999999999999,855.520649168589,False,R410A
2024-11-05 20:10:00,426.3750854446371,97.09724501706765,45.56642067690615,6.405271419966017,4.961580325742963,20.956077291073065,26.71896897283569,5.379467242985574,1762.8283136964478,0.0,62.441598332621055,50.00000000000007,869.2991799914525,False,R410A
2024-11-05 20:15:00,429.6787144506104,96.18828354449808,45.23197121295135,5.781317979815413,3.880653485874448,21.365115355625115,26.6604728552952,5.455732289321631,1843.8767496515018,0.0,62.81794029693438,49.99999999999992,873.8152835632126,False,R410A
2024-11-05 20:20:00,426.55157574282185,97.71006829112568,44.667205610354046,6.393104388006589,4.802710725449776,20.319301096832067,25.889687431635366,3.2192166660561163,1764.9531369223976,0.0,62.1632382279153,49.9999999999999,865.9588587349837,False,R410A
2024-11-05 20:25:00,428.914311322709,96.11184511383118,44.95777456427668,6.205465683727181,4.907432811926445,20.41587389706655,25.746736868689396,3.251205677625924,1817.9488072596096,0.0,62.885416796714054,49.99999999999994,874.6250015605686,False,R410A
2024-11-05 20:30:00,429.78824616304695,95.83919018907672,44.94915599440383,6.005453291798184,4.441325373396759,21.517297763008226,26.40986488105605,3.2689253052368663,1790.9306262679488,0.0,63.01476647978672,50.00000000000013,876.1771977574408,False,R410A
2024-11-05 20:35:00,431.080104278354,94.60601302447849,44.47828313967371,6.241627047194157,3.9460535325218804,20.56333164507647,26.24548568574983,5.01791542562218,1836.668740542952,0.0,63.61040675325654,49.999999999999865,883.3248810390785,False,R410A
2024-11-05 20:40:00,426.91147571773126,97.86960854621262,44.523070833471245,7.535518210944447,4.712137791524658,20.50487553054709,25.955309896548556,3.442014472034128,1728.6980160312828,0.0,62.181618483668124,49.99999999999994,866.1794218040176,False,R410A
2024-11-05 20:45:00,435.8067787250879,92.22273872874251,45.62126168038373,6.422271619534092,2.7440353141286704,20.60396637398266,26.304250151053118,2.2145077338383725,2009.6131554135436,0.0,64.69511583390172,49.999999999999915,896.3413900068208,False,R410A
2024-11-05 20:50:00,428.68641375139543,96.52457625122315,44.60269634416225,6.837835711195949,4.282140869149071,21.442965046822977,26.858540958398095,2.9643260428720914,1827.9681152841667,0.0,62.82863707945471,49.9999999999999,873.9436449534564,False,R410A
2024-11-05 20:55:00,432.087034480288,94.50220718970292,45.32617358471346,7.194189340578857,4.4407256446056245,21.678073134744373,26.515120864059732,6.376580451730604,1913.92800259015,0.0,63.7528935342963,49.99999999999994,885.0347224115557,False,R410A
2024-11-05 21:00:00,432.6077525458488,94.25872338475642,45.22306200534542,5.871935791492972,3.875341489707312,20.99002763085163,26.84355651181641,3.4078904101100576,1889.7317682243777,0.0,63.899755360447635,50.000000000000085,886.7970643253717,False,R410A
2024-11-05 21:05:00,428.61471224284077,97.03701487905857,45.14644999798847,5.837601742413342,4.514497954814187,21.0794725569452,25.72779618870263,4.683749279973619,1721.565947583221,0.0,62.69227747317089,49.99999999999993,872.3073296780507,False,R410A
2024-11-05 21:10:00,434.32524969663143,93.57380570171138,45.67035246782684,6.408193997552122,3.1820613074971154,20.55563722568046,26.178039542407674,2.2409876456128353,1873.9618263291309,0.0,64.23679007278392,50.00000000000006,890.841480873407,False,R410A
2024-11-05 21:15:00,434.69008056800465,93.50801546380997,45.43858935805934,4.9406858517695795,3.3707317097103413,20.920775704063637,26.906910046365663,4.319241447564089,1934.7528486221106,0.0,64.28003390471179,50.000000000000014,891.3604068565414,False,R410A
2024-11-05 21:20:00,433.59767720259185,94.0204905163298,44.59732193172842,5.581260652144196,4.315776917074024,20.63477799165892,26.561904323404832,1.685095538251612,1842.9364236826493,0.0,64.0824756730118,49.99999999999999,888.9897080761417,False,R410A
2024-11-05 21:25:00,432.91872092989905,94.6142261781111,46.084785135846865,6.340824427536356,4.265956535523426,20.637809895222357,26.508843520599616,2.6017655661245143,1824.5421115018914,0.0,63.83846337735008,49.99999999999999,886.061560528201,False,R410A
2024-11-05 21:30:00,435.1204473028174,93.14094644675237,45.37779620453151,5.683820321552828,3.345779352145389,21.30349990701253,26.68754137482559,2.5036371621052185,1883.8675010613335,0.0,64.52997787684556,50.000000000000036,894.3597345221468,False,R410A
2024-11-05 21:35:00,438.74969420581715,91.7629495570502,45.6313911458868,5.342077788251758,3.2483824522155444,21.29272328935421,26.450778600075495,3.1564257081957847,1986.083097639169,0.0,65.12489166062498,49.9999999999999,901.4986999275,False,R410A
2024-11-05 21:40:00,436.3569682937602,92.19691569890216,45.45284525049288,4.910797417133232,3.492440730643599,21.691443182796913,27.001253111590028,2.2081101194560415,1970.5422013164537,0.0,64.99761513291352,50.00000000000006,899.9713815949624,False,R410A
2024-11-05 21:45:00,432.86144029881734,95.072588152725,44.903195534592534,6.131396988449598,3.77795986351924,21.22015696499478,26.849180346048602,5.160796284261934,1929.2675106053898,0.0,63.72640363366747,50.000000000000014,884.7168436040097,False,R410A
2024-11-05 21:50:00,138.1714114386016,217.9153584329127,4.542598040341608,32.27240026071024,3.1693258512872653,20.66151131180996,19.03147464053731,19.27379222076777,11.216248736872842,6030.300844280529,66.0,49.999999999904944,0.0,True,R410A
2024-11-05 21:55:00,137.046104061019,218.00724191943488,4.460225553348737,31.777187351423706,3.7194402769238657,21.009557782551155,19.16393594076745,18.077599967071414,-10.545687685150105,6031.478812395506,66.0,49.99999999990543,0.0,True,R410A
2024-11-05 22:00:00,137.78513274120883,216.69054785526566,3.8123934617239055,31.17508382011454,3.7619793285870426,20.636710099022338,18.45853901342783,19.587813837003573,43.589457130836614,6093.431134022725,66.0,49.999999999927894,0.0,True,R410A
2024-11-05 22:05:00,438.07598345259225,92.06261211548447,45.612617644274806,4.821073807714441,3.622400233932092,21.109211989641846,26.045449150624904,2.5515584667400484,2051.6736173461472,0.0,65.11031392397379,49.999999999999936,901.3237670876855,False,R410A
2024-11-05 22:10:00,432.8621999779863,95.12448065967835,45.47116065759055,5.71306715507731,4.380435662217742,21.458984525279813,26.868528872307866,3.027427809314986,1811.235987670667,0.0,63.7642711068898,50.00000000000013,885.1712532826778,False,R410A
2024-11-05 22:15:00,437.3038446603122,92.3333277586793,45.67539774635794,5.6781678689095205,3.015933814168394,20.608210022762027,26.69346353888313,3.877816640197635,1888.0441811693165,0.0,65.03599801459532,49.999999999999936,900.431976175144,False,R410A
2024-11-05 22:20:00,438.46908574631976,91.68068852994755,45.6677270648592,5.488016432485524,3.3335858742537505,21.16693398209853,26.625131187233073,0.3633907254174713,1963.9526992331143,0.0,65.36756939738866,50.00000000000011,904.410832768664,False,R410A
2024-11-05 22:25:00,435.58551473066683,93.43923385340702,45.65273052862966,5.288176359200163,3.6078945002292606,20.9601334033196,26.983161242138905,3.9232469762267064,1978.6921657638845,0.0,64.623140181004,50.00000000000007,895.477682172048,False,R410A
2024-11-05 22:30:00,440.59371127488265,90.78869120451944,45.71757906163494,3.9770763755320857,3.0562898808739565,20.894062496877627,26.362340834201582,1.8693612923094556,2036.8370006196362,0.0,65.83508782695378,50.00000000000003,910.0210539234453,False,R410A
2024-11-05 22:35:00,440.8835996868138,90.92224917002137,46.04357393349057,5.320083979850942,3.046543107924619,21.129086047760126,25.868552724419985,1.8954702943624882,1987.312336287998,0.0,65.77984480397029,49.99999999999996,909.3581376476434,False,R410A
2024-11-05 22:40:00,439.42323129472334,91.48078388099876,45.93770214625571,4.770357389252524,3.021076634557895,20.82547763011647,26.21145317700281,4.677348023662873,1987.1697973708713,0.0,65.5615778225197,49.999999999999915,906.7389338702363,False,R410A
2024-11-05 22:45:00,439.894781158911,91.0266722569388,46.235016522436034,5.4331332237648695,2.183264847992546,20.46334815150933,25.815077282764673,2.0573892124874176,1959.0991806058867,0.0,65.82279603148555,49.99999999999987,909.8735523778265,False,R410A
2024-11-05 22:50:00,440.4793265263155,91.22984069397874,45.59672612177632,4.746885711583957,3.473489238819034,21.45823241176108,26.796235451052507,3.580855165410224,1997.3852299924874,0.0,65.75011893470433,50.00000000000031,909.001427216452,False,R410A
2024-11-05 22:55:00,436.54639419715795,93.55915396072345,45.87707432650234,5.143374906413008,3.7363221828904396,20.68909778553693,26.1317317993465,3.416569862412936,2036.0646947199273,0.0,64.72534973350417,49.999999999999574,896.7041968020501,False,R410A
2024-11-05 23:00:00,440.9042182562542,91.02744156212152,45.502155013015084,5.136171607642672,2.614298717751928,21.102600179598515,26.31316912354295,2.9425766793624533,2031.9151381252855,0.0,65.88082869197424,49.999999999999936,910.5699443036908,False,R410A
2024-11-05 23:05:00,447.7101696834694,87.27628807590048,46.3150631782852,5.377054276218756,2.340144157103397,21.056205912875846,26.134298957017457,1.4476624033784886,2222.970791842058,0.0,67.60359067758887,49.99999999999967,931.2430881310663,False,R410A
2024-11-05 23:10:00,441.6008474436958,90.51391254234322,45.802170784510494,5.285670576780462,2.7769641391217346,21.062456380198668,26.402759180058435,2.1084400788792776,2010.8806649109326,0.0,66.17768883755565,49.99999999999986,914.1322660506679,False,R410A
2024-11-05 23:15:00,442.98011440838695,89.68037614798756,45.69423009214854,4.76110167848909,2.567300333960845,21.309934060943462,27.044123689431576,3.7209804190480567,2092.5070720443055,0.0,66.61401594222767,49.999999999999915,919.3681913067321,False,R410A
2024-11-05 23:20:00,131.65865279040105,210.47549232344403,3.0735546905033875,30.74514931700104,2.3351991683638467,20.8631735004953,19.67240839132882,18.49618361859879,-2.9290057605007314,6451.996757916305,66.86855290237888,49.999999999989925,0.0,True,R410A
2024-11-05 23:25:00,130.80374116405326,209.8861446633989,1.974369619314849,29.58333792666695,2.619974999205427,20.604775735995997,18.881520010210483,16.9592148988087,-33.37886840964276,6489.3864499065885,67.0822082851805,49.99999999999234,0.0,True,R410A
2024-11-05 23:30:00,131.0509705678069,208.8530678223128,1.9527954478715248,29.741083431198582,2.0623065451200007,21.162131411627872,18.96704363323026,16.25637747588543,23.07080967586686,6544.2112341987995,67.39549276685028,49.99999999999531,0.0,True,R410A
2024-11-05 23:35:00,447.2455862843024,87.99533672719625,47.22428906317295,2.9490886235702662,1.8755026502666556,21.337383870558753,26.05342256958901,-1.3799206772868295,2205.793260973014,0.0,67.59089388781233,49.99999999999989,931.090726653748,False,R410A
2024-11-05 23:40:00,446.3482561392034,88.5029220464763,46.24292597681335,5.16064717696807,2.6352336728615584,20.953472239396746,26.83567416394885,2.777205499730545,2130.9226529626085,0.0,67.40857954064049,50.000000000000085,928.9029544876859,False,R410A
2024-11-05 23:45:00,449.6878124430172,86.20619098737873,46.86983775193879,4.478480888567421,1.6611234510595294,21.925893393115544,27.211768607717726,2.393479648655955,2179.1206314566907,0.0,68.5704242520209,49.999999999999915,942.8450910242508,False,R410A
2024-11-05 23:50:00,452.69669440353334,85.18524801769563,46.66094448361921,3.6404639510041417,1.3998087708990248,21.299698310429886,26.801322309136967,1.4989982899126186,2285.4238483150484,0.0,69.11189062420662,49.999999999999886,949.3426874904795,False,R410A
2024-11-05 23:55:00,444.6975738114739,90.2750696523127,46.71292898740286,4.6722863734200795,2.8124680579609764,21.150525080456024,25.917815139980927,-2.0120421093304404,2082.084923046155,0.0,66.79054235624405,49.999999999999964,921.4865082749286,False,R410A
2024-11-06 00:00:00,453.63642216343067,84.98601785051477,47.65128418738639,2.5869835783634025,1.1625025693583395,20.832938554688056,26.642341412478125,-0.8834423398590936,2236.097335373968,0.0,69.2744428407756,49.99999999999991,951.2933140893074,False,R410A
2024-11-06 00:05:00,452.74595588394436,85.81350226124776,47.46539703132983,3.429117914183845,1.398321942515125,21.783662132254275,26.739031560586316,-0.15765390208790597,2243.7589289361417,0.0,68.92246421138161,49.999999999999865,947.0695705365792,False,R410A
2024-11-06 00:10:00,456.94855378539427,83.24428514800259,47.840958837919686,3.7999373741049896,0.9954560158198937,21.285401704757486,26.704381054297926,0.5772979805810802,2371.49930491895,0.0,70.19251713019392,49.99999999999966,962.310205562327,False,R410A
2024-11-06 00:15:00,454.60972681442854,85.26815477963834,47.2573470690688,3.438304647685769,0.9101833678487827,21.1504438424924,25.906512894163452,2.852399704189579,2241.903405126849,0.0,69.25480670282417,49.999999999999844,951.0576804338901,False,R410A
2024-11-06 00:20:00,457.08898241773977,83.60962089836255,47.26488866416108,2.681574103387295,1.0302270505237079,21.769960622176967,26.493931447554385,-0.8570733194156474,2305.188907932386,0.0,70.0722053270135,50.00000000000006,960.8664639241622,False,R410A
2024-11-06 00:25:00,456.70214415944446,84.00334436498498,47.06312231117329,2.160155383989801,0.8124772762371972,20.418510839827622,26.43177552294599,1.2239982344385825,2225.614639764104,0.0,69.92161857201678,49.99999999999996,959.0594228642015,False,R410A
2024-11-06 00:30:00,128.67148883438594,204.44553123368019,2.160385651410272,30.20558575189484,1.7720746657659814,20.456114872236917,18.60934148534847,15.495211529566436,6.461771056203419,6819.598489189697,68.96913422394113,49.999999999999574,0.0,True,R410A
2024-11-06 00:35:00,127.48265305653476,203.1891617798409,1.7156280772349037,29.29818404085778,1.4972249394265813,20.31694923185581,19.003696400603733,17.391767849835357,15.820184350868988,6883.370920519937,69.33354811725678,50.0,0.0,True,R410A
2024-11-06 00:40:00,126.26123494391511,202.78935963010514,0.9143529181517649,28.382638105070562,1.385369538844486,21.64699356253902,19.42948291335838,16.873865887493004,6.2067605748539085,6908.648238886808,69.47798993649604,49.99999999999986,0.0,True,R410A
2024-11-06 00:45:00,461.050642913818,81.6688483352941,47.93691757360522,1.9818649063060276,-0.03808984722456876,21.2033262792671,26.86465841664679,1.7453535641045268,2362.8265429936005,0.0,71.1120045053164,49.999999999999865,973.3440540637969,False,R410A
2024-11-06 00:50:00,453.3089628084058,85.95779389294142,47.03113940000943,2.786301729318361,1.3940521194452806,21.121983603817444,26.76428629500216,1.4247793287056503,2361.0946777020927,0.0,69.14985852400514,49.999999999999986,949.7983022880618,False,R410A
2024-11-06 00:55:00,461.49515910530846,81.88542368447996,47.342959394587865,2.391375240556359,0.1040670352880616,21.14282451407755,27.289720399129852,-0.44675901464806633,2368.1760787627604,0.0,71.0855059931753,49.99999999999963,973.0260719181038,False,R410A
2024-11-06 01:00:00,455.3456941260533,85.06968027612808,47.45090935625646,3.28755792754533,1.1728292718458124,21.045515847109137,26.528196884190404,0.1928182303178929,2291.5693738509776,0.0,69.63222311452216,50.00000000000001,955.586677374266,False,R410A
2024-11-06 01:05:00,457.24910794608434,84.07966476971274,47.34603086522195,2.6766885380720016,0.23371316714434254,21.83591658275643,27.67357298040884,0.17811982919850355,2315.4670572808996,0.0,70.14340585957747,49.99999999999996,961.7208703149296,False,R410A
2024-11-06 01:10:00,459.3306039376162,83.47946679545032,47.184868719970204,3.173673894086048,0.3229009153300342,21.404470593753214,26.095735607797415,-0.22557344538324509,2422.3150049095825,0.0,70.42969880831478,49.99999999999978,965.1563856997774,False,R410A
2024-11-06 01:15:00,462.7213138594657,81.37385961046975,47.310124711721905,2.3064798018458488,0.6237887642616843,20.55366724659284,26.53893840584838,1.1141876524569139,2377.9637281140604,0.0,71.46584263678074,49.99999999999998,977.5901116413688,False,R410A
2024-11-06 01:20:00,461.2225765375397,82.75643250200599,47.01667547853903,3.133053221113584,0.7126129812794874,21.425142874828712,27.324593598525794,1.3775353052392418,2374.2459443431253,0.0,70.79620594304495,49.99999999999991,969.5544713165395,False,R410A
2024-11-06 01:25:00,462.24809857565316,81.71783773794348,47.810640652147605,2.15959800629974,0.23205029109619968,21.077108254490618,26.710358361542173,-1.6583723996022508,2389.7482829648548,0.0,71.3236099093198,49.99999999999992,975.8833189118375,False,R410A
2024-11-06 01:30:00,461.815104418217,82.3788190079014,47.835008446677534,4.019254886818911,0.22396909400747117,21.741370394402402,27.092146621742195,0.03495223389598479,2343.743293401375,0.0,71.00681581837333,49.999999999999936,972.0817898204799,False,R410A
2024-11-06 01:35:00,462.2806719989196,81.82423750823531,47.54936698277996,2.0683991211148682,0.025367307575718867,21.39147342861402,26.649317144483362,-0.08686500034800743,2395.5052001926138,0.0,71.2987130342963,49.99999999999963,975.5845564115557,False,R410A
2024-11-06 01:40:00,467.19495437086096,79.47178090203606,48.738297733119126,1.331097645068042,-0.157190632527464,20.60238328359462,26.364562613989012,-1.4985326408546689,2477.3059044852926,0.0,72.43447471810805,49.99999999999973,989.2136966172965,False,R410A
2024-11-06 01:45:00,459.5961923261155,83.09344222404039,47.755172476728305,2.1029220614590707,0.5129826436292454,21.049476639410063,25.90216921539909,0.5543223285807929,2433.8649186820485,0.0,70.7678553269861,50.000000000000085,969.2142639238331,False,R410A
2024-11-06 01:50:00,463.42371012161976,81.1816479336271,48.437335235825664,2.0293395293544023,0.5988040476267377,21.304964479628733,26.385663390224053,1.0956607304595574,2440.3137805729234,0.0,71.7303802147369,49.99999999999973,980.7645625768426,False,R410A
2024-11-06 01:55:00,465.5016170191632,80.50135051741543,48.18866211877043,1.100075269414737,-0.09558580115547582,20.884486284853093,26.377802556259617,0.3516522988008953,2486.2516352346,0.0,72.08031337030474,49.999999999999844,984.963760443657,False,R410A
2024-11-06 02:00:00,466.16620370196125,80.32192028136062,47.92345306411487,2.0579322462893472,-0.07173302795119804,20.910058276554825,26.418797395442166,0.7577192133174457,2498.1909471367558,0.0,72.17869835124912,49.999999999999595,986.1443802149894,False,R410A
2024-11-06 02:05:00,464.0453526502746,81.24460072059712,48.222092789077294,1.1606361105402747,-0.3032630450939333,21.67415699198968,27.236029048299862,-1.1051798522129814,2478.326316567295,0.0,71.77342400935464,49.99999999999985,981.2810881122557,False,R410A
2024-11-06 02:10:00,467.5673336338137,79.23424348318034,47.91917032702455,1.6801586846503243,-0.5088865449314334,21.010977491423798,27.002547674519274,-0.8641690046116229,2478.4541572154803,0.0,72.80135355475659,49.99999999999973,993.6162426570788,False,R410A
2024-11-06 02:15:00,472.0355152173449,77.1020430961829,49.23223930880017,0.37434739664270145,-0.8969293097887259,21.490768816164792,26.14861743370789,-2.215674410575267,2537.7423141193567,0.0,73.90005346261825,49.9999999999993,1006.8006415514188,False,R410A
2024-11-06 02:20:00,466.6299822731844,79.96047375245946,48.00229828559505,1.514856111174455,-0.4063328984994545,20.49837307181714,26.604606545129904,-0.5550671145549322,2553.5954922114515,0.0,72.588994370271,49.99999999999985,991.067932443252,False,R410A
2024-11-06 02:25:00,118.46078435380468,192.97402192296747,0.0391764784276149,27.882330414727072,-0.5656283449113794,21.46193403438916,18.767094516988113,14.909511124268137,-1.441722447625545,7496.978924693688,72.83987956967822,50.00000000000039,0.0,True,R410A
2024-11-06 02:30:00,118.2494395377514,191.16057796379044,-0.8688456651214846,28.45240104993765,-0.6015449043159306,21.39510220014441,19.19117216834207,15.26022021340038,14.638854216652847,7594.866227200185,73.39923558400105,50.00000000000176,0.0,True,R410A
2024-11-06 02:35:00,117.54571747470241,189.19148522415387,-0.46499162022632345,26.46474136122814,-0.5418113939129849,20.444187321681714,18.898588071109458,15.317233475465676,-1.7155059847020293,7698.690432433448,73.99251675676256,50.00000000000861,0.0,True,R410A
2024-11-06 02:40:00,470.5978223772411,78.60847654670106,48.20851142085114,1.23174392175973,-0.6496065424347256,20.810838906987417,26.55970384845042,-0.5041201895813117,2519.2841295535804,0.0,73.38619470705414,49.999999999999815,1000.6343364846498,False,R410A
2024-11-06 02:45:00,474.7876034225569,76.13608483902726,48.91467371830968,0.3000425710467791,-0.9948222065235086,21.31092518036855,26.049508220840195,-2.698247954406331,2724.2361575093205,0.0,74.6761561831309,49.999999999999005,1016.1138741975707,False,R410A
2024-11-06 02:50:00,475.3510872424424,76.4432374074185,49.401280411269646,0.2839809215924576,-1.0946032038715099,20.701468141679367,26.019145399735585,-3.1332566314513626,2617.267567461521,0.0,74.5621678342543,49.99999999999916,1014.7460140110516,False,R410A
2024-11-06 02:55:00,475.2703961756149,76.56158716785504,49.78747190414228,0.3728821917766988,-0.944325130838174,21.008038505737726,26.228766419165883,-3.7496111125331986,2710.0950676854304,0.0,74.53926228647705,49.99999999999921,1014.4711474377247,False,R410A
2024-11-06 03:00:00,472.1076587531758,78.66114051847808,49.644726014568235,1.663471157270774,-0.9314780575516864,20.77526393807916,26.625500575280075,-2.248040971686483,2602.361435588926,0.0,73.4971241610954,49.99999999999938,1001.9654899331447,False,R410A
2024-11-06 03:05:00,474.41232041181684,76.75691038257435,49.20376620397558,0.5118612383712883,-1.306189078008842,21.31853395984225,26.9592977618638,-1.768902706581764,2689.107408445259,0.0,74.48822165902703,49.99999999999926,1013.8586599083246,False,R410A
2024-11-06 03:10:00,475.8091978347069,76.40875056095784,50.18029294379397,1.7760961779346363,-1.4093922424301906,21.258942855701356,25.845963057590918,-5.8759537333338105,2614.35734299771,0.0,74.69712034240158,49.999999999999204,1016.3654441088189,False,R410A
2024-11-06 03:15:00,470.69831598233526,79.45899135106588,48.555537566019076,1.607496506704973,-0.43660995027320143,20.226497498712092,26.641284061494776,0.9842628354656209,2527.426250908325,0.0,73.20098624248479,49.999999999999645,998.4118349098175,False,R410A
2024-11-06 03:20:00,116.72459850386711,188.96881662558744,-0.5658568588266343,26.37975399940484,-0.8775168233445614,22.056919741551315,19.495948030645728,14.374163880153324,2.926923731854084,7740.334234502842,74.23048134001624,50.00000000001478,0.0,True,R410A
2024-11-06 03:25:00,116.6554376233878,188.78968815620175,-1.6173443190395382,26.670393588367578,-1.1087369632263184,20.94927392306531,18.69042881739902,14.024887695489241,0.7243961258458781,7751.188837195959,74.29250764111976,50.00000000001702,0.0,True,R410A
2024-11-06 03:30:00,115.37759545607324,187.1106531330956,-1.1966907614165028,26.192285490131876,-1.1437790416353706,21.692156395959667,18.923315444609674,12.425237834145493,-5.946325614393122,7842.376855196845,74.81358202969625,50.000000000047166,0.0,True,R410A
2024-11-06 03:35:00,477.5105038926718,75.86590779392361,48.211993972921356,0.8895803353405943,-1.6794534342271745,20.749230620171396,26.03779782499224,-1.99423776823731,2671.5723681539253,0.0,75.02090798226553,49.9999999999988,1020.2508957871863,False,R410A
2024-11-06 03:40:00,481.8004804523836,73.8970059833094,49.18862998429209,-0.8186238151074974,-1.733620720955134,21.06635088026852,26.367210837965573,-1.8123498246293184,2683.1530888055217,0.0,75.99846797364974,49.999999999998394,1031.981615683797,False,R410A
2024-11-06 03:45:00,473.8948693241444,77.47180597761133,49.34000922537111,0.18729654134112883,-0.8374849357852062,21.33753115320126,27.220264312470945,-1.1392070478874194,2617.7035410267363,0.0,74.28445553688194,49.999999999999545,1011.4134664425832,False,R410A
2024-11-06 03:50:00,476.0581384945183,76.82140357033711,48.57025395573533,0.4022624315112972,-1.0987156053367328,20.25976148241898,26.017624681130442,-2.4818516372665647,2744.2430314573344,0.0,74.60392901822826,49.999999999999275,1015.2471482187392,False,R410A
2024-11-06 03:55:00,477.4411476939061,75.70189328504581,49.66701199945552,0.7367571378212616,-1.5644653237035369,20.230052924928508,25.64882858331516,-2.1617815417054,2741.409160489431,0.0,75.2094325174958,49.999999999998785,1022.5131902099496,False,R410A
2024-11-06 04:00:00,478.418395372785,75.6677802509611,49.918198100805476,0.9965714168789911,-1.4059617208109052,20.897673367896346,26.06577763132141,-5.23596542256916,2681.7153255871945,0.0,75.23991744106479,49.99999999999886,1022.8790092927775,False,R410A
2024-11-06 04:05:00,476.4502207363891,76.63124728141835,49.04304784472731,1.2986605072711521,-1.6598119276868162,20.913071177420388,26.469039810012976,-0.22744900521887623,2797.3631365955043,0.0,74.78322117623054,49.99999999999887,1017.3986541147665,False,R410A
2024-11-06 04:10:00,482.36801948011475,73.62832454667004,49.37846771599567,0.11430850153007599,-2.0910835791356273,20.966754287226326,26.466437842625158,-1.755718279807577,2729.079880727828,0.0,76.30118451688739,49.99999999999797,1035.6142142026486,False,R410A
2024-11-06 04:15:00,480.5851764530594,74.67277641394378,49.4390313026568,0.057055751042101005,-1.8113463377313526,21.656304712889717,26.952869430932772,-2.9258343493785306,2739.7563950880663,0.0,75.80299896155778,49.99999999999868,1029.6359875386934,False,R410A
2024-11-06 04:20:00,482.2265448166123,73.803846675808,49.367628739125,0.2632663745342064,-2.5329012305682346,20.54251357556011,26.05874807914694,-3.8025161904778253,2660.0182481472016,0.0,76.26809306324557,49.99999999999807,1035.217116758947,False,R410A
2024-11-06 04:25:00,475.48904452577017,77.0669748829901,49.21265866180423,0.07672910353456497,-1.2086453118677236,21.64694494654993,26.64678174213676,-1.5732055055183185,2598.819409458667,0.0,74.70204117549915,49.99999999999919,1016.4244941059899,False,R410A
2024-11-06 04:30:00,478.5050230391514,75.81408075470499,49.55462237207804,-0.5937646905201155,-2.046081697216547,21.176282217391933,27.466806948186502,-2.6642534692292807,2793.930737530691,0.0,75.34287215902401,49.99999999999845,1024.1144659082881,False,R410A
2024-11-06 04:35:00,486.58654247573133,71.83841875398195,50.10873735394942,-0.4640044318205274,-2.810698710036602,21.262797266527397,27.73469161243491,-3.600629884366378,2825.4473696873656,0.0,77.36464644132755,49.99999999999653,1048.3757572959307,False,R410A
2024-11-06 04:40:00,485.68166517925954,72.61987571673295,50.95462275659594,-0.9927633905777941,-2.4779958942204794,21.56235926193476,26.78183613433188,-4.125138315563811,2725.224473176967,0.0,76.97984836400676,49.99999999999727,1043.758180368081,False,R410A
2024-11-06 04:45:00,482.1931578608926,74.0217905499656,49.51149574775724,-0.1942502428837041,-2.3808177921908054,21.13194227894731,26.661162435772113,-3.6730056013227053,2819.2818818979385,0.0,76.32319375360193,49.999999999997975,1035.8783250432232,False,R410A
2024-11-06 04:50:00,483.90455372861726,73.63846432794818,50.63684739063147,-0.19502756006867775,-2.2300748564189905,21.309132954841804,26.93896767544331,-2.5921709154445614,2803.4699647852717,0.0,76.50968213601017,49.999999999997975,1038.116185632122,False,R410A
2024-11-06 04:55:00,485.80824816520106,72.36404786342015,49.67522365033181,-0.4703979117280013,-2.574490594186283,21.224377873755774,27.002795423876247,-3.361336139159172,2845.742732929561,0.0,77.18891538263429,49.99999999999679,1046.2669845916114,False,R410A
2024-11-06 05:00:00,478.3463917650711,76.15406347361076,49.53524609399127,0.8037526905685373,-1.9111975705016415,21.303905742540472,26.063390467886464,0.33137130732670483,2679.3847569374357,0.0,75.33028615738797,49.9999999999985,1023.9634338886558,False,R410A
2024-11-06 05:05:00,482.8382258628111,74.0173108397845,50.497023755378336,0.20874285934014092,-2.0369023971584266,20.79747703092837,26.338223064560168,-2.113041302137913,2730.887424439946,0.0,76.41458946961146,49.99999999999767,1036.9750736353374,False,R410A
2024-11-06 05:10:00,483.01445523981647,74.35442936831784,50.39953207760782,-0.014304635057703477,-2.3410516196334177,20.543891824045637,26.086288627774685,-3.7634998500535612,2746.3428452562453,0.0,76.2236093372831,49.9999999999979,1034.6833120473973,False,R410A
2024-11-06 05:15:00,485.45879794771713,72.94723468850984,49.88707796840146,-0.6839501965701409,-1.776550243915029,21.192008575580513,25.897352965808103,-4.498578799352551,2814.2989849361074,0.0,76.92588511267087,49.999999999997286,1043.1106213520504,False,R410A
2024-11-06 05:20:00,481.85468964491565,74.57038952517848,50.07626367583121,-0.011090710055894216,-2.0978154013932353,20.915436783291277,26.025904954756896,-2.166800365735954,2738.3474412674923,0.0,76.1299435087881,49.999999999997925,1033.5593221054573,False,R410A
2024-11-06 05:25:00,484.88648759008834,73.27538002865434,50.24912899263361,-0.6828244760727813,-2.736107511232331,20.715346391585324,26.16988981819101,-3.2815863624623383,2822.198261786767,0.0,76.76943853547064,49.99999999999737,1041.2332624256478,False,R410A
2024-11-06 05:30:00,484.32344571432253,73.04008075451452,49.83468466436405,-0.5710867992169839,-2.76817486807803,21.652914343966273,26.70204968272188,-1.641397388709243,2800.985497545587,0.0,76.9457446764278,49.99999999999747,1043.3489361171335,False,R410A
2024-11-06 05:35:00,483.2081584446559,74.07830533548346,50.22054303986319,1.092329283404674,-1.8724832889760419,21.25019797445372,27.06634447287439,-2.4348935899255926,2762.542884499515,0.0,76.43351485677107,49.999999999997875,1037.2021782812528,False,R410A
2024-11-06 05:40:00,489.1045435458813,71.66904027855765,51.2790619323738,-0.7059929446883776,-2.919833290045684,21.35411804633653,26.605105149976477,-5.279608104824481,2854.9785792962202,0.0,77.59417559026029,49.999999999996334,1051.1301070831234,False,R410A
2024-11-06 05:45:00,480.05850167585777,75.54957746604997,49.85758335541579,0.39614514467280926,-2.2381065061949554,21.811310558449396,27.206410933262475,-3.3484016622634964,2662.0970006448,0.0,75.65795472769193,49.99999999999865,1027.8954567323033,False,R410A
2024-11-06 05:50:00,483.57875128927327,73.83626984933191,50.22397129980644,-0.6071311382099982,-1.9982769895564867,21.043795116387688,26.14260263282625,-3.4296728697019456,2789.2724185561365,0.0,76.50878162738962,49.99999999999784,1038.1053795286755,False,R410A
2024-11-06 05:55:00,480.8576850945969,75.23872963737516,50.01104150045004,0.6100846930820143,-2.0246241814663444,21.149249504649415,26.209131650054776,-1.957915076764681,2711.847609434065,0.0,75.79990403026584,49.99999999999818,1029.59884836319,False,R410A
2024-11-06 06:00:00,486.580053849345,72.53350400245114,49.441568010601614,-0.18260554104052962,-2.3667158990364365,20.784763254756427,26.204526201051014,-4.115494182220988,2848.2442896465022,0.0,77.12548350474448,49.99999999999683,1045.5058020569338,False,R410A
2024-11-06 06:05:00,485.5783806059303,72.42119294961395,50.44183494283988,-0.23195386432145,-2.3349603339521536,20.420826507682772,26.12289099365721,-2.9628125476904152,2883.3654236742336,0.0,77.23126028329798,49.9999999999968,1046.7751233995757,False,R410A
2024-11-06 06:10:00,487.0201724078285,71.89532773304599,49.81769525579945,-0.6606544342482137,-2.685760995982382,20.901959758702205,26.757570083768833,-4.604249878837359,2891.502817535856,0.0,77.5362001152499,49.999999999996675,1050.4344013829987,False,R410A
2024-11-06 06:15:00,484.2730657474305,73.63275517261786,49.70163005083667,0.18833035296929146,-1.6099924762084936,20.313407046481075,26.39571087221736,-2.82257927593564,2690.8526351551195,0.0,76.65752938982818,49.99999999999761,1039.8903526779382,False,R410A
2024-11-06 06:20:00,484.51460939280975,73.3252517422034,51.140509891521276,0.22312393041466827,-2.930141415782665,21.669676964696997,26.651276066391194,-2.5426926834544847,2722.414538202519,0.0,76.8254373358054,49.9999999999975,1041.9052480296648,False,R410A
2024-11-06 06:25:00,486.2382329576549,72.912596032052,49.996343455998215,-0.3557495547621757,-2.7426840370183663,21.262583175281957,26.765222435456987,-1.5357886970788635,2793.2284039255956,0.0,76.99459802887364,49.99999999999736,1043.9351763464838,False,R410A
2024-11-06 06:30:00,486.8528888100347,72.24033286045938,49.88024970929891,-0.7244218614281909,-2.7439006833092163,20.940401232563826,26.309821996656385,-2.921540258322863,2798.729322806943,0.0,77.33423136385605,49.999999999996774,1048.0107763662727,False,R410A
2024-11-06 06:35:00,487.389266868917,71.68948536933358,50.94639913680048,-0.3795249680756734,-2.148458404550618,21.52112730445867,27.397978783507362,-4.1435453873838375,2831.2575802203814,0.0,77.65362092626611,49.99999999999618,1051.8434511151934,False,R410A
2024-11-06 06:40:00,485.0554699168827,72.99915585836851,49.65871014360453,-0.9621275133141715,-1.9706641190036365,21.565757657243662,26.637852060830788,-1.5170597730761415,2851.0865471492248,0.0,77.02012972006861,49.999999999997044,1044.2415566408233,False,R410A
2024-11-06 06:45:00,486.3845069696899,72.14019798929321,50.09329222699307,-1.1149825390915427,-2.369395138565704,20.76137719218215,26.44702993235916,-3.4391804349916772,2898.728123461899,0.0,77.51200479756776,49.99999999999665,1050.144057570813,False,R410A
2024-11-06 06:50:00,488.14120180321504,71.89836512228484,50.98589870572539,-0.8418136670855204,-3.0534006778668434,20.58127508756658,26.630973639371906,-2.5415967275416236,2858.4512751630596,0.0,77.63032699128614,49.9999999999962,1051.5639238954338,False,R410A
2024-11-06 06:55:00,482.44623079480965,74.60792156540772,49.87215262590925,-1.0050369918927768,-2.337612879604833,19.96930474906654,26.06771603777201,-3.2472542288438486,2787.8422039576644,0.0,76.2687169153474,49.999999999998124,1035.224602984169,False,R410A
2024-11-06 07:00:00,486.41956392688536,72.65404796244033,49.43579784215525,-0.20833084950965058,-2.8706964968334985,20.848033208429197,26.22756610436525,-3.0313502263989482,2845.319118907721,0.0,77.24425697258272,49.99999999999672,1046.9310836709926,False,R410A
2024-11-06 07:05:00,483.1135999974954,74.51261202544204,50.125789957596325,-0.6198504776462667,-2.373421600325584,21.094866909577675,27.180623635223714,-3.4396614684913,2739.837332970726,0.0,76.27678706782672,49.999999999998025,1035.3214448139206,False,R410A
2024-11-06 07:10:00,486.9909313057528,72.60398467558461,49.99695800851638,-0.8293334434703991,-2.145776550536728,21.294361329229258,26.62848302492994,-2.7713279773703112,2875.0729588609825,0.0,77.18717586543903,49.999999999996845,1046.2461103852684,False,R410A
2024-11-06 07:15:00,484.1853804017065,73.59427768505871,50.77568333765793,-0.4476499236969639,-2.414140262875831,21.56336877187125,27.55634502543398,-2.0371820306934603,2733.247385987268,0.0,76.68202025171416,49.9999999999976,1040.1842430205697,False,R410A
2024-11-06 07:20:00,484.60696448881504,73.00246098092863,49.82810149817809,-0.4886165518749349,-2.5417094120533927,20.72569301520483,26.14474110388752,-3.503059238184763,2814.326867558787,0.0,77.01651992532042,49.99999999999734,1044.198239103845,False,R410A
2024-11-06 07:25:00,489.61007302015616,71.22844706891676,50.97964641273305,-1.1105378727049693,-2.7063951984164194,20.2341874679722,26.394702763493704,-3.989719153880123,2804.1612344103237,0.0,77.87742246898691,49.999999999995694,1054.529069627843,False,R410A
2024-11-06 07:30:00,113.46158582227265,184.67329654521814,-1.0522220512545246,26.026243408947447,-2.4391294596475737,21.80569590589899,19.009625975495748,13.41674715102658,5.479836142492322,8000.0,75.88014213487476,49.99999999975895,0.0,True,R410A
2024-11-06 07:35:00,111.67967952504755,181.89001690592764,-2.784288680022679,25.611369115687896,-2.3430233217361525,20.458365004184724,18.550876875792785,11.816166961903317,-13.014412321549141,8000.0,76.7176341362338,49.999999999999915,0.0,True,R410A
2024-11-06 07:40:00,113.40152437945765,184.08787784116197,-2.1053362355073078,25.767754796058224,-2.337791243730088,20.772001398374726,19.018114364326905,11.473326587536302,-2.4637921996455234,8000.0,76.01745945025642,49.999999999813234,0.0,True,R410A
2024-11-06 07:45:00,484.8393792883245,72.88351130431522,50.30296317069533,-0.8647979403168615,-2.5665251876649746,20.754768585830483,26.68813638899275,-2.625004293096243,2795.530413259854,0.0,76.95640142299496,49.99999999999751,1043.4768170759394,False,R410A
2024-11-06 07:50:00,483.7731217666934,74.01184467764416,49.44257351458305,0.3790751076975982,-2.3375880626679666,20.808246158736765,26.233626001131544,-2.769359031100137,2746.9725540120194,0.0,76.3233237089604,49.999999999998,1035.8798845075248,False,R410A
2024-11-06 07:55:00,484.10583719053875,73.147920394319,50.16907541660031,-1.4307734421285312,-2.5699648148045564,20.4690152911428,25.825941889998827,-3.0074299824357578,2751.8390064597356,0.0,76.75714118199036,49.99999999999752,1041.0856941838842,False,R410A
2024-11-06 08:00:00,479.01912407850114,75.9359214946075,49.387748688959014,0.2301973102125724,-1.599270568270777,21.544729313884677,27.17718890019935,-1.6458746957014467,2677.5894208687696,0.0,75.33389022056537,49.99999999999871,1024.0066826467844,False,R410A
2024-11-06 08:05:00,480.43817978631785,74.6935454766695,49.615224135963,-0.2181269649550161,-1.9173132082951545,20.816360760811765,26.32744544426816,-1.8229268765824962,2828.5902468468994,0.0,75.96735445802582,49.99999999999838,1031.6082534963098,False,R410A
2024-11-06 08:10:00,480.6761448031497,74.76137541891738,49.74959029984443,0.24256760537607358,-2.032774314757365,21.205587400847392,25.92481751745923,-2.627830029574368,2674.035365537352,0.0,75.93365627597433,49.99999999999841,1031.203875311692,False,R410A
2024-11-06 08:15:00,478.3939381400884,76.34484549371396,49.444716714443025,-0.2725922071311655,-1.4342405059743142,20.008594452811874,25.170331413891688,-3.168115214161613,2583.637865235547,0.0,75.09089161774332,49.9999999999988,1021.0906994129199,False,R410A
2024-11-06 08:20:00,477.70263187911354,76.21133284365919,49.5088615634737,0.1808790907972946,-1.8298126008369677,21.119676340562776,27.030528704211726,-2.707815041752049,2642.0720529248324,0.0,75.13845647716181,49.999999999998444,1021.6614777259417,False,R410A
2024-11-06 08:25:00,478.45187851969786,76.02058435553332,49.14547540771517,0.3556353590803809,-1.388709013212913,21.838269537299272,26.845215675582743,-1.5082208434593518,2672.732365025041,0.0,75.18636954784948,49.99999999999889,1022.2364345741938,False,R410A
2024-11-06 08:30:00,483.0789695598405,73.56556566041279,49.610852182658725,0.3504527454070996,-2.2464437664254118,21.856923455777864,27.594437080796368,-2.548181396333148,2795.838654988358,0.0,76.36916811955626,49.999999999997875,1036.4300174346752,False,R410A
2024-11-06 08:35:00,480.6785082283905,74.59199682584037,49.62892906334035,0.24846200639402832,-2.062729545645053,21.256432788252763,26.461188927593252,-2.9673898427611642,2731.9836295974565,0.0,75.83526095400737,49.999999999998295,1030.0231314480884,False,R410A
2024-11-06 08:40:00,481.1498816891834,74.59548971512231,49.64217646345185,-0.4778178175274187,-2.124501355603882,20.737732859627428,26.340953699365816,-3.1704601979281115,2754.655201045618,0.0,75.77214742418597,49.999999999998536,1029.2657690902317,False,R410A
2024-11-06 08:45:00,475.6597604388962,76.84582466879014,49.02146611861878,0.43507392251688304,-1.3936069562627917,21.138985498740034,26.670269794157722,-1.20336490786686,2631.2263972886444,0.0,74.64237543624557,49.999999999999,1015.7085052349469,False,R410A
2024-11-06 08:50:00,476.5219549849114,76.0712780811174,49.550851181547685,0.9245171956574416,-0.9573167036191274,19.956657598274408,26.844343270621547,-2.240160886234959,2669.859677727922,0.0,75.03701696134581,49.999999999998806,1020.4442035361496,False,R410A
2024-11-06 08:55:00,480.73950791065624,74.23415991871957,48.81772681652997,-0.5671976874516202,-1.9858043855208636,21.031734558365674,25.91137329817306,-1.7140934757179502,2831.02140182584,0.0,75.93362050898017,49.99999999999836,1031.203446107762,False,R410A
2024-11-06 09:00:00,477.67668689713656,75.96761890485756,49.022632328380546,0.44352392203379293,-1.8604750046230538,21.5572003368944,26.773198837979578,-1.137818146341461,2523.5105573866354,0.0,75.03430788756005,49.99999999999898,1020.4116946507205,False,R410A
2024-11-06 09:05:00,480.1660395106824,74.63103210424431,49.47960354265758,0.16934983272485293,-1.550444220976495,21.637130911122057,26.767415100945264,-2.6389296912971933,2703.319112009696,0.0,75.652179882024,49.99999999999832,1027.8261585842881,False,R410A
2024-11-06 09:10:00,475.712119712798,76.34431018136951,48.87786049301708,0.3992176879964363,-1.5494693127807073,20.94400764075299,26.384930076360334,-0.9582432972070827,2661.089663132914,0.0,74.81578156408636,49.999999999999154,1017.7893787690363,False,R410A
2024-11-06 09:15:00,113.14400657190212,184.1974782714135,-1.0445996146189598,27.48867726937605,-1.7740709207176644,21.448639707825897,18.98369143058948,13.279211132438528,4.305337186127922,8000.0,75.71839724404681,50.00000000020588,0.0,True,R410A
2024-11-06 09:20:00,116.00213342404072,188.7342171261914,-1.1567464638143745,26.627456883099374,-1.3478755523048238,20.62140363866959,18.656728979124196,14.10158085040719,10.161277189146082,7758.162085511898,74.3323547743537,50.00000000001844,0.0,True,R410A
2024-11-06 09:25:00,116.12870172985822,188.7146221235091,-1.0732434883662996,27.06325425220465,-0.7773963326363,20.537093946582072,18.808375093944534,11.649622577408792,3.1082721563601377,7756.569914617738,74.3232566549585,50.00000000001826,0.0,True,R410A
2024-11-06 09:30:00,469.99051587247476,79.12591261637655,48.534968036460675,0.9147382526324861,-0.8793391142516611,20.79160781186163,26.39982544653135,-2.1730324855813263,2511.0775976272303,0.0,73.40422237451575,49.99999999999935,1000.850668494189,False,R410A
2024-11-06 09:35:00,472.6569122586232,77.93630870064169,48.97790326158341,1.2828170336398466,-0.5616995687865944,20.77347014459402,26.19321398743144,-2.3977513262372954,2491.668370218366,0.0,73.96211392471972,49.999999999999375,1007.5453670966365,False,R410A
2024-11-06 09:40:00,475.4625247332569,76.48250490005805,48.63768339491826,1.1083136289997917,-1.6418583447848119,21.460793897381034,26.86718695939408,-2.1457348918297456,2635.482556866136,0.0,74.65416033885235,49.999999999999034,1015.8499240662281,False,R410A
2024-11-06 09:45:00,472.22522529783885,78.35640161048832,48.797715228237806,0.8625196532464945,-0.9313702440951003,20.845590858278477,26.449938329729303,-1.2291473207266785,2592.5558559613078,0.0,73.6869966567609,49.99999999999946,1004.243959881131,False,R410A
2024-11-06 09:50:00,476.78537308091853,75.98367664052513,48.8270120796459,0.5786273671323651,-0.974022989486334,21.63080040459977,26.764061184363246,-1.7387714002173946,2720.272653739219,0.0,74.78804345051674,49.999999999999154,1017.4565214062009,False,R410A
2024-11-06 09:55:00,474.67047402262494,76.72586787774354,49.008288760295656,0.3563727114895831,-1.1455351361305788,20.794351574107864,26.95726220247447,-1.4102404567737281,2619.034820420117,0.0,74.39197480712996,49.9999999999991,1012.7036976855596,False,R410A
2024-11-06 10:00:00,470.8847853513336,78.49983394751011,47.5333952545285,0.6766600437353928,-0.0696982676979715,20.976167917893694,26.869555536750187,-1.9360826415058323,2580.763488228594,0.0,73.50227610047932,49.999999999999424,1002.0273132057517,False,R410A
2024-11-06 10:05:00,476.6232096211534,75.6913644522048,48.747133001321885,1.1035515755252352,-1.495588275496273,20.12231087923298,26.507940814767473,-1.2234831769500296,2658.0513174665525,0.0,74.82969228144974,49.99999999999919,1017.9563073773969,False,R410A
2024-11-06 10:10:00,117.61405831211385,190.96973731829064,-0.009730712991357082,26.98130561180965,-0.6645810593603216,20.385595587311432,18.522274145126524,16.06759452830307,21.856209676732618,7609.592870336984,73.48338783049705,50.00000000000217,0.0,True,R410A
2024-11-06 10:15:00,116.33190238768736,189.12144571196708,-0.6001982337748297,25.777796727417364,-0.4438523267139556,21.294866055426212,19.274242704691282,13.631278004222272,-10.584568520433411,7705.38898791501,74.0307942166572,50.00000000000945,0.0,True,R410A
2024-11-06 10:20:00,117.94241981239567,191.5536307656146,0.013022895181763472,28.23618130547096,-1.100673737798533,20.89089487067969,19.563464800548058,13.689835059790498,6.976887240591092,7576.2738704715475,73.2929935455517,50.000000000001336,0.0,True,R410A
2024-11-06 10:25:00,472.4118973149502,77.45010393319886,49.6576253521048,0.647266048776238,-1.4430112996469198,20.884204473238558,26.863704000273604,-4.6370181136033315,2670.729316662241,0.0,73.90337257938492,49.99999999999951,1006.840470952619,False,R410A
2024-11-06 10:30:00,468.26253962679107,79.3849322548266,48.94514190602437,1.3986158862031461,-0.7168500450856609,20.94274242454641,26.734953812986507,-0.8927297653923466,2466.057654669068,0.0,72.95639518384567,49.999999999999346,995.4767422061482,False,R410A
2024-11-06 10:35:00,469.1836967470876,79.16389250835495,48.405901743789734,2.3106718041080963,-0.26576964179706364,21.68407534581348,26.45651661291047,-1.5355445582520653,2573.5282958168186,0.0,73.01956289727812,49.99999999999964,996.2347547673374,False,R410A
2024-11-06 10:40:00,465.1194212432141,81.26996639129541,47.713771290277805,1.952599935025348,-0.4594843728804134,20.212898152495697,25.984421538440877,-2.2068574309640416,2476.6246482825445,0.0,71.95305803576167,49.99999999999987,983.43669642914,False,R410A
2024-11-06 10:45:00,467.3364271046108,79.53554823432033,49.116485480205164,1.5275141289253207,-0.2117028530051414,20.94071205045612,26.484752936320763,-4.847569442425419,2567.429154981746,0.0,72.7816351399475,49.999999999999794,993.37962167937,False,R410A
2024-11-06 10:50:00,469.34952513294195,78.83732803178954,48.68609033786979,0.8475050101566083,-0.3803964592214569,20.91104889808304,26.962749121777854,-0.01821832810068047,2479.970809299743,0.0,73.07681693513625,49.999999999999325,996.921803221635,False,R410A
2024-11-06 10:55:00,467.3481253153988,79.71980329900929,49.728411823763246,0.8740492627564909,0.29578318253086094,20.456351139828143,26.070742562403453,-2.0267398473063514,2469.8593924499883,0.0,72.61706777485945,49.999999999999815,991.4048132983133,False,R410A
2024-11-06 11:00:00,469.4863506551385,78.67286842352134,48.46929989918085,1.3810083514536413,-0.22215303859458307,21.17111306575766,26.391141673260712,0.5640910717096801,2532.797130169971,0.0,73.07159703249658,49.9999999999997,996.8591643899592,False,R410A
2024-11-06 11:05:00,121.3873539479002,195.78492343628096,1.0604717653531777,28.255428725000385,0.18323890921227057,20.529616561354043,19.068287554826327,15.300328276742315,9.140308374713735,7324.0916567129725,71.85195232407412,50.00000000014657,0.0,True,R410A
2024-11-06 11:10:00,120.9521679251879,196.23561305142798,0.06391667456363902,28.295075274016902,0.5500524504574044,21.138131737865994,18.818233080374373,14.151407061957704,-4.551201673543911,7300.190600530969,71.71537486017696,49.999999999911715,0.0,True,R410A
2024-11-06 11:15:00,123.51738707246777,200.22276825879888,1.397326940069966,28.488672101206006,0.8909738237750761,21.089124187780346,18.70690802862088,15.291286492283435,17.155825962151123,7094.744075495785,70.54139471711878,50.000000000000085,0.0,True,R410A
2024-11-06 11:20:00,465.85356955994916,80.23815706968209,49.180741366731375,1.900268235519937,-0.24788168054169513,20.36735358386878,25.58464136537342,-4.601248299133383,2412.389134043382,0.0,72.21972132830706,49.999999999999694,986.6366559396847,False,R410A
2024-11-06 11:25:00,464.36536248304924,81.12549078024217,47.63745295643191,1.2161577749730013,-0.20861896047767317,21.614665766781783,26.529431415651107,-1.895129216904989,2426.4812047636715,0.0,71.73047445472602,49.999999999999766,980.7656934567124,False,R410A
2024-11-06 11:30:00,463.68384028680856,80.66283274515618,47.99325485887567,2.249078312986262,-0.1518148784694016,20.687978603989304,26.61899381730231,-0.22574248679875064,2368.4065425954554,0.0,71.96201039472295,49.99999999999967,983.5441247366754,False,R410A
2024-11-06 11:35:00,462.1974903453502,81.99364603442619,47.46335307930188,2.440912666183489,0.3481875814343305,20.727657630429913,26.599733279702477,0.3992212932054841,2439.837194396065,0.0,71.27958051240307,49.99999999999972,975.3549661488369,False,R410A
2024-11-06 11:40:00,461.0192214098012,82.68423686159642,47.216303281622785,3.5451297460889015,0.6108048206023539,21.168564141545637,26.492062507183455,2.0166728547237156,2416.0753425479916,0.0,70.88340140200506,49.999999999999595,970.6008168240606,False,R410A
2024-11-06 11:45:00,460.753559143607,82.39108391636294,48.202508351037146,2.5117732555149646,-0.1325252471255869,21.412691265178065,26.948764537655755,-0.07506014388555532,2552.871900512845,0.0,70.98393313539913,49.999999999999595,971.8071976247894,False,R410A
2024-11-06 11:50:00,457.423519626409,84.2206132978059,47.427587191662546,2.494130154877561,0.8995967304734022,20.888521831669337,26.135595537879,-0.8923699798550009,2361.185903789247,0.0,70.0690703380988,49.999999999999886,960.8288440571856,False,R410A
2024-11-06 11:55:00,460.48336932116365,82.22006731153898,47.89560696805682,2.4820733576732628,0.5160094555825058,21.1135932753998,26.116203716619168,-0.11448545903735993,2419.2280935771464,0.0,70.98513015056466,49.99999999999958,971.8215618067759,False,R410A
2024-11-06 12:00:00,456.2459330772925,84.53481319202471,47.725190553619754,2.90667211848126,1.234833251953131,21.269354148566023,27.23450701800299,0.2881128193757779,2326.8718823188574,0.0,69.85885596302163,49.999999999999886,958.3062715562596,False,R410A
2024-11-06 12:05:00,456.51477489981727,83.9842210227212,46.61373199173535,3.160786722928124,1.4314730532948299,21.110319927929403,27.064472260147596,-0.04779888825552192,2314.1783223447687,0.0,70.11313442291416,49.9999999999998,961.3576130749698,False,R410A
2024-11-06 12:10:00,123.06112320454312,199.59574378273774,1.392680730384981,28.762743759269046,0.8049937890400345,20.732301137157513,19.15925828818208,16.093047295881327,1.37904726715202,7087.745795057741,70.50140454318709,49.99999999999989,0.0,True,R410A
2024-11-06 12:15:00,124.89289531818902,199.7655677744386,0.6191433442684349,28.163717075412073,0.5208215630640778,20.461599977449147,18.633124671557322,14.579217896832366,7.542184916945195,7072.208350921563,70.41261914812321,49.999999999999716,0.0,True,R410A
2024-11-06 12:20:00,127.618767798082,205.69314736771278,1.92115430913343,28.83708201191749,1.1095298409340597,20.250509889512692,18.684242620654448,16.785675088840463,-26.395541605575772,6770.766220394924,68.690092687971,49.999999999999304,0.0,True,R410A
2024-11-06 12:25:00,458.67656318605066,82.93685058168754,48.000141585517724,2.8784072134452385,0.9530563995624453,21.554661180232696,26.267550151577076,0.8985163778482095,2363.776895479866,0.0,70.50609377574254,50.00000000000004,966.0731253089104,False,R410A
2024-11-06 12:30:00,455.3780206502391,84.42431921557578,48.110527781882254,3.7913846018674984,0.8391011234896553,20.01452627313608,26.147186267944686,-0.48043489843515763,2330.377622128882,0.0,69.80034533733425,49.99999999999959,957.6041440480109,False,R410A
2024-11-06 12:35:00,457.7533705374935,83.13735061689046,47.595777761703054,2.84206533456644,1.062442485688985,20.48171190464475,25.664553432702842,0.6127672415765197,2428.667863282244,0.0,70.39521721491883,49.99999999999998,964.7426065790262,False,R410A
2024-11-06 12:40:00,451.6598415506983,86.66104851545452,45.95692568453356,4.048322791553404,2.0609001602420705,20.884707237858056,26.450026292905413,2.1847945651125764,2220.0784916366842,0.0,68.7166517708134,50.00000000000007,944.5998212497608,False,R410A
2024-11-06 12:45:00,453.1276847418875,85.66416983803255,47.21171094876832,3.9288750543797386,0.9592480474841869,21.6271127439618,26.264040928592777,0.47857443697184426,2212.2380463413992,0.0,69.15505904544412,49.99999999999992,949.8607085453294,False,R410A
2024-11-06 12:50:00,456.59258339171015,83.99536361781938,47.5565946646854,3.191740942091196,1.2245127868215504,19.63035826096281,26.371531224113347,0.25405474511463627,2326.750078759001,0.0,69.88330996161227,50.00000000000013,958.5997195393473,False,R410A
2024-11-06 12:55:00,452.9066998606294,85.88942696456347,46.58960211549884,3.117110862644096,1.912143329676604,20.626552618022036,26.193978740651602,2.3722036477904425,2241.617407605717,0.0,68.9512867868504,49.999999999999865,947.4154414422047,False,R410A
2024-11-06 13:00:00,452.64009932762184,85.8966050945836,47.16157040239645,3.647220608949473,1.8552783640107757,21.62195359920914,26.74746658421044,-0.3220178585371247,2251.4065898429308,0.0,68.90086686714662,50.00000000000007,946.8104024057593,False,R410A
2024-11-06 13:05:00,453.6766526897132,85.21622428316869,47.008738680154394,4.017872580443528,0.7854223055701502,21.831211509956184,26.919987470756865,0.5111958343976934,2186.37161888102,0.0,69.17132772671343,50.00000000000008,950.0559327205611,False,R410A
2024-11-06 13:10:00,450.0078902111729,87.41673345774399,46.10846291852558,4.225158750577507,1.7041178623394393,20.905058474095384,25.946617039638422,2.588659782503517,2166.2901460423286,0.0,68.0795730484449,50.0,936.9548765813389,False,R410A
2024-11-06 13:15:00,449.31924061435143,87.03799501707911,47.17560148361253,4.254310623270471,1.4961338001310165,20.198705927172714,26.16883344118725,1.1690762371036327,2156.8222963112207,0.0,68.23962409628771,49.99999999999993,938.8754891554524,False,R410A
2024-11-06 13:20:00,449.5991245471631,87.08156445159611,46.5365678470338,3.677486315843813,2.0658012632338414,20.54838451102327,26.259240960655813,1.123157404818472,2205.0232062446685,0.0,68.18248112662054,50.0000000000001,938.1897735194465,False,R410A
2024-11-06 13:25:00,449.70136128916016,87.21228233176294,46.568694791397974,3.8696439217719116,2.0948187886903025,21.82920705471227,27.033869471900594,1.205488685078141,2207.3735264394313,0.0,68.0583583967107,49.99999999999994,936.7003007605283,False,R410A
2024-11-06 13:30:00,447.49849517235225,88.32060767414514,46.32526929406703,4.198558054269058,1.4485541463370533,20.70173838588652,26.474215125664053,1.8750734845664863,2101.065615852236,0.0,67.48415658056152,49.99999999999993,929.8098789667382,False,R410A
2024-11-06 13:35:00,129.80660432183652,208.35766642835694,2.8253689590891042,30.181960659088634,2.117380173958679,20.738695166980893,18.989751241917734,18.293713502276272,-31.2201659551488,6577.329618875039,67.58474067928594,49.999999999995964,0.0,True,R410A
2024-11-06 13:40:00,130.42191754216176,208.390242203262,2.2010033796584025,30.805440618551277,2.46167740964743,20.94023747475618,19.151658644120538,18.14569297886831,-13.818551496631406,6572.4884888092165,67.5570770789098,49.99999999999615,0.0,True,R410A
2024-11-06 13:45:00,130.98371600802764,207.8027352424236,2.1985743558117963,28.9854375813698,2.203417242906122,20.32314974359612,19.255101159765367,17.170481687037846,7.875610128037922,6594.34144406139,67.68195110892222,49.99999999999693,0.0,True,R410A
2024-11-06 13:50:00,441.57970105031956,91.1046503013228,45.8069116717558,4.978962820358917,3.0075737439179573,21.158988148750492,26.514799912229137,3.5560822355587947,2153.8200626932125,0.0,66.07261266386399,49.99999999999997,912.871351966368,False,R410A
2024-11-06 13:55:00,447.1987602082366,87.77561131124637,46.810324502714934,4.188397023369265,2.1186471052010787,21.361518893340165,27.214682689142165,2.069938174546428,2143.0455685258503,0.0,67.54370957756662,49.99999999999989,930.5245149307995,False,R410A
2024-11-06 14:00:00,442.9851893082835,89.95009946891513,46.871375087563095,4.051961344827574,2.420029633227245,21.18503461760747,26.618124318212345,0.59683208337048,2010.6028119162997,0.0,66.5245761689007,49.99999999999998,918.2949140268084,False,R410A
2024-11-06 14:05:00,444.21599430354837,89.15443572282378,46.64624165618962,4.90613527836523,2.5651349229043525,20.750878673201004,25.735759024437275,1.0418821959784996,2086.4802312950233,0.0,66.859496659857,49.99999999999992,922.3139599182841,False,R410A
2024-11-06 14:10:00,438.97477569535437,92.22883181800944,46.13066290763042,4.921444001410214,3.2993221327532143,20.44052180130699,26.208914060191987,4.522246830815741,1996.6725402739787,0.0,65.43261180523464,49.99999999999992,905.1913416628157,False,R410A
2024-11-06 14:15:00,444.47029840879037,88.89775775885953,46.64343118958307,4.367728893135554,2.7308215739120203,20.4028309978474,25.653382338193985,2.266458271957562,2079.919521878635,0.0,66.90750956437573,49.999999999999886,922.8901147725088,False,R410A
2024-11-06 14:20:00,443.6224457191544,89.36176137678541,45.559176250390685,5.591994191148664,2.8765532145602806,21.457166218276548,26.710983101775444,-0.5807061100461719,2126.5499573217635,0.0,66.66479352545672,50.000000000000036,919.9775223054806,False,R410A
2024-11-06 14:25:00,443.63997785116425,89.31012866453602,45.80712138526562,5.17807908994928,2.6988506909287246,21.09486686761927,26.11568830021929,3.8326194386491084,2059.7535429058134,0.0,66.65381546964049,49.999999999999886,919.845785635686,False,R410A
2024-11-06 14:30:00,439.9382157116292,91.15601915044941,45.82401140755244,5.38523666376989,3.4264657035727812,20.95513528612323,26.4811312950779,2.603048125407994,2039.9992638760555,0.0,65.80401361160533,50.000000000000014,909.648163339264,False,R410A
2024-11-06 14:35:00,443.7710909352882,89.23079082141783,45.87310208854921,4.875676320927766,2.5728104531648324,22.227371826256558,27.627964802574798,1.7897938924541705,2120.950783678908,0.0,66.62942429278887,49.9999999999996,919.5530915134665,False,R410A
2024-11-06 14:40:00,441.1908170471264,91.15611819051148,45.3419439824155,5.085376662386,2.734509302644752,21.028547668746437,26.80028705444752,2.0620336084214728,1976.714912577569,0.0,65.66456665278265,50.0000000000001,907.9747998333918,False,R410A
2024-11-06 14:45:00,442.9411603946463,88.85578306184381,45.33098251752624,5.643594782069687,2.787022250210097,20.79134557917601,26.638055263469496,2.5834080179190035,2139.741971252361,0.0,66.71218770123073,50.00000000000001,920.5462524147689,False,R410A
2024-11-06 14:50:00,437.74782603241607,92.32919067826907,44.993835522733654,5.844950309985816,3.481780360582473,20.728162657230218,25.702418861625866,2.055477575328407,1891.8122969580843,0.0,65.11226701146862,49.99999999999996,901.3472041376234,False,R410A
2024-11-06 14:55:00,438.7258092151705,91.42840460664911,45.68549286464491,4.873550851929097,3.397405263615682,21.631519105785063,26.329734416416425,2.1714193462409908,1969.2763306414606,0.0,65.50334838217655,50.000000000000036,906.0401805861187,False,R410A
2024-11-06 15:00:00,440.98591745864053,90.42703044532375,45.93216114706156,4.344116420263169,2.664832154887118,21.12143968747786,27.268922288999217,1.991289455560308,1977.1501009527108,0.0,65.911664881256,49.999999999999986,910.939978575072,False,R410A
2024-11-06 15:05:00,434.22855805233905,94.11009105530661,44.94304510161724,6.163989681417932,4.41780950700661,20.40142917345278,26.176185445593973,3.08832363672106,1920.9956927900998,0.0,64.2388586391534,49.99999999999989,890.8663036698408,False,R410A
2024-11-06 15:10:00,439.38619253345644,91.23094076503878,45.84352055355129,5.233321505447874,3.4744067944861885,20.82905975641422,26.687242833401697,2.2460478206552352,1927.1172404127303,0.0,65.4774878592258,49.99999999999996,905.7298543107097,False,R410A
2024-11-06 15:15:00,433.7906658677693,94.48125029360155,45.02517129915506,5.296080090381244,3.9241501065545896,21.1310451568078,26.10499441834725,4.36336330550919,1949.509098457419,0.0,63.97890165229134,50.000000000000064,887.7468198274962,False,R410A
2024-11-06 15:20:00,136.93978650412663,216.79681835976115,4.17375791769697,31.842764206865837,3.347835180220653,21.33876981750987,19.544931288736787,18.899533428807747,-9.029006062216103,6080.035106596483,66.0,49.99999999992326,0.0,True,R410A
2024-11-06 15:25:00,141.07799517110445,222.53049458335516,4.351246492245986,32.29754579410264,4.755205397388079,21.34563372546126,18.74389045245377,19.825096112602687,-18.346372533654943,5798.779219009559,66.0,49.99999999977085,0.0,True,R410A
2024-11-06 15:30:00,137.8801002128816,220.26931552993005,4.462191921506553,32.37935894356943,3.783495546186538,21.571583336245745,18.634104699915326,19.724628694322984,16.216104795888793,5910.090731718007,66.0,49.99999999984645,0.0,True,R410A
2024-11-06 15:35:00,436.2450845272654,92.91674461435088,45.56198376771241,5.940367591870365,4.397906932017532,21.624757771040528,26.666340863034126,3.1264032144142107,1945.9442158042461,0.0,64.56100503084018,49.99999999999976,894.7320603700821,False,R410A
2024-11-06 15:40:00,434.8819867700146,93.28670330500404,44.68604930610217,5.513088221595824,3.6332587503979443,21.503701529806317,26.11469644236751,2.2969109032439206,1931.0559009534004,0.0,64.36555953526451,50.000000000000064,892.3867144231741,False,R410A
2024-11-06 15:45:00,430.91767336015994,95.72574821225656,44.92118502865079,6.694403560186267,4.894132742355848,21.09439465877432,26.349303019546273,5.683153657351046,1918.4072695272014,0.0,63.24403764405167,50.0,878.9284517286201,False,R410A
2024-11-06 15:50:00,431.8644781303345,94.49755864708224,44.55332072664491,5.856203756936875,4.04981416273251,21.466712764234405,27.202162323098097,4.532690952883737,1970.1048940154255,0.0,63.78968740349135,50.00000000000006,885.4762488418961,False,R410A
2024-11-06 15:55:00,431.8025949471908,94.64336155747473,45.0920742013895,5.922046236078901,4.612711185315479,20.754093701388307,25.957325515696684,5.25131418660497,1882.8075717358715,0.0,63.72302565466123,50.0,884.6763078559349,False,R410A
2024-11-06 16:00:00,428.5716841844584,96.80254155716437,44.409746538941874,6.357448366613023,4.403123517875757,20.916740126535338,26.140270071158497,5.1581224908851615,1821.4805743687396,0.0,62.752831860152575,50.000000000000014,873.033982321831,False,R410A
2024-11-06 16:05:00,432.81249385734986,94.19255923907458,45.395883899148814,6.625617370694587,4.065781070355462,21.91524075918622,26.674079717847846,3.09975875292597,1861.0898612674773,0.0,63.879739686417096,50.000000000000036,886.5568762370052,False,R410A
2024-11-06 16:10:00,430.59470492672517,95.53693944260115,44.302615934708655,6.227989668050473,4.609700661128823,20.815973653123127,26.346152469356582,1.5202979237487875,1776.312875892931,0.0,63.263448275844695,49.999999999999936,879.1613793101365,False,R410A
2024-11-06 16:15:00,428.2910576221087,97.05926616145634,44.716018586976595,7.40799802449962,4.920399575226241,20.884681797130362,25.97770656792303,2.9926800086897485,1819.9969131426542,0.0,62.55644713156501,49.999999999999815,870.67736557878,False,R410A
2024-11-06 16:20:00,427.5786720781459,96.68114510420945,45.0648459994662,7.520224824180623,4.958710939184558,20.442498830742807,26.33706558016872,4.765004435795429,1798.3097054179773,0.0,62.743035221825615,49.999999999999986,872.9164226619074,False,R410A
2024-11-06 16:25:00,430.51738555519165,95.65801702661128,45.38623417647473,6.054058575812462,4.277176509799217,21.393620286450464,26.525696839455318,3.8216702249031864,1782.885149598263,0.0,63.15316371152063,49.9999999999997,877.8379645382475,False,R410A
2024-11-06 16:30:00,430.05955090178054,95.60763543688536,44.552792910633265,4.959666623217698,4.445606792421108,21.450569406286956,26.498405728211743,3.5003144216504203,1854.9037652152595,0.0,63.15967143886767,50.00000000000006,877.9160572664122,False,R410A
2024-11-06 16:35:00,433.11782319229087,93.71283107702682,45.25259901335897,6.530623401961797,4.382885203125581,20.98655325046938,25.94346819142985,1.0128151286748133,1884.0219523193828,0.0,63.98326273934768,49.99999999999993,887.7991528721722,False,R410A
2024-11-06 16:40:00,431.23070021551234,94.4931604496425,45.21365865897402,6.0002338212956206,3.9596431194600057,20.512291864478374,26.239981321990886,3.6580925057314095,1852.6271695809196,0.0,63.657560460048614,50.000000000000135,883.8907255205834,False,R410A
2024-11-06 16:45:00,428.6356192805209,96.5700956544452,45.544625253799076,6.2054906413970805,4.810346166298597,21.58825758817471,26.606916872226332,3.056805297710775,1785.6526272349747,0.0,62.72283230407385,49.99999999999986,872.6739876488862,False,R410A
2024-11-06 16:50:00,428.9331018534909,95.61354858966187,44.202505428706395,6.1147470014815655,4.343357982624724,20.782999590807368,26.39553950373457,3.1847234737921273,1857.0111682191637,0.0,63.1817878908839,50.00000000000006,878.1814546906068,False,R410A
2024-11-06 16:55:00,429.52606207586734,96.11447302724206,44.39572472022673,6.324225098967316,4.593394241625113,21.35486683067398,26.583296939403354,4.881736106547468,1882.502617944031,0.0,62.93673598069934,50.00000000000011,875.2408317683921,False,R410A
2024-11-06 17:00:00,426.62867727145294,97.26072924682701,46.074127763114994,7.419401189684265,4.796169709261729,20.67721418969967,26.074253994933372,3.241662690253385,1793.1467594490916,0.0,62.45839071132521,50.00000000000011,869.5006885359024,False,R410A
2024-11-06 17:05:00,432.3242828613783,94.30136864923111,45.0173442819405,6.208098387767436,3.891657822873189,20.967890454701806,26.517640190798115,2.6944534627354866,1915.5686552362954,0.0,63.743714463782645,50.000000000000085,884.9245735653918,False,R410A
2024-11-06 17:10:00,429.93334192570427,95.6525090434598,43.983264127756826,7.070117938109444,4.350110665418642,20.82788883543584,26.23472101554975,4.113898950465496,1795.1346443924929,0.0,63.14336275388925,50.00000000000007,877.7203530466709,False,R410A
2024-11-06 17:15:00,429.0103147694488,96.51177130960028,44.483855647489676,6.880269100754228,4.676638716737992,21.040602508686366,25.89949117204751,5.00552113272829,1776.6907864425875,0.0,62.73368191777004,49.999999999999936,872.8041830132405,False,R410A
2024-11-06 17:20:00,430.32456435865004,95.31653178610321,43.58551472514446,6.218782856855899,4.342581019217503,21.607552142065682,26.858942818061177,3.470692323424345,1876.0595306385696,0.0,63.25320356233772,50.0,879.0384427480525,False,R410A
2024-11-06 17:25:00,425.32358488674566,98.18464210707694,44.62453987385673,6.799382041557173,5.466381428100074,21.462277887777958,27.142549518990155,5.961776048184709,1724.016360510268,0.0,62.0108787136764,50.00000000000013,864.1305445641168,False,R410A
2024-11-06 17:30:00,426.7030821946323,97.41883170784497,45.03563672947147,7.106478576264984,5.128660867935092,21.093766360344233,26.111903493956284,3.0470050229650236,1797.7471180514494,0.0,62.34865159821963,49.99999999999989,868.1838191786356,False,R410A
2024-11-06 17:35:00,428.4356966659053,96.83619334883323,44.257794403278965,7.125378692848576,4.802160027730271,21.201310768885392,26.424437163321645,2.761110277573813,1810.9807736344612,0.0,62.569668243635554,49.99999999999994,870.8360189236266,False,R410A
2024-11-06 17:40:00,424.35835567429245,99.04732726425728,44.11262502449822,7.701080362018471,4.973740164352186,21.542363648107756,26.45363368276733,3.16339802088278,1699.2921862988921,0.0,61.59463196166393,50.000000000000014,859.1355835399672,False,R410A
2024-11-06 17:45:00,431.5287491499211,94.47313733658093,45.55953795390985,6.072282909344932,3.955845237463418,20.891260531889248,26.527464896284513,2.0508684006223725,1901.195088821893,0.0,63.59389566993439,49.99999999999987,883.1267480392128,False,R410A
2024-11-06 17:50:00,428.22239200804364,96.49265521653663,43.89168630446576,6.73187754568385,5.236417928065737,21.028791977076974,26.502880209365824,4.4808235826417295,1778.8544101702983,0.0,62.71145076503677,49.99999999999986,872.5374091804414,False,R410A
2024-11-06 17:55:00,427.2690794857875,96.73998704908996,44.07773462355287,6.973993231757469,4.379007396308148,20.9934700364931,26.25307258334298,3.2041837077406337,1787.2204458449664,0.0,62.636053945740386,50.000000000000036,871.6326473488847,False,R410A
2024-11-06 18:00:00,431.025004114822,95.06012960626174,44.896654022244576,6.127068669561711,4.353209067975299,20.428499028178553,26.608024700084215,2.408858818680923,1838.190470291882,0.0,63.361897634939716,50.00000000000006,880.3427716192766,False,R410A
2024-11-06 18:05:00,427.8318556274057,96.4113174332345,44.42704900081187,6.028241423704908,4.7039960549108955,21.035685550475172,26.555433999821425,4.475508135741897,1811.763222252659,0.0,62.80857711878742,49.999999999999986,873.7029254254489,False,R410A
2024-11-06 18:10:00,432.0497929083806,94.6128163955993,44.946125226621305,5.806119566171467,4.115858004077537,20.585427280752572,26.103225072113457,4.533204346713246,1919.214267438672,0.0,63.58148980095494,50.000000000000036,882.9778776114592,False,R410A
2024-11-06 18:15:00,427.5896262403464,97.08520047351631,44.054826824596006,6.630546299660314,4.450402891561099,21.128072823118917,26.395224961965557,5.301922417849706,1833.974996904331,0.0,62.497871958131384,50.00000000000014,869.9744634975765,False,R410A
2024-11-06 18:20:00,427.01397632868884,98.00138001281094,44.62601325181497,7.305961557804535,4.739388996492438,20.914884533428935,26.949086609483153,5.350142452864159,1751.599336326839,0.0,62.05028402361123,49.999999999999915,864.6034082833348,False,R410A
2024-11-06 18:25:00,427.5436361557842,96.692519047884,44.66793391233851,7.306088141214718,4.5126478927374585,21.22191303725295,25.727312193447414,3.2584959273860776,1823.495341807698,0.0,62.646801213142666,50.000000000000036,871.7616145577119,False,R410A
2024-11-06 18:30:00,433.0445998947079,93.735317167602,45.506269004002675,5.346411386451141,3.811587130089118,20.441370549164617,25.903315844318318,3.800525955268157,1862.4239195449195,0.0,63.951130018363095,49.99999999999994,887.413560220357,False,R410A
2024-11-06 18:35:00,431.3489389548646,95.22107963146227,45.07366271055528,6.07004354594816,4.767032170867431,20.85973297805642,26.092679984809703,4.365587630305575,1813.4305628043367,0.0,63.2625678941737,49.99999999999997,879.1508147300844,False,R410A
2024-11-06 18:40:00,427.18095716039227,97.4910404529011,44.69755741287924,6.695452249293406,4.871645699783243,21.18090101862202,26.90808987845072,3.899500252735939,1779.8329847162347,0.0,62.251233004349935,50.00000000000034,867.0147960521992,False,R410A
2024-11-06 18:45:00,427.8623612816772,96.5623779350447,44.03086277851841,7.058669908442025,4.50417106194442,21.016957470709436,26.00585344620046,4.326063496193418,1868.6001251995226,0.0,62.677377215422595,49.9999999999999,872.1285265850712,False,R410A
2024-11-06 18:50:00,434.623801864097,92.83666675407638,45.61564604183793,5.576811044285104,3.8729537251395154,20.854544168143846,26.034709483180837,2.0892480820176704,1994.7341153081293,0.0,64.31826737604129,49.99999999999992,891.8192085124955,False,R410A
2024-11-06 18:55:00,425.6069237168356,98.15880796017841,44.332261791930144,6.788207175416447,5.2034601144786565,20.76909870746055,26.085199052121165,3.875473166795981,1734.1373249228723,0.0,61.993853314219635,50.00000000000011,863.9262397706357,False,R410A
2024-11-06 19:00:00,428.32695697688456,96.6085057800896,44.66831278278984,5.958521129272021,4.561131506029859,21.385557679723476,26.62897039602228,4.536304723435216,1843.1060690152808,0.0,62.670965164305734,49.999999999999915,872.0515819716688,False,R410A
2024-11-06 19:05:00,430.47227804158257,95.09301127411982,45.53394959254384,6.561947118855372,4.590837849421517,20.92520192591288,26.123116849621713,5.327786115215936,1882.615092850217,0.0,63.35951307826251,49.99999999999987,880.3141569391502,False,R410A
2024-11-06 19:10:00,426.83653660015267,97.48024553424102,44.26362735403391,6.75484028631191,4.45419579130322,20.957565964146006,26.35180632225711,5.486979436932026,1783.315103789447,0.0,62.328920352779626,49.999999999999986,867.9470442333555,False,R410A
2024-11-06 19:15:00,430.7333513394197,94.80682742053783,45.754837499893625,5.900650368291363,4.579063975416085,21.232702161333425,25.616420377456944,4.38853136351548,1846.0972032293737,0.0,63.54465422843768,50.00000000000007,882.5358507412521,False,R410A
2024-11-06 19:20:00,431.7885131630998,94.71655283219256,45.81988873285144,6.073375276872432,4.200446187181814,21.252078466359663,25.964154774141946,3.7828319278882567,1881.8228066344116,0.0,63.59373622177304,50.00000000000001,883.1248346612765,False,R410A
2024-11-06 19:25:00,429.5935880886588,96.1216935576771,45.24400674672801,7.073345046904527,4.495443590413377,21.12155358613535,25.513327954573473,3.9346167829635768,1894.8215068555673,0.0,62.980305408122206,50.000000000000135,875.7636648974665,False,R410A
2024-11-06 19:30:00,426.3245489578116,97.92549403169913,44.08942481785446,6.391242914855854,4.68578207167632,21.570283231470707,26.96083147004629,2.946086415128124,1783.6724062354601,0.0,62.21262726196845,50.000000000000036,866.5515271436213,False,R410A
2024-11-06 19:35:00,426.8602682753922,97.29805619259655,43.60756015604023,6.311561145976612,4.364035922374386,20.912788045693922,26.26446424070742,3.3968844276389047,1760.7757757360582,0.0,62.53521807694318,49.999999999999865,870.4226169233183,False,R410A
2024-11-06 19:40:00,430.95281722838274,95.61496797628192,45.51373681175093,6.993700417571529,3.8675726130941013,21.230510881399823,26.77175948694963,3.0647193392450274,1876.1070552592103,0.0,63.26485161232256,49.99999999999999,879.1782193478708,False,R410A
2024-11-06 19:45:00,430.54718652171357,95.68922544894542,45.020854044910756,6.417672061682481,4.1509516469881165,20.91414938862151,27.16722651053138,4.454543963213701,1792.6968470710776,0.0,63.240430704653896,50.000000000000085,878.8851684558467,False,R410A
2024-11-06 19:50:00,429.81848376534185,95.87315414074412,44.574616590088816,6.738589947689893,4.58001486551464,20.89602336052424,26.471765209345165,4.84866067081976,1847.1537060181136,0.0,63.192574201332135,50.00000000000004,878.3108904159857,False,R410A
2024-11-06 19:55:00,137.18557332307353,217.29356392690872,4.321732843736049,31.93582762686109,3.4465681451668493,20.820097414595008,19.05338961060838,19.47152509138471,-22.820695066719285,6042.766914849613,66.0,49.99999999990987,0.0,True,R410A
2024-11-06 20:00:00,138.64255773015785,220.70584678332034,3.7576663503952363,32.170778514687164,3.723911335116849,21.088632492362454,19.140925731253922,20.37111222890394,1.9646788877281252,5884.04397320805,66.0,49.99999999983068,0.0,True,R410A
2024-11-06 20:05:00,136.56538003143473,217.10955806413574,3.4681996750120625,31.506127744553254,3.4075577108761976,21.416408226724673,18.966870951682143,18.752534855654012,-4.026148373655215,6061.902943555364,66.0,49.999999999917094,0.0,True,R410A
2024-11-06 20:10:00,433.6004295285524,94.03311918712433,45.569364216655174,6.339886965246338,3.808657958753134,21.12332918059365,26.422707976788402,2.4411777714105423,1926.2289938445695,0.0,64.15178409199115,49.99999999999958,889.8214091038938,False,R410A
2024-11-06 20:15:00,435.6344640847404,93.34564229152316,44.86190530696233,6.356225986879217,3.671407336174934,20.891361942070507,27.03378819463285,3.2251248066243825,1917.2482782289576,0.0,64.44988459405272,49.99999999999999,893.3986151286326,False,R410A
2024-11-06 20:20:00,433.6319391301725,94.05036637526241,45.26018510402901,6.455526761731316,3.874764715750438,20.891785777178765,25.81941245143841,2.6885954977907875,1899.270467813414,0.0,64.17313482355347,50.00000000000004,890.0776178826417,False,R410A
2024-11-06 20:25:00,435.29690997670514,93.46903093999312,45.9590590421921,5.1879435828622675,4.090461303501673,21.213183157166295,26.917961998385774,1.438539391442206,1915.889090969028,0.0,64.43864120062779,50.00000000000001,893.2636944075334,False,R410A
2024-11-06 20:30:00,442.76720638555145,88.92505824532039,46.29675247239801,5.39752604147224,3.1198468639775214,21.06539971371162,26.3290127683689,1.8859831294526817,2085.284465467923,0.0,66.50985893489985,50.00000000000001,918.1183072187982,False,R410A
2024-11-06 20:35:00,435.8780936839676,93.13516388048917,46.11358367895781,5.501205025506555,4.281811404222174,21.302153215193876,26.477843972950296,0.5816410353709244,1909.4478276589607,0.0,64.63965469478924,49.99999999999992,895.6758563374708,False,R410A
2024-11-06 20:40:00,435.08352168004967,93.54576286170615,45.99850543157487,5.380212894465091,3.270255468227937,21.45761420510816,26.47220712851206,1.451349892908591,1951.8042239762501,0.0,64.48454467352498,49.99999999999995,893.8145360822998,False,R410A
2024-11-06 20:45:00,436.1403344390903,93.23802509593799,45.48886357596394,5.602010273278258,3.429908945561594,20.77453550145397,26.140143818283903,2.4455798320709285,1979.9689591624046,0.0,64.62665175667502,49.99999999999987,895.5198210801,False,R410A
2024-11-06 20:50:00,437.36300149478285,92.20631200904667,44.503036618723996,5.853687808420778,3.647669137914338,21.48029924659686,25.434000901429936,3.902100176618661,1964.6462947547434,0.0,65.12375281840718,50.000000000000014,901.4850338208861,False,R410A
2024-11-06 20:55:00,433.85344510782613,94.07936024586239,44.82888324828275,6.094539564160164,3.6880981074886257,20.295684692176863,26.626592982963032,1.9767111201865193,1903.1522225251645,0.0,64.35138505570774,50.00000000000001,892.2166206684929,False,R410A
2024-11-06 21:00:00,134.65420484408244,215.03807857759205,3.6776908714608725,31.168330609341492,3.554259756223397,21.65025389369883,19.052969412935454,18.60257478320745,-8.047156036276302,6196.391664655981,66.0,49.99999999995552,0.0,True,R410A
2024-11-06 21:05:00,134.85491644698698,214.76706425006174,2.470912892012099,31.66487153559373,3.30817263118919,20.58870107908042,18.52373895244079,18.155139604832133,21.495872112737295,6213.8864892458405,66.0,49.99999999995971,0.0,True,R410A
2024-11-06 21:10:00,134.75228648946668,215.30157710413462,3.1397225618444584,31.37299914651765,3.7768301191489737,21.036795474468217,18.9718260038585,19.130410652561913,-21.315987766294718,6193.925900351724,66.0,49.99999999995506,0.0,True,R410A
2024-11-06 21:15:00,440.8166259049552,91.02005348550372,46.12787941138097,4.768662127848383,3.3679626947978765,20.97044774801035,26.70252042847415,1.1807738987540854,2094.743550206911,0.0,65.88970427876386,49.99999999999989,910.6764513451664,False,R410A
2024-11-06 21:20:00,444.03113406609015,89.04348630550541,47.043356756410724,4.23455381381412,2.906876443261061,20.583300836444113,26.152544575674437,-1.9422196674978447,2105.1318342101936,0.0,66.82285708941328,49.99999999999988,921.8742850729593,False,R410A
2024-11-06 21:25:00,448.6778674516597,87.19278371519422,46.32838555212248,4.383923555077898,2.0552446502589796,21.20332032872661,26.18308038489595,2.428850518728225,2126.1026025432625,0.0,67.64238773426582,50.00000000000011,931.70865281119,False,R410A
2024-11-06 21:30:00,443.2053735840134,89.25211215286006,45.96869823737823,4.571485009532479,2.583505623649798,21.02616178738683,26.318583947323425,1.721821735891092,2026.1938311476374,0.0,66.77451224511944,50.00000000000007,921.2941469414333,False,R410A
2024-11-06 21:35:00,441.7249033959202,90.69403742509778,46.02954880840394,4.237885167757602,2.834061707194213,21.26791336287444,26.461779331215453,2.3348356406962143,2032.7823459606748,0.0,66.14872451107115,49.99999999999991,913.7846941328538,False,R410A
2024-11-06 21:40:00,444.66942832181536,88.78748501664023,46.57653701994481,4.888806699815064,2.0134583101853405,21.1155555680963,26.48184330258992,1.3054767923711745,2085.6318452902215,0.0,67.06954809343937,50.000000000000014,924.8345771212726,False,R410A
2024-11-06 21:45:00,443.01784332658275,89.9878131167877,46.13590815028341,4.4758204003791855,3.1574886913400557,21.465556880924208,26.799267520293107,3.1287682945186326,2081.233501649239,0.0,66.56808417061721,50.00000000000004,918.8170100474066,False,R410A
2024-11-06 21:50:00,445.38179764953514,88.90450221521677,46.93312147545387,5.25141008931311,2.678966457971676,21.24786673012977,26.175341011085635,-0.24543352427124843,2014.1716629038744,0.0,67.08929946936257,49.99999999999999,925.071593632351,False,R410A
2024-11-06 21:55:00,442.9489160127597,89.7654454547504,45.89444046250376,3.9064885020653275,2.5044753574184013,21.053366493257435,26.47090240920641,2.3486475826997264,2074.872223707971,0.0,66.78403301071464,50.00000000000008,921.4083961285756,False,R410A
2024-11-06 22:00:00,448.4612260058121,87.47254358530186,46.75687216247144,3.9805901074291072,2.462322157862105,21.13988080103324,26.744892651477592,0.4013239374492519,2150.212704770206,0.0,67.85811118875176,49.99999999999997,934.2973342650212,False,R410A
2024-11-06 22:05:00,447.32797705498626,88.54156809627538,46.73258039712962,3.9700457684389123,2.1309243166343794,21.4079877747248,26.1290614830324,2.3215401638629283,2104.2131646134626,0.0,67.35993077868295,50.00000000000001,928.3191693441954,False,R410A
2024-11-06 22:10:00,446.8358251138692,88.2590116313017,46.37510705536925,3.745324126048429,1.6815950457005153,21.351065633771682,26.328047683509002,0.7408224674796187,2124.4643699963517,0.0,67.5339292275258,50.00000000000011,930.4071507303096,False,R410A
2024-11-06 22:15:00,131.79169148687015,210.31845901004377,2.8878993847203516,30.22464905806118,2.770255342308453,21.535030688280465,19.39287729816598,16.809491388759092,5.324342414233531,6486.184454245871,67.06391116711927,49.99999999999234,0.0,True,R410A
2024-11-06 22:20:00,127.86507496335757,203.4043403185455,1.5537282671468973,30.364532801044213,1.0956809265909229,21.636933021825218,18.92991626107841,15.113901331740571,19.818012836148107,6832.262851215997,69.04150200694855,49.99999999999977,0.0,True,R410A
2024-11-06 22:25:00,128.51531532068984,205.49931735059243,2.161572056559356,29.838834285022973,1.708416560296024,21.055405919367175,18.678487527778696,16.610607725398808,19.0209442154519,6731.497780005873,68.46570160003355,49.99999999999878,0.0,True,R410A
2024-11-06 22:30:00,448.20960617467904,87.74880646276804,46.80875960075157,3.655202584965088,2.1128935165989304,21.577144375405627,26.67433689796552,2.615529864431113,2158.450695975581,0.0,67.8978867912724,50.00000000000004,934.7746414952687,False,R410A
2024-11-06 22:35:00,447.2385172633163,88.01060158325738,46.88817834112917,3.15238438765056,2.1823381962408908,21.059088390387235,26.05985416987394,1.7933935819824425,2097.124390120754,0.0,67.86660281436147,49.99999999999978,934.3992337723378,False,R410A
2024-11-06 22:40:00,452.18789521673796,86.14693029431507,46.713925202696196,2.7658239519983283,1.88102554203331,20.56728128662112,26.00210140044816,0.6846843186756677,2197.925243128476,0.0,68.74698954965567,49.99999999999988,944.963874595868,False,R410A
2024-11-06 22:45:00,453.7757496762713,85.16943779914152,46.899712033875204,3.1116379126462053,1.5541249125858267,21.48304612509998,27.0827200270404,0.9890158028067619,2197.26651810229,0.0,69.24026103058885,49.999999999999964,950.8831323670663,False,R410A
2024-11-06 22:50:00,451.87073413274175,86.08921219361032,47.690358014061715,3.2456096424675547,1.7274213925054933,20.184556940548184,25.690553883016385,-1.3339323933288976,2277.0408806439473,0.0,68.87509273092623,49.99999999999996,946.5011127711148,False,R410A
2024-11-06 22:55:00,452.7788052681429,85.98165253102466,47.42779064386299,3.4079274180790002,1.282727236579295,21.091320879157585,25.932573665177287,1.0860214551227347,2231.4202948578077,0.0,68.96009445760752,49.99999999999999,947.5211334912902,False,R410A
2024-11-06 23:00:00,456.2633149438436,84.02899258108955,46.958940176502935,1.9033444202965535,1.1277093876947768,21.05135234137001,26.84180267883313,0.7167707507743029,2358.8460196063374,0.0,69.92112735897103,49.999999999999986,959.0535283076525,False,R410A
2024-11-06 23:05:00,455.5117283269243,84.55511303765729,47.48790385348882,3.0908630142615316,0.6850388207697665,20.907217021992746,26.96652212103034,-0.4032905421602282,2369.806033063996,0.0,69.7265923764304,50.0,956.7191085171648,False,R410A
2024-11-06 23:10:00,454.46720960689703,85.47412601847759,46.05937880880886,3.8521757734714583,1.8069521954337533,21.15420436112844,26.006095543195688,0.9448492459281153,2210.907923841592,0.0,69.32337822820419,50.000000000000036,951.8805387384502,False,R410A
2024-11-06 23:15:00,453.0007411044262,85.89167383451715,46.912862473699036,4.21164388295044,0.9794538121228751,20.40259948278239,26.543925899742188,-0.855025110032047,2259.2278424655374,0.0,69.19955348146331,49.99999999999978,950.3946417775599,False,R410A
2024-11-06 23:20:00,125.9233695444515,201.43727041092984,1.5041953374706958,28.076458425202173,0.9197495475338392,20.612548709441672,19.64529570538746,16.59930510756472,-28.285868211484626,6991.7114752937405,69.95263700167851,50.00000000000013,0.0,True,R410A
2024-11-06 23:25:00,123.15394985320115,199.0854851973743,0.5968418446110625,28.258718259347063,0.26375236725860735,21.296086721959377,18.663412316974984,14.556665447056263,-3.349858542831801,7119.204876361676,70.68117072206672,49.99999999999987,0.0,True,R410A
2024-11-06 23:30:00,122.89783062243637,198.19188680184212,0.5706571109410729,28.084583845620788,0.2926508903483618,21.36029049017893,19.695543492334217,16.689298606266973,17.419542896535575,7170.90472836218,70.97659844778389,50.0,0.0,True,R410A
2024-11-06 23:35:00,460.19650982145663,83.21559812209064,46.212407406644424,2.778730007223446,0.7098978180902366,20.460706607040233,26.581699745363597,-2.239366970201183,2414.672819637468,0.0,70.58826141307875,49.99999999999992,967.059136956945,False,R410A
2024-11-06 23:40:00,461.663277395639,82.26451227397371,47.69788227658596,1.8647683185230608,0.3160271229064867,20.5464530269661,26.269801489052412,1.6490794949880014,2426.729968380384,0.0,71.05069089507742,49.99999999999999,972.6082907409291,False,R410A
2024-11-06 23:45:00,461.0624535814573,82.39049325298744,48.05516338321803,3.3264285959574442,0.82857084903779,21.58996015487147,26.565824769935613,-1.6539237051838112,2437.208042682805,0.0,71.02940605681181,49.99999999999976,972.3528726817415,False,R410A
2024-11-06 23:50:00,464.65317583131946,80.387612129269,48.499081187246965,1.9998462364458063,0.046155305391775814,20.755206654349596,26.605390656100788,-1.7218496285341947,2521.3823903727666,0.0,72.04382999879412,49.9999999999996,984.5259599855295,False,R410A
2024-11-06 23:55:00,460.0484304529068,83.00354065276427,48.30210145240706,2.510528726363899,0.43322895224492675,21.615918825623854,26.946530923493423,-2.1288410910454942,2342.3448485074723,0.0,70.855796257973,49.99999999999973,970.2695550956759,False,R410A
2024-11-07 00:00:00,466.9475160573224,79.66446168515371,48.32595978824011,2.554905314722285,-0.28152613116131814,21.425111733803394,27.096923412715373,-0.12273656774452413,2523.2215682989845,0.0,72.4829031043382,49.999999999999744,989.7948372520585,False,R410A
2024-11-07 00:05:00,465.8848054342339,80.2844428682346,48.25207254473137,1.8787755865670666,0.252709535725521,21.144441740245323,27.451009851361267,-0.8965860279073105,2437.051313485836,0.0,72.22640120278251,49.99999999999977,986.7168144333904,False,R410A
2024-11-07 00:10:00,465.264389892865,80.66114448192016,47.61756902596339,2.1553147156915817,0.22782427742757708,20.889962975633797,26.396472138197897,0.34776906470010893,2500.259386734097,0.0,72.08967397511552,49.99999999999962,985.0760877013863,False,R410A
2024-11-07 00:15:00,461.398742591942,82.77077892412805,47.82095098776712,2.0603185202156795,0.09408638865708074,20.76077813372193,27.28463405876815,-0.8608365958943557,2370.4846091428744,0.0,71.12856468627659,50.000000000000036,973.5427762353191,False,R410A
2024-11-07 00:20:00,467.97440030191524,79.4254448361952,47.907883400213905,0.9298543922557351,-0.5890900894589548,20.57740262992805,26.870703295954286,-1.2845865219991146,2419.5586954828213,0.0,72.76978915043415,49.99999999999937,993.2374698052098,False,R410A
2024-11-07 00:25:00,469.2480124217535,78.62535825499012,47.78774977320211,1.0792394067747992,-0.47314283186777406,20.472763767693134,26.545182731010787,-1.4176577199554565,2585.4442677323605,0.0,73.23115955494617,49.99999999999951,998.7739146593541,False,R410A
2024-11-07 00:30:00,470.3390074539858,78.41932965113111,48.226568841414874,2.4012765508455263,-0.5862013928187743,20.998176106710098,26.415584236788515,-1.7306072268051365,2484.993362830438,0.0,73.38442273725377,49.99999999999943,1000.6130728470453,False,R410A
2024-11-07 00:35:00,121.25658691854105,195.33573434046076,0.6856314762431711,28.247799496484664,-0.38382544007844316,20.322829194615235,18.056096998700735,12.997110447949963,12.588946123904293,7374.048842180585,72.13742195531762,50.00000000000013,0.0,True,R410A
2024-11-07 00:40:00,114.00629663608365,185.50067779849698,-1.6985990130641502,26.57394900624801,-1.3385804355155249,20.768864207429104,18.250386917133095,13.412014521183995,-26.005876019247253,7897.16144430763,75.12663682461502,50.00000000008163,0.0,True,R410A
2024-11-07 00:45:00,116.40825827601185,188.5670244837693,-1.0044577165319943,26.39741690686372,-1.381658640099596,20.99292316549057,18.39955947744888,13.770596448253592,20.161724146875173,7740.038739315287,74.22879279608735,50.00000000001465,0.0,True,R410A
2024-11-07 00:50:00,465.50553616710846,81.21415997927859,48.08270098581757,2.336359918603133,0.27188255026811253,21.439185764335786,27.16575205030386,0.4589172818215481,2449.208401332869,0.0,72.23853096377758,49.99999999999985,986.8623715653309,False,R410A
2024-11-07 00:55:00,471.8622885759308,78.30073194948388,47.984350993037445,0.4816513591585836,-0.6806672568096341,21.738295683858823,27.135354431423767,-2.625446419388415,2439.6340440093236,0.0,73.67900400736904,49.9999999999994,1004.1480480884286,False,R410A
2024-11-07 01:00:00,476.6601835176582,75.89511886487196,49.806466804022946,-0.23474188025197495,-1.7907909906045012,20.88867988799765,26.263638722588464,-5.090620979480476,2676.7280664293107,0.0,74.90242731082157,49.99999999999928,1018.8291277298589,False,R410A
2024-11-07 01:05:00,475.0273113434739,77.17274108882935,48.01957213859091,0.5796614938675629,-1.2996179551306375,21.130253542026864,26.38657214191046,-0.43740371916806864,2681.326247822559,0.0,74.28178988938322,49.99999999999927,1011.3814786725987,False,R410A
2024-11-07 01:10:00,474.74091101207944,77.13080662800476,48.84635991600057,1.81223711678552,-1.3289465235537912,20.976503154456875,26.42178486967095,-1.371719477910852,2633.3647961545453,0.0,74.3300166783904,49.99999999999911,1011.9602001406847,False,R410A
2024-11-07 01:15:00,473.11924876330295,77.63233492263394,49.03167477898359,1.8703041569848042,-1.0306799428208022,21.216121775806624,27.066236336450974,-1.0292632730551294,2606.021675118485,0.0,74.157285918423,49.999999999999105,1009.8874310210759,False,R410A
2024-11-07 01:20:00,472.0487138923094,78.71087938977811,48.986337039003175,0.9462585794903968,-0.8893160257880783,21.290924344411515,25.934106619456497,-0.8746893330448,2564.604728410647,0.0,73.65624591276867,49.999999999999446,1003.8749509532239,False,R410A
2024-11-07 01:25:00,475.8982942520206,76.55496991290481,48.923657603291105,0.2803772834936278,-1.726169881421915,20.372367907856187,26.655264534507037,-1.424651559972826,2648.0136456443693,0.0,74.76504641481476,49.99999999999905,1017.1805569777772,False,R410A
2024-11-07 01:30:00,479.2091871001873,75.08970553014161,48.658183664430545,-0.5897335615572604,-2.187830285144143,20.730567999742522,26.86158476315983,-0.4485025464296888,2657.5900163215174,0.0,75.53910508255476,49.999999999998685,1026.469260990657,False,R410A
2024-11-07 01:35:00,476.87509017486104,76.51366710145517,48.92552276056205,0.604256153787009,-1.270052208653675,21.265138177222035,26.37462472966402,-1.8432185509927161,2638.8914283426743,0.0,74.86951841794607,49.99999999999894,1018.4342210153528,False,R410A
2024-11-07 01:40:00,481.03139575166165,74.39231389056485,49.362966888220676,0.09787853328670729,-1.897256783338103,20.977379780419888,27.011719192469567,-3.4944711195500906,2765.667372701205,0.0,75.9662556854147,49.999999999998266,1031.5950682249763,False,R410A
2024-11-07 01:45:00,482.8368294322793,73.88804691074203,49.45076303392378,0.2783650850966909,-2.0847517748402553,20.869218522720068,26.6895109013939,-1.9776155557738735,2760.7649352321714,0.0,76.23282608400353,49.999999999997875,1034.7939130080424,False,R410A
2024-11-07 01:50:00,484.7947846600787,72.6667113138291,50.5722666685312,0.0057039254260544126,-2.36843027354839,19.8726470267511,25.366886209670785,-3.5162015054636364,2857.1289490444747,0.0,76.89929966247306,49.99999999999737,1042.7915959496768,False,R410A
2024-11-07 01:55:00,485.2770200881696,72.58085808962373,49.51655434054263,-0.5965185983152594,-2.6834833837404526,20.926040856800736,26.934503692114664,-3.107744615901233,2730.306561839107,0.0,76.99561527896589,49.9999999999973,1043.9473833475906,False,R410A
2024-11-07 02:00:00,484.47685153245413,73.06048990463538,50.20403932583212,-0.12671898077092514,-2.3495352108181735,21.071478256201047,26.296163728398636,-2.5345519163949977,2691.8775813931907,0.0,76.80946583630143,49.99999999999778,1041.7135900356172,False,R410A
2024-11-07 02:05:00,486.08845797147467,72.4178651845337,50.27252110522136,-0.941482882739795,-1.829611779321246,20.814533260262394,26.047770484207327,-3.912517764035382,2802.231967816801,0.0,77.18232689763305,49.99999999999717,1046.1879227715967,False,R410A
2024-11-07 02:10:00,483.3185452508174,74.15519477527349,50.35149234801623,0.10683485430647488,-1.809316276149726,21.645229549426677,26.275590821138373,-3.1719811601936367,2703.7351327857778,0.0,76.32337282474774,49.99999999999794,1035.8804738969727,False,R410A
2024-11-07 02:15:00,487.22981367515337,72.21839716319738,50.17530283915732,-0.9094410724599952,-2.742347568655668,20.935394196886087,27.129620821660385,-2.6799764622973052,2861.862855938429,0.0,77.31165006673544,49.99999999999682,1047.7398008008252,False,R410A
2024-11-07 02:20:00,492.5750252460924,69.95211558264357,51.06385540249323,-0.9946573005424597,-3.3813980826563013,20.548628385858233,27.077057642160565,-4.273031529735001,2825.482707825712,0.0,78.44877311705186,49.99999999999449,1061.3852774046222,False,R410A
2024-11-07 02:25:00,487.165933440992,72.578564974044,50.07701341847697,-0.3615806540560136,-3.4089631359461667,20.855174421810723,26.381819348762246,-2.0774460007083393,2873.1810820960886,0.0,77.1016626333974,49.99999999999713,1045.2199516007688,False,R410A
2024-11-07 02:30:00,485.08410249846565,72.90421704937255,50.341709643875085,-0.4649493612627113,-2.1787429282148336,21.870340579127596,27.065209915013206,-3.985508771972875,2751.67573620945,0.0,76.99870234822049,49.999999999997165,1043.9844281786459,False,R410A
2024-11-07 02:35:00,486.5090135992462,72.5531677030178,49.45104288372398,-0.206081377383792,-2.3673696303310248,21.51964167240107,26.633196884650715,-4.092875612875037,2941.9591966307203,0.0,77.20670247292693,49.99999999999694,1046.4804296751233,False,R410A
2024-11-07 02:40:00,481.58898858680186,74.73111311739896,48.49902802523651,-0.8760889535230993,-2.2540378086257045,21.51604912375233,27.77686302157581,-0.6848335520874345,2770.0619959117316,0.0,76.18177883568552,49.99999999999817,1034.1813460282262,False,R410A
2024-11-07 02:45:00,488.03401571584317,71.86208246225166,50.56477285947529,-1.3671240193669512,-3.2641782151196193,21.291526855475805,27.06637116581499,-4.864892351849433,2813.7616438512728,0.0,77.66933182051295,49.99999999999635,1052.0319818461555,False,R410A
2024-11-07 02:50:00,485.134753688182,73.36340988927594,50.32674248153046,-0.6165643947909766,-2.8281147909713775,21.005596608528855,26.582678313500754,-3.00825108701275,2907.0851011153145,0.0,76.96306911602892,49.99999999999716,1043.556829392347,False,R410A
2024-11-07 02:55:00,488.16507890783976,71.9452466019069,50.637816479869315,-1.588385444894488,-2.733434392314,20.183067642208897,25.622511009678338,-1.5152699034949266,2882.2669879576747,0.0,77.73350750211566,49.9999999999961,1052.802090025388,False,R410A
2024-11-07 03:00:00,489.1869695709519,71.58103615274054,50.22807591899894,-1.1908218257790573,-3.014191788600459,21.080133090496485,26.100303847982563,-3.515981016400977,2889.760321824371,0.0,77.97477913700342,49.99999999999584,1055.697349644041,False,R410A
2024-11-07 03:05:00,492.2235765977594,70.44545828113526,51.46402801274635,-1.4795376630603265,-3.0847449102393663,20.691184469709036,26.436412434093395,-2.445451846457552,2933.3091635913706,0.0,78.5844450310431,49.99999999999421,1063.0133403725172,False,R410A
2024-11-07 03:10:00,490.7214600399531,71.0128788379092,50.403836386660224,-0.5235251660382982,-3.152434117861189,21.291186361205558,26.70979412695756,-3.0258921949666293,2946.3872371674493,0.0,78.35673411874329,49.99999999999478,1060.2808094249197,False,R410A
2024-11-07 03:15:00,493.67551945219356,70.13605834174128,51.014237819122386,-1.3337975612358761,-3.115036762746662,21.119519889877715,26.011550317627126,-3.912266296616409,2966.373374764316,0.0,78.81012882476321,49.99999999999367,1065.7215458971586,False,R410A
2024-11-07 03:20:00,491.27375840297026,70.94186456217524,50.966720500377534,-0.711155062468717,-3.1149973083829825,20.909225151153567,26.50615178121125,-3.856515111963531,2851.1756568700184,0.0,78.45173970100132,49.99999999999461,1061.4208764120158,False,R410A
2024-11-07 03:25:00,493.43845074362883,70.71578489089512,51.55538258386457,-1.1105126459151575,-3.0127113912718118,21.233690658864553,26.671462037930766,-5.88066741946276,2926.175423324489,0.0,78.52270001064002,49.99999999999436,1062.2724001276802,False,R410A
2024-11-07 03:30:00,494.2538718535426,69.6620211362725,50.75324502422442,-1.8168467477751524,-4.175918135435702,20.975586985522327,26.58821131935,-4.368124772044483,2951.5047583942387,0.0,79.09802622431823,49.99999999999288,1069.1763146918188,False,R410A
2024-11-07 03:35:00,489.9869078162815,71.80813333559485,50.18505034427989,-0.9486706593193639,-3.385832734341857,21.775928943796668,26.84622303586174,-3.2833105573614247,2879.3269232367215,0.0,78.03105812638523,49.99999999999544,1056.3726975166228,False,R410A
2024-11-07 03:40:00,491.7082694734021,70.803322499748,49.97541387785666,-0.9346022597863478,-3.408620927718722,20.879254083748346,26.55464003880138,-3.5676525170598588,2926.428611816409,0.0,78.59863085350486,49.99999999999443,1063.1835702420583,False,R410A
2024-11-07 03:45:00,495.1236082235762,69.88250412218231,51.66953978567733,-0.9277743799068264,-3.2006044076580453,20.79327218411413,26.261403042935783,-1.5586162859742219,2936.2518269929997,0.0,79.04895008625624,49.99999999999291,1068.587401035075,False,R410A
2024-11-07 03:50:00,493.2346915790225,70.60882357721985,50.963362866695206,-1.4030315823617983,-2.7727176330742602,20.873859791352142,26.430036170374155,-3.5559184847450767,2901.4827029850258,0.0,78.67375310178917,49.99999999999413,1064.08503722147,False,R410A
2024-11-07 03:55:00,493.6632186012856,70.25096392467918,51.05328517511849,-2.259428151488255,-3.484943564277846,20.710399863975706,26.131357259059914,-3.3055275087679377,2936.0026896159548,0.0,78.87134565912356,49.999999999993456,1066.4561479094828,False,R410A
2024-11-07 04:00:00,495.78824661116397,69.01035074688058,52.64434722828914,-2.6402279388805248,-3.964800829336028,20.96986916494008,26.453319661594207,-3.116363642759673,2885.3367361495434,0.0,79.56265362033915,49.99999999999112,1074.75184344407,False,R410A
2024-11-07 04:05:00,494.4306924508386,70.01931553499806,51.060704325962625,-1.6941155788844091,-4.117399837103306,21.29965123730505,26.804937671821612,-3.4904079622981734,2974.844476619812,0.0,79.06181854765192,49.99999999999284,1068.7418225718231,False,R410A
2024-11-07 04:10:00,496.35354351893614,68.93110134402494,50.47454628448983,-3.003226733293782,-3.5752068534978454,20.68641449709167,26.190181799720346,-4.420325049456485,2958.1201227427423,0.0,79.66855196543959,49.99999999999073,1076.0226235852751,False,R410A
2024-11-07 04:15:00,498.1000552132142,68.65404306388207,51.06761523947761,-0.9989792267211987,-4.061588632147956,20.992654406192003,26.047328606872487,-4.477718810129017,3012.434044507742,0.0,79.77484540526427,49.99999999999025,1077.2981448631713,False,R410A
2024-11-07 04:20:00,496.8490315658877,67.87650840156192,50.59709303401369,-1.797468442363695,-3.2084346572561153,20.06065958954621,25.490740920563063,-4.9465895402998425,2982.6337344293306,0.0,79.55862463583469,49.999999999988056,1074.7034956300163,False,R410A
2024-11-07 04:25:00,496.2136078226114,69.26334277451711,50.862096083427694,-2.0645405457074006,-3.9685282169691334,20.9390728836249,25.826718652132282,-3.8024960118221993,2990.6865796013285,0.0,79.49341408191756,49.99999999999142,1073.9209689830107,False,R410A
2024-11-07 04:30:00,493.8990852974207,69.8977243805277,50.76658133053992,-2.1786586395606915,-2.9922523134980947,20.466185922348405,25.95552609807648,-4.294155563536172,2960.517441522856,0.0,79.24766968511258,49.99999999999225,1070.9720362213511,False,R410A
2024-11-07 04:35:00,496.0140802285295,68.1929809102026,50.79635698672361,-1.56863253712774,-3.8581818700395543,21.662370355160967,26.61718584578609,-3.9577556945841894,2966.1322636064724,0.0,79.57298448601901,49.9999999999887,1074.8758138322282,False,R410A
2024-11-07 04:40:00,491.1209756348831,71.97878070442503,49.88821183704425,-1.6699560307881072,-3.4216167727590134,20.977831297187404,26.1671187158016,-4.622224763292303,2911.49349052351,0.0,78.22627490592521,49.99999999999531,1058.7152988711025,False,R410A
2024-11-07 04:45:00,495.2706979787303,70.14797722251735,51.72426865621622,-2.0798038343072793,-3.5010473159136777,20.745131183612003,25.76212910664469,-3.92384199409811,2944.045881902781,0.0,79.1413809050135,49.99999999999268,1069.696570860162,False,R410A
2024-11-07 04:50:00,493.8982751281681,70.72620091730266,50.96109296120379,-1.798531555326137,-3.1841444273476514,20.378703690023276,26.82774547785819,-2.3634912639054226,2931.941220906126,0.0,78.83111717062559,49.99999999999348,1065.973406047507,False,R410A
2024-11-07 04:55:00,494.7316580985544,69.82639716715765,50.8912238739112,-1.6149028143945967,-3.7395221794367344,20.66882568891625,26.495921878621772,-4.396570019026573,3033.703798895961,0.0,79.34389304336352,49.99999999999212,1072.1267165203622,False,R410A
2024-11-07 05:00:00,493.0376935550803,71.04796714113641,51.150188106424096,-1.0514268693145932,-3.1104307757226026,20.84184439289568,26.181644285240267,-2.018823961921515,2972.2861450677947,0.0,78.72365117777659,49.99999999999368,1064.683814133319,False,R410A
2024-11-07 05:05:00,496.82476267409805,68.04826140927489,51.308831991264434,-1.5271079316270417,-3.878656900530275,22.1447884707956,26.683866828385526,-4.459772601005945,2926.3320035189804,0.0,79.5287956102393,49.99999999998807,1074.3455473228717,False,R410A
2024-11-07 05:10:00,492.55987832809234,65.71292457922841,50.953514361881815,-2.234535783789019,-4.578119883084131,20.23740923196987,25.865236377917586,-5.313529625408371,2873.9369344395027,0.0,78.84178398802877,49.99999999997924,1066.1014078563453,False,R410A
2024-11-07 05:15:00,496.23769010337924,68.10383641600562,51.40918092201833,-2.1393288044138044,-4.144657669445427,21.05649154554266,26.258218186516892,-4.523097156727309,3068.7067702445106,0.0,79.51115169502644,49.999999999987885,1074.1338203403172,False,R410A
2024-11-07 05:20:00,497.0962344996274,69.26963565506352,51.196625876312304,-1.329283685699132,-4.192026699369137,20.98993290201256,26.16481459896699,-4.650967916741085,2988.158828673023,0.0,79.67908934515461,49.99999999999058,1076.1490721418552,False,R410A
2024-11-07 05:25:00,496.78715822214724,68.71479688126288,51.46285966884889,-2.325035746267981,-4.01257155192237,20.724558535654143,26.53733887780811,-6.470092010386215,2984.945927539291,0.0,79.67399717427492,49.99999999998943,1076.087966091299,False,R410A
2024-11-07 05:30:00,495.7035359055669,68.56082482560029,51.477292015036824,-2.9664011031827204,-4.003148696836983,20.906148365308372,26.81716782903732,-3.6757932377285853,3026.9232276055604,0.0,79.6019623055945,49.999999999989,1075.223547667134,False,R410A
2024-11-07 05:35:00,496.18268764054494,69.70625992760047,51.15716245422518,-2.1033029848002958,-4.330552710256389,20.895839154273133,26.585759417341077,-2.075024284997928,2978.9500674007486,0.0,79.53547489789008,49.99999999999105,1074.425698774681,False,R410A
2024-11-07 05:40:00,496.38716251016433,68.54391931697835,50.9836235585665,-2.4761042766608545,-4.022203424725308,20.930000501872403,26.106742799492924,-4.092544749490042,2976.2791865134354,0.0,79.58352214750549,49.999999999988525,1075.0022657700658,False,R410A
2024-11-07 05:45:00,496.99749927534367,68.99227534387593,51.90469873849768,-2.276630971900497,-3.989677815443952,20.071068951356573,26.341728677169534,-3.919316474644449,2959.3651049132563,0.0,79.70533290072191,49.999999999989555,1076.4639948086628,False,R410A
2024-11-07 05:50:00,494.229942203129,66.88807017242037,50.67563630417965,-2.993443597287365,-4.902744053901906,21.1527047082282,26.66845558165707,-5.196348918224416,2937.1589809552147,0.0,79.10556553084363,49.999999999983245,1069.2667863701236,False,R410A
2024-11-07 05:55:00,493.96513302424347,66.64156102265297,51.08162157913944,-2.8147006658020697,-4.68404779421974,21.31263999303565,26.039459280899592,-3.926356778181571,2971.372750792231,0.0,79.02923941046868,49.99999999998198,1068.3508729256241,False,R410A
2024-11-07 06:00:00,496.3694986448631,69.7793663651545,51.28660351308931,-1.4628571365795726,-3.8664196476766506,21.746824083919783,26.938061403536516,-4.312137362086136,3042.610151966062,0.0,79.54573148725274,49.999999999991225,1074.5487778470329,False,R410A
2024-11-07 06:05:00,496.17260989049646,68.0882616122951,50.73641239152335,-1.3447750230278508,-3.623375214311111,21.347211761403173,26.003429303964754,-4.43518347616224,2862.733563524825,0.0,79.44317684708045,49.999999999987004,1073.3181221649654,False,R410A
2024-11-07 06:10:00,494.743432830701,67.219294724764,50.544468794170854,-3.2933239361929836,-4.364615195210262,20.491783768699875,26.498193862816713,-6.495867166527695,3047.9430745562186,0.0,79.19567996487095,49.999999999984254,1070.3481595784513,False,R410A
2024-11-07 06:15:00,494.627015082097,67.18054733098653,50.76583976924121,-3.088324803432027,-4.133643914587276,20.93016454279987,26.371063274769384,-5.473799360226105,2935.2362856136806,0.0,79.18070874580303,49.99999999998424,1070.1685049496364,False,R410A
2024-11-07 06:20:00,494.89798030002373,67.18452306050763,50.6984139776003,-2.8358606242496314,-4.475482086232741,20.44573628263646,25.69606159500135,-4.572784346704309,3008.0969823493874,0.0,79.18539307783495,49.99999999998444,1070.2247169340194,False,R410A
2024-11-07 06:25:00,493.41078116380146,66.87090833478626,50.1731567948369,-2.161294030778718,-5.106339924547539,21.002425967380034,25.672410169667607,-4.1369532349130225,2885.693434287288,0.0,79.07259220175023,49.999999999982535,1068.8711064210029,False,R410A
2024-11-07 06:30:00,493.9794583209544,66.31176028210616,50.52094639735008,-2.783196776164846,-4.479020500031835,21.08112932552858,26.71554120616783,-4.245783312548817,2837.093609930151,0.0,78.92451716962591,49.999999999980616,1067.094206035511,False,R410A
2024-11-07 06:35:00,493.5032209283168,66.10109703484963,50.95887344521941,-3.094254845896221,-4.929656253220672,20.538374859154686,26.827690173334776,-6.811381149662159,2859.2954828327374,0.0,78.86869854107233,49.99999999997986,1066.424382492868,False,R410A
2024-11-07 06:40:00,495.4133033468321,67.65471548837198,51.625133940165384,-1.9646125097307137,-4.423659052579796,20.780419160782504,25.57155595909967,-6.300758788831505,2936.125594929602,0.0,79.31243239490955,49.99999999998592,1071.7491887389147,False,R410A
2024-11-07 06:45:00,495.6246607311708,67.38162417035998,51.24744828438838,-1.8986650981022035,-4.692751606007829,21.135457390830442,26.595106764448193,-4.292723130217974,2987.1224222600586,0.0,79.25400697813751,49.99999999998535,1071.04808373765,False,R410A
2024-11-07 06:50:00,496.1671946388474,69.12954805044853,49.84605160365463,-1.9544773193948208,-3.9232669805065985,20.742212801084424,26.282439134356373,-5.191905727687838,2994.599800262067,0.0,79.72218360757265,49.999999999989754,1076.6662032908719,False,R410A
2024-11-07 06:55:00,494.66678183708694,67.96185923658004,51.33568872481884,-2.674833761531476,-3.9471706397344675,20.608108974274735,26.202679284775908,-3.8721315421794276,2946.0806758267554,0.0,79.37343164650713,49.999999999986414,1072.4811797580855,False,R410A
2024-11-07 07:00:00,495.9224493993555,68.03502431045855,50.7475466674613,-2.1030921418946025,-3.95841049296991,21.970326038178438,26.994217550715767,-6.3684001345943155,3034.634182089758,0.0,79.40432682775776,49.9999999999867,1072.851921933093,False,R410A
2024-11-07 07:05:00,494.4970539421646,66.94019785047934,51.14015293809338,-2.6327860816423363,-4.040295125080504,21.112721442618803,26.406235269322135,-5.1145619211495,2962.8775591339613,0.0,79.10296773533199,49.99999999998312,1069.235612823984,False,R410A
2024-11-07 07:10:00,495.6115429403048,67.75902299138404,50.99678589436544,-2.4147335110905837,-3.77583905181162,21.391951538102006,26.142524619771358,-4.82846370644097,2990.3395641348643,0.0,79.34360939725535,49.99999999998596,1072.1233127670641,False,R410A
2024-11-07 07:15:00,495.99023258497766,68.33337223341022,50.96855164239234,-2.4003090633404103,-4.75787122311696,20.60326938389756,26.11313181864184,-4.1636418570362475,3173.6651369486626,0.0,79.506387881162,49.99999999998779,1074.0766545739439,False,R410A
2024-11-07 07:20:00,497.34205334801214,68.9291418082294,51.08297499680799,-1.5114429705466037,-4.332020762486389,20.076131818956426,25.347825196292693,-5.505094590354001,2985.5973476414424,0.0,79.6909142954375,49.999999999989555,1076.29097154525,False,R410A
2024-11-07 07:25:00,496.7151252483862,68.21394376037524,51.05609868113234,-2.0132287956609027,-4.680626382322266,21.18011275643622,25.579228935731184,-6.604932970149717,2921.295584482582,0.0,79.51282889404594,49.99999999998777,1074.1539467285513,False,R410A
2024-11-07 07:30:00,496.2493634570038,69.74847387997413,51.71831170414146,-1.2102951831836402,-3.5385665010115783,20.914660503651625,26.669862085478115,-4.0568728625827735,3013.5795632915197,0.0,79.45629124825692,49.99999999999142,1073.475494979083,False,R410A
2024-11-07 07:35:00,496.63418212088766,68.56434514725639,51.10274863910692,-1.3586803403007683,-4.234767948179578,20.684774539648096,25.91275713747158,-4.000413140494354,3050.2324622060855,0.0,79.63354328706524,49.99999999998897,1075.602519444783,False,R410A
2024-11-07 07:40:00,496.07432539125085,69.28295461316495,51.68723383290374,-1.6297973039842055,-4.006041787970705,20.576135127787374,27.056134069407644,-3.351832725784488,3041.182099436343,0.0,79.71857537683505,49.99999999999054,1076.6229045220207,False,R410A
2024-11-07 07:45:00,496.5024576206355,68.01405293977515,51.525763873014505,-2.4196886899578596,-4.231429362093519,20.885768558478755,27.02166847865342,-5.025001785899433,2945.516884089705,0.0,79.48216250691114,49.99999999998762,1073.7859500829338,False,R410A
2024-11-07 07:50:00,495.36475337997496,66.77519447460527,51.2694291074968,-1.9411635298897485,-4.346555439572414,21.061151952546876,26.137148335461635,-4.185645004984193,3067.8527914384067,0.0,79.16241688987992,49.99999999998405,1069.949002678559,False,R410A
2024-11-07 07:55:00,496.6212529905257,69.40628425448642,50.17840595777696,-1.5294548059832256,-4.207883471524339,20.415245227625306,26.96375445922502,-3.776513382233974,3071.1597816833846,0.0,79.5245743142448,49.99999999999111,1074.2948917709375,False,R410A
2024-11-07 08:00:00,494.68705264751026,69.94195667173976,51.527036868747615,-0.3232768324852566,-4.002619759679302,20.888870093338472,26.791581976629153,-2.80255564317474,2971.415330324923,0.0,79.24992144177816,49.99999999999262,1070.9990573013379,False,R410A
2024-11-07 08:05:00,495.1692642299269,69.9974529266687,50.713861547282335,-1.4353648148861566,-3.590027397174168,21.006448263648583,26.39934794741669,-4.145804175177718,2896.1187626469386,0.0,79.18083251826701,49.99999999999271,1070.169990219204,False,R410A
2024-11-07 08:10:00,494.88320481755176,70.08117155987189,51.267279432276545,-1.1970437028118335,-3.1862639414725353,20.692812518181345,25.359506371927342,-5.775787025112955,2975.583726105389,0.0,79.09177544463775,49.99999999999285,1069.101305335653,False,R410A
2024-11-07 08:15:00,496.12126367648716,69.54651530045658,50.50135901753982,-1.504955299898678,-3.657786466522019,21.86714760761536,27.088961005485455,-4.217826919165941,2941.884531018909,0.0,79.3003344910934,49.999999999992056,1071.6040138931207,False,R410A
2024-11-07 08:20:00,496.01911981907125,69.03012003683014,50.49306547923724,-1.8303526304525526,-4.018301246433103,20.880437620419826,26.436478576629572,-4.192352586055782,3021.233196289261,0.0,79.56160666903699,49.99999999999155,1074.7392800284438,False,R410A
2024-11-07 08:25:00,492.5237065655698,70.74380283997114,51.73749610199649,-1.4617980862349655,-3.976864915542474,20.798504688159685,26.59992035070873,-3.3142080690426887,2905.325326344877,0.0,78.66480462288237,49.999999999993975,1063.9776554745883,False,R410A
2024-11-07 08:30:00,492.5564962959105,70.86300651738078,50.230704583033734,-1.1318062329411127,-2.9931254797523126,22.036375516584368,26.609528451555008,-5.311610521611013,3077.8533739056843,0.0,78.55785631054079,49.999999999994444,1062.6942757264894,False,R410A
2024-11-07 08:35:00,494.2361187076629,69.8702741814888,51.46084789954104,-1.2564715641132915,-3.737838934837363,20.940009233322023,26.188506133868227,-4.329104254828094,3035.970041196499,0.0,79.03411888004044,49.99999999999282,1068.4094265604851,False,R410A
2024-11-07 08:40:00,489.38871499827286,71.84462173016225,50.57054484375597,-0.4379189608947385,-3.3593439854424663,21.228743541823214,26.62740388919228,-2.6470093391523353,2839.1291546486896,0.0,78.0302258214339,49.99999999999538,1056.362709857207,False,R410A
2024-11-07 08:45:00,494.55820277010116,69.7245680839233,50.69037058203026,-1.3794822024619149,-4.048505049551432,20.978783338803236,26.75952358766102,-4.13799293433493,2919.1483263105424,0.0,79.06781496322759,49.99999999999303,1068.813779558731,False,R410A
2024-11-07 08:50:00,493.1233138532635,70.33529035252248,50.744282650981944,-1.587040711908671,-3.787326367538646,20.73323805727498,26.174433075308933,-4.161330506328142,2814.1250134659244,0.0,78.71119224839211,49.99999999999367,1064.5343069807054,False,R410A
2024-11-07 08:55:00,486.6935284905718,73.16337730217084,49.56763124452833,-0.7876649886914707,-2.912602256528135,21.131777516466617,26.474438431865526,-1.2179115926084791,2714.814592353618,0.0,77.24847598078395,49.99999999999686,1046.9817117694074,False,R410A
2024-11-07 09:00:00,488.0821647535039,72.46532466949631,50.32907418985343,-1.442736977662309,-2.852923127068964,20.933121081081783,25.6735240724649,-4.3512726930422705,2869.5461615783365,0.0,77.56253701242144,49.99999999999632,1050.7504441490573,False,R410A
2024-11-07 09:05:00,490.5236597886683,71.15834774804742,50.03249446958285,-0.2678792469216176,-3.4611086801359696,21.15376422871498,26.52834848377513,-2.365331458723458,2812.3770198126913,0.0,78.19697233741554,49.99999999999492,1058.3636680489865,False,R410A
2024-11-07 09:10:00,488.58264564822383,72.33639995475097,50.12676711435339,-1.0365721554409442,-2.7102729374162293,21.31315967181659,26.12908060848594,-2.2447356128063305,2953.422320940918,0.0,77.53197069736103,49.99999999999672,1050.3836483683324,False,R410A
2024-11-07 09:15:00,487.54942362690815,72.24153147572342,50.80103780629107,-0.30079713567276195,-2.858451687717146,21.250773545200467,26.685544206753043,-3.509683827358678,2905.925901275352,0.0,77.56903473148343,49.999999999996476,1050.828416777801,False,R410A
2024-11-07 09:20:00,494.760697182947,68.92540603946071,51.08943757551607,-1.4781808875950586,-2.9498586295609677,21.024004378253082,26.201081867003985,-4.149346869398652,2947.7347409300164,0.0,79.23291263263266,49.99999999999228,1070.7949515915918,False,R410A
2024-11-07 09:25:00,489.7860945142851,71.29812272745242,49.7554603588621,-0.8435282289834483,-3.5067270793209504,20.548338877369844,25.816567794547286,-3.5318528773553157,2868.4700981289934,0.0,77.9907882888063,49.99999999999559,1055.8894594656756,False,R410A
2024-11-07 09:30:00,487.0939300048007,72.65545587704996,50.64435979179126,-0.6835449087486066,-2.5763771420187247,21.1680035305583,26.958684611836823,-2.9428732147689023,2922.6845044171237,0.0,77.24964194222488,49.99999999999696,1046.9957033066985,False,R410A
2024-11-07 09:35:00,486.7096228274196,72.27917752710383,50.286662865775966,-1.1141831066207208,-2.6680821655950973,20.69449049194159,26.409009172283756,-3.8148250197451725,2941.3104061793606,0.0,77.44056732461476,49.999999999996646,1049.2868078953773,False,R410A
2024-11-07 09:40:00,485.2219363999472,73.02102767939064,49.87819916624162,-1.0166567675077127,-2.8415562884386696,21.79742027827071,26.390758056617596,-3.4605372936903946,2744.4014614014122,0.0,77.06477813452345,49.99999999999705,1044.7773376142814,False,R410A
2024-11-07 09:45:00,482.87547940482864,73.99472565785699,50.34542865127956,0.5681120286356683,-2.2675449465325612,20.53792191856393,26.34420517682321,-3.1513451966646118,2693.2612062708745,0.0,76.5922413315336,49.99999999999776,1039.1068959784031,False,R410A
2024-11-07 09:50:00,486.92730231202637,72.48333707001464,50.15786795485403,-0.5983146250380765,-2.4244168545346847,21.27442287578872,26.317937544396145,-3.4785928650555826,2810.099235756349,0.0,77.3105903289134,49.999999999996746,1047.7270839469606,False,R410A
2024-11-07 09:55:00,488.04793022862845,71.66406380833324,49.80954310014477,-0.29386448703635115,-2.8275509153628273,20.37657725313352,26.58697451700631,-3.667254590682247,2897.3586982821735,0.0,77.71299672026035,49.99999999999594,1052.5559606431243,False,R410A
2024-11-07 10:00:00,484.44242341084765,73.48783506379279,50.96222710075605,0.3080238087809518,-1.9690907945957223,20.9361919177717,27.065211927318693,-5.125254449077746,2770.0691971689444,0.0,76.76885932008335,49.99999999999752,1041.226311841,False,R410A
2024-11-07 10:05:00,485.67795253651894,73.03772115119467,50.09335117701582,-0.6747499963313587,-3.122632816710354,21.420368529228426,26.761012420173397,-2.8716774433523002,2832.9770270643853,0.0,76.9386530625635,49.99999999999744,1043.263836750762,False,R410A
2024-11-07 10:10:00,484.208221783172,73.38141181387996,49.98817803747066,-0.16007463665177382,-2.624497543456511,21.487189790339535,25.26928954149533,-3.3992952997696277,2899.0430213969066,0.0,76.74365503923138,49.99999999999743,1040.9238604707766,False,R410A
2024-11-07 10:15:00,484.2243197879657,73.4913910076328,49.78872018224039,-0.29919163639523977,-1.8791802099716295,21.36242123454035,26.931416563376814,-4.688508110755613,2709.534578130116,0.0,76.64339404828183,49.99999999999774,1039.720728579382,False,R410A
2024-11-07 10:20:00,114.80956994891258,187.39129982135802,-0.9064695892344675,25.924940639528295,-1.222844558984107,20.746103908911312,18.260049082671458,13.153496526125801,-14.77845491626337,7873.758360637142,74.99290491792652,50.000000000064944,0.0,True,R410A
2024-11-07 10:25:00,110.41707045468686,179.24197993011512,-2.989135723396121,25.18056354272277,-2.564542955945215,21.34179623079665,19.612978287270863,11.892346052667508,11.378387202788295,8000.0,77.45339293865021,49.99999999999987,0.0,True,R410A
2024-11-07 10:30:00,112.92259841605762,183.43261462093577,-2.8380535981758324,26.228189626349586,-1.6955990468141924,21.60024806413792,19.615943021589697,14.20968085831244,12.482194737526333,8000.0,76.13112733754005,49.99999999986534,0.0,True,R410A
2024-11-07 10:35:00,480.2576909397059,74.84602986338285,49.33742812070027,-0.15187056303643273,-2.477323299141535,21.464428276632226,26.393923316956887,-2.94158589396042,2703.1495728782206,0.0,75.80471187106201,49.99999999999816,1029.6565424527441,False,R410A
2024-11-07 10:40:00,481.84239156107,74.13163192275351,50.45907775274585,-0.22334220104386432,-1.8222374045410878,21.874031615413774,26.53493488942433,-1.8931304234844384,2713.2643629089494,0.0,76.12184120671587,49.99999999999805,1033.4620944805906,False,R410A
2024-11-07 10:45:00,477.12374490320883,76.5907103608162,49.731604186025244,0.492599098578262,-1.1014064250030886,20.853388261326092,26.852204636523815,-3.0379054703431985,2658.4118645834496,0.0,74.84143494745783,49.99999999999921,1018.0972193694939,False,R410A
2024-11-07 10:50:00,476.1526864546844,76.8051828566218,49.12951248781561,1.7130709134609912,-1.5403038020467814,21.245238379496847,26.48667585481289,-2.470762461215652,2656.51203202597,0.0,74.68538750438812,49.999999999999176,1016.2246500526575,False,R410A
2024-11-07 10:55:00,477.27306403094974,75.79894915322491,50.12606133388962,-0.5029361526447369,-0.7971405487251493,21.266513904454033,27.09882385085429,-4.6334088939542735,2694.0581801531166,0.0,75.17182336818503,49.99999999999925,1022.0618804182203,False,R410A
2024-11-07 11:00:00,477.873254006115,75.88960134266485,49.77489042146394,0.7162625734429662,-1.475654386852046,20.95368018820855,26.518411369336416,-2.805867301160962,2675.1942816058977,0.0,75.06911815214133,49.99999999999908,1020.8294178256959,False,R410A
2024-11-07 11:05:00,476.34528058452804,76.18104451914813,49.20811037052458,0.41812372491807326,-2.1130374492084067,20.914461641898914,26.87427684650629,-1.726230581306598,2647.2610350747595,0.0,74.91041347291169,49.99999999999925,1018.9249616749402,False,R410A
2024-11-07 11:10:00,476.2764526858284,76.6737424075342,49.13908195916878,0.3836233634563611,-1.181667582912296,20.998413750596757,26.578561493216366,-1.4222993402234951,2633.674654013652,0.0,74.59209836458484,49.99999999999928,1015.1051803750181,False,R410A
2024-11-07 11:15:00,474.8770885925475,77.13309119903319,49.27727603100863,0.7109059263739781,-1.3661142290447086,20.819886203307313,26.375550857627136,-2.057410144016217,2599.834893560995,0.0,74.30031244009578,49.99999999999951,1011.6037492811494,False,R410A
2024-11-07 11:20:00,473.94301973157417,77.31346194809149,48.64512427271264,1.252264458523983,-0.7319250812138733,21.766694471610062,27.051505115670334,-0.8943728329604886,2596.2957902997614,0.0,74.16284732678545,49.999999999999496,1009.9541679214256,False,R410A
2024-11-07 11:25:00,472.004201933985,78.1539818690252,48.89273488608899,1.5082853258978564,-0.6895932610950348,20.43898219413754,26.410278513955078,-1.3936190847980086,2474.5550686709626,0.0,73.70795294222484,49.999999999999545,1004.495435306698,False,R410A
2024-11-07 11:30:00,469.95360255711745,79.01695641711224,48.87409753756629,1.4665540875378464,-0.8058310953623877,21.38808047952052,26.837120649459067,-2.9585574115593922,2562.4659310234288,0.0,73.25290894735906,49.99999999999943,999.0349073683087,False,R410A
2024-11-07 11:35:00,474.2871912664442,76.94436244878224,48.231214086711,1.4467743835412938,-0.648860699208151,21.69719068744717,26.801670384818056,-1.954828808669837,2568.4200075414924,0.0,74.19919254937403,49.999999999999204,1010.3903105924885,False,R410A
2024-11-07 11:40:00,472.7446213886889,77.38228480394488,48.88739001031176,1.6583496020893416,-0.6942315036671531,20.16142940932545,26.32828826481227,-2.6592456856807294,2579.0505620278955,0.0,73.95213379092189,49.99999999999928,1007.4256054910627,False,R410A
2024-11-07 11:45:00,473.9477989605935,76.83327825536108,48.91244468671772,1.32289093177455,-1.3336730355053876,20.742849984361968,26.787211828065583,-1.4730560749282122,2520.698848173552,0.0,74.1705940784015,49.999999999999275,1010.0471289408181,False,R410A
2024-11-07 11:50:00,120.81958921217874,194.52103984048088,0.3452557026174805,27.55812546706371,-0.2143918315309347,21.27365001389901,18.97330889162597,13.914382595578441,-4.821080059731694,7409.072407576938,72.33755661472536,50.000000000000036,0.0,True,R410A
2024-11-07 11:55:00,119.58746478795538,193.62082759713016,-1.2153953338093486,27.95407393770261,-0.13807179967460728,21.025316005774375,18.97699083305966,15.184981628788648,-16.98905555977102,7452.60139291634,72.58629367380766,49.99999999999993,0.0,True,R410A
2024-11-07 12:00:00,120.1166283671052,194.46975948995618,-0.3496256229118907,28.09072771650925,-0.2681515918918217,20.568824889333246,18.350424162455905,14.88589080787376,-30.222870147658828,7405.605414571011,72.31774522612005,50.00000000000011,0.0,True,R410A
2024-11-07 12:05:00,470.14920716105206,78.09872286926917,48.541914864200365,0.8817946993331887,-0.8107094049977117,21.269082847752916,26.951934428275795,-2.4583985874224,2494.465994850121,0.0,73.42077916768707,49.99999999999951,1001.0493500122448,False,R410A
2024-11-07 12:10:00,462.0659405953493,82.2373936882277,48.51303265023513,1.504617661940423,0.3003546174468975,21.699523301516365,26.42152298712937,-3.203201006646131,2423.996821295732,0.0,71.4213257820649,49.9999999999999,977.0559093847788,False,R410A
2024-11-07 12:15:00,467.54939852208014,79.22190907213778,48.55195802456121,0.5569704436545178,-0.7513813208694209,20.654745262038414,26.901090353334258,-0.31107904402711983,2591.2943343672473,0.0,72.86328349131641,49.99999999999982,994.3594018957971,False,R410A
2024-11-07 12:20:00,465.90868430658134,80.5906560103023,49.20324594771304,1.961329578540277,-0.7434277680888894,20.88423533718384,26.263352415698996,-1.925605130701833,2410.0183369969295,0.0,72.1471963330316,49.99999999999976,985.7663559963793,False,R410A
2024-11-07 12:25:00,463.32790756784584,82.02764803379337,48.34791613727719,2.459940595668122,0.3826611969342741,20.825509071498896,25.97149932637034,-1.0915004930392707,2416.8757602481915,0.0,71.37815852353066,50.00000000000011,976.5379022823681,False,R410A
2024-11-07 12:30:00,466.3268202539062,80.21653923919283,48.10657545412953,1.3268599428747334,-0.6789192530876151,20.002369104402632,26.073593427158762,-1.6796897632401064,2396.405543268455,0.0,72.16449853659812,49.99999999999967,985.9739824391775,False,R410A
2024-11-07 12:35:00,463.6739516932527,80.79120981785282,48.32752235065063,2.5794254964474774,-0.24150228077162042,20.782817156590237,26.86904234743722,1.5073942704728496,2401.7980873943734,0.0,71.88718133965641,49.99999999999975,982.6461760758768,False,R410A
2024-11-07 12:40:00,462.08341681489327,82.1047736508798,47.77464802152122,2.4738658397069435,-0.13371794262583453,21.248511420401105,26.653423969678567,-0.11201118143627051,2413.145143120054,0.0,71.20448646988253,49.99999999999982,974.4538376385902,False,R410A
2024-11-07 12:45:00,127.54809657592662,204.0605626604137,1.7891365673798147,30.034164829592278,0.864905187806214,21.477447771405178,19.714438745788406,16.450907457456577,6.517409682051234,6874.196517252889,69.2811229557308,49.999999999999964,0.0,True,R410A
2024-11-07 12:50:00,123.61171958886376,199.14502953527682,-0.009679963207410602,28.84168682842989,0.784325445673883,20.525217152362593,19.336402290058654,14.917027838336447,7.477087666370589,7120.253387296667,70.6871622131238,49.99999999999989,0.0,True,R410A
2024-11-07 12:55:00,125.94444184267175,202.38013057199538,0.7275234126842143,28.606204615030308,1.0726789514518593,20.51585945666789,19.081044687956794,16.354591629510267,-6.454749186737328,6951.220009660541,69.72125719806024,50.000000000000014,0.0,True,R410A
2024-11-07 13:00:00,455.8298959627929,84.38474456914301,47.72433577460346,3.233819519543745,0.9271587762582332,20.55563742283285,26.240991516242232,2.2197745894388463,2313.8136075895804,0.0,69.99064217420266,50.00000000000001,959.887706090432,False,R410A
2024-11-07 13:05:00,458.1919295902254,83.63492398394288,48.22378515776645,3.1871794362298664,0.4573535537066127,20.876841365563497,26.60179959764529,-1.8935106423492516,2286.0854111562962,0.0,70.29575182241237,49.999999999999794,963.5490218689486,False,R410A
2024-11-07 13:10:00,460.5514159548499,82.00901743654357,46.79150145836158,2.2028738651482636,0.27993093144019865,21.014894578246327,26.357348917997296,1.041648907231111,2421.197364049331,0.0,71.04662868381646,50.00000000000007,972.5595442057976,False,R410A
2024-11-07 13:15:00,455.4838356746103,84.93491158811831,48.047979898425055,2.4646277807719232,1.2986108271899175,21.19713940145725,26.994282442848828,-1.7853418640368126,2243.7771464589828,0.0,69.62865144114627,50.000000000000064,955.5438172937554,False,R410A
2024-11-07 13:20:00,460.7282128086819,81.68625224412493,47.86192875569475,2.4741529389416383,0.4083787271963847,20.837096197044747,26.679238123252436,-1.1017982838356084,2406.3189067273515,0.0,71.15199018642333,49.9999999999999,973.82388223708,False,R410A
2024-11-07 13:25:00,453.43336169840865,86.0156151565304,46.21011770934175,2.963504095261465,1.7107286312321521,20.68373387401507,25.59245716429864,0.28068974362656307,2207.9657887605076,0.0,69.07214717416089,50.000000000000114,948.8657660899307,False,R410A
2024-11-07 13:30:00,455.9636342218076,84.64930062034765,45.866194475092676,3.737699303480776,1.4667830755879843,21.051710794544846,26.344206330573197,-0.4405467033546191,2220.3082735295716,0.0,69.64548905609958,49.99999999999996,955.745868673195,False,R410A
2024-11-07 13:35:00,461.59685553673137,81.1493553021325,47.21179480621766,2.161094540957636,0.28901692369346826,21.223073948450445,26.43938232161233,0.08246946475761666,2473.025562055809,0.0,71.27063423765813,49.99999999999963,975.2476108518978,False,R410A
2024-11-07 13:40:00,455.64824359212713,84.1732063812387,47.42889593257592,3.9439694059151598,0.5259940668923625,21.020519361587677,26.00459678420395,1.805557646318511,2295.385786559961,0.0,69.83666229466297,49.999999999999844,958.0399475359557,False,R410A
2024-11-07 13:45:00,452.97379639750324,85.3625830979902,47.20277230123559,2.290292239387207,1.12537810342676,20.823957397890435,25.288636732614368,1.0133825152974485,2338.652584245162,0.0,69.29525685370675,49.99999999999999,951.5430822444811,False,R410A
2024-11-07 13:50:00,455.5275675950478,84.43218192830024,47.70328232339146,3.2184883273568317,1.1217837410224503,20.19007046679806,26.193797410765406,0.3433087066539905,2242.002788777377,0.0,69.69781894943148,50.00000000000006,956.3738273931779,False,R410A
2024-11-07 13:55:00,452.6945286972762,85.8232657150301,46.86069223700282,4.200781885672926,1.253139450021032,20.686542401986888,26.314900140122948,0.19644581333489308,2174.377222188963,0.0,69.02782886875548,50.00000000000003,948.3339464250657,False,R410A
2024-11-07 14:00:00,455.96261364209556,83.80712111555592,46.933518455227215,2.5714628707892837,0.7002277653328066,20.777552825916676,26.20679519374573,0.8720608915781067,2326.2401462807175,0.0,69.96676994253414,50.000000000000014,959.6012393104096,False,R410A
2024-11-07 14:05:00,457.26550776715976,83.54753533681802,47.30912994686618,2.8995020112576455,1.0000281643382092,21.207462369840584,26.62361473098093,-0.75902957372246,2431.22470798574,0.0,70.04179504185768,49.99999999999995,960.5015405022921,False,R410A
2024-11-07 14:10:00,453.4258933449326,85.31100041882655,47.21484642227295,3.201093771061763,2.1317025590637697,21.044323099440458,26.61057515877033,-0.2314894500192688,2312.5537098205677,0.0,69.19477674351242,49.99999999999998,950.3373209221492,False,R410A
2024-11-07 14:15:00,452.7001767560071,85.51320349795836,47.27460251253834,3.1124946921762584,1.3079220946414873,21.156320943049817,26.442370717878,1.854541780892983,2284.6299997917627,0.0,69.0912429734952,50.00000000000011,949.0949156819424,False,R410A
2024-11-07 14:20:00,453.50396960916765,85.17389102353505,46.815714774794884,3.5085818213156914,1.3854287450110185,21.19789738546627,26.498919371782634,0.6085354384179535,2310.5832505266685,0.0,69.22745899848289,49.99999999999976,950.7295079817947,False,R410A
2024-11-07 14:25:00,130.0803173423654,207.31379893316034,2.4357455503721592,29.337311399704927,1.5914114370351826,21.19676296744468,19.311377299815298,16.687568007187796,9.344502254868098,6655.242229928433,68.02995559959105,49.99999999999835,0.0,True,R410A
2024-11-07 14:30:00,127.58519731540403,203.56601573973612,1.1525617309342875,29.40777572613119,1.8362804333087581,20.89942576558237,19.369251716039834,16.294194100483555,0.05319864729375274,6837.858959121293,69.07347976640739,49.99999999999986,0.0,True,R410A
2024-11-07 14:35:00,129.0048063146683,206.38365712671646,1.4410955070866676,30.133951307091404,2.1383771012545463,21.019373440272943,18.849438556768963,17.601825254995056,15.440592365905658,6693.416034112809,68.24809162350176,49.99999999999854,0.0,True,R410A
2024-11-07 14:40:00,449.987135632705,87.01569786231192,46.55206068721326,3.794777888376804,2.144044985909901,20.386102723545232,26.04178412535648,1.5678274170944935,2207.4122988920635,0.0,68.19535051185974,49.999999999999915,938.344206142317,False,R410A
2024-11-07 14:45:00,452.8946148995434,84.9383267024656,47.71893071396575,2.924550398521185,1.8325912419054957,21.006341818792027,26.499533900765044,-2.318428943151841,2311.236747750928,0.0,69.15069500297186,49.9999999999999,949.8083400356624,False,R410A
2024-11-07 14:50:00,452.3801698817824,85.47182777436323,47.01052816754209,4.079190840617529,1.4358957349083359,20.215039917790147,26.28698521869367,0.3570059243682765,2199.563950158935,0.0,68.87180371736645,50.00000000000001,946.4616446083974,False,R410A
2024-11-07 14:55:00,448.69303014380347,87.4471516543925,46.375760971924834,4.4011048495288,1.945251022766688,21.046345609355573,25.820698707480613,1.3408655578733408,2132.4160303315944,0.0,67.92804726255926,50.0000000000001,935.1365671507111,False,R410A
2024-11-07 15:00:00,443.4120176525048,90.17530782222084,46.712657481209654,4.146601606367618,3.1801587515854837,20.764736099833335,26.197227137029525,-0.030585065286869606,2064.0714056744832,0.0,66.66560961596102,49.999999999999915,919.9873153915323,False,R410A
2024-11-07 15:05:00,446.5082067296927,88.61201388250105,47.57315891459542,3.6839000246606615,2.5207722380553,21.347331777107016,26.464110661964394,-0.7045561363259913,2160.1033230314765,0.0,67.33809238565613,50.000000000000114,928.0571086278736,False,R410A
2024-11-07 15:10:00,451.1975591770971,85.67420660110184,47.10858950328223,3.185706877166072,0.9959025387597357,21.39095015226365,27.538379598472027,1.0371788989898991,2170.7726834894365,0.0,68.67666182967403,49.99999999999993,944.1199419560884,False,R410A
2024-11-07 15:15:00,454.4734064875609,84.16431644519795,47.86830079378259,3.604130498277115,1.467940208224611,21.363474614722797,27.218704478791317,-1.622222525406351,2252.189663657744,0.0,69.33701216893299,50.00000000000011,952.0441460271958,False,R410A
2024-11-07 15:20:00,132.3897406668139,210.71142306566662,3.088530719868327,30.708278194062206,2.395982326350054,20.875946432070698,18.98194745860447,17.534267339486753,-5.2251574845063855,6450.327889396673,66.85901651083813,49.99999999999012,0.0,True,R410A
2024-11-07 15:25:00,129.16926720693644,208.41232503853485,1.9299923758347561,30.62785360788678,2.50226379906092,21.229885126714596,19.371164201112745,16.452429349099983,-14.056533467636974,6568.515711917627,67.53437549667217,49.99999999999577,0.0,True,R410A
2024-11-07 15:30:00,133.36614016336134,211.7401437272243,2.732329607712531,30.555937408449108,2.841469658300467,21.002731128012204,18.69068927702297,18.82606342981319,7.547473818070493,6398.345618883955,66.56197496505118,49.99999999998602,0.0,True,R410A
2024-11-07 15:35:00,447.2690745395373,87.1057001039157,46.098194391960064,3.5516772721672005,1.491881561710415,20.96091254768594,26.124848776529,1.0317329357254201,2184.4396128011954,0.0,67.97191121816549,49.99999999999996,935.6629346179859,False,R410A
2024-11-07 15:40:00,445.39921296954134,88.79415462674308,46.34377227323758,4.864432035649377,2.4856578425907707,20.651234555641256,25.803886565891705,2.034229342126187,2035.8328451635443,0.0,67.18998241711574,49.99999999999971,926.2797890053889,False,R410A
2024-11-07 15:45:00,444.247716850218,89.79647768174945,45.9449316186059,4.379240005716075,2.7191525806171395,20.75711446398669,26.3517638274835,0.0956290164032878,2123.8368706825595,0.0,66.68807147511669,49.99999999999993,920.2568577014003,False,R410A
2024-11-07 15:50:00,446.3652882526426,88.20378106774835,46.32255786674401,4.394606234151205,2.410370952163651,20.940166754899025,26.36282746194104,1.586157918165901,2143.233831575456,0.0,67.39733558755157,49.99999999999992,928.7680270506189,False,R410A
2024-11-07 15:55:00,445.9417467816471,88.14547569509098,46.16340954856873,3.507228161430444,2.454849236562124,21.466365594744307,25.798493447182967,0.682601417575101,2142.1282835221223,0.0,67.43561883802373,50.000000000000014,929.2274260562848,False,R410A
2024-11-07 16:00:00,445.1284660775449,88.71041195346552,46.29965534987193,4.124156449212315,2.857851449320234,20.77629262663773,25.871796342701355,0.9300398916744249,2120.924479074479,0.0,67.18187667725257,50.00000000000008,926.1825201270308,False,R410A
2024-11-07 16:05:00,444.2159926517021,89.71956386896798,46.52103593646075,5.164805369366374,2.784273905779907,21.30236077808037,26.410273890795246,4.5822931558624,2033.7677957305225,0.0,66.67978558220877,49.999999999999964,920.1574269865052,False,R410A
2024-11-07 16:10:00,444.47280044983535,88.8027500132414,46.36041588861401,4.081646924886397,2.4466537463636646,20.71109668261989,25.611275784828617,2.189310108852185,2090.5286579405006,0.0,67.12043158355735,49.99999999999993,925.4451790026882,False,R410A
2024-11-07 16:15:00,442.9054248487459,90.4431227566717,45.1924121055843,5.24112030477642,3.178258660307138,21.161580076344308,26.33416330295209,3.5598905720995386,2078.9903471715497,0.0,66.33226321189865,49.99999999999965,915.9871585427838,False,R410A
2024-11-07 16:20:00,445.4061796685825,88.66839288689631,46.047118528609545,3.274251737160849,3.1125838023318764,21.770507501709915,27.394880799234905,2.795065168575733,2095.9292920066728,0.0,67.12047682949012,50.000000000000085,925.4457219538813,False,R410A
2024-11-07 16:25:00,447.0591774637978,87.45541729139286,45.871848805769226,3.8782395274472705,2.4324565835192904,20.600225236631395,26.487214435869586,2.641178239266928,2131.4606011997043,0.0,67.68412928546228,50.00000000000004,932.2095514255474,False,R410A
2024-11-07 16:30:00,439.5303800761757,91.85365037359934,46.00473527848621,5.07071578973383,3.2182549507153237,19.98769005896311,25.875180798036073,2.4573214510797987,1959.4539528041153,0.0,65.6872137746542,49.99999999999997,908.2465652958505,False,R410A
2024-11-07 16:35:00,445.5111554898779,88.37318999793425,46.727670766838386,5.236587371922807,2.49507638518228,21.223864811602425,26.386242097677904,3.4717192321631343,2150.5087428918428,0.0,67.26936555949679,50.00000000000032,927.2323867139615,False,R410A
2024-11-07 16:40:00,445.770907049546,88.67782677733766,46.539307546599055,3.8674239790968037,2.5287685469235073,21.33688270967117,26.89622810550232,2.798642717680523,2136.2021727605065,0.0,67.09608916179194,50.00000000000003,925.1530699415032,False,R410A
2024-11-07 16:45:00,443.9909273286904,89.5708751023105,45.85377669673058,5.005524789883188,2.675583666741641,21.872122617010668,26.993595167734725,2.211363093961946,2026.6833623902796,0.0,66.65994371568071,49.99999999999996,919.9193245881687,False,R410A
2024-11-07 16:50:00,442.8997774959372,89.55220693224858,46.38377813006942,5.181331003285975,3.302416362113492,21.12498274629721,25.676983511792617,2.4161547371191876,2062.241528691876,0.0,66.69426977467684,50.00000000000003,920.331237296122,False,R410A
2024-11-07 16:55:00,444.5724944968031,88.97583320022669,46.12222881752982,4.162873915825512,2.298902727152719,21.305194187200822,26.261114669670782,1.88688632298515,2029.8971911204274,0.0,66.95276252110469,49.99999999999989,923.4331502532564,False,R410A
2024-11-07 17:00:00,443.61299717249636,89.4028875448978,45.71849741241853,4.429757842555453,2.962991565414608,20.967971406837005,26.05743686670559,2.1687590018081746,2005.7338223843392,0.0,66.7669603661164,50.000000000000114,921.2035243933968,False,R410A
2024-11-07 17:05:00,133.3242244169451,211.25689139046597,3.0688730146499736,30.76872244170146,2.6601509719853365,21.928288387863876,19.388623216699656,17.654307319708764,2.468780536958304,6405.732180821572,66.60418389040899,49.99999999998637,0.0,True,R410A
2024-11-07 17:10:00,132.08423761221496,211.43407774470333,3.1253865395465317,29.97563017908838,2.2722469116430286,21.855409042589056,20.116310223441243,18.097906293921135,0.5682644357083843,6399.269568060375,66.5672546746307,49.999999999985775,0.0,True,R410A
2024-11-07 17:15:00,130.65898200687263,206.66951963244287,2.531032993120257,29.829033646647826,2.0000899295025523,20.22194485912755,18.225145632483407,18.796559053988968,7.145281908621584,6630.195161597524,67.886829494843,49.99999999999781,0.0,True,R410A
2024-11-07 17:20:00,438.34303424433585,92.47523088373833,45.43763468993544,5.982310700537643,3.180221929938261,20.991754328796773,26.431336735441228,1.6390405631056997,2039.5700441779163,0.0,65.31149063987112,50.00000000000013,903.7378876784535,False,R410A
2024-11-07 17:25:00,442.85819254230483,89.62719867814938,46.819415955362345,4.955014340077793,2.8669601301708805,21.60581336505329,26.39482282092492,0.8360416981543894,2123.0205948137523,0.0,66.61262613070883,49.99999999999992,919.3515135685059,False,R410A
2024-11-07 17:30:00,441.5450547185404,90.52551782748671,45.83397720989432,4.813933241180574,2.919698952719766,20.93748569239779,26.644116814819913,2.024074402210927,2083.012266413484,0.0,66.21538222815562,49.99999999999995,914.5845867378674,False,R410A
2024-11-07 17:35:00,446.3161059074336,87.84183477663328,46.86910981110092,4.333390647142699,1.9702464071300667,20.803657064795374,26.26390928914211,3.0465176144892627,2156.5309730521785,0.0,67.44629106755109,50.000000000000036,929.3554928106131,False,R410A
2024-11-07 17:40:00,444.35695081229034,88.85541461180662,46.12281659821001,4.78608877730709,2.9369384685891196,21.424343203641786,26.89923185842932,1.6621907315280455,2078.4096852055295,0.0,67.00872781091559,50.000000000000064,924.104733730987,False,R410A
2024-11-07 17:45:00,445.4126744763738,88.63481385796345,46.30166083069782,4.8346691905274435,2.775504317915104,20.801019237019553,26.264200599375478,2.36121779311264,2143.2286867794783,0.0,67.10307176685522,50.00000000000003,925.2368612022627,False,R410A
2024-11-07 17:50:00,440.1447343983803,91.28723753492739,44.762192369731125,4.758084528409485,3.512108261727957,21.047664346280584,26.50262098900937,2.377447353303674,2085.7527067040237,0.0,65.92741679580192,50.00000000000034,911.1290015496231,False,R410A
2024-11-07 17:55:00,445.3230576668167,88.20977724957292,46.36251165193507,5.082736126115128,2.386465053695728,21.219054163389966,26.357894718918462,0.0847835310970344,2153.5437330127224,0.0,67.36924869104942,49.99999999999994,928.430984292593,False,R410A
2024-11-07 18:00:00,443.18078134193325,89.9286622112492,46.26872402016126,5.360602051577335,2.6917080304907977,20.971425214260627,26.252992011665064,3.9414048272689906,2131.1990626577804,0.0,66.59514409804999,50.00000000000006,919.1417291765999,False,R410A
2024-11-07 18:05:00,446.4948895068951,87.76941288641643,46.40191747586923,4.529372435775067,2.4018117653840467,20.448536163730292,26.320855368335287,0.7479900070764933,2131.4569159273674,0.0,67.61851275880308,49.99999999999989,931.4221531056369,False,R410A
2024-11-07 18:10:00,130.15879519497588,208.17706894867885,3.089692648182205,29.79011868121669,2.0383561078633647,20.696464326911894,19.43182516470671,17.29548147529595,-0.296845057369787,6575.940485051127,67.57680277172074,49.999999999996035,0.0,True,R410A
2024-11-07 18:15:00,130.141270127966,208.3233178244728,1.6442729747031801,29.71539406398052,2.2645238837817687,21.165755288917396,19.433028451538718,16.173084231190742,-21.813331087081917,6571.072893921964,67.54898796526837,49.99999999999595,0.0,True,R410A
2024-11-07 18:20:00,131.96835128643974,211.27681778336543,2.354335689842969,30.472824410096635,2.583422938598522,21.415554703380888,18.993470584915816,16.299124656907477,7.942407422505262,6427.355792061774,66.72774738321013,49.999999999988404,0.0,True,R410A
2024-11-07 18:25:00,451.66826843198305,86.01095710924939,46.464455406571375,3.8078602667364705,1.3391674227572887,20.776811928939654,25.945265361780084,1.072537878225133,2213.9379533833976,0.0,68.44504456417147,49.99999999999992,941.3405347700577,False,R410A
2024-11-07 18:30:00,449.3750467235757,86.74046804498072,46.510057744078836,3.0598257557850377,1.9823083400162855,20.120452773295796,25.896373604484737,0.8505604264942924,2167.7961619324233,0.0,68.11185662287087,49.999999999999936,937.3422794744505,False,R410A
2024-11-07 18:35:00,450.9572643339612,85.92361052010027,47.44835506281172,4.003815191650799,1.6241785573551795,21.297404512669537,27.12840601761004,-2.4123463964282568,2161.1164372691446,0.0,68.48706275024367,50.000000000000085,941.844753002924,False,R410A
2024-11-07 18:40:00,448.70184094977094,86.70605365065853,47.55398663913814,4.557103475958027,1.8406066948283004,21.063235495616357,26.247049401016096,-1.122060270693394,2152.2310783499197,0.0,68.17325531193242,49.99999999999994,938.0790637431891,False,R410A
2024-11-07 18:45:00,448.9779173195541,86.9094389957543,46.437578177028485,4.237604426598167,2.058502840377715,20.55312471225658,26.417385507417436,-0.03253936641510191,2130.22891283792,0.0,68.10126528663454,50.0,937.2151834396145,False,R410A
2024-11-07 18:50:00,451.3644197368319,85.84624229410475,46.61100929752546,3.365289506748454,2.085075848346559,20.622496405201186,25.832322725212403,1.3287897065650929,2208.925569462685,0.0,68.59336818369886,50.00000000000007,943.1204182043864,False,R410A
2024-11-07 18:55:00,449.19640006932025,86.76193068922488,46.247633591520255,3.501201080210146,1.6437717517459973,21.05517495774733,26.65222903097668,1.2710759599129111,2150.052188870732,0.0,68.20319444217921,49.999999999999986,938.4383333061508,False,R410A
2024-11-07 19:00:00,453.0100818089513,85.18304941379391,47.748161693678355,3.6899008381954372,1.4390072015695905,20.249073869075737,25.12554907411503,-3.94043136839288,2290.3709542509478,0.0,68.92005066778322,50.0000000000001,947.0406080133985,False,R410A
2024-11-07 19:05:00,127.95360093278322,205.27293208831296,2.317888284877128,29.680734223749884,1.5278612725110334,22.04274825731297,19.89857814532421,16.234276178369132,0.32216344509614125,6734.914871503359,68.48522783716206,49.99999999999909,0.0,True,R410A
2024-11-07 19:10:00,131.15426505233722,209.72542171318403,2.3323056362986283,30.606817123420978,2.1362423599533242,21.951367789832744,18.667551210466833,17.853706546519774,-8.363549633629846,6515.146212297442,67.22940692741395,49.99999999999373,0.0,True,R410A
2024-11-07 19:15:00,129.71786424049898,207.71052246562252,1.3937978824276864,30.392708166883942,1.9134767974861953,21.13230612808473,19.46677018479089,16.028301595624605,14.949648802493915,6617.853381796605,67.81630503883775,49.999999999997456,0.0,True,R410A
2024-11-07 19:20:00,448.9203372648676,87.40694123803627,46.09042752592488,4.554266852909996,1.9493865036181064,20.967428368244008,26.856971130195223,2.0201137828984743,2140.8161615981317,0.0,67.98335682307467,50.00000000000007,935.8002818768961,False,R410A
2024-11-07 19:25:00,451.8332652803647,85.65453612546598,47.14240771664811,3.0244809635941636,1.7663041751221762,21.344547204252837,26.551126441832533,1.523221887972503,2121.8273486175817,0.0,68.81891464388215,50.00000000000007,945.8269757265858,False,R410A
2024-11-07 19:30:00,453.64353091271647,84.81852457837564,47.4847519597858,3.497365473174592,1.4826897286853868,21.365201394062872,26.132967361125797,-0.13116542770226935,2333.892832984802,0.0,69.22688800150013,50.0,950.7226560180015,False,R410A
2024-11-07 19:35:00,453.06222755705085,85.185977544501,46.12071025225775,3.279885624994902,1.144566027250589,21.02026643147501,26.734116219230156,0.9493408236695792,2182.744048729924,0.0,69.07675374604887,49.99999999999977,948.9210449525865,False,R410A
2024-11-07 19:40:00,450.7589549162202,86.37241321891555,46.79952758805187,3.670439086937902,2.108004706080729,21.85729936183006,27.14289521566715,2.0447476922532397,2174.6095407004864,0.0,68.56048678218883,49.99999999999999,942.725841386266,False,R410A
2024-11-07 19:45:00,449.29098663569016,87.52199613794313,47.57283063805605,4.413960835297899,2.265080100906639,21.01955919868839,26.577690019801334,-1.8946658214969883,2237.661299248645,0.0,68.03648718207295,50.000000000000036,936.4378461848753,False,R410A
2024-11-07 19:50:00,449.2880532071842,87.48123260336187,46.66633550034369,4.45310946498051,1.6961908332719768,21.011711070014538,26.705015780489006,1.2607359708735992,2174.9526718807533,0.0,68.06690694309022,50.00000000000023,936.8028833170827,False,R410A
2024-11-07 19:55:00,450.11537869937155,86.98102417918754,47.613683316966586,4.540736129763459,2.2087475721475007,21.120022591089786,26.222829892154028,-0.008246577447226233,2209.355878568781,0.0,68.31697139085674,49.99999999999986,939.8036566902808,False,R410A
2024-11-07 20:00:00,453.7054032457722,84.99941969219886,47.5479190527031,3.581600474217126,1.4668868728118747,21.045289226178085,26.1111632244418,0.011173284273781614,2305.5147020422874,0.0,69.26238930193401,49.999999999999766,951.1486716232081,False,R410A
2024-11-07 20:05:00,452.5174413588266,85.97707387379519,46.51171651558374,3.5398498499535402,1.5479216544538632,21.797750329722497,26.741982954685003,1.5540165311335554,2292.147379464394,0.0,68.81028350933713,49.99999999999986,945.7234021120456,False,R410A
2024-11-07 20:10:00,453.2724914786279,85.34407015914682,47.027212717398875,3.3088296131750727,1.5426928612440585,21.00109439494527,26.028801665119005,-0.1439222603920085,2241.6952235520453,0.0,69.12946230419948,50.000000000000014,949.5535476503937,False,R410A
2024-11-07 20:15:00,453.4358001863758,85.29766940844225,47.12789045737164,2.5429723966106756,1.4026186591203538,20.352898084256527,26.22670723292442,0.749387994613004,2183.6924995202507,0.0,69.17930020438396,49.999999999999886,950.1516024526077,False,R410A
2024-11-07 20:20:00,448.6409760320073,88.06777192457771,46.243847637112154,4.709729627570751,2.2033857014658715,21.246140766574424,26.644337387337607,1.9865888196953452,2199.9897238252415,0.0,67.9202757897571,49.999999999999886,935.0433094770851,False,R410A
2024-11-07 20:25:00,458.23213638909914,83.27020341246576,47.06296783932289,2.775181658802685,0.9923255226348706,21.35323781694849,26.762777218820993,-1.9683959242411864,2343.5291830376887,0.0,70.12773826860897,49.99999999999994,961.5328592233077,False,R410A
2024-11-07 20:30:00,125.81286707097469,202.6432376207511,2.0303688485026137,29.52993308244479,1.1757567367616724,20.92989173807575,18.85593481454737,15.7426614713247,5.848322999391607,6903.055406644833,69.44603089511332,49.999999999999844,0.0,True,R410A
2024-11-07 20:35:00,128.68056297334707,205.5834922278784,1.208867357638342,30.037045930356037,1.0897996397364031,20.778319857227398,18.420518553115848,17.1268795946712,-5.032570261519978,6755.858316380313,68.60490466503036,49.999999999999254,0.0,True,R410A
2024-11-07 20:40:00,123.27400908230551,199.14199355422986,1.2855186877481648,28.123642895018758,0.9044554117334028,21.55685586222361,19.764978265200067,15.972144758742221,-13.53401661209116,7088.79477265966,70.50739870091235,49.99999999999986,0.0,True,R410A
2024-11-07 20:45:00,457.3888219371194,83.64789609353683,47.31997384019847,2.487372031262211,0.8369486439760084,21.39165591576385,26.390987755088755,-0.07333315714509447,2354.95526545155,0.0,70.10190954501594,49.999999999999964,961.2229145401914,False,R410A
2024-11-07 20:50:00,457.6109771766145,83.8685796673174,47.48269793516247,3.7794864867223383,1.2393605160881649,20.522048408955335,26.315116944418012,-0.598605472386579,2254.066736664019,0.0,69.98804693361082,49.999999999999964,959.8565632033298,False,R410A
2024-11-07 20:55:00,456.59875845607235,84.1520003255965,47.732561393922964,3.2096988447702044,1.2089836056111483,21.525799372061638,26.69565229964944,1.192945969122679,2186.0822587218877,0.0,69.87103782614314,50.000000000000036,958.4524539137176,False,R410A
2024-11-07 21:00:00,460.1558366988229,82.23307598809288,47.49908787286792,2.3118842220904012,0.4978777908928567,20.92825579217015,26.18374502530747,-0.22022968328215692,2363.6736826976476,0.0,70.79564589152068,50.000000000000135,969.5477506982483,False,R410A
2024-11-07 21:05:00,455.219940817427,84.74783751605511,47.655583326734245,3.1079849344535964,1.4780548973405685,20.563853293414503,25.78811106892443,1.2165056416463735,2341.370137491723,0.0,69.65768311996527,49.99999999999987,955.8921974395831,False,R410A
2024-11-07 21:10:00,455.8265400856673,84.6415162685494,46.37754307793439,3.6754412154716354,1.1937752616061872,20.671515499103677,26.20566240789544,1.0125458985727236,2292.16296696005,0.0,69.73535447388957,49.999999999999865,956.8242536866749,False,R410A
2024-11-07 21:15:00,456.6701436845743,84.1909341055271,47.71282185377073,3.4765330271159405,1.0584686414622142,21.367957310776905,26.41593276306991,0.061957501680301064,2352.6039573893127,0.0,69.98124842550243,49.99999999999987,959.7749811060291,False,R410A
2024-11-07 21:20:00,460.56456116280384,82.09494241609532,46.64655153789778,1.759203651968722,0.45081132705960053,21.48408308082086,26.984332356371258,1.0648062760831933,2394.237285875773,0.0,71.01551093382292,49.999999999999815,972.186131205875,False,R410A
2024-11-07 21:25:00,459.1422721438763,83.05327882940645,47.61203421306492,3.5165318199504116,1.204456611786405,20.67570310383794,26.776041745332783,-0.3948877119216955,2339.296317463466,0.0,70.60122020377108,49.99999999999995,967.2146424452529,False,R410A
2024-11-07 21:30:00,122.63511580020284,196.97727767999766,0.7740202876660291,28.829972810506124,0.13291877627808604,21.33023301281125,19.211108006125027,16.537352769158687,-6.676620584603377,7228.585421747626,71.30620240998644,49.9999999998724,0.0,True,R410A
2024-11-07 21:35:00,122.42091418856938,197.5197087936384,0.7219721270074888,28.33458684930751,0.3140221127405842,21.35061989685855,18.98434804462598,16.732117004525833,-2.8113235148800464,7206.211434107594,71.1783510520434,49.99999999999989,0.0,True,R410A
2024-11-07 21:40:00,125.09798213189012,202.00090350288258,0.3982504697907795,28.451594487728393,0.6762551657477511,20.101820941442785,19.43975089136772,17.097570383761976,3.0759582459642543,6983.390501754887,69.9050885814565,50.00000000000011,0.0,True,R410A
2024-11-07 21:45:00,461.89505552127775,81.73975294528553,47.44603440319111,2.819182185046633,0.5101971882135224,21.18843366102577,26.19894105952551,-0.3883832883501271,2426.8276577771103,0.0,71.41564426996766,49.99999999999964,976.9877312396119,False,R410A
2024-11-07 21:50:00,466.3142450682256,79.95900809260702,48.013855961284946,2.093957774885629,-0.3189006771689823,21.448505597886978,26.244600939467787,1.9028231691063087,2425.277497545745,0.0,72.28851195052336,49.99999999999967,987.4621434062803,False,R410A
2024-11-07 21:55:00,463.42173405741505,81.53750266386456,48.177112996107674,1.4924273910563164,0.08031590557730242,21.400550893223436,26.66309567512491,-0.12682896081555756,2373.3729769235697,0.0,71.55734683980961,49.99999999999974,978.6881620777153,False,R410A
2024-11-07 22:00:00,467.5023849776622,79.4160988423796,47.45885901097468,1.584193487658771,-0.45484846430919446,21.59740851787664,26.749411289985936,-0.5587109958155807,2548.5449883917104,0.0,72.59953494932407,49.999999999999325,991.194419391889,False,R410A
2024-11-07 22:05:00,467.70532178001616,79.52555810900654,48.45315506856114,3.2833973294156884,-0.2608725671618392,21.114221176554842,27.011636855446362,-0.801750487218664,2452.6754333748822,0.0,72.55937828396111,49.99999999999971,990.7125394075332,False,R410A
2024-11-07 22:10:00,467.45576804962644,79.49948705307565,48.63286371435891,1.7053855087620389,-0.678093245342916,20.793462531859838,26.769463758776695,-1.9326318470015147,2454.495402053593,0.0,72.60573073989035,49.999999999999616,991.2687688786842,False,R410A
2024-11-07 22:15:00,466.60641498355506,80.06819043735983,48.2435169767194,1.4489672799589906,-0.8530210027038595,20.78112177196531,26.798315513812412,0.6150258145115828,2604.090712127776,0.0,72.36009484574636,49.999999999999815,988.3211381489563,False,R410A
2024-11-07 22:20:00,463.69396539807616,81.60897314700364,48.38302325956525,1.6686013199617178,0.31016084383286924,21.319710594395698,26.60449789010081,-0.8995537970489005,2486.7310382158594,0.0,71.65430073476992,49.99999999999963,979.8516088172393,False,R410A
2024-11-07 22:25:00,465.03593486677283,80.8948741334029,48.37444801362503,2.869268245765481,-0.6508485578103418,20.94635725276999,26.345871239989894,0.40282978008808457,2410.4049810406655,0.0,72.03356249189846,49.99999999999973,984.4027499027815,False,R410A
2024-11-07 22:30:00,465.8040062523509,80.4914865970064,48.082808850192194,2.285698438266659,0.11806002867102919,21.301626590065414,27.04991404163352,0.5213718017963579,2441.2554519963805,0.0,72.27636261304437,49.99999999999979,987.3163513565324,False,R410A
2024-11-07 22:35:00,470.89168390675684,78.56623384839598,47.726710570276005,2.110645889750943,-0.1255153423471264,20.558986798904822,26.32628304188445,-0.48975228665838355,2549.7422218332895,0.0,73.18614733441534,49.99999999999932,998.2337680129841,False,R410A
2024-11-07 22:40:00,469.0199286416774,78.94055995608683,48.71216959226607,1.5968085734051913,-0.5765512098213975,21.038597444295295,26.06614384547872,-1.7192533445391913,2627.468168656812,0.0,73.05456813728178,49.99999999999969,996.6548176473814,False,R410A
2024-11-07 22:45:00,467.84052035620385,79.59830796252807,48.07056710431454,2.230869901760354,-0.0062918318898925185,20.505840113198303,26.487630731556106,-1.2372179714182217,2477.652578658911,0.0,72.79227943181208,49.99999999999967,993.5073531817451,False,R410A
2024-11-07 22:50:00,471.0807843619593,78.29423356060161,48.50435068223749,0.851143812335033,-0.7319729187539779,20.50142595608707,25.451723900579182,-3.9017721735723336,2532.036712564573,0.0,73.44939198578203,49.999999999999304,1001.3927038293843,False,R410A
2024-11-07 22:55:00,470.6872762159865,78.51479850540032,49.00543679149363,1.3934625804414176,-0.20806056229275083,20.94540470606064,26.372523192128767,-1.304300566382707,2579.41682710674,0.0,73.37566582003222,49.9999999999993,1000.5079898403868,False,R410A
2024-11-07 23:00:00,117.80486158219246,191.78729681227324,0.08524965284203079,27.520109718611224,-0.7602823945091077,20.63087788886179,18.75981034124566,15.179293148824838,-22.904359676233224,7568.1959636063,73.2468340777503,50.00000000000101,0.0,True,R410A
2024-11-07 23:05:00,117.99329864962391,190.05538081055437,-0.9051680481507066,27.80508547950791,-1.5956025292590381,21.56769184658099,19.24464334787301,13.876356934488374,-0.774939950862044,7660.148295250396,73.7722759728594,50.00000000000526,0.0,True,R410A
2024-11-07 23:10:00,117.73399511167693,190.713299866602,-0.5236280156191084,27.358761086228185,-0.8246339570739947,20.928342422989147,19.08992845570237,13.609259273900628,12.052334161087515,7630.231151844715,73.60132086768408,50.00000000000311,0.0,True,R410A
2024-11-07 23:15:00,468.70334474349517,79.57580632959585,47.92440601581336,1.1583832139454833,-0.01647195716318761,20.495148494142825,26.42268353564319,-1.3266078392959086,2501.553310389356,0.0,73.05772183037283,49.99999999999931,996.6926619644738,False,R410A
2024-11-07 23:20:00,474.39601739275474,77.31696758523454,49.184152306975186,0.9501828974899669,-0.9213635301880946,20.922629037180293,27.00642589184782,-0.36648805165120146,2524.3459414807844,0.0,74.16370804394043,49.99999999999948,1009.9644965272853,False,R410A
2024-11-07 23:25:00,471.20894181976587,78.82418727987813,48.76652324611904,0.43315844549305194,-0.8832319218381809,21.07491725778068,27.183931065139788,-1.2830006421702909,2565.049690825453,0.0,73.45726990655365,49.999999999999346,1001.487238878644,False,R410A
2024-11-07 23:30:00,473.0016554763607,77.59952305824696,49.660747849989306,-0.2219964462034203,-0.9628417287828671,21.184040079631842,26.12953082833182,-2.2035959031596737,2640.4764632689566,0.0,74.12302415913658,49.99999999999908,1009.4762899096389,False,R410A
2024-11-07 23:35:00,479.51336673205526,75.13221624594969,49.22819806558286,0.7511009469244883,-1.373232286593889,20.998244640770473,26.155456677517687,-2.735303243014378,2658.8115503803906,0.0,75.32913947625931,49.99999999999894,1023.9496737151117,False,R410A
2024-11-07 23:40:00,478.4698120176515,75.42029142092612,49.333871422087846,0.20637441595478662,-1.6319385725663826,21.103016850172548,25.554320457819156,-1.8890218557607783,2759.9992271837514,0.0,75.2125072817841,49.999999999998764,1022.5500873814091,False,R410A
2024-11-07 23:45:00,478.17052102745146,75.48786267972346,49.98727762330338,0.2587974975272217,-0.8225768273799307,20.646333393513373,26.490601121176535,-5.043895778609672,2704.4382933817897,0.0,75.22098770596529,49.999999999998856,1022.6518524715834,False,R410A
2024-11-07 23:50:00,479.06461076787986,75.44685846109506,49.42033306941788,0.7936733855297031,-1.7770253411094505,21.2483478478599,26.882523048728057,-0.04731354039561486,2614.2963115704706,0.0,75.2435999083072,49.99999999999899,1022.9231988996866,False,R410A
2024-11-07 23:55:00,477.08174629101495,76.14504808239089,48.797348323077046,1.2294798408947347,-1.1682721350141407,21.151631510155717,26.466663260789385,-1.789320040318205,2743.3350307800256,0.0,74.93805070325513,49.99999999999922,1019.2566084390616,False,R410A
2024-11-08 00:00:00,115.5614483424512,187.76125971265634,-0.06771817836300675,26.92370916240572,-1.1149536440635284,20.768905920872534,18.714230099048546,15.784541322193114,-18.77327027291374,7820.237185252825,74.68706963001614,50.00000000003752,0.0,True,R410A
2024-11-08 00:05:00,115.54655744030939,188.37273569061975,-1.8082848043346778,27.695047992442596,-1.4789366500757286,20.31144892471397,18.688386891680143,13.31088402243137,-2.2616294851411904,7794.145947933209,74.53797684533262,50.00000000002821,0.0,True,R410A
2024-11-08 00:10:00,114.79987461676217,186.18397470669746,-1.6408849065019289,26.64280970130147,-1.735866945931469,20.988214114183616,19.113454481314328,14.919044310127894,-11.890439940684974,7912.987203004509,75.21706973145433,50.000000000094914,0.0,True,R410A
2024-11-08 00:15:00,480.7834426163622,74.73478252101174,49.844845477101444,0.25577153300513567,-1.589905604541052,20.493974671616822,26.096622133715282,-2.2773318265113667,2768.0011891035733,0.0,75.79067039756973,49.99999999999816,1029.4880447708365,False,R410A
2024-11-08 00:20:00,485.35962327774905,72.50924470740364,50.23625195043596,-0.3497298499748992,-2.426487894945926,21.032673372830896,26.476696811346223,-2.133268666681601,2776.644044832925,0.0,76.9398485224544,49.99999999999755,1043.2781822694528,False,R410A
2024-11-08 00:25:00,480.58723324310944,74.73033375008835,49.61594833121967,-0.5905080253639762,-1.8463387262789857,20.836700043538272,26.6967347702096,-3.667471222206218,2704.5188156456525,0.0,75.89552048859434,49.99999999999831,1030.7462458631321,False,R410A
2024-11-08 00:30:00,481.80578032839264,74.44113375686632,49.68661549196009,0.4393383998557319,-2.529451109075636,21.49399127249041,26.54183258925359,-2.1902469537550218,2761.290433110203,0.0,76.07732180592865,49.99999999999841,1032.9278616711438,False,R410A
2024-11-08 00:35:00,482.04041096530756,74.36699967778823,49.69156524373042,-1.3014412458401705,-1.8819086392838966,20.692728403929603,26.254167948033675,-3.647828673823227,2727.340468950353,0.0,76.15741647166504,49.999999999998124,1033.8889976599808,False,R410A
2024-11-08 00:40:00,477.8517871473185,76.24339206085966,48.93086897926885,0.055092359942726044,-1.5655921581946148,20.040371760396898,25.35699298924361,-1.8946848107143563,2741.3091255001086,0.0,75.30356242283878,49.99999999999868,1023.6427490740653,False,R410A
2024-11-08 00:45:00,481.2507741829716,74.71641713987636,50.876183929854,-0.05663392157304355,-2.087272103649196,20.80691690675708,26.32751043523711,-4.086489149895003,2670.1026948251597,0.0,76.1361981937137,49.99999999999818,1033.6343783245643,False,R410A
2024-11-08 00:50:00,483.86735806479675,74.00268470444368,49.83437879372836,-0.6540468318200838,-2.1508981111956795,21.571642269138813,27.282787280447366,-2.85324868968483,2754.7741439246947,0.0,76.51833134022681,49.999999999997804,1038.2199760827216,False,R410A
2024-11-08 00:55:00,488.48121931662354,71.28089591392279,50.79514960896015,-1.221456778267886,-3.11834412886875,21.220212536996293,26.543006657825114,-2.399966779604771,2881.552344910377,0.0,77.99115763346295,49.999999999995836,1055.8938916015554,False,R410A
2024-11-08 01:00:00,489.3499897746171,71.60280593170548,50.28190097640242,-0.012615423877347931,-3.1098739581560038,21.0768760747142,26.798581340550616,-2.884749327996756,2866.0333136163376,0.0,77.86460641398192,49.99999999999582,1054.375276967783,False,R410A
2024-11-08 01:05:00,488.8364284838469,71.78847758968358,50.25659303137863,-0.35995454718432296,-2.984532149566895,21.181947384531416,26.35382554987679,-4.645916539666047,2891.9738453211958,0.0,77.82393298015032,49.999999999995936,1053.887195761804,False,R410A
2024-11-08 01:10:00,491.5856939632001,70.93622093298697,50.3708083078305,-1.4742873592904646,-3.2706344723825835,20.866254743859983,26.21560299923555,-5.529759901724191,2789.3276788273783,0.0,78.2627470377742,49.99999999999506,1059.1529644532902,False,R410A
2024-11-08 01:15:00,488.33386988051245,72.14080591719988,49.61509814374297,-1.0881446391363163,-2.199202515337168,21.359982041156673,26.588900555415393,-2.85641680318936,2882.2072901668266,0.0,77.70672276730025,49.999999999995936,1052.480673207603,False,R410A
2024-11-08 01:20:00,489.666970409684,71.83226791983721,50.37689980499491,-1.5814491410163178,-2.66938594808732,21.121150253270546,26.706498957408186,-1.8617483713819842,2782.539476765382,0.0,77.88589433348079,49.99999999999574,1054.6307320017695,False,R410A
2024-11-08 01:25:00,493.65270135180134,69.83414533065383,50.652903996667575,-1.1227135387666543,-3.7657511089612337,21.275192829921764,26.73231951510172,-4.93915646863989,2914.7068313361915,0.0,78.95042086353945,49.999999999993115,1067.4050503624733,False,R410A
2024-11-08 01:30:00,488.7115445959081,72.32368316652926,50.982364025428524,-0.9870069196534207,-2.25124689376993,21.092237945177114,27.09175224960243,-1.2647316162718214,2784.405630849068,0.0,77.72427138889637,49.99999999999596,1052.6912566667563,False,R410A
2024-11-08 01:35:00,492.14505878081656,70.90630949464084,50.07494303001377,-2.214290687188638,-3.360914435172258,22.170561476535816,27.744125552604448,-3.7375507399103647,2888.9935565667993,0.0,78.46211490348273,49.99999999999467,1061.5453788417926,False,R410A
2024-11-08 01:40:00,497.07610489182366,68.46585807726187,50.87160333271461,-1.8298440994176925,-3.8713992850834362,21.08003684931843,26.632644926831937,-6.338929428997088,2973.488023809807,0.0,79.76047179064544,49.99999999999022,1077.1256614877452,False,R410A
2024-11-08 01:45:00,493.73490203364133,70.35631758245876,50.353005183383814,-1.1834777805468952,-3.1337420638684117,20.729075419347996,26.496182812762996,-5.4638475790613095,3021.079313311353,0.0,78.80593444469562,49.99999999999369,1065.6712133363474,False,R410A
2024-11-08 01:50:00,492.9519573121916,70.38313343574248,51.54220416757567,-0.9463481408388227,-4.018915190595633,20.81967319995973,26.566944425003985,-3.1579694780549366,2950.954560126441,0.0,78.8558372548527,49.99999999999333,1066.2700470582324,False,R410A
2024-11-08 01:55:00,492.3380373764971,71.02418605200927,50.27518818993977,-1.3165339471111974,-3.3509643039051014,20.388729620796507,25.832117216407536,-3.650288508987776,2927.3967402667936,0.0,78.55971309964562,49.999999999994245,1062.7165571957473,False,R410A
2024-11-08 02:00:00,496.2287190054886,69.40503299538595,51.30617790895371,-1.8863728968473727,-3.872037470744332,20.917090257559156,25.774826937464837,-2.7178163496609185,2913.4147098457734,0.0,79.40007463090836,49.9999999999919,1072.8008955709004,False,R410A
2024-11-08 02:05:00,493.453800725036,70.65892686446026,51.27735138107409,-0.3965618522500334,-3.328170168631557,20.92905847575524,26.405601291122476,-5.087818959192983,2976.721655278779,0.0,78.7793883849896,49.99999999999376,1065.3526606198752,False,R410A
2024-11-08 02:10:00,495.509841028417,69.97691347127908,50.845041721265645,-1.5541778245813498,-3.4464559976514932,20.830815560686542,26.71742170669158,-3.938976104467346,3033.6816952743743,0.0,79.11494180526225,49.99999999999253,1069.379301663147,False,R410A
2024-11-08 02:15:00,495.9669211273368,67.90944857715505,50.387670081256424,-1.7568332091399292,-4.139791934538602,20.83228003622517,26.636313814787908,-4.60985306355054,3027.661578808267,0.0,79.53620155127108,49.999999999988106,1074.434418615253,False,R410A
2024-11-08 02:20:00,494.88038771776337,67.39765366261932,50.32560069563259,-2.554592254985984,-4.32191662275155,20.522521978107847,25.819820339353036,-4.927836956355096,2882.6876674872724,0.0,79.35380700003847,49.99999999998604,1072.2456840004618,False,R410A
2024-11-08 02:25:00,494.76919009581474,70.01358155640322,51.41086910831517,-1.2963612754049214,-3.3217766894322045,21.198046915423422,27.12496904637084,-4.52392332986983,2943.6531306935026,0.0,79.28263220244568,49.99999999999241,1071.391586429348,False,R410A
2024-11-08 02:30:00,495.6982083710561,70.00098569493649,50.35962593001802,-2.3810450820926494,-3.5627848067903884,21.138144833123672,26.366397387653286,-4.51592996142908,2979.8909831332817,0.0,79.3064611717812,49.99999999999196,1071.6775340613744,False,R410A
2024-11-08 02:35:00,497.34168337216704,68.86264292688402,51.33737089727399,-2.1871025101999093,-3.943641234325009,21.195887866389537,25.812757557489213,-4.281422913060218,2949.4599122999107,0.0,79.71028691131744,49.9999999999896,1076.5234429358093,False,R410A
2024-11-08 02:40:00,495.5086231384017,70.06042239156129,51.05496637874677,-2.267859551494986,-3.6193612543439184,21.14074484411553,26.665977880272496,-3.8611414039437446,3132.619083170403,0.0,79.32744486356393,49.999999999991914,1071.929338362767,False,R410A
2024-11-08 02:45:00,496.72194698197706,69.20133902155257,51.34664314009282,-2.2174382897111373,-3.364184929517339,21.04611713709605,26.21315798567132,-4.162378778673161,2977.79658498246,0.0,79.7548717278328,49.99999999999007,1077.0584607339938,False,R410A
2024-11-08 02:50:00,497.0378733774903,68.69867270738543,51.33870637192737,-1.425376554866157,-3.9988093818864607,21.36259806167564,27.20867759710335,-3.344624066074573,2971.549985452171,0.0,79.60777058134515,49.99999999998896,1075.2932469761417,False,R410A
2024-11-08 02:55:00,493.2652399680671,66.50710474263838,50.39190191980942,-2.957268221762245,-4.805439828600107,20.689325723821856,26.40828046430874,-6.352383789399116,2871.360516246879,0.0,78.95663283204898,49.99999999998092,1067.4795939845876,False,R410A
2024-11-08 03:00:00,497.7125492199745,69.56287221462382,50.657131687064854,-1.5007329726925962,-4.4325607620129555,20.27987565599891,26.189265217095265,-6.171544569934373,3001.3335603366595,0.0,79.71972207085928,49.999999999990514,1076.6366648503113,False,R410A
2024-11-08 03:05:00,497.6978246471968,68.41557647939817,51.4265566625258,-1.3751532778759443,-4.56396708111495,20.844104154505178,26.459352690871977,-3.6168208145166005,3036.0526062644853,0.0,79.51758158793493,49.999999999988006,1074.210979055219,False,R410A
2024-11-08 03:10:00,494.99402926251287,67.23826058387067,50.62624245412784,-2.462798285511775,-4.589117397234045,20.483640735350708,26.68207111554933,-5.892534669619108,2953.9829303242336,0.0,79.17577269176012,49.999999999984226,1070.1092723011213,False,R410A
2024-11-08 03:15:00,494.58914331566575,66.83785463874241,49.52066221412134,-2.0632312270189894,-4.592627832733374,20.442509080754835,26.39387125132258,-5.439590598162307,2937.5363780168464,0.0,79.0552972269971,49.99999999998262,1068.6635667239652,False,R410A
2024-11-08 03:20:00,494.9696423792293,67.68080284302788,51.300942814495784,-2.0957930582352695,-4.528022475187679,20.68691548521076,26.30226084260187,-5.473435677187385,2910.522408466656,0.0,79.27084044147693,49.99999999998559,1071.2500852977232,False,R410A
2024-11-08 03:25:00,490.98380128537985,65.06444764145868,50.16508728003929,-3.0245344918011265,-4.977409763979149,21.30284417850111,27.379460173317806,-6.216265279184665,2932.1523798326125,0.0,78.48858113086314,49.999999999972786,1061.8629735703576,False,R410A
2024-11-08 03:30:00,494.4921855277441,67.55328761509408,51.17296401789712,-2.0775866630484097,-4.623296871059366,20.738794362995055,26.472060277276217,-6.411008495931798,2947.018147641629,0.0,79.17172287718532,49.99999999998421,1070.060674526224,False,R410A
2024-11-08 03:35:00,491.47991204591483,65.36332721731027,51.391777698802755,-2.1329067400714994,-5.3272225661080554,20.84484133198552,26.488112824867894,-6.122403372802141,2872.8250787168195,0.0,78.52097806438472,49.999999999973646,1062.2517367726166,False,R410A
2024-11-08 03:40:00,492.5782445207225,66.5389006523492,50.81635081522361,-3.0945907321894346,-4.592163125327934,21.719639993316207,26.27715818676201,-4.626625163655627,2740.201915965626,0.0,78.82125223091369,49.99999999997911,1065.8550267709643,False,R410A
2024-11-08 03:45:00,493.112538767604,65.62991837396677,51.21313091640561,-3.4835831449731014,-4.593164345821659,20.47797656571609,25.720202753073107,-5.507914134495039,2874.9956143205263,0.0,78.57399466819692,49.999999999974364,1062.887936018363,False,R410A
2024-11-08 03:50:00,492.5991236560616,65.83588164204484,50.8108142164755,-3.4670320513398347,-5.2902250578361265,21.062184807096536,26.302460477659352,-4.953567650005248,2862.200911433325,0.0,78.62377433655307,49.99999999997538,1063.485292038637,False,R410A
2024-11-08 03:55:00,491.86088499236104,65.20622946523523,51.45767081687273,-2.6329086615738313,-5.057007887329766,20.619140664391026,26.22287835033131,-6.1262046438869575,2786.9680699053242,0.0,78.43721640747242,49.99999999997148,1061.246596889669,False,R410A
2024-11-08 04:00:00,492.07604959271447,65.7253659243306,50.18235699735569,-2.443817646393102,-5.580002855403423,20.854117665472057,26.44144696302499,-4.605655467175349,2930.6682486415243,0.0,78.56909480462464,49.99999999997436,1062.8291376554957,False,R410A
2024-11-08 04:05:00,494.7571244373227,67.94099724318284,50.93968958599879,-2.710439731105974,-4.8842827036571554,20.765851233831093,25.75911118535751,-5.450283139782543,2921.651201560561,0.0,79.18345886988541,49.99999999998421,1070.201506438625,False,R410A
2024-11-08 04:10:00,494.67276230213275,67.38806022521631,51.222884501138665,-3.6513191603407726,-4.759942134014252,19.97208201572844,25.80223612592176,-7.191869686146994,3039.7563488358996,0.0,79.03014319631447,49.999999999982236,1068.3617183557737,False,R410A
2024-11-08 04:15:00,492.5723527128772,66.09829490342777,50.649821210195554,-3.268126566638663,-4.5902750669639625,21.131895435954036,25.986925211200116,-5.114124403750823,2954.3834281887976,0.0,78.6534055698682,49.99999999997624,1063.8408668384184,False,R410A
2024-11-08 04:20:00,492.29079194254984,65.6412534734194,51.27139543474252,-2.7791474970952135,-5.286686394910354,21.832169626761704,26.864902254874423,-4.785689816970031,2832.6412465227363,0.0,78.52076249710984,49.99999999997337,1062.249149965318,False,R410A
2024-11-08 04:25:00,492.9305402497496,66.51390219845526,50.5678476500055,-2.868591322375751,-5.080059895313999,21.530368061503296,26.850972351650633,-5.894468765303562,3007.702846620422,0.0,78.75697978602904,49.99999999997817,1065.0837574323484,False,R410A
2024-11-08 04:30:00,493.0286329572408,66.7042866862853,51.83365459330451,-2.707917135461558,-4.787264824270907,21.597003180693612,26.46993857572375,-4.098884741430828,2999.3473531289915,0.0,78.79725071330685,49.99999999997851,1065.5670085596823,False,R410A
2024-11-08 04:35:00,489.3327449365364,64.1942495768612,51.580308324227396,-3.747764224439265,-5.474966931956511,20.95691851283322,26.26341391144114,-6.836784203006296,2819.893901521171,0.0,78.05122552557673,49.99999999996149,1056.6147063069207,False,R410A
2024-11-08 04:40:00,489.50116013563957,64.69413236557622,50.70046440198822,-2.8801389184869324,-5.622722922668215,20.95367597074269,26.688237381864013,-5.216456667974481,2801.930248643573,0.0,78.1584757436655,49.99999999996482,1057.901708923986,False,R410A
2024-11-08 04:45:00,487.7823600706601,62.62102487019466,50.60698376149094,-3.7781314111513917,-5.353860841849738,21.199421032427708,26.42406424153102,-4.70495136987156,2664.3779970639334,0.0,77.54848845683635,49.99999999994395,1050.5818614820362,False,R410A
2024-11-08 04:50:00,491.8944487022538,65.88888412084967,51.277046351328366,-2.7944576688008604,-5.167298416917372,21.076061705604054,26.109852959173338,-5.55095842061121,2881.278721216499,0.0,78.48322835604279,49.99999999997275,1061.7987402725134,False,R410A
2024-11-08 04:55:00,492.1245682922712,66.7207701152881,50.16724168352026,-2.8123263647288277,-4.857783711516745,21.431184040974834,26.628668336475428,-5.618342292265194,2825.3968926468947,0.0,78.69557435467718,49.99999999997658,1064.346892256126,False,R410A
2024-11-08 05:00:00,489.91074655743216,64.40192111852735,49.853615025231505,-3.2475033937740503,-5.630221336892606,21.505443222420027,26.3874180800323,-6.115359151053538,2881.0266482511674,0.0,78.02564008672107,49.99999999996112,1056.3076810406528,False,R410A
2024-11-08 05:05:00,486.8548292695237,61.88255786962789,50.86228595193013,-3.958022331165553,-6.05531670661068,21.63011191825281,26.237760284816524,-5.059012788304236,2737.908963216263,0.0,77.29087065333684,49.999999999931724,1047.4904478400422,False,R410A
2024-11-08 05:10:00,488.9320167256765,64.61006170774573,50.653882741348625,-3.9558374353210457,-5.121312853341919,21.74824479145751,25.838405214330663,-5.589017547461977,2767.757089870348,0.0,78.045036013099,49.99999999996139,1056.5404321571878,False,R410A
2024-11-08 05:15:00,487.1963747043889,62.74143996154725,50.19437039946207,-3.8199066489490745,-5.507339087550267,20.893835945026762,25.925986236574236,-4.362235519417967,2766.4751507252136,0.0,77.48699472653858,49.99999999994109,1049.843936718463,False,R410A
2024-11-08 05:20:00,488.2208058753352,63.03084410620566,50.34549749923708,-3.53121849574202,-6.155652284294445,20.913440856184508,26.3385286216021,-6.14772119377126,2694.709999381592,0.0,77.57316226079067,49.99999999994492,1050.877947129488,False,R410A
2024-11-08 05:25:00,490.0195962515074,64.50439986384083,49.30755690784036,-2.9543420238252946,-5.201674204032353,21.233569395776872,26.77121938981959,-6.685709416826461,2789.43295359224,0.0,78.00154038405971,49.99999999996031,1056.0184846087166,False,R410A
2024-11-08 05:30:00,488.4305497225465,63.899986068884914,50.33264863812974,-3.502519077273438,-5.545668405549987,20.2923277284539,25.717471085563787,-6.794079586628503,2775.106965208597,0.0,77.80781278762197,49.999999999954014,1053.6937534514636,False,R410A
2024-11-08 05:35:00,488.069092707768,63.06707854783972,49.96098409850974,-4.4155698563190295,-5.640583614115238,20.33143584978917,25.780924639500892,-6.371337331460314,2829.8348530787007,0.0,77.56668658161695,49.99999999994444,1050.8002389794033,False,R410A
2024-11-08 05:40:00,488.4874148331764,63.01045843184254,50.79532862567753,-4.341590423714155,-5.963495540734993,20.31678328701928,25.87589306009712,-8.47725437489684,2810.6156991834296,0.0,77.56344749031996,49.99999999994458,1050.7613698838395,False,R410A
2024-11-08 05:45:00,489.58992677836545,63.97799646939122,50.94266901605165,-3.8857888249420034,-5.724327016300193,20.47493056125541,25.550074966438796,-6.643204621036166,2752.194691055589,0.0,77.85374300495906,49.99999999995559,1054.2449160595088,False,R410A
2024-11-08 05:50:00,488.3881443220601,63.357720190220554,50.66549213066439,-3.740716427302029,-5.554733987656093,20.81295777608613,25.578042276625453,-6.788246215420059,2864.851548954501,0.0,77.6724053695985,49.99999999994902,1052.068864435182,False,R410A
2024-11-08 05:55:00,487.13529640388913,62.509935526217596,50.48001735350549,-4.129861564259976,-5.782335761789294,21.240556491610672,25.88661932454712,-6.328953758187313,2783.9607136864947,0.0,77.41943474428246,49.999999999938396,1049.0332169313897,False,R410A
2024-11-08 06:00:00,487.98481335363954,63.29910952135732,49.616363637392666,-4.427108344653027,-5.395526142679003,21.197352640609004,25.60075193138068,-4.42342409143612,2905.787920189297,0.0,77.64009869800746,49.99999999994767,1051.6811843760895,False,R410A
2024-11-08 06:05:00,489.58135114759335,64.12998614630177,50.753438295660786,-4.201195106936052,-5.57677082314338,21.1466551409159,27.194777273925077,-6.081518601369347,2832.7993350587844,0.0,77.88831134843292,49.9999999999568,1054.6597361811953,False,R410A
2024-11-08 06:10:00,488.80491474441243,63.59001741534783,50.715981928162705,-4.825365026763436,-5.808178527600521,21.720833459569775,26.362261497235938,-8.19876322643646,2809.3301521327353,0.0,77.73675454773604,49.999999999951534,1052.8410545728325,False,R410A
2024-11-08 06:15:00,487.5065872718362,62.31283753685906,50.88908951382232,-5.667324587390275,-6.84554319945453,21.134654351415097,26.137703577335177,-7.52149477533323,2735.5683558884966,0.0,77.3773151651679,49.99999999993616,1048.5277819820149,False,R410A
2024-11-08 06:20:00,490.6317859669845,65.05993569754196,51.62524923186778,-3.436558199501992,-5.85404544942313,21.25867563302225,26.904618520104346,-5.608379426153616,2895.079880882209,0.0,78.17638486840714,49.999999999965425,1058.1166184208857,False,R410A
2024-11-08 06:25:00,486.10035231421034,61.023191475280235,49.28640161264934,-3.276548462706584,-6.55493913183303,20.17304201916927,25.288241312675165,-6.843668890599315,2759.141137710186,0.0,77.02048519849373,49.99999999991684,1044.2458223819247,False,R410A
2024-11-08 06:30:00,488.9614934446893,63.63372294592958,50.22541600040031,-2.8325341996929767,-6.061241640962556,21.12571631919006,26.410709589750844,-4.6064684392761075,2832.03987991264,0.0,77.78574510189179,49.99999999995316,1053.4289412227015,False,R410A
2024-11-08 06:35:00,489.316579682682,63.5876026757776,50.049412551929414,-4.2178473430338235,-5.484492467342363,21.292217857499107,26.717663980992143,-5.268654338600963,2897.6917342318366,0.0,77.7881223213553,49.99999999995333,1053.4574678562635,False,R410A
2024-11-08 06:40:00,490.69341984837257,64.62158040980293,50.62512330711641,-3.3627909832252407,-5.8307489203942335,21.252077723986293,26.34787559899715,-5.007627158142831,2783.8412879088546,0.0,78.10365256779698,49.999999999963464,1057.243830813564,False,R410A
2024-11-08 06:45:00,490.3267920431937,65.0304713655359,50.58729997841595,-4.06740913006285,-5.485510673542853,20.710787247963815,26.619892956763948,-6.052252467190277,2890.8562139764617,0.0,78.21493079815183,49.99999999996652,1058.5791695778219,False,R410A
2024-11-08 06:50:00,490.2836374105321,65.47789977913685,50.50415999789175,-3.8913233326041334,-5.37387651511662,20.602024021367825,25.993961429733726,-4.636147530624195,2878.450612165847,0.0,78.32320275848485,49.999999999969006,1059.8784331018185,False,R410A
2024-11-08 06:55:00,489.8856243838387,63.67390384170457,50.95118700376032,-4.286056585809039,-5.325897361974015,20.812405605881693,26.784667839610368,-7.0832434131911395,2823.5763362428515,0.0,77.83302619482595,49.99999999995475,1053.9963143379116,False,R410A
2024-11-08 07:00:00,491.200416355597,65.24573891220467,50.06026128509706,-3.3731826332710364,-5.442904915756012,21.08394029180881,26.73351309502592,-4.792138981756383,2853.078492535817,0.0,78.29591570849988,49.99999999996838,1059.5509885019985,False,R410A
2024-11-08 07:05:00,489.4036470823334,64.63761304512457,50.01856434629824,-3.5283444231934795,-5.3013909826730945,21.151883640282033,25.91991566599832,-6.219533521244858,2817.2266158625916,0.0,78.10433354665213,49.999999999963336,1057.2520025598255,False,R410A
2024-11-08 07:10:00,487.24920311241385,62.470635594734546,49.791254671775576,-3.8905531180649584,-5.958192265211573,21.065113362237238,25.68424663190415,-7.964897509428914,2750.9234084488908,0.0,77.47564615286561,49.9999999999409,1049.7077538343872,False,R410A
2024-11-08 07:15:00,493.27839828861164,66.74765555303192,50.591694677915996,-2.5331546749195324,-4.59377632413749,21.30007060268975,26.59058573197723,-4.7715261691568,2872.89862814553,0.0,78.72495592434397,49.999999999977156,1064.6994710921276,False,R410A
2024-11-08 07:20:00,488.2347208875295,63.01222942738986,49.75741505826047,-4.017271756632085,-5.593766779299561,21.112277034448265,25.46720441722122,-4.95128767632012,2768.6034870319304,0.0,77.65789377657705,49.99999999994845,1051.8947253189244,False,R410A
2024-11-08 07:25:00,490.710339901653,65.13154360991024,50.57732507777184,-3.2653449927358817,-5.293478011928058,21.11507233394627,26.689216106891468,-6.190047849383157,2846.5758440051663,0.0,78.27096219245726,49.99999999996773,1059.2515463094871,False,R410A
2024-11-08 07:30:00,492.10979692688977,65.39134638224996,50.55806660644797,-3.733947100386221,-5.6959292008232705,20.438304480148762,25.96111517047256,-4.124279096797656,2819.3075850969276,0.0,78.37549787670241,49.99999999997002,1060.505974520429,False,R410A
2024-11-08 07:35:00,490.65747304145475,65.21856298383156,50.22736005928988,-3.908951855772405,-5.306225609637504,21.750604290829706,26.922451308062804,-7.392644257965362,2882.5964273371005,0.0,78.32164697677177,49.999999999968935,1059.859763721261,False,R410A
2024-11-08 07:40:00,489.71601929170293,64.34244552255514,50.96308636192098,-4.218378958324613,-5.474879478660105,21.07480639276786,26.264042473032497,-7.165686022076821,2859.416098423554,0.0,78.06987529304769,49.999999999962185,1056.8385035165722,False,R410A
2024-11-08 07:45:00,492.27728065722545,65.98599122648686,50.67844982758696,-2.696691429402793,-4.935512560021073,21.094290026694008,27.150615133485825,-5.6680413717190445,2894.2805588628803,0.0,78.5552002446142,49.99999999997415,1062.6624029353704,False,R410A
2024-11-08 07:50:00,489.36136489457834,63.45093583433585,50.97334790544463,-3.8448647227231025,-5.897177342245223,20.82017022955517,25.338363509853473,-6.546674684606675,2799.1401525270903,0.0,77.84539792914327,49.99999999995525,1054.1447751497194,False,R410A
2024-11-08 07:55:00,491.7869762956919,65.33321329147131,50.55473690853822,-4.094442139303893,-4.816611672369107,20.709172794240157,25.82347024420786,-6.326015393950915,2881.3396329285893,0.0,78.40603155770782,49.99999999997101,1060.8723786924936,False,R410A
2024-11-08 08:00:00,491.7261189008501,65.0209278281556,50.61642945141817,-3.248796851769693,-5.213166549933391,21.09525353316095,26.133148529027594,-5.583574656609665,2878.7194985561637,0.0,78.34273838809025,49.99999999996967,1060.112860657083,False,R410A
2024-11-08 08:05:00,491.47545634370204,65.05102301124478,50.35648446629769,-3.818671984500494,-5.47041052295109,20.758560297159,26.378485140330262,-6.222851776437807,2913.749039602287,0.0,78.36766844970276,49.99999999997019,1060.4120213964334,False,R410A
2024-11-08 08:10:00,493.4850528374278,66.51878575161902,50.79903172420946,-1.9590827522436478,-4.926740513352637,21.228212716584846,26.489852431563733,-5.648246825532868,2879.506607400807,0.0,78.80681331860589,49.99999999997871,1065.6817598232706,False,R410A
2024-11-08 08:15:00,494.180943308424,67.36954176108951,51.25299331048729,-2.8467191403203596,-3.9787454833368985,20.498109065495193,25.74581441555212,-4.778883209176576,2984.3863616033964,0.0,79.05834041979006,49.99999999998225,1068.7000850374807,False,R410A
2024-11-08 08:20:00,492.63021742625176,65.89528700396004,50.54027360010845,-2.58774835677286,-4.729187981798471,21.01084685871867,26.13459074074193,-6.0960382321537825,2838.8096229344296,0.0,78.65584190998291,49.9999999999757,1063.870102919795,False,R410A
2024-11-08 08:25:00,494.4789037571159,67.35093106542118,51.16617380966721,-1.9880124194278381,-4.217956966451012,20.542841757890837,25.68678698144616,-5.138512094439306,2995.3683715953703,0.0,79.08524754239966,49.99999999998303,1069.0229705087959,False,R410A
2024-11-08 08:30:00,493.8241388062082,66.69670000515103,50.4381740865292,-3.1634657650837994,-4.998477629719303,19.93550672421465,25.131334886398,-5.831540585164868,2879.7323877337167,0.0,78.91879351213886,49.99999999998035,1067.0255221456664,False,R410A
2024-11-08 08:35:00,493.23796335382815,65.88477316163421,51.147785577152405,-2.8355881616825656,-5.08026062811506,21.32271441868116,26.828416764317357,-6.57923213721995,2838.8748373396165,0.0,78.71536078504346,49.99999999997691,1064.5843294205215,False,R410A
2024-11-08 08:40:00,494.4027014366993,66.85502125736174,50.590593742268986,-2.3207364954756815,-4.801897137934129,22.374701033834455,26.951559747645913,-4.3337682714960515,2835.2868618510397,0.0,79.01479108246653,49.99999999998222,1068.1774929895985,False,R410A
2024-11-08 08:45:00,494.37421585557667,66.98199180308718,51.32637733780911,-2.4905349345608303,-4.492989899489297,21.8181673250153,26.628993188200138,-3.3405135799238703,2876.5718801886396,0.0,79.06809973651892,49.99999999998268,1068.8171968382271,False,R410A
2024-11-08 08:50:00,493.4917524220165,66.5829847516514,50.89087548381977,-2.466497364166013,-4.6992482931465895,21.189258715208368,26.29111612568786,-4.082475748747005,2896.7938439804043,0.0,78.96103256694117,49.99999999998116,1067.532390803294,False,R410A
2024-11-08 08:55:00,495.79353752478994,68.06799579977255,51.78482853350292,-2.9086313384088287,-4.390664965006358,20.84145722751376,26.23948382229776,-4.412100559767936,3026.195556616065,0.0,79.39827111148637,49.9999999999865,1072.7792533378363,False,R410A
2024-11-08 09:00:00,495.76489679154014,68.02171665417332,50.44900513213561,-1.9626489536448168,-4.348887941253115,20.985633093062226,26.14905235848408,-5.381195506238046,2945.2109839829727,0.0,79.4027706540339,49.9999999999868,1072.833247848407,False,R410A
2024-11-08 09:05:00,493.69074265700544,66.12955326558634,50.095665909463065,-2.9556270873714823,-4.950755546287649,21.285816413591245,26.38453187585603,-5.499463714467868,2783.377109268951,0.0,78.89001145631732,49.99999999998023,1066.680137475808,False,R410A
2024-11-08 09:10:00,495.42847727151957,66.55985296204489,50.590060616849364,-2.379406331869547,-4.608083729582041,20.51968182966899,26.08759664212026,-3.9971106830442893,2951.525563044603,0.0,79.06178463956573,49.999999999982606,1068.7414156747886,False,R410A
2024-11-08 09:15:00,497.12766122673406,69.08425396753114,50.475073194551825,-1.429843801982909,-3.555873549608518,21.72993952643738,27.21429627873554,-6.671324991782057,2912.2741172887536,0.0,79.77967644951728,49.99999999999037,1077.3561173942073,False,R410A
2024-11-08 09:20:00,496.3039017847369,67.90089515291909,50.36224080434752,-1.8374628609188624,-4.6258089201429256,20.603896146333813,26.90497786758368,-5.03512733907185,3028.47926189193,0.0,79.4762886708311,49.999999999987395,1073.7154640499732,False,R410A
2024-11-08 09:25:00,496.41419933688945,69.55862775512588,51.345693350242904,-1.538864097272544,-3.6092801299267117,21.12673805151615,26.307749158662354,-3.4791080402730143,2959.354844620823,0.0,79.42644792003456,49.99999999999172,1073.1173750404148,False,R410A
2024-11-08 09:30:00,494.0554532726457,70.34167094986736,50.868002253704496,-1.1723913857888437,-3.0794277254172155,21.371864169263116,26.89022141827302,-5.131735916065606,2929.6862315416606,0.0,78.98691106776221,49.999999999993186,1067.8429328131465,False,R410A
2024-11-08 09:35:00,498.42957370533287,68.48890346215013,50.91624000206696,-1.575655785506445,-3.9748174420205085,20.75233710312425,26.59788831486843,-3.996473028205301,3063.8252890568006,0.0,79.7495479744509,49.99999999999011,1076.9945756934108,False,R410A
2024-11-08 09:40:00,497.12887900452375,68.48234137615839,50.96761739209129,-1.1597696761450011,-4.066183065580733,21.129813703436696,26.465933144318562,-4.030530986071275,3076.661815418789,0.0,79.76292984198402,49.99999999999004,1077.1551581038082,False,R410A
2024-11-08 09:45:00,489.06066824578534,72.3813011416232,50.119652514187,-0.908053811531623,-2.6137590160150608,21.355637264995373,26.703338935386718,-4.84536089206273,2773.865936988285,0.0,77.78205692360048,49.999999999996135,1053.3846830832058,False,R410A
2024-11-08 09:50:00,491.557376006062,70.91873063647839,51.514401694429914,-1.170310983972663,-3.5475560437545113,21.34926851882903,26.53160677554325,-3.6653113705509246,2838.4654688249107,0.0,78.50457896138772,49.99999999999419,1062.0549475366527,False,R410A
2024-11-08 09:55:00,493.24452388698484,70.18280043030107,50.45067112902754,-0.9585319059773658,-3.43137276944704,20.439737983481056,26.305353699256695,-4.5420105784669405,2842.4817027622144,0.0,78.84913062093085,49.99999999999348,1066.18956745117,False,R410A
2024-11-08 10:00:00,494.09295375433436,69.84022317406334,50.20567965230775,-1.7341892733476174,-3.8009486985815792,20.620134542252135,26.636827781085255,-3.5728967925823283,3083.3010870642647,0.0,78.97799093693172,49.99999999999324,1067.7358912431807,False,R410A
2024-11-08 10:05:00,492.2853769576578,70.69285160997093,51.07888451752878,-1.9087793480531436,-3.8021759027214346,21.180896989096603,26.672126487704425,-3.071356925822887,2845.2683659202953,0.0,78.48229122342829,49.99999999999464,1061.7874946811396,False,R410A
2024-11-08 10:10:00,492.9441795101671,70.17018466083114,50.6544631165839,-1.1031728170523605,-3.395383183782185,20.167007122151382,26.690690021649555,-3.450848970570595,3012.471463542068,0.0,78.6995758086875,49.999999999993875,1064.39490970425,False,R410A
2024-11-08 10:15:00,486.9428859898794,73.05680673481832,51.2075923136347,-0.6872858012756434,-2.963292477947766,20.11982888365083,25.455454043357815,-3.011681634724574,2798.9830342922687,0.0,77.16854791793534,49.999999999996945,1046.0225750152242,False,R410A
2024-11-08 10:20:00,489.82157762894315,71.30612731415349,50.24128739315833,-1.6096173226077182,-3.009354770739286,20.757629893062546,26.692478379687035,-3.216982344317963,2823.7553388548854,0.0,78.01170723348108,49.999999999995396,1056.1404868017728,False,R410A
2024-11-08 10:25:00,484.4261770539759,73.7336337296046,50.457520021312135,-0.12909961055506342,-2.0448616879307697,21.3853143750306,26.601526113147173,-4.055435664160986,2795.3015045711973,0.0,76.75874115048995,49.99999999999777,1041.1048938058796,False,R410A
2024-11-08 10:30:00,487.8797892457533,72.5954520985672,50.74842525418024,0.10579772234049856,-2.0534921631702385,20.958379453890494,26.71913912173075,-3.140520569037349,2794.822502990414,0.0,77.21953757034825,49.99999999999723,1046.634450844179,False,R410A
2024-11-08 10:35:00,487.4802990615849,72.13505746086592,50.01395431756688,-1.5143675847017035,-2.671437526374198,21.082598491219535,26.334023260510012,-3.9959795582791657,2877.7477408355644,0.0,77.39899262311432,49.99999999999649,1048.7879114773718,False,R410A
2024-11-08 10:40:00,484.9620321882892,73.01691341713806,49.72825799568908,0.04487132475010569,-2.1605264232654546,20.646400046583306,26.759342303545793,-1.9347524193710848,2847.9869847315326,0.0,76.93258234571627,49.99999999999737,1043.1909881485951,False,R410A
2024-11-08 10:45:00,490.11245364726483,70.5458655533493,50.92741414715006,-2.3441749334523143,-2.955952380547484,21.6370201541,26.88330678288703,-2.892403019598034,2866.9878101745453,0.0,78.15128235115895,49.99999999999504,1057.8153882139075,False,R410A
2024-11-08 10:50:00,483.3416684035558,73.64887428978672,50.25225552380976,-0.486556068227814,-2.401346837299574,21.08245801480688,25.640749971649832,-2.106011403017186,2704.545707152942,0.0,76.57282550627411,49.999999999997584,1038.8739060752894,False,R410A
2024-11-08 10:55:00,483.2942328954209,73.98960708689326,49.17107067494612,0.7517569890525005,-2.7459338732480574,20.4851619273541,25.90060474805023,-0.9550094113048073,2682.125124793101,0.0,76.33700193413756,49.99999999999797,1036.0440232096507,False,R410A
2024-11-08 11:00:00,,,,,,,,,,,,,,False,R410A
2024-11-08 11:05:00,485.8517704981689,72.41268800706032,48.8731349680514,-0.4768307627900415,-2.8365306174848737,20.616370671604102,25.50315462282019,-3.570807312911387,2770.8198214436206,0.0,77.04359992140107,49.999999999997215,1044.523199056813,False,R410A
2024-11-08 11:10:00,477.41884225407085,76.35447142713774,49.69003598490986,0.8583096898261574,-1.1082921371352892,20.952302728456992,26.966473458868187,-2.3767261268180633,2665.7722931372273,0.0,75.04624682112123,49.999999999998906,1020.5549618534548,False,R410A
2024-11-08 11:15:00,477.63422031662805,76.31954762741528,49.24495673135762,-0.35939719426431527,-1.3401181484553135,21.61847819941598,27.292172718181057,-3.6033968450721927,2590.394913715686,0.0,75.00232087446798,49.999999999998806,1020.0278504936157,False,R410A
2024-11-08 11:20:00,475.39406940903075,76.98849486427558,49.163383672518066,0.7101022230789393,-1.618749012915146,21.123423896178892,27.03301768167575,-3.349528298186946,2564.1171812272073,0.0,74.65189035468188,49.99999999999916,1015.8226842561826,False,R410A
2024-11-08 11:25:00,478.23755846033504,75.50115272163652,48.66629452828255,0.34941776646936323,-1.5890892609656053,21.62634159743458,27.064734117858492,-1.5615857605431795,2721.6689636874103,0.0,75.36537753902257,49.999999999998565,1024.384530468271,False,R410A
2024-11-08 11:30:00,475.4069977248093,77.11226081918062,48.6480047827785,1.6684192075268203,-0.6228679607119507,20.778016789994744,25.99487122220642,-3.1578814100213775,2579.476805545999,0.0,74.52548255819511,49.99999999999917,1014.3057906983412,False,R410A
2024-11-08 11:35:00,480.79457893546476,74.44574058101843,49.42792860297941,-0.5070811611831605,-1.428514971425117,20.977423728930447,26.033035963135468,-3.4641233106943075,2698.828351697514,0.0,75.7784214913685,49.99999999999824,1029.341057896422,False,R410A
2024-11-08 11:40:00,474.3490607020311,77.43900524702578,48.75988941313708,0.6811607241602945,-1.2818835344549793,20.760991139914054,25.56202566420253,-1.7297894947196049,2603.9739479122413,0.0,74.25613923522928,49.99999999999913,1011.0736708227514,False,R410A
2024-11-08 11:45:00,477.0561887701107,75.77074234725205,49.45219376730561,0.011454465192467567,-1.7379618668511294,21.156408611912454,26.261894358504126,-2.4365952421333916,2677.586904520475,0.0,75.04873527879144,49.99999999999891,1020.5848233454973,False,R410A
2024-11-08 11:50:00,478.9673608575503,75.07555327720922,49.79050825954948,-0.18223816349046051,-1.6349698504499495,21.097439046414237,27.393296303382492,-1.279379903848704,2663.0458170193724,0.0,75.33006452328954,49.99999999999871,1023.9607742794744,False,R410A
2024-11-08 11:55:00,114.75638908639745,186.61698042357511,-0.3196357575432138,27.109259321346475,-1.5040961608767636,21.200008515091415,18.918952120968378,13.606019262815682,21.233639261531074,7859.054714765035,74.90888408437164,50.000000000055934,0.0,True,R410A
2024-11-08 12:00:00,116.49577805804,189.2222209724773,-1.061990679504126,26.961343586511745,-0.6920609487958446,21.53154767965314,18.603586314459765,13.149549156339138,9.44985449302812,7718.193757571033,74.10396432897733,50.000000000011084,0.0,True,R410A
2024-11-08 12:05:00,115.44720098909718,187.80801454180346,-0.700786832145469,26.4637282380928,-1.0366114227674004,20.322694457635713,18.907580358804736,14.713144846049138,-7.0231582555372825,7790.470857292879,74.51697632738788,50.00000000002693,0.0,True,R410A
2024-11-08 12:10:00,471.6703158152048,78.5360144448712,48.39278747993485,0.9973785581957435,-1.2513709716915151,21.21941062344967,26.737192362849097,-0.5149071063942063,2563.920290796065,0.0,73.48739698246598,49.99999999999937,1001.8487637895917,False,R410A
2024-11-08 12:15:00,475.7361981490544,76.21901934228356,48.37089200691728,0.44056624232069164,-1.1402176425794375,21.423531587820047,27.206415552118195,-3.18880365678051,2635.240222578966,0.0,74.55564043841322,49.99999999999911,1014.6676852609587,False,R410A
2024-11-08 12:20:00,475.52383734612545,76.19745946069325,49.014234203155986,0.5092517092814203,-1.3075739902749433,21.405735493224352,26.490859341888,-1.5015800573547002,2743.8816101757106,0.0,74.50769340402947,49.99999999999926,1014.0923208483537,False,R410A
2024-11-08 12:25:00,465.995578489552,81.01922005116309,47.490497994879966,1.315298856099261,-0.04134603094768735,20.63411596413141,25.75752319798353,-1.2675552613412555,2472.131753807703,0.0,72.10495694351222,49.9999999999997,985.2594833221466,False,R410A
2024-11-08 12:30:00,466.0551512150983,81.16257305306465,48.22997232414248,1.9071209079734974,0.1111685835342951,20.784165678585342,26.667590117770008,-1.2049521135440704,2448.953131735553,0.0,71.92702864148781,49.99999999999976,983.1243436978538,False,R410A
2024-11-08 12:35:00,468.54607431371915,78.72862245021297,48.269417668753576,1.2742036794967198,-0.18657427309422753,20.54712565968626,26.315880168273356,0.8233216866353017,2564.283949234202,0.0,73.09238594935442,49.999999999999304,997.1086313922531,False,R410A
2024-11-08 12:40:00,466.0472382780582,80.19823658476908,47.40845378534944,1.4403156751626935,0.11255191742817058,20.996387960914205,26.320403854342516,-0.5565145831838477,2585.357766197856,0.0,72.36157194327126,49.99999999999983,988.3388633192553,False,R410A
2024-11-08 12:45:00,463.1494030925671,81.66717308724695,48.980554255620845,2.2608008845648215,-0.0416450657938543,20.99362430058883,27.11418472193577,-3.0342607321016124,2433.6572239565116,0.0,71.63344448717532,49.9999999999997,979.601333846104,False,R410A
2024-11-08 12:50:00,464.12664562306594,81.05526255209357,47.94492004197401,2.1683435420234813,0.0308152116575015,21.902918200600855,26.351342328913343,-0.3666499727399773,2351.262328328242,0.0,71.9032023960712,49.999999999999886,982.8384287528545,False,R410A
2024-11-08 12:55:00,464.4015775148783,80.82131411365206,47.430735559442574,1.72228277830125,-0.13395003241005998,20.901610569918038,26.722065031633377,0.3748466482763972,2481.9402565744144,0.0,71.9987872291058,49.99999999999974,983.9854467492695,False,R410A
2024-11-08 13:00:00,122.42694681665867,197.6322906655702,0.8057125368244452,28.284559566187674,-0.14792714910117877,21.074929165310962,18.88357431036435,14.655022165617357,-30.665794410351946,7225.1806754502195,71.2867467168584,49.99999999999994,0.0,True,R410A
2024-11-08 13:05:00,119.78878580876359,194.06059997279752,-0.5298400390724463,28.913779005647626,-0.19834401008313046,20.844816567721658,19.22749054847849,14.303617172756194,-11.911238307056214,7407.9365002309805,72.3310657156056,50.00000000000007,0.0,True,R410A
2024-11-08 13:10:00,121.94401433367302,196.20329214159463,0.7107271496048565,29.22586076206059,0.7190704610272547,21.029400038631337,18.033311495873413,15.822315590905854,-7.454865003446016,7292.024553534166,71.66871173448095,49.999999999951825,0.0,True,R410A
2024-11-08 13:15:00,463.03326337346726,81.53418007499474,47.70419603667706,1.7117639662470236,-0.27480395681303266,21.846901952713832,27.009714037705546,-1.7775802291784777,2491.326830707423,0.0,71.52238187737622,49.99999999999976,978.2685825285146,False,R410A
2024-11-08 13:20:00,462.98644589461156,81.56141900525586,47.776233571795764,1.8138663274695082,0.26387157266576733,20.643479762824235,26.199154836543123,0.7618619516730787,2392.048832394693,0.0,71.45781977847241,49.99999999999969,977.4938373416691,False,R410A
2024-11-08 13:25:00,462.3982381491299,81.76539506792619,48.16336037406159,1.8157056690732472,0.3285658639463425,20.747221566803162,26.49529675277179,-1.759772427254315,2411.495748302752,0.0,71.30918538486151,49.99999999999971,975.7102246183382,False,R410A
2024-11-08 13:30:00,460.40816275369866,82.71919941801237,48.09833803255624,3.126222513713864,0.6840161852570401,21.381360953599835,27.436836008779423,-0.1480712648476651,2342.5592148701267,0.0,70.80460891254451,49.99999999999967,969.655306950534,False,R410A
2024-11-08 13:35:00,459.497458203095,82.87763644974227,48.1466589354913,2.4508459277841537,0.3612930903538215,21.507891849091852,26.820466439615632,-3.9487222955953385,2327.183483729461,0.0,70.699778844856,49.99999999999982,968.3973461382719,False,R410A
2024-11-08 13:40:00,461.84930847685627,82.10912536734638,47.82026408933703,2.6329909101958924,0.08562061115775627,20.713946177186347,26.1105800228854,-1.0430978735366006,2378.5023444780363,0.0,70.97369242320451,49.99999999999971,971.6843090784541,False,R410A
2024-11-08 13:45:00,455.69888417387983,84.77631052519794,47.64357782899799,4.159457709012836,0.7473947453340064,21.08503702422062,26.577651253321584,1.9586409009773473,2257.0823859115962,0.0,69.67805191525521,49.99999999999996,956.1366229830626,False,R410A
2024-11-08 13:50:00,459.03895247466966,82.45928712881297,48.16184827674908,2.6093889717949357,1.0139014964496103,20.662481096416887,26.10083877884458,-1.3409207572151127,2358.6743798454554,0.0,70.77075726209966,49.99999999999999,969.249087145196,False,R410A
2024-11-08 13:55:00,457.4029089534785,83.52176487262032,47.69677382621746,3.224472018299945,0.5765418651127276,21.71436951308349,26.874182064990162,1.5226699571993891,2269.9697878099732,0.0,70.25730468515744,49.9999999999998,963.0876562218891,False,R410A
2024-11-08 14:00:00,457.2877871146317,83.39557282929448,47.548861083831014,3.099956854032652,0.6898778218865038,20.13052221935193,25.980261700692335,-1.1092418041559498,2370.9344919704536,0.0,70.32050704123509,49.99999999999986,963.8460844948211,False,R410A
2024-11-08 14:05:00,455.9643769530033,84.48972141022956,46.69166308700548,2.820143909323961,1.7456423647558275,21.171073744126897,26.648562403913534,-0.4368035730297277,2354.8416919903766,0.0,69.77149482965612,50.00000000000006,957.2579379558736,False,R410A
2024-11-08 14:10:00,461.3053670717413,81.55688113130596,48.218353927700676,2.9712250667900197,0.22136750388615384,20.359110111255887,26.265674404068804,0.2815167697502225,2397.535539972225,0.0,71.11671159816181,50.000000000000014,973.4005391779418,False,R410A
2024-11-08 14:15:00,453.4627959528757,85.58058695710949,47.22346481288795,2.971978977693409,1.4995492616287798,20.753863522231367,26.19845330751035,1.61214687242285,2264.4683011404313,0.0,69.20634123551301,50.00000000000011,950.476094826156,False,R410A
2024-11-08 14:20:00,457.0635810600665,84.13721964128158,47.217092711615955,3.771405709500348,1.4206093192659122,20.992628680387668,26.13652130615413,-0.19804786882036451,2332.662329364578,0.0,69.79706836744347,49.999999999999915,957.5648204093218,False,R410A
2024-11-08 14:25:00,128.89020843403097,206.02828874388777,2.41027999502274,29.47767133062235,2.076112869320683,21.19738109277255,19.38856127599313,16.19247543068299,-8.75204718182611,6730.011115370581,68.45720637354617,49.999999999999275,0.0,True,R410A
2024-11-08 14:30:00,127.2478837627479,203.1259727451096,0.6566414232970408,29.131574379485652,0.9710853326405939,20.192015870461027,18.26977081132985,15.239210593695063,43.74990953303265,6870.304616086206,69.25888352049262,49.99999999999982,0.0,True,R410A
2024-11-08 14:35:00,127.07982221139271,204.16818418993168,2.3459739378937776,28.97971186839794,1.3099500459008853,21.130267695684935,18.872601159015655,18.182201070792875,5.250724677057332,6816.615476926033,68.95208843957732,49.9999999999997,0.0,True,R410A
2024-11-08 14:40:00,447.35461921545243,88.34328195107359,46.639288851042686,3.6706363074451134,2.223475205729032,21.264242464798727,27.321345323634045,1.15781021379992,2204.349198312663,0.0,67.73446797429312,49.99999999999999,932.8136156915176,False,R410A
2024-11-08 14:45:00,452.52600135578547,85.7244551036777,47.249214471577744,3.3326773290673364,2.1247647274465917,20.784115008122452,26.048482948877,1.077351793844369,2225.445625639584,0.0,68.90788101953679,50.0000000000001,946.8945722344414,False,R410A
2024-11-08 14:50:00,448.38088748017645,87.95336100105183,46.49467581816686,2.8613952204687,1.8486163018316468,21.30498271994484,26.024773260383057,1.660714101646633,2117.69238734371,0.0,67.84586100115197,49.99999999999975,934.1503320138238,False,R410A
2024-11-08 14:55:00,450.4300277814752,86.29978452854935,46.148548367946056,3.5738873971352407,1.5424696724897156,20.79422114509621,26.477673802567583,2.296174021196848,2320.3232301816292,0.0,68.61889286455391,49.99999999999998,943.4267143746471,False,R410A
2024-11-08 15:00:00,449.92773010813494,86.97626310888239,46.78564840613002,3.605408407562026,1.985267852603086,21.209262182755737,26.418839031123937,0.4069289615503755,2268.6551252243003,0.0,68.28120894763443,50.000000000000085,939.3745073716132,False,R410A
2024-11-08 15:05:00,450.3369841724713,86.74108348871397,47.05233506655319,4.215055398496861,2.0059473173954583,21.53138156642405,25.999446484703054,2.488310683417099,2179.725120514681,0.0,68.35990030161811,50.00000000000011,940.3188036194175,False,R410A
2024-11-08 15:10:00,447.96697776552446,87.92961908228317,47.00945338373436,4.316369488467662,2.30895532058007,20.760273029569074,25.458267653202025,0.3261584036675578,2167.5998294939354,0.0,67.7902417614215,49.99999999999999,933.482901137058,False,R410A
2024-11-08 15:15:00,451.1543926521206,85.9974114623108,46.90221384332456,3.3112073610583357,1.4111193171575442,20.863084300446054,26.837916308577633,2.330746334385708,2191.5435875447665,0.0,68.66994784678403,49.999999999999915,944.0393741614083,False,R410A
2024-11-08 15:20:00,451.7455048994741,85.71789141020007,45.94779286806882,3.3786409020590127,1.4483018406916446,21.71506300371736,26.705964127116438,-0.6073833033327805,2199.6593579512128,0.0,68.78416743645607,50.000000000000014,945.4100092374728,False,R410A
2024-11-08 15:25:00,450.71240726516476,86.33040807034928,46.15863061391531,3.6434092657973887,1.825368644998428,20.60293273275221,25.986485452441578,1.156162633189733,2158.559383810839,0.0,68.47856342988432,49.99999999999987,941.742761158612,False,R410A
2024-11-08 15:30:00,129.84410810620116,207.32636582685578,3.0692725948220656,30.786241060178344,2.4219561767289033,21.15275669366257,19.40774823176025,18.668700004643313,20.423683588263966,6634.858025970853,67.91347443411917,49.99999999999774,0.0,True,R410A
2024-11-08 15:35:00,130.05348914045217,207.164453290103,1.4860847541031517,29.62120040576099,1.9608075213536817,20.432321098813595,18.853755591531307,17.729608854234865,2.0295227155960824,6638.676538903776,67.93529450802158,49.99999999999771,0.0,True,R410A
2024-11-08 15:40:00,131.98671511694081,209.7837442085539,3.1326439449197947,30.059238883324863,2.412428645775045,20.502523136991936,18.47693818737621,17.84036150444144,-17.70531822833732,6503.308274469933,67.16176156839961,49.99999999999309,0.0,True,R410A
2024-11-08 15:45:00,443.7556569538097,89.86111094391563,45.807020813575846,4.0702890144785595,2.3268025591453125,21.06669560467076,26.79379589556012,1.086165948662963,2071.820885163105,0.0,66.73083781942573,49.99999999999989,920.7700538331088,False,R410A
2024-11-08 15:50:00,448.8512722187864,86.95569218680201,46.67538314401764,3.2368321284398123,2.5368199177255777,21.715202206425015,27.46995908270989,0.7430506239895477,2136.514862928219,0.0,68.04429626368419,49.999999999999886,936.5315551642102,False,R410A
2024-11-08 15:55:00,448.16674192997755,87.50901974444548,46.97192607880372,4.274405879807718,2.1671829521374844,21.438384641132956,26.912901407882988,2.96529988902613,2144.1467908846844,0.0,67.75819186401006,50.00000000000007,933.0983023681206,False,R410A
2024-11-08 16:00:00,449.306836967636,86.85060353923386,46.34913011194443,4.089148551890115,2.311023320220532,21.183944349770254,26.671249198480727,1.9600363776104903,2114.975206308931,0.0,68.02460622729298,50.0000000000001,936.2952747275157,False,R410A
2024-11-08 16:05:00,440.4247446496814,91.5069996056862,46.75766097403132,5.692643051548621,3.0602312875512254,21.100693648365528,26.45022633667034,0.9415113721315093,2015.5251753350447,0.0,65.8974757497381,49.99999999999992,910.7697089968573,False,R410A
2024-11-08 16:10:00,444.4384011695615,89.50012018822794,46.32534193219115,5.137400832987543,2.642276448697102,20.54756271139279,25.870937701511128,2.1904901416048195,2029.1694221243517,0.0,66.76660734175184,50.00000000000006,921.1992881010221,False,R410A
2024-11-08 16:15:00,443.40843508616706,90.04228906346462,46.41035440251457,5.958653051446252,2.310002026924729,20.47400709928662,26.536474539152746,1.9783632101668616,2122.2512367926056,0.0,66.47981061163931,50.00000000000004,917.7577273396718,False,R410A
2024-11-08 16:20:00,447.031969633605,87.99509838776355,46.377084436079166,4.281879696111144,1.6735875189739216,21.374998216680204,26.790339872224266,2.585477710357123,2052.8941748978486,0.0,67.36236784023662,50.000000000000036,928.3484140828393,False,R410A
2024-11-08 16:25:00,443.1210415507375,90.19832822998772,46.443508686989816,4.717537160126872,3.223373505575763,20.18057338272241,25.854405581576565,2.607154976480945,1997.6488832831574,0.0,66.30439611595006,49.99999999999987,915.6527533914007,False,R410A
2024-11-08 16:30:00,133.56143841198434,213.23716476510464,3.783632108855238,30.344122566363627,3.017653203209033,20.281977172730244,18.628172783390212,17.824275737842264,2.7271888419947783,6302.017491374392,66.01152852213939,49.99999999997481,0.0,True,R410A
2024-11-08 16:35:00,133.14265700346073,211.82475929796567,2.7355810449224762,31.149513097472248,2.8631524506300696,21.03126317215953,18.651438426000837,16.387216957192685,-9.772477434979798,6369.57159519307,66.39755197253183,49.99999999998316,0.0,True,R410A
2024-11-08 16:40:00,135.0700869612755,214.88079335961532,4.098317185239187,31.29272791058774,2.8587446642044463,20.948357252576972,18.939540065875246,19.187369087184145,-12.014563696680003,6218.288723547401,66.0,49.99999999996044,0.0,True,R410A
2024-11-08 16:45:00,436.0875013845,93.60231182933053,45.221120415317614,5.95640872649577,3.3598563206523417,20.844834744463476,26.32643685285044,3.570801885629813,1959.4749937541892,0.0,64.73844885201913,49.99999999999997,896.8613862242297,False,R410A
2024-11-08 16:50:00,443.45536522216634,89.2389603953778,46.6443720144735,4.080672563983948,2.968925273943644,22.090575881328146,26.811599952928905,-0.9560273755447045,2074.7139326916595,0.0,66.6995306527937,50.0000000000002,920.3943678335244,False,R410A
2024-11-08 16:55:00,443.57878194625766,88.98130929371949,46.55862435621092,4.757045843727494,3.103286880466574,21.064522787031752,26.552976030089372,3.2604964833421946,2091.3527829170434,0.0,66.83751250157172,50.00000000000003,922.0501500188606,False,R410A
2024-11-08 17:00:00,443.7878813146747,89.27647283186012,45.724357011139375,4.757735745669551,2.468753732560814,20.817675582355054,25.956367125739934,2.3989484357592046,2105.4746479914347,0.0,66.68972812661484,50.00000000000018,920.276737519378,False,R410A
2024-11-08 17:05:00,437.6506805345405,92.53794000385336,45.817367397156104,5.455567460163581,3.5874949267256553,21.22163044186399,25.935457816542826,3.1494487793118155,1984.861732282676,0.0,65.22790011956653,49.999999999999865,902.7348014347983,False,R410A
2024-11-08 17:10:00,439.18650689990415,91.87445139618912,45.82106192905796,4.901861765727709,3.300502199627452,21.69279159571921,26.802599942394544,3.627390296067806,2085.8797253390567,0.0,65.51301056035406,49.9999999999999,906.1561267242488,False,R410A
2024-11-08 17:15:00,441.6544448327012,90.23708524529307,45.67025895232471,5.465522270325858,2.83470126402584,21.09940035607697,26.590336692419847,3.039566566354457,2040.4747119666827,0.0,66.25828010790168,49.999999999999964,915.0993612948201,False,R410A
2024-11-08 17:20:00,441.3824382808519,90.3409870744933,46.264427590962555,5.911251957668341,3.441685874232831,20.572610790576324,25.931714422671714,2.6797726473101804,2050.274495884582,0.0,66.22780366364134,50.00000000000003,914.7336439636958,False,R410A
2024-11-08 17:25:00,443.831497856459,89.3066620226607,46.329193286990396,4.103429968269676,2.5226414876116587,21.231310080375387,26.843078587770634,1.9700169278734874,2127.051350600015,0.0,66.68279603716303,49.99999999999999,920.1935524459565,False,R410A
2024-11-08 17:30:00,439.612044048303,91.65412721158846,45.81894399163005,5.5532387027515995,3.565230504060366,20.99185928745609,26.54036714583665,4.676680867189649,2006.604494525432,0.0,65.61396657408976,50.000000000000036,907.3675988890772,False,R410A
2024-11-08 17:35:00,442.47267264562004,90.10610947860802,46.07517790560879,3.415119404145627,2.968471474928436,20.807147866338237,26.127625871353384,1.6202436589518077,2068.766825418975,0.0,66.29191104036835,50.00000000000013,915.5029324844203,False,R410A
2024-11-08 17:40:00,442.05408600347704,90.67901594468242,45.94722549244668,5.344664145529919,3.005292374079243,20.125025582158454,25.841665160962172,3.2563310097827687,2036.93862196021,0.0,65.97928165842262,50.00000000000014,911.7513799010715,False,R410A
2024-11-08 17:45:00,438.888770139607,91.91948150309732,45.59561508773596,4.358969493916957,3.7056519540977586,21.20353167619212,26.81256311756135,2.710187635815508,1994.9304049550497,0.0,65.41190639562433,49.99999999999971,904.9428767474919,False,R410A
2024-11-08 17:50:00,440.6095941271962,90.96287658272234,46.005056808338495,4.823996644942359,3.173520668418897,20.872791143188547,26.244100387291322,3.04119394635516,2024.0550504180633,0.0,65.82703936221603,50.00000000000008,909.9244723465922,False,R410A
2024-11-08 17:55:00,440.31714741755366,90.73294061306159,45.66016591104112,4.367323646158861,2.9949077180623025,20.64207508714765,26.676865117399327,3.75725929540626,2011.3449058633678,0.0,65.95232804592803,49.99999999999986,911.4279365511362,False,R410A
2024-11-08 18:00:00,133.54028896574206,213.34810845996088,4.3650194841632555,30.92880899095356,3.4504473903228665,20.02984647413008,18.085419353554347,17.725036311459462,0.5097871625283895,6287.184841550111,66.0,49.99999999997257,0.0,True,R410A
2024-11-08 18:05:00,136.39142628971024,215.53414606821107,2.6480722164681048,31.77213568838468,3.7275175153323308,21.115724785039195,19.38426219328204,18.95457518133443,4.195884215399352,6176.541406279733,66.0,49.999999999951456,0.0,True,R410A
2024-11-08 18:10:00,136.07933844674585,217.08483134568107,3.2691882056354467,30.632899612389163,3.9221452405988386,20.620890210598816,18.801968026574656,18.827113524762446,0.3951060217539717,6103.455314511564,66.0,49.99999999993109,0.0,True,R410A
2024-11-08 18:15:00,439.0473431103868,91.54823864760876,45.6055178051046,5.009075012051423,2.0224735543233443,21.071061995798527,26.77428141845765,2.047513362530926,1937.03374999585,0.0,65.62237028638151,49.99999999999999,907.4684434365781,False,R410A
2024-11-08 18:20:00,439.08878371854576,91.81838303870886,46.83423638319022,4.991329380888041,3.380066753017591,20.923126540935016,26.133344914680848,1.506112764015276,1975.3456005852847,0.0,65.50397246940787,49.99999999999987,906.0476696328946,False,R410A
2024-11-08 18:25:00,441.4933881408978,90.44297479240802,45.38758710102438,5.726985107251764,3.0000959232368185,20.50196201534334,26.35102117308696,3.147648560989718,1983.8390997375718,0.0,66.12707846936834,50.000000000000064,913.5249416324202,False,R410A
2024-11-08 18:30:00,442.6956729700841,89.58639888139837,46.414738943643805,4.946843444390804,2.7205039642400153,20.44306915357938,25.856108391733798,1.7964130089539927,2100.843879967484,0.0,66.53807411906868,50.00000000000008,918.4568894288242,False,R410A
2024-11-08 18:35:00,439.9970707011342,91.31166358313091,46.03842175172973,4.5257584844213445,3.2973009312498593,21.0454703038695,26.429292491781332,3.7179608182961355,1999.9496989158094,0.0,65.77126591788388,49.99999999999963,909.2551910146067,False,R410A
2024-11-08 18:40:00,441.50684670105784,90.83882674753215,46.15240456075226,4.783548265931488,3.097362517198047,20.967817778455476,26.307098921698064,1.6877758053736558,2003.091446878883,0.0,65.96160908910663,50.00000000000013,911.5393090692795,False,R410A
2024-11-08 18:45:00,444.65868687970567,88.5407897068289,47.002875743961106,5.265113235651925,2.6904033416573143,21.08220686305987,26.182123085399365,-0.5418731464259727,2061.605580763357,0.0,67.02587776708168,49.99999999999986,924.3105332049802,False,R410A
2024-11-08 18:50:00,442.4561083356131,89.69769277842056,46.81026837047182,5.087377737589312,2.649806536875803,21.62647095099358,26.879148098956186,-0.699028755353815,2038.1222213995793,0.0,66.5396098415954,49.999999999999986,918.4753180991448,False,R410A
2024-11-08 18:55:00,442.815833376009,90.1244754538575,45.89946594484279,4.374290791326839,3.2828617115824974,20.656395887629245,25.965220297410507,3.0847195115495403,2077.017398816551,0.0,66.3331849549409,49.9999999999999,915.9982194592908,False,R410A
2024-11-08 19:00:00,443.553662386071,89.57559565032534,46.31415112756223,4.576941527054795,2.9441600537781873,21.689681640559588,26.311872442779123,1.7307934407132066,2111.885761985448,0.0,66.57904640750732,50.00000000000007,918.9485568900878,False,R410A
2024-11-08 19:05:00,438.73609971600996,92.04947724004275,44.87596698485824,5.138421424550178,3.4187339759087036,20.841241530603547,26.25735105502102,3.5144591157152956,2029.944817244385,0.0,65.4880480024915,50.0,905.856576029898,False,R410A
2024-11-08 19:10:00,441.397380996686,90.36165137187298,46.159533866768875,4.584359219744886,3.001461753434848,20.25762574432713,25.572836199905296,2.9478103259118233,1981.1078068649952,0.0,66.29329963335442,50.0,915.5195956002532,False,R410A
2024-11-08 19:15:00,440.2058683247157,91.33794925042535,45.55844017326597,4.204314072263242,3.406604542672156,20.982384821996884,26.56911098421655,2.1841710030109143,2050.974606878031,0.0,65.88115969915182,49.99999999999992,910.5739163898219,False,R410A
2024-11-08 19:20:00,443.38322759336916,89.76285968846854,46.133810051916875,4.358520789108839,3.0038379828844697,21.058897657450217,26.38212262379389,4.027049238260126,2067.909392816423,0.0,66.60533670639235,49.99999999999996,919.2640404767083,False,R410A
2024-11-08 19:25:00,444.1863699246689,89.62424794784107,45.40276789008208,5.367327889612103,2.638896620615529,20.990096328225157,26.690604753106363,1.4274935869559502,2067.154677615111,0.0,66.65454352664116,50.00000000000006,919.854522319694,False,R410A
2024-11-08 19:30:00,446.130691698794,88.00340779066549,46.73833362691451,4.094897778396119,2.582563136173695,21.04504678083447,26.42629430114593,0.3764559358699455,2060.981052796726,0.0,67.42905995614659,50.000000000000036,929.1487194737591,False,R410A
2024-11-08 19:35:00,444.6502832904601,89.13079383674405,45.50120020318791,4.48239378346859,2.586236270711663,21.773744899054645,27.017952195814594,2.8901197353677386,2035.6529266361574,0.0,66.9319588026019,50.00000000000003,923.1835056312227,False,R410A
2024-11-08 19:40:00,445.0254264871247,89.13316080693842,46.423179329067715,4.604880122530896,3.1096953365542084,21.08340025055635,26.241314207224164,-0.11479064168334974,2171.2428940645823,0.0,66.93076540179177,49.999999999999915,923.1691848215013,False,R410A
2024-11-08 19:45:00,447.98005712169027,86.79961233447727,46.16201081442098,5.075385882779714,2.295633528737741,21.071556398493506,25.936038758901905,2.958132011754291,2120.442303244402,0.0,68.0673696291527,50.000000000000064,936.8084355498322,False,R410A
2024-11-08 19:50:00,447.60849511899613,87.9329548631888,46.153165042680115,4.2337899720444,2.0416697907674117,20.942183157881022,26.414795819272765,1.8311064628622864,2131.951782397801,0.0,67.54129482732816,50.00000000000014,930.495537927938,False,R410A
2024-11-08 19:55:00,129.877663688856,208.124780478244,2.773902056849277,30.743508682368454,2.895749212411775,20.746208943093073,19.482837152992666,15.769550930771459,26.76320555708772,6581.2123980481565,67.6069279888466,49.9999999999962,0.0,True,R410A
2024-11-08 20:00:00,131.50142881168944,209.54174940111858,2.6878893539079725,30.094840294925564,1.7633184301542126,21.255295391550188,19.24616223377193,16.44546587847379,-32.815660369735184,6512.124366667093,67.21213923809768,49.999999999993605,0.0,True,R410A
2024-11-08 20:05:00,131.39189489247707,209.46383005803852,2.9533289398417484,30.24902774075523,2.5699337932071895,20.77326766711879,18.838152854690726,15.744638695491464,-3.649609672083775,6517.445420147733,67.24254525798705,49.99999999999417,0.0,True,R410A
2024-11-08 20:10:00,448.8403911363327,87.40573069975639,47.47241375572915,4.082876108917143,1.8677255485284139,20.321506798523124,24.692024859735188,-0.5405172999344577,2200.5336746631233,0.0,67.84680050527601,49.99999999999987,934.1616060633121,False,R410A
2024-11-08 20:15:00,446.22690885707357,88.72462848046725,46.08308646146469,3.9869257756958696,2.938646334722468,21.543042624669813,26.077357396406995,0.547078075628304,2144.3723898426942,0.0,67.25201550675888,50.00000000000001,927.0241860811063,False,R410A
2024-11-08 20:20:00,447.61169041561294,87.3121327256274,47.48965816329453,3.9112446669330616,2.0889453768231268,21.20598838380383,26.693469835609708,-0.48480741206951083,2139.3327100496526,0.0,67.97379288553091,49.999999999999915,935.6855146263711,False,R410A
2024-11-08 20:25:00,455.52277121635126,83.53802953758093,46.67776007234466,3.5633416006611456,0.881177493228375,20.839981204708444,26.92043714534724,0.31449198130093703,2340.6431855886194,0.0,69.76136773449097,49.999999999999886,957.1364128138919,False,R410A
2024-11-08 20:30:00,450.62255465984333,86.48059538251198,47.27913813708023,3.391700426377017,1.711934293257084,20.99170308358148,27.00509129534425,-1.6834814332891352,2158.3326469690614,0.0,68.41623458615408,50.00000000000013,940.9948150338489,False,R410A
2024-11-08 20:35:00,447.22652875796837,88.31912796588735,46.35340430332264,4.199946967984981,1.9857230149034844,21.172417914931465,26.054737463394325,2.209248419364755,2130.748249449236,0.0,67.60019509499368,49.9999999999999,931.2023411399242,False,R410A
2024-11-08 20:40:00,454.3676555717114,84.62998841521139,46.77780893469738,3.6970881011385828,1.2509882317395935,21.358202855350708,27.213694254037474,1.466232654938709,2214.436323716977,0.0,69.31455734937876,50.00000000000006,951.7746881925453,False,R410A
2024-11-08 20:45:00,450.35811847305223,86.90841622796495,47.15753798618356,3.4540295722184973,1.7676683118580183,21.49217665783591,27.072085069051617,2.512065468670325,2169.2395854503848,0.0,68.26747480675026,49.999999999999886,939.2096976810031,False,R410A
2024-11-08 20:50:00,131.1510531130666,209.21901457728129,2.755213140904056,30.830444274626927,2.0573906177091326,20.363304308230592,18.348275799174573,16.64895904208883,-17.334051190180023,6551.0419175881925,67.4345252433611,49.99999999999551,0.0,True,R410A
2024-11-08 20:55:00,127.38300507261485,203.878309234819,1.968787299556151,29.54759484608854,1.5921722497076662,21.176254083176048,19.750528743361716,16.481343643571947,8.150556309897675,6821.096412818492,68.97769378753424,49.9999999999997,0.0,True,R410A
2024-11-08 21:00:00,126.90395644402037,204.57302580290755,1.6966587981731949,29.506667572056156,1.7065961027478187,20.552658078859654,18.51989588028572,15.95390172119439,-6.758166803852532,6793.76990119597,68.8215422925484,49.99999999999979,0.0,True,R410A
2024-11-08 21:05:00,455.72330980040294,83.99299558679927,47.479852858899136,2.1107604861205305,0.8159424716378474,21.0917027047806,25.973090661302344,0.777821864567432,2334.286525702234,0.0,69.77033122195871,49.99999999999997,957.2439746635047,False,R410A
2024-11-08 21:10:00,449.47709716580266,87.65632214146144,47.047999835905884,3.7671050549186913,1.4564306470122284,20.751841904089293,26.387211955214116,0.6756215906552963,2124.109257448046,0.0,68.09217744814914,49.99999999999982,937.1061293777897,False,R410A
2024-11-08 21:15:00,453.73428920072575,85.04724269229561,47.408992258754466,3.5096492467448233,1.4171399743170432,20.746044897257605,26.058730221605217,0.3997563081716539,2305.00511164558,0.0,69.35229392265565,50.000000000000085,952.2275270718679,False,R410A
2024-11-08 21:20:00,454.5399587707243,85.10904280500557,47.522604614945884,4.20343691586403,1.4903405717986564,20.604419631653695,26.120071164270428,0.4117638966917339,2280.662448893673,0.0,69.3384711870744,50.0000000000001,952.0616542448928,False,R410A
2024-11-08 21:25:00,451.7082958454922,86.73799609380413,47.07426085092549,3.987596416562294,1.9227168680948572,20.033035432446432,26.668756085197717,1.4970127835336982,2283.72123838945,0.0,68.59269632098702,49.99999999999991,943.1123558518442,False,R410A
2024-11-08 21:30:00,453.44674562050415,85.6418618339046,47.59427282130058,3.999266903825979,1.601511102415043,20.569795630381137,26.092348065467394,-1.560886244828617,2368.5666601375196,0.0,69.12768242412639,49.99999999999979,949.5321890895167,False,R410A
2024-11-08 21:35:00,457.3094929561981,82.94471172537152,46.87031472062476,2.1502228813223896,1.226590200854456,20.404592533995565,26.12099529412724,0.7610767739020793,2314.6951115667316,0.0,70.49044966373327,50.00000000000013,965.8853959647995,False,R410A
2024-11-08 21:40:00,458.71411342066426,82.80653773983177,47.6659627715933,2.6277894066581906,0.9903210205640464,21.140695019719715,26.67231535902948,0.08420407233874898,2297.111020379551,0.0,70.61759869103065,49.99999999999982,967.411184292368,False,R410A
2024-11-08 21:45:00,457.34280083894566,84.34894000177934,46.76395379357596,3.669203833832766,1.8627790715930068,20.65587862959696,25.402443007303326,-0.02092205414113313,2353.039555699818,0.0,69.88233877466334,49.9999999999998,958.58806529596,False,R410A
2024-11-08 21:50:00,459.60978529173866,82.60001883279604,47.919277381202164,2.181564728267078,1.5556256625169227,21.73027333316724,26.197807221936014,0.3167144007245123,2405.1425967501837,0.0,70.74913699306592,49.99999999999999,968.9896439167911,False,R410A
2024-11-08 21:55:00,120.1221778314316,194.63999781476002,0.8279295117032655,28.489575738262968,-0.5204663525169975,21.230190087003436,19.023184008227357,14.08978048038558,-22.36734839737944,7347.562451678255,71.98607115244717,49.999999999999964,0.0,True,R410A
2024-11-08 22:00:00,124.28521165234284,198.7996659200218,0.37855540534948795,28.98225672862314,-0.043543793047781776,20.58249177125788,18.2293793409585,16.184755612102325,28.914771346259535,7134.540771286959,70.76880440735405,50.00000000000007,0.0,True,R410A
2024-11-08 22:05:00,121.57091292223646,195.45543566545305,0.17847444116982086,28.252210250246122,0.1126310366671987,20.945414754865077,18.72719435815547,14.829383238056371,-13.98899686936513,7309.803050892576,71.77030314795758,49.99999999983615,0.0,True,R410A
2024-11-08 22:10:00,457.2249803864422,84.57381559517765,47.85964482162785,2.8604467352092993,1.1760677767413836,21.61977537458655,27.22125198257044,-1.7706825425231778,2294.3742377889216,0.0,69.95040390444542,50.0000000000001,959.404846853345,False,R410A
2024-11-08 22:15:00,460.7777033847674,82.53660611088542,46.81738049393081,2.038529809628354,0.5089118842128553,20.84193417681445,26.138046163277885,0.25170139185983376,2429.6222336606984,0.0,70.93664522617085,50.00000000000003,971.2397427140503,False,R410A
2024-11-08 22:20:00,463.9240764073262,80.9959574663878,47.873433562256615,3.0417045759467154,0.36508906271238717,20.94519262863442,25.926740264235384,1.2555604132805986,2510.3560840122227,0.0,71.69197014220988,49.99999999999982,980.3036417065185,False,R410A
2024-11-08 22:25:00,463.84964741350626,81.06845175827908,48.31428197429069,2.4732323993230096,0.07622851784148153,21.351992343544513,26.363337981797063,0.038884842023773514,2579.466052674725,0.0,71.68539771907801,49.99999999999961,980.2247726289362,False,R410A
2024-11-08 22:30:00,467.26946479121085,79.4358682541051,46.98349660672757,1.9276494362627747,-0.4508438550991864,20.507026826535448,27.21753183861012,-0.6694396730051774,2497.1617081808886,0.0,72.4853172521499,49.999999999999744,989.8238070257987,False,R410A
2024-11-08 22:35:00,465.841817727733,80.5402502000124,47.73924214890994,1.8233799319689805,-0.13306245188520757,21.551253809170298,26.849265353046498,-1.1625660137903493,2507.9406112939687,0.0,71.9403903878598,50.000000000000014,983.2846846543174,False,R410A
2024-11-08 22:40:00,460.29965450695585,83.11987870733729,48.32494378710887,2.652916080904016,0.573929755389766,21.297665895006528,26.451792473884264,-1.5636345789604684,2334.4616459683816,0.0,70.73203946778195,50.00000000000011,968.7844736133834,False,R410A
2024-11-08 22:45:00,457.36681515846146,84.1541203025003,48.121590258801454,2.9222362235502275,1.0929312917832563,21.49185168406734,26.40494429790424,-2.4303279318473106,2341.9225422277887,0.0,70.32024482286958,49.99999999999991,963.8429378744349,False,R410A
2024-11-08 22:50:00,462.4904295714467,82.05142303254473,48.18947929141539,2.5301776053930034,0.1842175540264682,21.097767964016644,27.07290460898067,-1.6952403829002327,2391.640530011665,0.0,71.33952047394757,49.99999999999973,976.0742456873709,False,R410A
2024-11-08 22:55:00,121.90952739449313,195.5591110411601,0.5019296925880871,28.428001016852466,-0.025859738258513343,21.65676254498242,19.40876654497975,14.865742650355166,3.9254560919042287,7328.709194584225,71.878338254767,50.00000000005901,0.0,True,R410A
2024-11-08 23:00:00,121.42651245432997,194.74440527671982,0.045065751733688736,27.54627787159541,0.10857868773626311,20.817432493050095,19.033257505286578,15.129003428891172,2.390078779350514,7371.870227916965,72.12497273095408,50.00000000000014,0.0,True,R410A
2024-11-08 23:05:00,119.53077474323192,193.0861813465735,-0.0455035563240066,26.943500507211333,-0.38283992930872063,20.917672588480205,18.586516966824917,13.85829329230215,-6.300974856701072,7463.120353515807,72.64640202009033,50.000000000000085,0.0,True,R410A
2024-11-08 23:10:00,461.01402723555447,83.18479241188525,47.67411285952769,2.5995541403727547,0.8924268799296224,20.365994997497392,26.0962037067553,-0.06076659037372881,2411.636955630136,0.0,70.88517257052798,49.99999999999996,970.6220708463359,False,R410A
2024-11-08 23:15:00,466.65962584387336,80.22862304655952,48.4231778853754,0.9726959394518145,-0.42954726155632317,21.824676301271662,26.432848411338895,-0.7251782285349071,2421.18328050873,0.0,72.30739078377161,49.999999999999574,987.6886894052593,False,R410A
2024-11-08 23:20:00,461.51244299290323,83.2840038149509,47.49665940391144,2.4210433730107113,0.24196474356788372,20.692854437634022,26.235518107995986,0.02696597623171053,2460.442095615625,0.0,70.83425225898495,50.000000000000085,970.0110271078192,False,R410A
2024-11-08 23:25:00,462.58185681859914,81.97763289981958,48.69795463544584,1.9904544671378859,0.3364380923992699,21.441175398978878,27.29121477477783,-1.520308748090778,2388.362981727526,0.0,71.50990123561246,49.9999999999997,978.1188148273496,False,R410A
2024-11-08 23:30:00,471.26635824653397,77.7102496089164,49.61425038771134,1.4412465188205195,-0.6833410386008761,20.558478863407394,26.935587030550302,-5.116185438465027,2572.989804645027,0.0,73.60925515456063,49.999999999999424,1003.3110618547277,False,R410A
2024-11-08 23:35:00,469.5385893785841,78.73181521117058,49.3762502314415,2.4095734096191945,-0.8412129563489841,20.536709173813158,25.937220293315487,-1.5479226489383962,2553.2152291213674,0.0,73.16345021624792,49.999999999999794,997.961402594975,False,R410A
2024-11-08 23:40:00,470.3468141130421,78.38590219381973,48.564616101323146,0.33614404516544316,-0.28848202248454863,21.187998723775394,26.895979523613764,-1.2243959630739845,2548.780674334998,0.0,73.38312128576555,49.999999999999794,1000.5974554291865,False,R410A
2024-11-08 23:45:00,469.7559409067949,78.71230242304271,48.25602349238166,2.493211832406937,-0.06639963982119634,21.041736829977467,26.291764240893887,-0.5636694487998019,2582.3072545111268,0.0,73.28776136550454,49.99999999999931,999.4531363860543,False,R410A
2024-11-08 23:50:00,116.15417581787224,190.28592091012428,-0.2222804755661819,27.022695114499225,-1.049123569793478,20.757194788936733,19.58767368583711,14.267068960596593,8.222549795941024,7651.268557079442,73.72153461188253,50.000000000004135,0.0,True,R410A
2024-11-08 23:55:00,120.65879901592594,195.84362592669873,0.22172445751133008,28.12367519730191,0.39596105803498066,21.416647136729406,19.33683066615022,13.223747284450432,6.717203025498061,7367.580200324533,72.10045828756876,49.99999999999986,0.0,True,R410A
2024-11-09 00:00:00,115.78030870235169,187.28173693187296,-1.174254327585233,25.95403742284109,-2.0531861499472708,21.29146407665859,19.84913113255362,12.60487584666707,1.0897275848143566,7818.491274421469,74.67709299669411,50.00000000003668,0.0,True,R410A
2024-11-09 00:05:00,473.3427670523889,77.51719672255228,48.7252645120897,1.4423283790301211,-0.7332737260676316,21.848387085888184,27.42190108192654,-2.0803832857208286,2551.0825837815087,0.0,74.11221481216609,49.99999999999903,1009.346577745993,False,R410A
2024-11-09 00:10:00,473.5008428853532,78.0326640435965,49.15872044018344,1.0928848896891183,-1.185180209825269,21.1034432883647,26.528399950378837,-0.43413156036977907,2649.944990257854,0.0,73.85570275697347,49.99999999999925,1006.2684330836818,False,R410A
2024-11-09 00:15:00,474.76062270133775,77.01018011897395,48.605310227896396,0.7720006174360414,-0.9044438723781735,21.093717491073757,26.838090001862884,-3.0815868127195296,2599.9905368578693,0.0,74.39453135393964,49.99999999999925,1012.7343762472757,False,R410A
2024-11-09 00:20:00,475.28777467702963,77.08558972230907,49.45483678593654,-0.15243336798084606,-1.4721236063163685,21.27086402246628,26.834210694309206,-2.5394782375704517,2617.068180069996,0.0,74.36748162105874,49.99999999999902,1012.4097794527048,False,R410A
2024-11-09 00:25:00,478.2317925067629,75.452005731813,50.14058057073851,0.4353821123431847,-1.6220625549685679,21.48296417423916,26.496553293120904,-4.436665454302273,2650.6596072885554,0.0,75.20303258916107,49.99999999999875,1022.4363910699328,False,R410A
2024-11-09 00:30:00,476.00731164426895,76.72819329151827,50.03972854551523,1.1239731304932812,-1.5419757103775578,20.983848893319763,26.518575195371803,-3.8260845836320696,2649.804987075175,0.0,74.59788206283001,49.999999999999034,1015.1745847539601,False,R410A
2024-11-09 00:35:00,475.3075750772527,77.00898437334617,49.539801716450704,0.6344744297306766,-1.3115504618623528,21.73695785475763,27.26821560395025,-1.3046653756962276,2613.875935911797,0.0,74.49477250505547,49.99999999999923,1013.9372700606655,False,R410A
2024-11-09 00:40:00,476.4333759566263,76.73670651529629,48.54724074648869,1.2694309777564068,-0.7686914863865353,20.79966204914948,25.91894576110604,-2.801673808789384,2641.18112691791,0.0,74.63533739013134,49.99999999999912,1015.624048681576,False,R410A
2024-11-09 00:45:00,475.8403524372794,76.78582940032125,49.34266527850234,1.2411139685732537,-1.3577149563504494,21.26596252679179,26.35130353283666,-3.4233249775637695,2732.153635124792,0.0,74.65066723474486,49.99999999999926,1015.8080068169384,False,R410A
2024-11-09 00:50:00,116.6850666735863,189.1997507901416,-0.06082689023194532,26.548784546368772,-0.49757727508305083,21.682239053850044,19.30860672342831,14.408391880952232,-12.41245687088593,7745.733716791281,74.2613355245216,50.000000000016044,0.0,True,R410A
2024-11-09 00:55:00,115.78297988848621,187.8918198656211,-1.7718161161876274,27.460046608432208,-1.4532540892943362,20.622478152968057,18.54913759203571,15.095613620573243,16.62890147770009,7818.128612338271,74.67502064193297,50.00000000003638,0.0,True,R410A
2024-11-09 01:00:00,114.0237197372206,185.63768021481957,-1.7232223833959106,26.32901588522174,-1.2461021857987613,21.39838453663156,18.721842800375295,12.961066787683512,28.407443678059487,7942.77105892928,75.38726319388161,50.000000000124786,0.0,True,R410A
2024-11-09 01:05:00,482.688404902197,73.81197539232753,50.55264114083577,-0.10296599451979492,-2.615546401867552,21.017857977417357,26.211496663558734,-3.7725251043977437,2793.753585213689,0.0,76.25567723982742,49.999999999997904,1035.068126877929,False,R410A
2024-11-09 01:10:00,481.9148920648894,74.5963808483591,50.0027909760324,0.12385859130722741,-2.011584736607595,21.270865387057697,26.45860980586478,-2.8555123424589812,2714.8888865194094,0.0,75.85126403998828,49.999999999998444,1030.2151684798594,False,R410A
2024-11-09 01:15:00,480.49490376357244,74.77160088033516,50.91922452582171,0.12912939069835183,-2.0663614803698183,20.887767810095554,26.30998611538904,-4.51146591138748,2740.0535319685573,0.0,75.81105696954441,49.99999999999834,1029.732683634533,False,R410A
2024-11-09 01:20:00,480.1508729020419,75.16490200687007,49.25068779070186,-1.137896654750792,-1.3615182961823955,21.16194515183368,27.08547328196557,-2.5559731331981714,2673.8503215498868,0.0,75.64565995284308,49.99999999999854,1027.747919434117,False,R410A
2024-11-09 01:25:00,482.53453258310725,74.2301157110589,49.298920244498795,-0.1511507155871398,-2.0028228806814568,21.36270290970665,26.73649989510106,-1.1512038749774665,2824.614618156786,0.0,76.11679503298456,49.99999999999829,1033.4015403958147,False,R410A
2024-11-09 01:30:00,483.8032809627016,73.6130491294518,50.52493805428806,-0.8991403509918476,-2.8435920660548692,20.916820509477166,26.502855625798897,-1.7921963957563332,2774.739163247605,0.0,76.43433423032124,49.99999999999808,1037.212010763855,False,R410A
2024-11-09 01:35:00,484.52066481854985,73.0768526367682,49.42966272148944,0.44303180360755856,-2.763174943917349,21.385957308296938,26.586439368796118,-2.6857979812960284,2810.435268252069,0.0,76.74027209500056,49.99999999999752,1040.8832651400066,False,R410A
2024-11-09 01:40:00,486.13904882058534,71.93589249980472,50.18047285550769,0.08789902930532001,-3.0089411413691005,20.59761034244069,26.356221840217632,-5.159465366184643,2877.3303090926665,0.0,77.41028493311055,49.999999999996625,1048.9234191973267,False,R410A
2024-11-09 01:45:00,484.441425841666,73.481743854687,49.96510613748548,0.0953966196741044,-2.050357458320039,21.646731350981018,26.889466138222584,-3.5228361753948096,2720.801031001034,0.0,76.66114509310738,49.99999999999776,1039.9337411172885,False,R410A
2024-11-09 01:50:00,487.75685832837445,71.44931347563714,50.933421594785116,-1.006469529458978,-2.645733565692651,20.80753693284346,26.369518479894467,-3.9352581371352,2846.808865025357,0.0,77.77447162157907,49.99999999999609,1053.293659458949,False,R410A
2024-11-09 01:55:00,488.42206559075356,72.0052114291983,50.61770761247608,-1.2514389729197957,-2.837551334506283,20.609036351160295,26.436089814390098,-3.994047486265941,2864.8077121172146,0.0,77.4948630092359,49.999999999996675,1049.9383561108307,False,R410A
2024-11-09 02:00:00,486.78717602425877,72.53552330500449,50.45142469885744,-0.9593134896631397,-2.7950759271106085,21.29006841606851,26.846846736824993,-2.939701717160412,2726.4307088902433,0.0,77.26104597805067,49.999999999996874,1047.132551736608,False,R410A
2024-11-09 02:05:00,489.7765192047958,71.3456291251185,50.25062128419145,0.035538655689968834,-2.720865825268033,21.602534946221244,27.108252390904997,-3.2243402164878185,2777.027861705913,0.0,77.8715645950461,49.999999999995595,1054.4587751405531,False,R410A
2024-11-09 02:10:00,485.4713200679929,73.04470397358142,50.76083507319552,-0.8838761114660493,-2.876634345935658,21.20964761333706,26.409316742817133,-4.711852286361289,2778.4899940334712,0.0,77.07555483641214,49.99999999999691,1044.9066580369456,False,R410A
2024-11-09 02:15:00,485.4824097421967,73.03326982988177,52.19624273840897,-1.7555719665868152,-2.4404735960086783,20.70022864049266,26.86327400270942,-2.273176227332633,2765.400793409196,0.0,77.15554857878757,49.99999999999724,1045.8665829454508,False,R410A
2024-11-09 02:20:00,490.1284922983902,71.32924849115894,50.861474045969594,-0.5060279077681424,-2.9093552629497696,19.604486231231892,25.796134072768492,-3.5049869556845077,2872.3089145144,0.0,78.04222132402168,49.9999999999956,1056.5066558882602,False,R410A
2024-11-09 02:25:00,490.28907727341624,71.25558200490447,50.592947997329425,-0.3072309679324008,-3.1398594026613775,21.011507065226933,26.339898069978652,-3.199841111232737,2921.310262125301,0.0,78.11496504948269,49.99999999999559,1057.3795805937923,False,R410A
2024-11-09 02:30:00,488.3655067543047,72.14111525737259,49.743814924677096,-0.02738736998097313,-2.7376918240505197,21.00105405950447,26.594443209619822,-2.61216887869571,2888.3967726866745,0.0,77.71399042712846,49.999999999996014,1052.5678851255416,False,R410A
2024-11-09 02:35:00,492.35599272428965,70.4756751456123,50.40201124626845,-0.7751619591113637,-3.2637076553136226,21.35925975662612,26.87584342941823,-4.561305680576194,3014.2254104123017,0.0,78.58867192247206,49.99999999999425,1063.0640630696648,False,R410A
2024-11-09 02:40:00,493.25002288047796,70.6097513329321,50.57436476114057,-0.640866665534917,-3.0924006557253465,21.435280832915236,26.312152691049167,-2.482720814836489,2917.2097682444833,0.0,78.48325300830462,49.999999999994245,1061.7990360996553,False,R410A
2024-11-09 02:45:00,487.45169299428477,72.89502252184538,49.98517028306941,-0.6434935005772097,-3.070191230148009,21.349022039503303,26.39205714806955,-3.311754094691154,2853.244104716999,0.0,77.33992107520795,49.99999999999682,1048.0790529024955,False,R410A
2024-11-09 02:50:00,488.433731111865,72.49235324383298,50.32227430272199,-1.8118987717263886,-2.589400365821947,21.525541093382014,25.916758506966943,-1.7612037334136221,2855.5841995100973,0.0,77.54750191996112,49.99999999999618,1050.5700230395335,False,R410A
2024-11-09 02:55:00,489.2075133249,72.09913327499014,51.297235990251735,-0.863696748380789,-2.5696568702801144,21.172810733581155,26.45154569586331,-4.271569704411971,2869.095796008704,0.0,77.75527453826157,49.99999999999598,1053.063294459139,False,R410A
2024-11-09 03:00:00,488.58762173512423,72.52633279855073,50.948462498771384,-0.45571900057265985,-2.6702199606130343,21.734513174695966,27.056309009607894,-1.8282587798514776,2865.851224339237,0.0,77.53301077356474,49.999999999996454,1050.3961292827769,False,R410A
2024-11-09 03:05:00,495.7198221304364,68.89695935796962,50.94978142621393,-1.7732320742138734,-3.5252322906332982,21.540009986287416,26.857667334955615,-5.109581070298306,3012.8517924484854,0.0,79.41119409186149,49.99999999999146,1072.9343291023379,False,R410A
2024-11-09 03:10:00,487.6623057603954,72.35848667611211,49.79557265775048,-0.9567015661477011,-2.8992593020008233,21.58747092660449,26.862860603833006,-0.8175022201723041,2890.6362259422626,0.0,77.73256701355578,49.99999999999608,1052.7908041626695,False,R410A
2024-11-09 03:15:00,491.5894761998604,71.02540383184228,51.33376545247571,-1.7021678608751707,-2.952709071487097,20.829929105410393,26.560638787125857,-4.671942604750108,2940.0710698391085,0.0,78.44021768273201,49.999999999994685,1061.2826121927842,False,R410A
2024-11-09 03:20:00,490.63419337814975,71.71697047797974,50.51171198018173,-1.5491881941859007,-3.0287446841559325,19.967199194668915,26.033025542869638,-2.4917321020944962,2992.8519970644074,0.0,78.09663764509978,49.999999999995524,1057.1596517411972,False,R410A
2024-11-09 03:25:00,492.1900382638117,70.68132515463039,49.88940695517288,-0.417801966582375,-3.6812586087017936,22.07382688987083,26.97824854563136,-4.199270447657913,2927.900741010821,0.0,78.67375244793081,49.999999999994074,1064.0850293751698,False,R410A
2024-11-09 03:30:00,493.9626827702298,70.10684777168224,51.230219618257784,-0.5614995604082906,-3.2526078988833826,20.875234643762283,26.52204922976722,-3.2836503616818122,2939.4953037115315,0.0,78.99734549069672,49.999999999993165,1067.9681458883606,False,R410A
2024-11-09 03:35:00,495.25473510280966,69.48040536873137,51.523215448128255,-1.681819706971746,-4.170740015601027,21.109779689979334,26.003114322306573,-4.221021208474362,2943.3627074539313,0.0,79.3609922826974,49.99999999999163,1072.3319073923685,False,R410A
2024-11-09 03:40:00,494.48265087297614,70.31178795145888,49.632919618401615,-1.3204032919454791,-3.3763311712054285,21.042961224266932,26.610672019527854,-5.052395469854657,2936.3148278649423,0.0,78.92233018898389,49.99999999999319,1067.0679622678065,False,R410A
2024-11-09 03:45:00,495.9223791087296,69.48749798248114,50.593439257660606,-2.164717800154595,-3.78955562665018,21.171572940787954,26.36224086442704,-6.971118928948508,2892.634532487537,0.0,79.34857754327217,49.99999999999211,1072.182930519266,False,R410A
2024-11-09 03:50:00,492.96928919568154,70.83637585665933,50.69465613560433,-1.0118900967078535,-3.467615246588994,20.584491917701996,26.68211373546859,-1.325594225484687,2883.3058974172063,0.0,78.66635504335517,49.9999999999939,1063.996260520262,False,R410A
2024-11-09 03:55:00,496.81915139769785,67.92703072281893,51.457349535351725,-1.2023144181962806,-4.030542379025518,21.061968767572722,26.13672969176332,-4.5091147783883665,2896.3394667189737,0.0,79.57358421252644,49.999999999988205,1074.8830105503175,False,R410A
2024-11-09 04:00:00,496.71086250571375,69.01744459166132,50.85162525651258,-2.5772801217385606,-4.025451189011612,21.17554747194246,26.29058542896028,-7.25619480969927,2987.9328586524202,0.0,79.62532946353241,49.999999999991005,1075.5039535623891,False,R410A
2024-11-09 04:05:00,490.48801263008653,71.97107876569889,50.134426964949746,-0.8353889047310891,-2.913668750343936,20.728995917131396,26.128063867216962,-3.264721948117379,2890.094800571942,0.0,78.13466110916457,49.99999999999509,1057.615933309975,False,R410A
2024-11-09 04:10:00,496.45129946592357,68.54759674763423,51.5006604025972,-1.697087706711986,-3.9495598382479056,21.685190598596254,27.076663712566496,-3.7770121715046794,2888.9623126566253,0.0,79.69886874068548,49.999999999989626,1076.386424888226,False,R410A
2024-11-09 04:15:00,495.81114912807783,68.57713286547555,50.89067844803475,-1.7328874187206613,-4.18187886158895,20.75013228288106,26.517360322765832,-5.211771459679288,2940.5153997361003,0.0,79.66623902584487,49.99999999998933,1075.9948683101384,False,R410A
2024-11-09 04:20:00,495.95591779400434,67.74960363269123,51.306025143701085,-1.3962261607596353,-3.816181123669975,21.087207314902198,27.11695040504283,-5.425989532587476,3068.3994237255542,0.0,79.42666084913797,49.99999999998689,1073.1199301896556,False,R410A
2024-11-09 04:25:00,497.37720608661976,69.11645377368411,50.59633915209279,-0.8514535333545357,-3.8080278563502623,21.411016633193697,26.22192656610109,-4.389304486480095,3042.531424360216,0.0,79.73892527888023,49.99999999999049,1076.8671033465628,False,R410A
2024-11-09 04:30:00,496.7407766903103,67.95146205496349,50.381251887129594,-2.2792388187861974,-3.973256699822522,21.170902904956783,26.008351405476343,-3.459902749087691,2977.074022217445,0.0,79.48644905799412,49.99999999998762,1073.8373886959293,False,R410A
2024-11-09 04:35:00,497.9117159224867,68.73080346558912,51.521914282061246,-1.6122956714207397,-3.523905888650592,21.33458423859546,26.954345747771182,-4.348922387675892,2956.865607850642,0.0,79.71807920873613,49.99999999998978,1076.6169505048335,False,R410A
2024-11-09 04:40:00,495.60066308174294,70.08521211731382,51.06760238191002,-1.546339716138848,-3.1684030082635664,20.553336753101014,26.47128794926102,-2.6252312646593916,2989.5050307152105,0.0,79.17691313800375,49.99999999999268,1070.122957656045,False,R410A
2024-11-09 04:45:00,495.79114593782265,68.05809913819037,51.53216924765869,-2.4452981019848368,-3.9553048193581333,20.21266951711446,26.204161017770332,-3.498021282984748,2990.065295087981,0.0,79.52251034944157,49.99999999998785,1074.2701241932991,False,R410A
2024-11-09 04:50:00,495.80778255727876,69.66928650499254,50.777752385170956,-1.5899914357350609,-3.816195974478509,21.0920529334942,26.322142166544396,-4.4541832884390775,2938.80541680485,0.0,79.45079702835113,49.99999999999189,1073.4095643402136,False,R410A
2024-11-09 04:55:00,496.1291197927955,69.71163142191172,50.638154581356,-1.3785265458777034,-4.143187446388991,21.55500909317486,26.80841765169766,-5.7848000693209976,2946.9314287175403,0.0,79.42855262025566,49.999999999991836,1073.142631443068,False,R410A
2024-11-09 05:00:00,495.66091802693234,70.29083477095371,51.58467072479473,-1.4306173653238665,-3.477074497888436,20.80462829241809,26.771387032761833,-4.265752546828713,2915.770746710395,0.0,79.07816341606471,49.99999999999295,1068.9379609927767,False,R410A
2024-11-09 05:05:00,497.00907133758153,69.37809748495953,50.30760636492925,-2.199371600645036,-3.4304057011567615,20.974172824708404,27.302175690151294,-3.732298595506957,2893.2368353487786,0.0,79.51756199180394,49.999999999991516,1074.2107439016474,False,R410A
2024-11-09 05:10:00,488.60716287234584,73.15066439920449,50.96835994038835,-1.0219531009918967,-2.683878335246072,20.559904375814895,26.05594864111707,-3.2302793046845886,2797.502356287202,0.0,77.58034556212812,49.99999999999616,1050.9641467455372,False,R410A
2024-11-09 05:15:00,493.70916893984264,70.45919680219436,51.521234153473394,-1.7092627763969297,-4.514684281239971,20.6771886993543,26.046596484978654,-3.3468842346183068,2937.1981307014057,0.0,78.96261813261921,49.99999999999328,1067.5514175914304,False,R410A
2024-11-09 05:20:00,495.8224656416244,69.43507959578324,51.4986953590101,-2.1794227799681014,-3.497182156054809,20.771192575253174,25.657974948993044,-3.394780826353029,2931.00658461777,0.0,79.5164016050055,49.99999999999151,1074.196819260066,False,R410A
2024-11-09 05:25:00,496.8619611784075,68.11486566452744,50.74260562336417,-1.9341849145257592,-3.8115049588958714,20.786844018312145,27.247288748398308,-4.060096151912709,2971.314450956458,0.0,79.5640250183184,49.99999999998845,1074.7683002198207,False,R410A
2024-11-09 05:30:00,496.69864936415024,68.83381207044425,50.746795448249856,-1.713321390998925,-4.012744097263358,21.143014313569548,26.469439852447547,-4.69770599319779,2902.629565346703,0.0,79.7468196443001,49.99999999999005,1076.9618357316012,False,R410A
2024-11-09 05:35:00,493.8187155507847,70.55877805555563,50.75902661483287,-0.995647201332362,-3.1888974991999035,20.364982876586833,26.702406944663537,-3.465522526783948,2996.080588081201,0.0,78.97081200355191,49.999999999993236,1067.649744042623,False,R410A
2024-11-09 05:40:00,493.2593433863632,70.85703102341577,50.16177148131477,-1.8411996003876125,-3.2239988019892842,21.454208188336512,26.47872418649236,-1.6769041947783578,3053.5953831052975,0.0,78.8247768526146,49.999999999993776,1065.8973222313753,False,R410A
2024-11-09 05:45:00,494.0625447486755,70.80508500254278,50.32397740076047,-1.6951718766307589,-3.612084571200972,21.213101595321753,26.057281613390746,-5.396312094187375,2988.4326628493873,0.0,78.81286506703272,49.99999999999369,1065.7543808043927,False,R410A
2024-11-09 05:50:00,495.0309954576595,69.93214264974598,51.29825269550008,-0.8572293403617862,-3.253123731462099,21.19619321014595,27.58596243762991,-3.6472265994359443,3048.4213956311078,0.0,79.26902813265481,49.99999999999215,1071.2283375918576,False,R410A
2024-11-09 05:55:00,493.96047085522895,67.20488130635609,51.29807586329231,-2.451364719800641,-4.749359864696015,21.731596070701077,26.846210991375376,-3.0371135027084484,2959.634226538232,0.0,79.26240348314728,49.999999999985306,1071.1488417977675,False,R410A
2024-11-09 06:00:00,497.040544417908,69.3061549268018,50.58987271942641,-1.8044813289660273,-3.836720244903525,20.99811919279701,26.047882824760467,-5.494136839676284,3014.7567907729785,0.0,79.6390936871837,49.99999999999101,1075.6691242462043,False,R410A
2024-11-09 06:05:00,494.82791166536833,67.20751017969387,51.31122719009858,-2.457246780305872,-4.416795613439673,20.999663976726897,26.3181500374716,-3.868594827762132,2950.1716941749223,0.0,79.2617765931961,49.999999999985164,1071.141319118353,False,R410A
2024-11-09 06:10:00,494.89191915561634,66.94459744658421,51.17332826581359,-1.8695539573258058,-4.683700812343261,20.900103135679885,26.847589407445522,-3.80135212212,2863.49072115377,0.0,79.18980430118317,49.999999999984425,1070.277651614198,False,R410A
2024-11-09 06:15:00,497.23888254605475,68.95536302233684,51.912915657720255,-1.3293039551733987,-3.8240701352362234,21.11972996189658,26.467523593897056,-5.892054450439777,3025.4941249375106,0.0,79.75459341448456,49.99999999999014,1077.0551209738146,False,R410A
2024-11-09 06:20:00,496.7798756792,69.27352987064016,51.41049172859242,-1.277960626583785,-3.441454007006291,20.625297192357444,26.13666579557334,-3.622202962460017,3030.9376253590426,0.0,79.6691293537564,49.999999999990514,1076.029552245077,False,R410A
2024-11-09 06:25:00,495.90595507889896,69.86458264968185,51.53176670960241,-1.6566844379681944,-3.2956456820885514,20.791744868361636,26.24312359091017,-4.4412841448080975,2944.978413289668,0.0,79.33993648729393,49.99999999999173,1072.0792378475273,False,R410A
2024-11-09 06:30:00,496.32991138457714,69.20499447574731,51.380213972838526,-2.291784891909064,-3.638467638741988,21.61252162840174,26.224974842533694,-4.4160126996744165,3039.361780804266,0.0,79.71113380632912,49.99999999999066,1076.5336056759493,False,R410A
2024-11-09 06:35:00,496.84407916683705,69.21322013899875,51.63218709377714,-0.8936901796917693,-4.365073470635486,20.834575043510554,26.233318489636947,-4.681251443791096,2967.0818053335456,0.0,79.7125934371428,49.999999999990635,1076.5511212457136,False,R410A
2024-11-09 06:40:00,496.0251845389673,67.59674939010047,50.37406777605028,-1.8322014401226634,-4.6611416188635575,21.204225643422667,26.935382342519993,-3.447666837165791,2903.1845884801114,0.0,79.38033694489113,49.99999999998627,1072.5640433386934,False,R410A
2024-11-09 06:45:00,496.5417631896521,68.58273734243969,51.05909362302325,-2.2370060631100457,-3.958825836486221,20.508318324687593,26.166914984415826,-4.620797592813279,3041.4007452299497,0.0,79.65324227087655,49.999999999989114,1075.8389072505186,False,R410A
2024-11-09 06:50:00,493.8199689090458,66.78712588197853,50.90501596698476,-1.7774502760484547,-4.499630211845723,20.310860150434735,26.03136403386059,-5.452673234171292,2976.2935149606787,0.0,79.1320196029294,49.99999999998352,1069.5842352351528,False,R410A
2024-11-09 06:55:00,494.52826878379864,66.373683746076,50.764737369177276,-2.85035780756946,-4.731977298189407,20.784967678830544,25.922926274613424,-5.528928863282122,2920.0832112588296,0.0,79.03096624705312,49.99999999998217,1068.3715949646373,False,R410A
2024-11-09 07:00:00,496.15036181549516,69.78920768670939,51.231277860212174,-0.9737610251440959,-3.1075157675019742,21.378181150378264,27.047585090381357,-4.520102682627513,2959.0638758421833,0.0,79.35822545347685,49.99999999999176,1072.2987054417222,False,R410A
2024-11-09 07:05:00,496.3864022201745,68.11537401051498,51.39855503666809,-1.3644632643632264,-4.07184751310413,21.27755941958438,26.135644344398273,-5.683141078986009,2960.8751810995045,0.0,79.55030722512058,49.99999999998846,1074.603686701447,False,R410A
2024-11-09 07:10:00,494.6693424342956,69.80802865802688,51.21081972519893,-2.1469963013916686,-3.5235310931938946,19.9973481500969,25.981078684006206,-4.658388973120617,2849.784649193799,0.0,79.37250983110228,49.99999999999214,1072.4701179732274,False,R410A
2024-11-09 07:15:00,494.84688765467456,70.27301009574937,50.82455026248172,-1.2598171192793726,-3.2543281065053202,20.812437064334762,26.920902874851073,-3.9330266460864345,2929.8818600758154,0.0,79.10139254157971,49.99999999999284,1069.2167104989567,False,R410A
2024-11-09 07:20:00,495.49999235754524,68.10657928736326,50.706568533816544,-1.7295568963053956,-4.104164713384321,20.630935313714808,26.57527491859653,-4.216270828303548,2898.3632065239863,0.0,79.53182286330428,49.999999999987935,1074.3818743596514,False,R410A
2024-11-09 07:25:00,495.999956307433,69.65680260656809,51.580487888722864,-0.40173853573316465,-2.93187448515262,20.53835863035016,26.435046267608485,-3.005154077683524,3010.465189776483,0.0,79.41838627105265,49.99999999999177,1073.0206352526318,False,R410A
2024-11-09 07:30:00,496.00937983664926,68.17037116624817,51.26011229235673,-2.465212532857396,-4.37617366477118,20.568921137620986,26.789376967185287,-4.353083074498712,3025.8297416818345,0.0,79.5606556907995,49.99999999998836,1074.727868289594,False,R410A
2024-11-09 07:35:00,494.13050055305723,66.73844998210734,50.42277389569614,-1.7544629254629476,-4.652556040928099,20.489390055778653,26.312092940752304,-5.44520429355673,2993.6208320926085,0.0,79.15221553305557,49.999999999983814,1069.8265863966667,False,R410A
2024-11-09 07:40:00,496.94380323155116,69.06973322373739,51.05082994698426,-1.8548919480619825,-4.146412672563511,20.91932083009574,26.140648883487433,-5.374604950893717,2957.9903743727723,0.0,79.72712991415752,49.99999999999072,1076.7255589698902,False,R410A
2024-11-09 07:45:00,496.74758941024777,68.46702727843814,50.247476777372455,-2.631422561515651,-3.5419429837971745,20.82380920791315,26.410022245021416,-4.216253588918764,2959.609517234696,0.0,79.65100430993635,49.999999999989186,1075.8120517192363,False,R410A
2024-11-09 07:50:00,496.605244461622,68.53098406649544,51.14454035089112,-2.0517278477751004,-3.751108500592363,20.79792909946946,27.035788380778534,-4.609105043615795,2941.5914667684187,0.0,79.67161344991305,49.999999999989214,1076.0593613989568,False,R410A
2024-11-09 07:55:00,491.75697871951644,71.57704325482543,50.54633399848905,-1.192799579167944,-3.3572775335333747,21.061880826617475,26.108699069532484,-3.7783492037319717,3022.9822965544704,0.0,78.38806391943558,49.999999999994564,1060.656767033227,False,R410A
2024-11-09 08:00:00,495.64049812926686,67.54589385279363,50.746240630709174,-2.7508272954137,-4.48054511134249,21.049616655641493,26.354118714570404,-4.458852681707959,2980.4339878287424,0.0,79.42259761569825,49.99999999998703,1073.071171388379,False,R410A
2024-11-09 08:05:00,495.0020208793329,70.04920405239764,51.70690896027584,-1.3967250110729994,-3.137344670317984,20.701246548861775,26.622540841458232,-3.533422739254035,2957.3381981194293,0.0,79.10562364099752,49.99999999999302,1069.2674836919705,False,R410A
2024-11-09 08:10:00,497.477259652577,68.61904163058715,50.584667261896065,-1.4245685960026897,-3.794966909150323,20.854942585036778,26.319131369207554,-4.13373799961551,2884.9701129147556,0.0,79.76731819111231,49.99999999999002,1077.2078182933478,False,R410A
2024-11-09 08:15:00,492.1593199212739,70.8952150866014,51.091121833293705,-1.1981334829057122,-2.894108419351817,21.320395760953446,26.387996423277787,-3.9877519131814196,2849.200898336514,0.0,78.63446761987343,49.99999999999413,1063.6136114384813,False,R410A
2024-11-09 08:20:00,493.5582452704368,70.2021435525649,51.96210325057334,-1.762587604833153,-3.5097103653776807,21.119555980501392,27.03368728480733,-4.793047364186646,2946.366881668067,0.0,78.98333112028642,49.99999999999305,1067.799973443437,False,R410A
2024-11-09 08:25:00,493.2074130832515,70.21272627689032,51.41090253871706,-1.570594150015107,-3.3428975190815446,21.748796202851956,26.958877490293926,-4.60914288468766,2878.30836658346,0.0,78.99271623162325,49.999999999993214,1067.912594779479,False,R410A
2024-11-09 08:30:00,496.973114301414,68.86320007453787,51.102349283427756,-1.8264299110322513,-3.734089936062324,21.095881864618438,26.401491299428486,-3.475898407510095,2995.1748715986373,0.0,79.64831646527105,49.99999999999055,1075.7797975832525,False,R410A
2024-11-09 08:35:00,495.85977869781664,69.18497499679552,50.481683461913185,-1.622962895092611,-3.9188571091453563,21.182258067812487,26.849524750071648,-4.655209947229856,3005.6473088474418,0.0,79.46324741766627,49.99999999999143,1073.5589690119953,False,R410A
2024-11-09 08:40:00,491.0433336019005,70.9971516455243,50.03227968147838,-0.7294989785741308,-3.3276576073368496,21.14051638064259,26.65568411813579,-5.1304571521316085,2963.137597784797,0.0,78.56882871938828,49.99999999999435,1062.8259446326595,False,R410A
2024-11-09 08:45:00,489.5409465452029,72.09144744960274,50.29327088447489,-0.8627590992451619,-3.3540199792277097,20.965449339080084,25.87333411009213,-2.3391542944259736,2783.0508295459404,0.0,77.99745795187641,49.99999999999545,1055.969495422517,False,R410A
2024-11-09 08:50:00,492.5067511876484,70.6119659700772,50.43407753879869,-2.071452188655708,-3.221871827222679,21.189794180617604,26.56813724956345,-4.812482366571671,2865.4760142455175,0.0,78.74020774868171,49.99999999999362,1064.8824929841803,False,R410A
2024-11-09 08:55:00,496.0643701674215,69.40412065995102,50.622108218823406,-1.9236694337309768,-3.4141342738325737,20.755441565315238,26.999110114010662,-4.1072617939296086,2986.367095699694,0.0,79.28501779547327,49.99999999999191,1071.4202135456792,False,R410A
2024-11-09 09:00:00,491.45270948974144,70.79485890185273,50.55675044198029,-1.210199034172903,-2.9961611995896247,20.633598179719804,25.916903675035005,-3.3020464744117692,2885.2544708204127,0.0,78.58641911924244,49.99999999999437,1063.0370294309091,False,R410A
2024-11-09 09:05:00,486.34596397754825,73.25291290030901,50.20421565322975,-0.11172335708641268,-2.473822131612167,20.86587034415409,26.482127759173864,-3.170567224025691,2805.1075028477703,0.0,77.34757119912695,49.99999999999689,1048.1708543895234,False,R410A
2024-11-09 09:10:00,492.48884778155985,70.85191596831191,50.92979759205171,-0.6006656035371385,-3.288051865256322,21.52732359612779,26.900489823082424,-6.22772672001695,2931.925276709689,0.0,78.49917764861084,49.99999999999463,1061.99013178333,False,R410A
2024-11-09 09:15:00,488.02018185623945,72.86588918976487,49.66094312944808,0.1808876852213387,-2.240863792049294,20.817259843822114,26.89778188158507,-2.8159669889656636,2808.449810359521,0.0,77.41290997114479,49.999999999996675,1048.9549196537373,False,R410A
2024-11-09 09:20:00,492.29146822139137,70.34686413797824,50.41056597234721,-1.2702766284286535,-3.0678912808994423,21.084502546730075,26.43860225125451,-2.5091205770928933,2945.384994970247,0.0,78.6711676544366,49.999999999994145,1064.0540118532394,False,R410A
2024-11-09 09:25:00,490.24539138766823,71.28501128647085,50.485917230026246,-0.7060164408320706,-2.6711071380861853,21.39524894416584,26.32142969983202,-2.80113880058346,2915.545749744739,0.0,78.17534205716663,49.99999999999516,1058.1041046859996,False,R410A
2024-11-09 09:30:00,488.33004946297905,72.37315320070901,50.24261637645401,-1.5143760647556674,-2.351759286213077,21.09920918985444,26.930417625496734,-5.4111392795496505,2856.2802858169034,0.0,77.57429059510837,49.9999999999962,1050.8914871413006,False,R410A
2024-11-09 09:35:00,487.79143268989407,71.97839293374096,51.341488208106206,-0.6827610192852579,-2.9353817024580673,20.1434369633184,26.112127947733114,-1.270457482863299,2926.240781552597,0.0,77.79540361173198,49.99999999999634,1053.544843340784,False,R410A
2024-11-09 09:40:00,491.14450576860384,70.54241196593595,50.81579765428523,-1.8038645279614984,-3.1498686401630973,21.685486714872546,26.71935509030334,-5.0920840291653775,2795.198596487349,0.0,78.53246495446213,49.999999999994685,1062.3895794535456,False,R410A
2024-11-09 09:45:00,491.5296348055943,70.66970002360654,49.857069310784254,-1.249755220229338,-2.9861160673027194,21.286643691015158,27.027129053963584,-4.796905081996508,2852.402920106255,0.0,78.43697124470393,49.99999999999467,1061.243654936447,False,R410A
2024-11-09 09:50:00,486.59769582300856,73.2627237622319,50.35353390568513,0.988994894580395,-2.870666836116003,21.258548409934008,26.604648731162,-2.244046706318384,2852.4500264738845,0.0,77.05184859971135,49.99999999999708,1044.622183196536,False,R410A
2024-11-09 09:55:00,484.631434704885,73.6710570615972,50.33033775891181,-0.25823074529121437,-2.7480998151000686,20.568319906295876,26.086224643334763,-2.4571664124941117,2737.3737577038437,0.0,76.82001572677285,49.99999999999757,1041.8401887212742,False,R410A
2024-11-09 10:00:00,483.4002293914946,74.30540510964735,49.86075894363818,-0.663003886604226,-2.6208907708125837,20.504371724956556,26.433297312763248,-2.650762171774252,2704.1041576785656,0.0,76.46219455402812,49.99999999999764,1037.5463346483375,False,R410A
2024-11-09 10:05:00,482.05399881141966,75.0666993828713,49.14950507492376,0.19562328680780358,-2.040701242727116,21.30719723390852,26.509502147932437,-3.0776774583675914,2700.8614289202337,0.0,76.0165424323423,49.99999999999817,1032.1985091881074,False,R410A
2024-11-09 10:10:00,485.1834077553244,73.61167011521475,50.87220484114832,-0.5827742512834564,-2.4242317757522587,21.145473774063948,27.15825180093204,-1.493379929758963,2811.0366566433177,0.0,76.64847331597755,49.999999999997364,1039.7816797917308,False,R410A
2024-11-09 10:15:00,484.5306392138968,73.23104642312552,49.51986144853232,-0.8867765970093615,-2.8371057289191564,20.62644083420391,26.057302935078738,-2.945730390612225,2752.2572257184465,0.0,76.81280908086117,49.99999999999737,1041.7537089703342,False,R410A
2024-11-09 10:20:00,479.9704529434396,75.48068977522816,49.95090706928528,1.224208478592166,-1.7825538197934807,20.621265015908094,26.911419196221622,-3.893178297727637,2801.5377368021045,0.0,75.65472257620617,49.99999999999826,1027.856670914474,False,R410A
2024-11-09 10:25:00,481.0421077339738,75.23364464753314,49.73425387521849,0.6877678655513364,-1.8743238225970182,21.356756369557026,26.32294351718967,-1.1133381976035772,2702.8130057425387,0.0,75.69127629516409,49.99999999999842,1028.295315541969,False,R410A
2024-11-09 10:30:00,483.56497531842723,73.20620818727932,50.31112763436632,-0.17486150063738218,-1.9929577621121568,21.24379323833848,26.05327503964222,-2.62834482016808,2749.3631836603745,0.0,76.69525962627051,49.99999999999773,1040.3431155152462,False,R410A
2024-11-09 10:35:00,483.83858145115227,73.55066478111216,50.77451483487074,-0.42402614217321016,-1.6242207733097018,21.044141014229705,26.368817175502056,-1.6131077897614696,2689.1123418686657,0.0,76.45622899409888,49.99999999999769,1037.4747479291866,False,R410A
2024-11-09 10:40:00,478.7190437583586,75.49810168998549,49.833687894642615,0.10744731375110456,-1.6002228426385263,21.27153508454586,25.89479798512489,-1.6646093213069713,2717.906414349579,0.0,75.4743158895256,49.99999999999845,1025.691790674307,False,R410A
2024-11-09 10:45:00,480.20190858433233,74.95937869537538,49.35666070043912,0.9232505148075577,-2.0569795750243878,21.126747770465023,26.33904126150508,0.043632327591170306,2662.135508624657,0.0,75.69598083722903,49.999999999998636,1028.3517700467485,False,R410A
2024-11-09 10:50:00,113.90330239263679,185.40874430543334,-1.176425230745846,26.423867400522457,-1.535404055105706,20.971191170068163,19.39887501992714,12.960608359897947,9.196661608255377,7955.297478908439,75.45884273661966,50.00000000013928,0.0,True,R410A
2024-11-09 10:55:00,115.02354705930118,187.79708004510692,-1.6771547829101994,25.09699237063745,-1.3588141808919976,21.03607199904173,18.73013112816148,13.65448818343308,-7.261949185538244,7826.56177026085,74.72321011577628,50.00000000003979,0.0,True,R410A
2024-11-09 11:00:00,114.78261678770357,187.38503288321962,-1.336458156006492,27.792232096125293,-1.4902747378385754,21.390319305209715,18.68943797584384,14.301593482255665,-30.167634594944495,7846.383006596445,74.83647432340825,50.000000000049596,0.0,True,R410A
2024-11-09 11:05:00,474.47005912614713,77.56803252864198,48.46305920055823,0.945396505731313,-1.4046150091087728,21.27271742991458,26.96592569233204,-1.9499269585615369,2611.6823441465176,0.0,74.29226934550965,49.99999999999949,1011.5072321461159,False,R410A
2024-11-09 11:10:00,481.81017287815496,74.00955344466837,49.22386312347853,0.18434618667153427,-2.1266043279624762,21.439481042148294,26.27254271956376,-1.684700607365583,2777.209436424879,0.0,75.97467663239175,49.999999999998224,1031.696119588701,False,R410A
2024-11-09 11:15:00,475.1286239790453,76.92202777209745,49.21355088113324,1.2928706788305435,-1.303814031269003,20.06820030383834,25.87495684292841,-4.69788979387453,2510.630169467706,0.0,74.50095345577371,49.99999999999912,1014.0114414692845,False,R410A
2024-11-09 11:20:00,473.3792200162396,77.74941536109877,49.20380643271738,1.2063506424198784,-0.7851218535862801,21.042802587882893,27.384729037995637,-1.5991340270615908,2552.2625515849627,0.0,74.05270154247182,49.99999999999913,1008.6324185096621,False,R410A
2024-11-09 11:25:00,478.1716861879558,75.3868636357389,48.58051724273625,0.7978375700827135,-1.4223090646533318,21.710858787962966,26.543365080060422,-2.1786092074421486,2756.4340081165847,0.0,75.15123347755139,49.99999999999887,1021.8148017306165,False,R410A
2024-11-09 11:30:00,474.9005283865634,76.57741359412336,49.45400120009144,0.5143282448627307,-0.7261371785762587,20.366698310512053,25.95297062506593,-1.9130252349429455,2689.9700189432174,0.0,74.54762004290961,49.999999999999005,1014.5714405149154,False,R410A
2024-11-09 11:35:00,475.1740971315098,76.7396422027126,48.742804494070896,0.1817436948567458,-1.0010572210061195,21.819913417702193,26.94510811300881,-2.580285591668507,2570.3844929527872,0.0,74.40671728632012,49.99999999999949,1012.8806074358414,False,R410A
2024-11-09 11:40:00,472.01013493953934,78.20839267825625,49.50065501288331,1.3257017173396377,-0.6871261960282524,21.25030998020448,25.955362762021178,-2.9082918348506617,2468.9445704382647,0.0,73.62882934679392,49.99999999999954,1003.545952161527,False,R410A
2024-11-09 11:45:00,467.1662313511314,80.90306826763482,48.158768453632085,2.602806435411509,-0.20487000036755815,21.55531761662673,27.07901966748345,-1.1174457144977223,2524.6289985114727,0.0,72.22600178145157,49.99999999999979,986.7120213774189,False,R410A
2024-11-09 11:50:00,464.1385495389886,81.6250396824965,47.63106822357358,1.7522595763436801,-0.2350780390187739,21.353598130369424,26.48736633421617,-0.22356474439277474,2490.3254111832043,0.0,71.84767828892953,49.99999999999966,982.1721394671544,False,R410A
2024-11-09 11:55:00,470.49916955890257,78.29023284184662,48.819032621605075,0.9278142124228536,-0.8791418227232008,20.653202572804016,26.666935497856702,-1.2453374298816127,2589.512872619963,0.0,73.41634758033452,49.99999999999954,1000.9961709640141,False,R410A
2024-11-09 12:00:00,466.77649601959297,80.36662591292931,47.92522451371314,2.432720277853291,-0.3877409511652564,20.267067820283522,26.49497929530196,-0.17742514448288105,2490.560077777387,0.0,72.35557870467335,49.9999999999997,988.2669444560803,False,R410A
2024-11-09 12:05:00,121.3387068764638,195.18595494385227,0.5969824173255571,27.73388724403845,-0.8057621987705477,21.24142608506183,18.747151307116393,16.39347064551288,5.516162471734074,7363.121553686851,72.07498030678201,49.99999999999993,0.0,True,R410A
2024-11-09 12:10:00,120.70961848745027,195.20122550135505,-0.025690653550687236,27.76876428576556,-0.32854529208948813,20.27527196355201,18.58143879180166,15.169148097896132,-5.993452751807823,7359.084515061033,72.05191151463447,50.00000000000013,0.0,True,R410A
2024-11-09 12:15:00,121.07897751342027,195.62562817048922,-0.02896990921175646,27.860296265861766,0.5275313307446788,21.225919043849125,18.73756396894461,15.88826542871638,-8.949196005659978,7333.59605918279,71.90626319533023,50.00000000000025,0.0,True,R410A
2024-11-09 12:20:00,464.1209054293408,81.29720142202386,48.44477000490707,2.1023501822493365,0.24542073663227384,21.180730941054,26.656725182764692,-0.22028915541583657,2398.744018248441,0.0,71.73031865451085,49.99999999999966,980.7638238541301,False,R410A
2024-11-09 12:25:00,459.6903856245217,83.20460735128252,47.2990238032504,1.8111842549149193,0.4850461462624096,20.762396207120744,25.942501941381163,-0.40800489106055127,2289.804344535912,0.0,70.80399339426813,49.99999999999996,969.6479207312176,False,R410A
2024-11-09 12:30:00,460.7611704977621,82.68323687114555,47.237065309496906,2.221473760847635,0.6106877637604549,21.337229925014377,26.299304742188383,-0.15041371944149262,2438.605285691985,0.0,71.0177123657631,50.00000000000011,972.2125483891573,False,R410A
2024-11-09 12:35:00,465.5122017233241,80.25206070928007,48.50233411559494,2.050972908404366,-0.6502324588843068,21.585761127235507,27.358013095406463,-0.8477534825883069,2502.700745760234,0.0,72.128422202331,49.99999999999966,985.5410664279718,False,R410A
2024-11-09 12:40:00,460.3360416114597,83.04407122342661,47.22690542765394,2.7426312592096176,0.7156416060609303,20.765260911012863,26.057882578966392,0.699174423041738,2318.9708228533855,0.0,70.73797541775559,49.99999999999971,968.8557050130671,False,R410A
2024-11-09 12:45:00,458.83422240629454,83.3558594312528,47.16141587474995,3.2971019241235555,1.1013530767780069,21.499527520636406,26.62822274420535,0.32475744010294594,2324.028976101967,0.0,70.56378920433248,49.99999999999969,966.7654704519898,False,R410A
2024-11-09 12:50:00,459.64461676961,82.60749620988219,48.26279700964727,3.4604707857149686,0.5044398904907524,21.56732579127074,26.543762212965635,-3.2534899079444353,2359.981273693035,0.0,70.91845065076487,49.99999999999993,971.0214078091783,False,R410A
2024-11-09 12:55:00,457.70003319924024,83.62087524648508,47.92938645506444,3.533769189902247,0.24593060869547512,21.188298471822065,26.542878847084044,0.05556520245684282,2341.9624432562946,0.0,70.44494506685992,49.999999999999915,965.3393408023189,False,R410A
2024-11-09 13:00:00,460.1135815771534,82.49828457828082,47.23399716631219,2.976110275318771,0.3946019228487949,20.842788264364735,26.906933998711768,-1.5071326157942824,2425.9907316657286,0.0,70.9624318334364,50.000000000000085,971.5491820012367,False,R410A
2024-11-09 13:05:00,459.8864634359187,82.58227487678978,47.532735403108504,2.46922813851084,0.9273740323893793,21.614590938829203,26.65170575412793,-0.14100775475597438,2425.112756254321,0.0,70.91280913221112,49.999999999999744,970.9537095865334,False,R410A
2024-11-09 13:10:00,460.02464314569414,82.73560443043296,47.34942439768131,2.2867452308155904,0.675868662863331,20.53790657176255,26.490777572351615,0.09958563369827911,2429.2285454809635,0.0,70.80344046841194,50.000000000000064,969.6412856209433,False,R410A
2024-11-09 13:15:00,120.41825192245115,194.52877008125225,0.8707384594621408,27.991518026696053,-0.44291421799621883,20.761869055405207,18.54778658241934,16.79102701082779,1.381345286596055,7356.097416345352,72.0348423791163,50.0,0.0,True,R410A
2024-11-09 13:20:00,123.30845033849624,198.78076621893547,1.0667661084405946,28.90655027954174,1.3240496484104516,21.48261935177946,19.109709293593532,16.962212955499766,19.167694304722936,7135.183686870649,70.77247821068943,50.000000000000014,0.0,True,R410A
2024-11-09 13:25:00,122.72131678475384,197.8401771987104,0.27260140088240514,28.893992723007877,0.10688126901150241,21.017681700746618,19.06516004339251,14.448949226238659,-17.597391943545254,7180.941661640236,71.03395235222992,49.999999999999964,0.0,True,R410A
2024-11-09 13:30:00,461.57011555245157,81.66742193275569,48.24621551959801,2.7007186335229134,0.31629839228102347,21.06314981497772,26.079116591431184,0.09094518609676741,2469.036419063978,0.0,71.22164846647001,49.999999999999694,974.6597815976403,False,R410A
2024-11-09 13:35:00,454.9366825608749,85.50413515047238,46.57863372622135,3.2637765053962915,1.0131484408886573,21.003465592239294,26.942818401884438,1.0436745552063993,2264.8586805941704,0.0,69.35127151783136,50.000000000000036,952.2152582139764,False,R410A
2024-11-09 13:40:00,455.9149466719184,84.68608765009066,47.04316232821352,3.554117248176776,0.849885523781565,21.041288661258587,26.85614132560866,0.4302487754908554,2282.135046397394,0.0,69.6786277434887,50.00000000000006,956.1435329218644,False,R410A
2024-11-09 13:45:00,456.2171514940717,84.26952819396405,47.490466837264094,3.7130559801508847,0.9469743928885861,21.226172856025293,26.273717101201765,0.4159312027279164,2211.5215654318413,0.0,69.83476054478174,49.99999999999996,958.0171265373808,False,R410A
2024-11-09 13:50:00,456.8045448696532,83.77149611581373,47.74142014645893,3.419673829519136,1.1704386854391888,20.99618808572048,27.05947957673161,0.12564389419316935,2328.782139370955,0.0,70.04081272502927,49.999999999999645,960.4897527003513,False,R410A
2024-11-09 13:55:00,454.2864706274711,85.06874526973343,47.22937365609828,3.2798558472782946,1.6830218084258746,21.969919749354972,26.666410832840203,2.6685708617432997,2350.8069069015946,0.0,69.40827525028001,49.99999999999965,952.8993030033602,False,R410A
2024-11-09 14:00:00,452.24581267404403,86.2826879477748,47.17435390089862,3.1826127930249846,1.4836866876682497,20.169500326063726,26.59984812530646,0.6833528858440432,2372.9045456370523,0.0,68.80092572144403,50.000000000000085,945.6111086573283,False,R410A
2024-11-09 14:05:00,455.8737804029893,84.28767080728073,47.41844025190101,2.732186922740014,0.857927571178591,20.671397953073225,26.411920539965433,1.0019077810333363,2309.719438932351,0.0,69.67805872513186,50.00000000000011,956.1367047015825,False,R410A
2024-11-09 14:10:00,452.906631218997,85.45146360415119,47.088940923831366,3.098418355080548,1.5826189618745814,21.10429876554551,27.19066301172565,-1.5900029668525284,2275.575182496177,0.0,69.12194566624672,49.999999999999915,949.4633479949607,False,R410A
2024-11-09 14:15:00,450.6780432196344,86.8416903535042,46.76806455353422,3.90702113316457,1.930872607505861,21.054560021478114,26.936159138238157,2.1020519172269605,2253.227965845151,0.0,68.44303293234579,49.99999999999996,941.3163951881494,False,R410A
2024-11-09 14:20:00,456.57408755773037,83.13414524628735,47.354018186468366,3.170367713034797,0.9825787369230151,21.047627548213274,26.50695346115669,1.5947206435094161,2405.4857921894377,0.0,70.17906832748605,49.999999999999886,962.1488199298326,False,R410A
2024-11-09 14:25:00,452.51648759456594,85.83081220613964,47.19728973071165,2.8509725391648386,1.6409606420088731,21.412107160185972,27.247752517846155,0.006208669036231296,2190.157451675981,0.0,68.88352260372629,50.000000000000036,946.6022712447154,False,R410A
2024-11-09 14:30:00,452.79883755507785,85.71632160603454,47.287400679797884,3.3053452655540188,1.5235728858326898,20.91482694827469,25.835139754824247,0.5454560696473749,2393.346252913273,0.0,68.88531436052841,49.999999999999574,946.6237723263409,False,R410A
2024-11-09 14:35:00,451.1160343278422,86.29073115000084,47.07162660026982,3.825046710505482,1.7328492342195494,21.375920883550513,26.508343137945545,1.6549074979791647,2230.9016884821026,0.0,68.59319204429443,50.000000000000135,943.1183045315332,False,R410A
2024-11-09 14:40:00,451.76176582169546,86.34936258872229,46.34513742888054,3.3042454397764423,1.6995900562381725,20.954050023634636,26.21613306560444,1.2735460892376906,2138.4597235159526,0.0,68.49182921034952,49.99999999999988,941.9019505241943,False,R410A
2024-11-09 14:45:00,448.69433833585947,87.26617054481721,46.27241490144408,4.187780307175563,2.2919013487568978,21.603371732930253,27.33502375717639,1.9371978211649843,2164.4374325367435,0.0,68.05834353870847,50.00000000000013,936.7001224645019,False,R410A
2024-11-09 14:50:00,444.39865277872576,89.87874030756937,46.51048731840171,4.431557300638149,3.2538092963081944,21.456104668986324,26.721726169083674,1.7980303815216623,2060.231663131185,0.0,66.82945710780714,49.99999999999994,921.9534852936857,False,R410A
2024-11-09 14:55:00,129.48618602567095,206.7924066330117,2.711551598564191,29.614004812394125,2.02961089374091,20.679461958672285,18.481384514394097,18.838980335280276,6.300274802988532,6658.499768119937,68.04857010354249,49.99999999999828,0.0,True,R410A
2024-11-09 15:00:00,130.52405867612705,208.45466098034018,2.296782085126262,30.247177070571333,2.218602679955476,20.90959761129369,18.90609428268953,16.550834222207875,18.479073738046424,6572.7989759785905,67.55885129130624,49.999999999996106,0.0,True,R410A
2024-11-09 15:05:00,133.02696179997588,212.4278985166299,2.5837713268265454,30.985745697854593,2.8663639427720633,21.2058685199618,19.4731355152167,20.481180246113258,27.66553581281882,6373.6380634272355,66.42078893386991,49.99999999998366,0.0,True,R410A
2024-11-09 15:10:00,448.21431883794236,87.47355548879673,46.791691632212974,3.6697070035429187,1.8965949203828947,21.217296654193046,26.07631244787084,2.8358953780270184,2190.316276882279,0.0,67.81205707864424,49.99999999999995,933.7446849437308,False,R410A
2024-11-09 15:15:00,442.1943332325294,90.94547863101643,45.50148786867249,4.785495703520694,3.1362954047591645,21.014411691483453,26.551633647473516,3.2389171808120407,2125.1329057299863,0.0,66.18639621314456,50.000000000000036,914.2367545577347,False,R410A
2024-11-09 15:20:00,445.70840583561517,88.98738699779419,47.0351557172787,4.726260336639597,2.6247740707103824,21.120406508510264,26.803400386283894,-1.5480564863712565,2143.624459074074,0.0,67.01515770402791,50.00000000000011,924.181892448335,False,R410A
2024-11-09 15:25:00,440.39013625972814,91.54314362107667,46.03076427711155,4.702331968531578,2.957235997777154,20.003292872972036,26.13863324314971,3.493059443884934,2079.58690872706,0.0,65.83324587962008,50.00000000000007,909.998950555441,False,R410A
2024-11-09 15:30:00,442.4560512020463,90.50415142415143,45.76183178563084,4.042374390139895,3.14187285606459,21.27881775778984,26.467874745711075,2.9751912410324617,2002.0434733476702,0.0,66.2574943792963,49.99999999999999,915.0899325515555,False,R410A
2024-11-09 15:35:00,442.5812602879304,89.98458657944126,46.09782368265708,3.990084522883761,2.764068376232254,20.618729589678445,26.137877394901817,0.13876104305571157,2099.5572564331633,0.0,66.48325710854272,49.999999999999986,917.7990853025127,False,R410A
2024-11-09 15:40:00,443.47145449284324,89.80454254896715,45.93266634734324,4.529395283471451,2.4474037239576227,20.539267078591052,26.745756088374975,0.8338204082787113,1987.0038559224167,0.0,66.52315856900013,49.9999999999999,918.2779028280016,False,R410A
2024-11-09 15:45:00,443.9123090002468,89.11297724140299,46.96720346344673,3.9256328951296737,2.6903233669091313,21.92694540377442,26.81846708571753,-0.05753004030225961,2093.220141349629,0.0,66.83031593343551,49.99999999999993,921.9637912012263,False,R410A
2024-11-09 15:50:00,442.37081936648485,90.39961061193135,45.97406660997133,4.725890179485397,2.970848878093318,20.832334388446,26.26966551284865,2.2664514054077105,2049.088874687334,0.0,66.20049774585296,50.0000000000001,914.4059729502355,False,R410A
2024-11-09 15:55:00,439.7660233487427,92.04590281433354,45.84852574924623,6.138014257335108,3.5936682755819556,21.537090271691923,27.17296110293814,2.2890646221979374,2040.1109589984853,0.0,65.38891433650247,50.00000000000001,904.6669720380297,False,R410A
2024-11-09 16:00:00,440.40793777526875,90.9702973396182,46.23180185953697,4.384115964540553,3.322879243407348,21.052659975772652,26.52184923643405,3.6523643528403555,1962.3175902165235,0.0,65.85316968323022,50.000000000000085,910.2380361987625,False,R410A
2024-11-09 16:05:00,440.5845661759944,90.34539787756182,45.690928704382195,4.7769482325751955,2.8854827591254164,20.888126710680137,25.980458387120198,1.5344713698947205,2012.5447713470267,0.0,66.16349868337191,50.00000000000004,913.9619842004629,False,R410A
2024-11-09 16:10:00,441.1241673331505,90.48937410793447,46.13104722307747,6.0205622904558345,2.812783932396084,21.153230366398635,26.22695510673067,1.9991690703040839,2010.7691865770569,0.0,66.09117997335971,49.999999999999574,913.0941596803167,False,R410A
2024-11-09 16:15:00,438.30138009191546,92.51017929842956,45.81394109602071,5.635100626389719,3.431558709919204,21.335748444007667,26.34664919906429,2.284005796884909,1967.0932455869513,0.0,65.13792883019627,50.00000000000007,901.6551459623553,False,R410A
2024-11-09 16:20:00,436.8927520612132,93.06010367546607,44.79631426537877,5.385000121743428,3.6778544293818234,21.510939611837347,26.70935120629009,3.5790310233609546,1993.8923913961287,0.0,64.86227646903754,49.99999999999963,898.3473176284505,False,R410A
2024-11-09 16:25:00,440.7584242783662,90.70122007568271,46.087144629418184,4.973830169367876,3.19739779995701,21.270000273782102,26.780034877081114,0.8328132868064864,2011.0635569973213,0.0,65.895457026745,50.00000000000003,910.74548432094,False,R410A
2024-11-09 16:30:00,440.4607049958446,91.00041812613627,45.87275978649149,5.3538268289125615,3.2295692371567584,21.522370344455243,26.91396195549617,2.141473722865518,2025.595550656116,0.0,65.72170885056815,49.999999999999915,908.6605062068178,False,R410A
2024-11-09 16:35:00,437.29299834528865,92.61092930428624,45.68037143645541,6.3607015781171725,3.4855870297619216,20.757133414734433,26.275696464563318,1.290050392140766,1953.276382046,0.0,64.9743687743931,49.999999999999865,899.6924252927172,False,R410A
2024-11-09 16:40:00,434.26818152393554,94.49171676402898,45.304311168293125,5.68591144753092,4.250383357276508,20.256252308565667,25.876174134823074,3.1384627760276462,1944.357606997179,0.0,64.09732349746092,50.00000000000032,889.1678819695311,False,R410A
2024-11-09 16:45:00,434.40543729320905,94.24652195263425,45.443930586790266,5.535400658135564,3.7119152313517225,20.23592001870812,25.714885521701312,4.137254809337225,1939.544826377071,0.0,64.17158840084059,50.00000000000007,890.0590608100871,False,R410A
2024-11-09 16:50:00,136.12620506209151,214.59689178668927,3.969188288357799,30.611112309129606,4.0443377111661665,21.37839571722882,20.238859540961823,19.04141317076683,14.33141138639152,6194.819163568098,66.0,49.99999999995546,0.0,True,R410A
2024-11-09 16:55:00,137.08669630854047,217.01558392443332,3.0528004875228123,31.69410220982027,3.871475307611494,21.24926033644929,19.37158550545856,17.914955860797896,13.280792495891665,6075.106032252122,66.0,49.99999999992145,0.0,True,R410A
2024-11-09 17:00:00,136.77791425198632,216.01472416254515,3.34268321394404,30.810915696785294,3.175513760743247,20.52507228380376,18.142835759667776,19.04708133461018,8.384666356666179,6120.184216407012,66.0,49.99999999993616,0.0,True,R410A
2024-11-09 17:05:00,435.28149206532896,93.1456079443088,45.79225089722992,5.4895199105911,3.7769800222829217,20.8080425042809,25.92540526287107,3.0362478007570584,1959.7859579025965,0.0,64.55717755399601,49.99999999999994,894.6861306479522,False,R410A
2024-11-09 17:10:00,430.86721705721726,95.65977572509937,45.28412097589118,5.820780890075194,4.506927666040009,21.135977407939414,26.122569431058267,5.136207583708778,1802.0488894379698,0.0,63.44975477873926,49.99999999999997,881.3970573448712,False,R410A
2024-11-09 17:15:00,438.21573037422786,91.93047233501807,45.87521024142726,6.0097184687754215,3.367845982002456,21.417190749603648,26.367841765641423,2.8426938521844205,1999.7598849333963,0.0,65.05468657268327,50.00000000000008,900.6562388721991,False,R410A
2024-11-09 17:20:00,437.7005223556008,91.76844730246644,47.04452634706125,5.18881815401715,2.9944731334275403,21.178133000382058,26.49970847931205,-2.530031014582669,2013.8426794491643,0.0,65.11396730459889,49.99999999999994,901.3676076551867,False,R410A
2024-11-09 17:25:00,435.71781712192933,93.03150407830607,45.754403729774324,5.935350540381516,3.425166193899039,20.92756968977195,25.966405390358783,4.13156638508968,1907.6532983565326,0.0,64.52622924724258,49.99999999999992,894.3147509669111,False,R410A
2024-11-09 17:30:00,432.6337005166123,94.61771949949821,45.746095013536596,5.290452511943603,4.25512639609155,20.789109259796593,26.106104397131755,3.133399313548796,1886.0068518960577,0.0,63.81500297442423,50.00000000000007,885.7800356930907,False,R410A
2024-11-09 17:35:00,431.63618277540854,95.0132196785734,44.96445760506963,6.241761964565236,3.6496235455683017,21.525140395367153,26.159139990805418,3.4018085351893794,1933.5065383184767,0.0,63.647983025322375,49.9999999999999,883.7757963038686,False,R410A
2024-11-09 17:40:00,432.2695863422492,94.80418727546775,44.654174682871265,5.530912020643094,3.6976888020196617,20.5663226129146,26.097741544770265,3.9684156458139697,1834.2216569527782,0.0,63.73501565285307,49.999999999999865,884.8201878342369,False,R410A
2024-11-09 17:45:00,430.66172532524587,96.09895296726755,44.766786454685004,6.221915524299298,4.595790198344406,20.424602975389902,25.296484143267183,2.510031861189492,1849.4418854746032,0.0,63.13052045147154,49.99999999999992,877.5662454176586,False,R410A
2024-11-09 17:50:00,436.7458582543043,92.2302733795724,45.91501297677231,6.693557432327296,3.5211913801451353,20.87656497230267,26.110334008151554,3.1626097200778336,1965.1176484082507,0.0,64.82408770960163,49.99999999999992,897.8890525152195,False,R410A
2024-11-09 17:55:00,429.40728684000806,95.95432859914779,45.15860667817244,6.859163520943304,4.184342215441423,20.979104448973256,25.744033317669142,4.427573327208379,1855.72743012563,0.0,63.213847335354274,50.000000000000426,878.5661680242513,False,R410A
2024-11-09 18:00:00,433.6736134883111,93.88415630917046,45.49997851952464,5.871323262950754,3.787109910169648,21.046314605325797,26.529582636000512,3.7995937438294773,1831.0389568997346,0.0,64.12894089126718,50.00000000000013,889.5472906952061,False,R410A
2024-11-09 18:05:00,431.56812567795316,95.62520196727114,44.88850610491096,7.938566557145574,3.8978514584006803,21.898170812465793,27.227767348234647,3.240164351220555,1872.7093381485358,0.0,63.321808795492046,50.000000000000355,879.8617055459046,False,R410A
2024-11-09 18:10:00,435.40529097183196,92.79391307223058,45.2795189030639,5.253852371519492,3.8567757458426346,21.03025261294938,26.78477822354351,4.203371680227396,1966.2594725650845,0.0,64.5771205665877,50.000000000000064,894.9254467990523,False,R410A
2024-11-09 18:15:00,432.2485137172921,94.26845185340974,45.14688746178859,6.600186745790717,3.7756154882478032,21.323918015387882,26.767285185264683,2.520082605507093,1958.10769246557,0.0,63.964842890493934,50.00000000000011,887.5781146859272,False,R410A
2024-11-09 18:20:00,432.8655636897688,94.90266624157658,45.47921666105888,5.411024190274752,4.016635763323148,21.27726221611126,26.763651684176978,3.051839786319975,1865.8183074822784,0.0,63.64527716260338,50.000000000000064,883.7433259512406,False,R410A
2024-11-09 18:25:00,429.9295631380864,96.25843211508722,45.30951121926062,6.359175280942145,4.585172200742272,21.735701729646806,26.540784208896977,3.845135224238974,1852.9777326955134,0.0,63.03772668046776,50.00000000000013,876.4527201656133,False,R410A
2024-11-09 18:30:00,435.97364193106733,92.4909164568602,45.0114105405325,4.973396637752234,3.570303252206249,21.20770247162381,26.668424755783114,3.4427598721143626,1941.4160825720462,0.0,64.70541697431497,50.0,896.4650036917795,False,R410A
2024-11-09 18:35:00,432.300644695787,94.58001337487887,45.553467493874145,6.232243005334201,3.8922090548984634,21.188583130203902,26.611265902966363,3.2790617294327724,1837.1185541027303,0.0,63.79278990442247,49.99999999999987,885.5134788530697,False,R410A
2024-11-09 18:40:00,435.2828635631566,93.21479473964136,45.066309634491546,5.839091460296492,3.2142748060899353,21.573364981492528,26.941531046358737,4.539693232508707,1976.0622010107033,0.0,64.37778733298578,50.00000000000008,892.5334479958292,False,R410A
2024-11-09 18:45:00,431.1084303740942,95.232365473166,45.29877251680454,6.093752012562865,4.357812165915,20.83000753930778,25.930705192655036,4.042870625755808,1845.628309237625,0.0,63.50483117569069,50.000000000000014,882.0579741082882,False,R410A
2024-11-09 18:50:00,431.0066681771416,95.75229011366207,44.875792421964725,6.916994788301864,4.394664166021231,20.965571611171274,26.105132113042057,3.9466242394385787,1839.5953845998997,0.0,63.25806744852258,49.999999999999865,879.0968093822711,False,R410A
2024-11-09 18:55:00,429.4577568626319,96.48524594378378,45.63267979399722,6.250069820994973,4.378403070191356,20.76580838071725,26.23077371294573,4.29375546661954,1870.0507278487487,0.0,62.93276138500727,49.99999999999987,875.1931366200871,False,R410A
2024-11-09 19:00:00,433.56157934308004,93.97353055752198,45.05604961474075,6.143309968261896,3.66866436271818,21.16909489813502,26.455234913632594,4.212790025319935,1916.4160737951918,0.0,64.04023181128353,50.000000000000036,888.4827817354025,False,R410A
2024-11-09 19:05:00,430.24671378018905,95.91737362988121,45.03578394053281,6.8149734433551155,4.408524716815503,20.821968356333727,26.426229193992427,4.145470866360463,1824.3914130199062,0.0,63.19060805356111,50.00000000000014,878.2872966427334,False,R410A
2024-11-09 19:10:00,429.3331448478044,96.3981783564194,45.17601135742869,5.761436357353272,4.647188489959094,20.979799053797,26.40873053190744,2.1935301286522817,1846.313423351171,0.0,62.99390607639727,49.99999999999994,875.9268729167673,False,R410A
2024-11-09 19:15:00,436.67113109767644,92.4104758617418,45.09107903558774,5.255048214963908,3.6585830501983914,21.032071489783803,26.045145843079737,4.218764249829971,1971.9593613736022,0.0,64.7414892283978,49.99999999999992,896.8978707407737,False,R410A
2024-11-09 19:20:00,431.03541005393595,95.22347515324887,45.03653981416044,6.262972694492691,4.72746186698242,21.321216439655398,26.946372629100225,3.855717418910872,1837.1643890737737,0.0,63.52791557833045,49.999999999999886,882.3349869399653,False,R410A
2024-11-09 19:25:00,430.7000600020779,95.30750026998095,44.94386816279889,6.545529236233544,4.441884877300893,21.74621938088754,25.78734533935039,4.415305333741132,1904.8665602403214,0.0,63.53909494696122,49.99999999999992,882.4691393635347,False,R410A
2024-11-09 19:30:00,434.6264379649595,93.65489940966907,45.093735492833716,6.576429236911838,3.8336254270488586,20.753055431920828,26.511168301310825,2.9598668279179114,1866.3423416426606,0.0,64.26837929209788,49.99999999999997,891.2205515051744,False,R410A
2024-11-09 19:35:00,436.84728573010943,92.36739480173051,45.345310313183454,5.471831015402602,3.8012545415955312,21.798276119807753,25.939571117883006,1.2530543686796536,1952.731694793258,0.0,64.84045817046689,49.999999999999886,898.0854980456024,False,R410A
2024-11-09 19:40:00,431.86127970053843,95.2520055860959,45.64391891026371,6.05788233041465,4.230716535256915,20.80208146614501,26.216743813394434,1.437208231865255,1888.4757646653832,0.0,63.56776429652082,50.000000000000114,882.8131715582499,False,R410A
2024-11-09 19:45:00,436.9025280386182,92.2955903595621,45.28205609880979,5.121926696639889,3.5717825381035175,20.910122514533953,26.076665061080313,2.113856922388951,1974.512441178511,0.0,64.88355057650656,49.99999999999994,898.6026069180787,False,R410A
2024-11-09 19:50:00,434.5798325129176,93.48758001188591,45.674720330491816,5.976303527213836,4.200220620318626,20.717080122360287,26.58150435447399,3.8286057179828696,1831.504411441026,0.0,64.37737703774937,50.000000000000085,892.5285244529923,False,R410A
2024-11-09 19:55:00,434.81026113085466,93.67618898487017,45.51739183436053,5.704648768691003,3.5837901920978936,21.327691940056646,26.11551659363558,4.651098510504326,1936.779128731662,0.0,64.2935848889199,49.999999999999986,891.5230186670389,False,R410A
2024-11-09 20:00:00,432.97630392359787,94.55018900918193,44.52375415590574,5.899991583529371,4.044000609358718,21.516729764871315,26.378324997710305,3.8389789402181473,1874.561100792778,0.0,63.92598457011554,50.00000000000013,887.1118148413865,False,R410A
2024-11-09 20:05:00,436.3813509264908,92.50065173018503,45.833779674297396,5.520795806943513,3.9246530606826475,21.266651352995037,26.357090310599087,2.015512650513602,1963.2712021097614,0.0,64.86451988022446,50.000000000000135,898.3742385626936,False,R410A
2024-11-09 20:10:00,437.0649622477262,92.21534424221305,44.925080337501505,5.766698107871365,3.5835812442786628,20.50738658930449,25.851186530800994,2.206759933182548,1957.5364852548657,0.0,65.0182318463476,49.99999999999995,900.2187821561714,False,R410A
2024-11-09 20:15:00,435.9814866530758,93.46583255555869,45.727989412037495,5.499543392803813,3.670692773782809,20.966170137883783,25.52730390789112,4.6421917680446185,1985.1609756542011,0.0,64.43718266121311,50.0,893.2461919345573,False,R410A
2024-11-09 20:20:00,433.0348996890046,94.22441201970254,45.05653668098741,5.533744285475094,3.4079754003172953,21.235976117567372,26.622151901480404,2.109042459387996,1856.5213697865377,0.0,64.16035334014092,49.99999999999994,889.9242400816909,False,R410A
2024-11-09 20:25:00,431.3765855363254,95.8837666366471,45.0438115209153,6.496358234017619,3.5993920582924552,21.38975696368461,26.58010928575988,5.882269022464931,1884.7448871465658,0.0,63.439007718098864,50.000000000000036,881.2680926171863,False,R410A
2024-11-09 20:30:00,440.1404653043171,90.29647934042659,45.34690268801718,3.495080665284907,3.630797473154424,20.442727319389277,26.077540145751637,4.383980642050829,2058.098555709269,0.0,65.9841137675476,49.99999999999992,911.8093652105711,False,R410A
2024-11-09 20:35:00,437.11339458905104,92.53929368644127,45.68786627356704,5.195927430816309,3.590320064022395,20.89849672170078,25.691990113278653,5.132488587517037,2051.566636284466,0.0,65.0044669647057,49.999999999999936,900.0536035764685,False,R410A
2024-11-09 20:40:00,133.8144425486301,212.80887452553813,3.465918862270934,30.426788903581944,2.8272217115597456,21.70147243316308,20.149618018267454,18.38314514077007,2.053696842175018,6299.144721350031,66.0,49.99999999997435,0.0,True,R410A
2024-11-09 20:45:00,135.1095829825612,216.36118261205664,3.0718796482506723,32.07699147377038,3.580199429000935,20.730229244247532,19.040030656159125,18.13383754466349,30.005084626964646,6133.623173208306,66.0,49.999999999939995,0.0,True,R410A
2024-11-09 20:50:00,133.55462848214205,211.92834808992023,2.5481469611254663,30.631264122926023,2.5674282627064673,21.068126990809105,18.868629560339446,18.20807677034901,-19.31946453300617,6351.894323530884,66.29653899160505,49.9999999999813,0.0,True,R410A
2024-11-09 20:55:00,441.9885193605086,90.01965430372992,46.33634648157907,4.574260649305948,2.7552583237206845,20.89293447173855,26.463391557151034,3.263203657991507,2064.3121071446826,0.0,66.29076258612088,50.000000000000014,915.4891510334504,False,R410A
2024-11-09 21:00:00,442.2095057761715,89.57304725797216,46.45232074521973,4.692339979511687,2.434369104240435,20.43228346471238,25.09641951955804,1.5658753163480057,2062.8577009623336,0.0,66.56669755572335,49.99999999999986,918.8003706686803,False,R410A
2024-11-09 21:05:00,442.61460506543614,90.19205499384435,44.89350696068702,4.55485163924585,2.428555778108956,21.16696219625792,26.306633600828192,1.2513346156521463,2061.6185811793084,0.0,66.29492429304338,49.999999999999844,915.5390915165207,False,R410A
2024-11-09 21:10:00,441.8945970499972,90.75887015849206,47.02067046007824,4.781386216674087,2.351214811999477,21.28323949172833,26.684371177910588,-0.3012261982798092,2067.8222668680005,0.0,66.03457940849829,50.00000000000003,912.4149529019795,False,R410A
2024-11-09 21:15:00,441.4543169634363,91.0132450529291,46.232307861159526,5.091180379364438,2.563327956484207,21.833237791711806,26.814560684426826,1.7703173966204906,1918.0523815204724,0.0,65.91474965169428,49.999999999999915,910.9769958203315,False,R410A
2024-11-09 21:20:00,442.39631951547943,90.2035373156998,46.461166448228006,4.638703626744828,3.1561101731792003,20.447238936841636,25.975035170538405,3.590610322648322,2055.654400991272,0.0,66.30055231200407,50.000000000000135,915.606627744049,False,R410A
2024-11-09 21:25:00,445.85185308216006,88.23776939561749,46.386056240142736,4.174955989232325,2.093500127005334,21.20894458118706,25.978823290188032,1.2731352016390283,2103.250478534854,0.0,67.22087056926331,49.99999999999996,926.6504468311597,False,R410A
2024-11-09 21:30:00,441.65281329115396,90.96321897724984,45.06720287759757,4.501748320646086,3.167294791042604,21.10024919591184,26.2743815150565,2.6024686240990826,2048.056404602784,0.0,65.98634568499652,50.000000000000036,911.8361482199582,False,R410A
2024-11-09 21:35:00,443.53298798080283,89.98155311830044,46.49557037763307,4.212162333729122,3.076048420942951,20.883612616214833,26.57284005827941,3.2720947245972294,1995.2454377619615,0.0,66.42189159202123,49.99999999999968,917.0626991042546,False,R410A
2024-11-09 21:40:00,440.50604602649764,91.55709329570509,45.61140066595254,5.171658875371167,3.1463143321382647,20.507670029136595,26.335523664098776,3.9211827369218666,2006.169041871486,0.0,65.71731914684796,49.999999999999886,908.6078297621752,False,R410A
2024-11-09 21:45:00,444.7756510907966,88.67547374470115,46.67428738301398,4.616871540329831,2.3740011217405996,20.791413486620204,26.181983399860027,2.172130567291642,2058.590271132189,0.0,67.07285742912616,50.00000000000011,924.874289149514,False,R410A
2024-11-09 21:50:00,447.9422642985068,87.29383476200677,46.53982883234655,3.4202825214707975,2.174267719521072,20.79867529230955,25.597579480914085,2.0186570799760246,2234.905701843153,0.0,67.73127831327446,49.999999999999865,932.7753397592935,False,R410A
2024-11-09 21:55:00,444.7486847883911,89.18785542244387,46.45288657350107,4.934814862433243,2.4298580447855853,20.77219799035881,26.737701153912617,1.037853527239344,2100.5533913615754,0.0,66.89031169051435,50.00000000000013,922.6837402861725,False,R410A
2024-11-09 22:00:00,441.77596925364554,90.3910424525935,45.76965596961216,5.172484939490004,3.151633898194619,21.422955932254492,26.62509795999482,3.3135177665015343,1986.9218263188786,0.0,66.41907776084474,50.00000000000001,917.0289331301369,False,R410A
2024-11-09 22:05:00,131.5949314067291,209.50023497077137,2.83176573803097,30.886915835830813,2.9625314289348523,20.507097806489057,19.34711896103281,18.66309450898877,3.0441806345808176,6510.150056657974,67.200857466617,49.99999999999343,0.0,True,R410A
2024-11-09 22:10:00,132.19161749034873,208.97100097809817,1.7359843107661659,30.480118372865302,2.7651173796062887,21.39947064623024,19.020091308221936,15.459820758075882,4.740031902504179,6534.439159326749,67.33965233901,49.99999999999447,0.0,True,R410A
2024-11-09 22:15:00,130.30184474956425,207.28828049256182,3.2079919719132057,30.403748309388106,1.4397382888115406,20.71955262403697,18.551782508853087,18.84815307977923,-16.900899897478205,6620.177459264736,67.82958548151277,49.999999999997264,0.0,True,R410A
2024-11-09 22:20:00,442.7895852891111,90.80445440668554,47.21596473873827,5.963192360629469,2.7395714106822737,21.484038967238646,26.401342192404275,-0.8299800285300071,2012.4436990884324,0.0,66.25864112331939,50.000000000000085,915.1036934798327,False,R410A
2024-11-09 22:25:00,449.2634537433137,86.90031272178985,47.59173706979753,3.815389496808988,1.9673980388819812,21.185573743070265,26.21459769566553,-0.4392188146170921,2165.502399784056,0.0,68.06769940550473,50.00000000000006,936.8123928660568,False,R410A
2024-11-09 22:30:00,449.0611425147793,87.02302814172985,47.40609382499314,3.45268180674738,2.114444945318922,21.694809791972695,27.001049492992912,-0.9469107179919531,2151.8062303554966,0.0,68.04894488561568,50.000000000000036,936.5873386273882,False,R410A
2024-11-09 22:35:00,446.69179694163006,88.518799871684,46.47956015407408,3.537190947468061,1.7860265277681775,20.42680675170245,26.031125708475887,1.7438450429682157,2102.140287203862,0.0,67.39155822184242,49.99999999999993,928.698698662109,False,R410A
2024-11-09 22:40:00,452.81737934149913,84.95222430139567,47.74128976739659,4.33381507908551,0.9329450158586627,21.510920489049088,26.59116436158159,-1.7505398643075116,2181.2875470407994,0.0,69.0880437720613,49.999999999999936,949.0565252647356,False,R410A
2024-11-09 22:45:00,446.31477371520424,88.60346838963588,46.50185529200655,5.15113557448984,2.6587788700281285,21.28998245549638,26.626112880565973,0.7741786131169551,2136.1886526619587,0.0,67.46651610971898,50.00000000000008,929.5981933166279,False,R410A
2024-11-09 22:50:00,449.10950731875033,87.69159446897187,45.93269835141529,3.591757298982296,1.886321374366478,21.440032631810222,27.07113278508058,2.0778851805973892,2129.3422368138977,0.0,67.89188566010117,49.9999999999999,934.702627921214,False,R410A
2024-11-09 22:55:00,448.6119358154823,88.00841151777257,47.40882028018575,3.760046829433514,1.6774853342368223,21.249000500352086,27.24247367119927,-1.162337432982892,2206.1738718856327,0.0,67.75258552845442,50.00000000000011,933.031026341453,False,R410A
2024-11-09 23:00:00,128.63435505301163,206.54015248697758,2.454183290686152,29.727775540459312,1.5586788169080108,21.717902241920353,19.20404302420195,15.580348737900508,-33.35396590353273,6688.580129271286,68.2204578815502,49.99999999999872,0.0,True,R410A
2024-11-09 23:05:00,128.52974233368158,204.82624411080837,1.624136799939856,30.25193478984057,1.7569487467612384,21.499180841214876,19.582250936986853,15.60480166531854,9.534167266725545,6776.067776181349,68.72038729246485,49.999999999999325,0.0,True,R410A
2024-11-09 23:10:00,126.46022365290075,202.4232751948233,0.6692085087282644,28.638149538153684,1.0350363314547901,20.923006715017593,18.736594974692743,14.989354373702456,-6.5363044748030985,6901.369776912156,69.43639872521231,50.00000000000013,0.0,True,R410A
2024-11-09 23:15:00,453.1063837129758,85.58705658036523,46.83773801095681,2.508905771893831,1.5647032269934837,21.906416934016875,27.540974796220432,0.46762498403625063,2234.3215188718423,0.0,69.01556893132346,50.00000000000013,948.1868271758816,False,R410A
2024-11-09 23:20:00,455.6530010447355,84.3084355448044,46.45381547948399,4.264572875710754,0.887197428605722,21.094002341626084,26.627861649892605,1.1659149458620326,2285.9664024002204,0.0,69.63836872514065,50.00000000000014,955.6604247016878,False,R410A
2024-11-09 23:25:00,452.69652451800874,86.08207970468254,47.53395350270685,3.740969208262887,1.0615225265876438,20.873973750725703,26.836914461692366,-2.12633548579603,2231.1979783978127,0.0,68.8304348703943,50.00000000000014,945.9652184447316,False,R410A
2024-11-09 23:30:00,452.114709173702,86.23087861163917,46.247883025196906,3.8278233081206263,2.0279307041277432,20.221284526149475,26.626947900746924,2.0760582118979682,2250.0458111685916,0.0,68.79876668967731,50.00000000000007,945.5852002761278,False,R410A
2024-11-09 23:35:00,451.29459063552554,87.05387869614796,47.05291078381027,3.684786532417427,1.9067965084041165,21.493076585671727,25.82901879507025,1.1681250556000609,2216.882864076557,0.0,68.42532092996515,50.00000000000014,941.1038511595817,False,R410A
2024-11-09 23:40:00,453.9357674490433,85.39001731283983,46.788432142371825,3.61918737351011,1.2861696532796634,20.265772386756414,26.630527435771544,0.596889989809728,2335.688731122012,0.0,69.2274101766978,49.999999999999815,950.7289221203737,False,R410A
2024-11-09 23:45:00,453.2008709116783,85.92629521345062,46.4129966128223,2.7410992779001266,1.3417937030661364,20.548810118736746,26.32233215034965,1.0149676498666884,2234.3048809914517,0.0,69.00359556085877,49.99999999999981,948.0431467303051,False,R410A
2024-11-09 23:50:00,456.41668438596673,83.934114270362,47.615619096528796,2.584284316717206,1.4442147108698908,21.180817508286882,26.643205234958682,1.8998995319036425,2237.770001242715,0.0,69.99051079970536,50.00000000000001,959.8861295964643,False,R410A
2024-11-09 23:55:00,458.1678609054805,83.77564759418838,47.353403867608314,3.025507528575519,1.1503875999728344,21.25950660587681,26.46348128712665,-0.8984101056280909,2254.9784983865893,0.0,70.05414282737156,50.0000000000001,960.6497139284587,False,R410A
2024-11-10 00:00:00,126.37343282657442,202.37907498385158,1.615682105732768,28.061142106569964,1.5406314625108122,21.273606451430194,18.6847783881801,17.852954524439227,17.176740051335504,6931.19435644297,69.60682489395984,49.99999999999994,0.0,True,R410A
2024-11-10 00:05:00,125.18155693144726,200.30295654188234,0.25491525384665503,28.737459081303893,0.7136100849642488,21.05402200891125,19.1680059468174,16.848877997135645,8.789555851207288,7038.948739126147,70.22256422357799,49.99999999999987,0.0,True,R410A
2024-11-10 00:10:00,124.15221362257608,200.6813859070335,0.5409224750909271,28.737497612660633,0.9347797598817116,21.560207128011772,18.972290919972316,15.89792330279044,-9.771774719386416,7028.1470707602575,70.16084040434433,49.99999999999993,0.0,True,R410A
2024-11-10 00:15:00,461.3400288761802,81.7205449345252,46.76068045261334,2.2426528082131014,0.5146575989872418,20.291309082391276,25.83688885391867,1.0770236089583958,2411.089846067651,0.0,71.21200415162343,49.99999999999999,974.5440498194812,False,R410A
2024-11-10 00:20:00,462.12368499610324,81.87282235718665,46.83944518394209,2.148967729281436,0.2594879003977742,20.94471854535081,26.675762391225582,-0.397964218882386,2393.8331624431116,0.0,71.15098273361615,50.000000000000036,973.8117928033938,False,R410A
2024-11-10 00:25:00,458.54954036352126,83.57421165169595,48.54242831115527,2.3109445621747273,0.7802308924108842,21.55890293038068,26.627149364089274,-1.9054310995610488,2375.903083544974,0.0,70.38221894977605,50.00000000000007,964.5866273973124,False,R410A
2024-11-10 00:30:00,458.295024827265,83.30757480352968,48.763969254618466,1.7927572314396982,0.5286900546101835,21.286038024966796,26.702627188154118,-2.837641350966574,2327.13444625851,0.0,70.59245368684968,49.999999999999744,967.1094442421962,False,R410A
2024-11-10 00:35:00,464.57633420857036,80.8287576938497,48.214351106691495,2.181722851477681,0.2290670871446402,20.622517479516628,26.478399952185377,0.5758244917792683,2505.9936645564044,0.0,71.78130134421204,49.999999999999616,981.3756161305445,False,R410A
2024-11-10 00:40:00,460.66564574364264,82.56524967679192,47.46704338992076,2.3446609761031936,0.0983047203461413,20.578145702485536,25.470674937678748,-0.712532635734352,2370.905952546793,0.0,71.01055406099738,50.000000000000014,972.1266487319685,False,R410A
2024-11-10 00:45:00,464.67441557947177,80.99951995435646,48.01059079063236,1.4326055555457815,0.2918373346042373,21.407995726037306,26.397600850940897,-0.4311214601716206,2413.5614185589884,0.0,71.75950734233976,49.999999999999574,981.1140881080772,False,R410A
2024-11-10 00:50:00,463.30236671610834,81.41027054217376,48.53904102258115,2.2282614779662557,0.29020873207224335,20.842525604495897,26.142196947431717,-2.1238664101254336,2361.84086752765,0.0,71.60601045690126,49.999999999999645,979.2721254828151,False,R410A
2024-11-10 00:55:00,460.6411589754746,82.94891910511396,47.58471466779924,2.3966459988499604,0.48312853783411686,20.944114396384702,26.33359452192229,1.0923107378744956,2376.3154244869816,0.0,70.91175780722737,49.9999999999999,970.9410936867284,False,R410A
2024-11-10 01:00:00,462.79865368313386,82.09879421562312,48.11576843153728,2.106886026813692,0.47225314634037496,20.75231864221598,26.3934787441204,-0.9837570391241324,2447.1989604670825,0.0,71.3252039947105,49.99999999999966,975.9024479365261,False,R410A
2024-11-10 01:05:00,462.8185943627103,81.67532832295001,48.088571614884124,1.128286369763276,0.09725167404710776,20.98290619557829,26.566889057522648,0.4598720482873666,2414.050225805859,0.0,71.586532373666,49.99999999999984,979.038388483992,False,R410A
2024-11-10 01:10:00,461.13174391911855,82.6606870592694,47.65866468126559,2.750622401077908,0.20819942252577509,20.93094906540762,26.267861298645084,-1.072746436202218,2334.131961488724,0.0,71.18152271015208,50.00000000000001,974.178272521825,False,R410A
2024-11-10 01:15:00,468.64239789311654,79.08645892864479,48.33604882546974,0.9179475486578664,-0.3024090848509655,20.424538494281514,25.574198009022908,-3.115857756896498,2530.863994159475,0.0,72.93105386257514,49.99999999999972,995.1726463509017,False,R410A
2024-11-10 01:20:00,470.1677532432185,78.61183414354305,48.838678632074995,1.4422775324442934,-0.413253393430016,21.753101347852795,27.189260093363373,-1.8374212422071148,2526.704874997618,0.0,73.17871518995265,49.99999999999968,998.1445822794319,False,R410A
2024-11-10 01:25:00,469.6403472437227,78.47946833142184,48.25405723526723,0.9391973736690533,-0.8088494762573107,21.493329387383714,26.647524980560462,-0.32200842853828304,2625.69971768972,0.0,73.3133368092292,49.999999999999744,999.7600417107504,False,R410A
2024-11-10 01:30:00,469.65464665040173,78.54976056117745,48.98509268380848,1.1266660598970448,-0.85688636900188,21.104285956925445,26.79578840941664,-1.1911875603068096,2598.993731153509,0.0,73.35794136265793,49.999999999999716,1000.2952963518951,False,R410A
2024-11-10 01:35:00,476.397469171748,75.84380109083445,49.023914955009126,1.2298736660966743,-1.4011646249064187,20.81708880931986,26.10381882351359,-2.3812705515344748,2595.487393803077,0.0,74.69254515955657,49.999999999999034,1016.3105419146788,False,R410A
2024-11-10 01:40:00,471.26280024693887,78.15342258840975,48.92119237866439,1.4557974652813268,-0.9756133309645652,21.24220779189678,26.584253334601453,-1.2545333116293516,2555.7451384139977,0.0,73.62002327024072,49.99999999999944,1003.4402792428888,False,R410A
2024-11-10 01:45:00,116.74065569716682,189.3079031886919,-0.31568571691512604,27.55735297314533,-0.5501312670347249,21.2303142378868,18.816397509866082,14.01473267301735,-8.561095922342114,7702.683449999791,74.0153339999988,50.00000000000908,0.0,True,R410A
2024-11-10 01:50:00,116.94519075354683,191.0092190798123,-0.8621374314591607,27.387151338465102,-0.6830986945874222,21.395280588217467,19.49544146513469,14.843857140018642,-16.514891282048566,7622.31449309599,73.55608281769136,50.0000000000029,0.0,True,R410A
2024-11-10 01:55:00,116.56109167504611,189.52666078187136,-0.5566593815773786,27.181510240497012,-1.0121814816092105,20.751087103561215,19.613985521366207,12.371728523900977,-12.288877482499442,7705.796543085682,74.03312310334675,50.00000000000959,0.0,True,R410A
2024-11-10 02:00:00,476.2370278647993,76.27487777450149,48.386816106581875,-0.26767954614480605,-1.6569275381384263,20.031994075314355,26.555979824524893,-1.9794630028662359,2682.841329121914,0.0,74.75422009206343,49.99999999999879,1017.0506411047612,False,R410A
2024-11-10 02:05:00,473.9769883536476,77.65474764321681,48.79983941719738,0.7945429377098154,-0.8249977312459151,21.407178028510256,26.549363093551065,-1.422417293815383,2609.1607117281446,0.0,74.09338913071382,49.99999999999919,1009.1206695685659,False,R410A
2024-11-10 02:10:00,473.7105991093595,77.47462754983327,49.10202518572207,0.7699710338303083,-1.3010559702287126,21.268841355246412,26.484510120188716,-2.9829446640996444,2571.991604072805,0.0,74.23514900049078,49.99999999999912,1010.8217880058894,False,R410A
2024-11-10 02:15:00,478.5315916086726,75.68199107195392,50.37682010928649,1.0582927172649756,-1.749363886235324,21.430273471659447,27.762481594229467,-5.932622114145648,2530.793378433902,0.0,75.10707938582203,49.99999999999874,1021.2849526298643,False,R410A
2024-11-10 02:20:00,477.54151276585736,75.69778500979481,48.451527904346,0.1715467414119406,-1.3435541957116197,21.419645870281464,26.392976966074826,-2.4400470136169847,2647.37184061618,0.0,75.15067718926919,49.99999999999896,1021.8081262712302,False,R410A
2024-11-10 02:25:00,482.7338150214526,73.28304094508464,49.850629503906084,-0.06588282527523354,-2.0821157635057252,21.81490998691243,26.9785156602244,-2.689788296533169,2786.9265128800857,0.0,76.39662515960659,49.99999999999811,1036.759501915279,False,R410A
2024-11-10 02:30:00,480.9282386919025,74.6821141185695,50.36513750515632,0.26382123194479634,-2.600091722338247,21.44920733813273,26.603828561910934,-4.83701141454205,2643.861354187662,0.0,75.69811487919516,49.99999999999854,1028.377378550342,False,R410A
2024-11-10 02:35:00,479.86440515981235,74.93325612715387,49.208174425323875,0.7779247428639445,-1.848244066405712,21.71180391540164,26.883322747595074,-2.8572613186196643,2799.509603913287,0.0,75.60182567455284,49.99999999999862,1027.221908094634,False,R410A
2024-11-10 02:40:00,478.22099951456454,75.641694998881,49.38047435507357,0.28393627846505964,-1.6115357942175872,20.856911148938057,26.657591798340125,-2.746526273348997,2658.610614412879,0.0,75.29838336076375,49.99999999999887,1023.5806003291649,False,R410A
2024-11-10 02:45:00,481.56811420390574,74.18431659706063,49.936319780867024,0.38662642322756724,-2.1291458978533546,20.514636386056967,26.066880894321667,-2.922443372598276,2775.3893103636774,0.0,76.05453410223802,49.99999999999825,1032.6544092268562,False,R410A
2024-11-10 02:50:00,481.20452494799196,74.7207101668324,49.762212092968475,-0.7457096552115454,-1.8451679884358416,20.705089586627246,27.02785967303383,-2.09475532679404,2700.476502108645,0.0,75.78655417628556,49.99999999999857,1029.4386501154268,False,R410A
2024-11-10 02:55:00,482.9486331178543,73.89373657422558,50.60450265577036,-0.902499607196177,-2.638396291596909,21.399425023927183,26.782388396472566,-1.3508688839308876,2701.615725165305,0.0,76.19097978144842,49.999999999997954,1034.291757377381,False,R410A
2024-11-10 03:00:00,479.15995157817053,75.27706879333374,49.80777036600816,-0.9197167869409886,-2.6273507944309427,21.199674952899805,27.14936897837556,-4.498441501072845,2722.6002217104246,0.0,75.55608922925745,49.999999999998444,1026.6730707510894,False,R410A
2024-11-10 03:05:00,113.86851371717829,185.35641531386338,-1.0992611680733868,26.629844871736168,-2.0557880873415777,21.21320552363768,19.177398774305352,13.85985450547133,1.5960396426979422,7967.101665540674,75.526295231661,50.00000000015444,0.0,True,R410A
2024-11-10 03:10:00,113.69333728849455,185.012852728177,-2.003597002469964,26.51324064507936,-1.7389186872848632,21.29160180492526,19.243737495180152,13.065255514991511,-13.76136261293685,7988.257488335253,75.64718564763001,50.00000000018544,0.0,True,R410A
2024-11-10 03:15:00,112.26815012722432,183.6591487855188,-2.4166250699110825,26.402051422663707,-3.013849232842201,21.09273538111208,19.311623118573163,13.479359916812902,-11.632589023816275,8000.0,76.09272472857187,49.999999999847056,0.0,True,R410A
2024-11-10 03:20:00,486.16721227845164,72.37148428173494,50.06479629718099,-0.9088914427741626,-2.8232743450929187,20.889904441116318,27.085677688837286,-1.8846671876600778,2888.0203009100696,0.0,77.14042104984213,49.9999999999973,1045.6850525981058,False,R410A
2024-11-10 03:25:00,484.3254044766692,73.31615319978945,49.43087277053221,-0.6290062517220265,-2.9240607137145105,20.845783163205635,26.278731152337674,-3.6023584987712693,2767.2834323919487,0.0,76.69446484590938,49.99999999999736,1040.3335781509127,False,R410A
2024-11-10 03:30:00,484.31769055406136,73.58642733387401,50.200708269561424,-0.339127049939655,-2.351390480367904,21.460959757623353,26.932104285816134,-1.8342985507112528,2841.170235703098,0.0,76.557206457217,49.99999999999781,1038.686477486604,False,R410A
2024-11-10 03:35:00,484.2602292108638,73.6203751780701,49.757859129690544,0.4541187367162639,-1.680361137370809,21.02811506950153,26.22632856795104,-4.021773779085493,2805.571702787542,0.0,76.53546182951513,49.9999999999978,1038.4255419541814,False,R410A
2024-11-10 03:40:00,482.8401298045528,73.99861701105046,49.55650954463262,0.6570420709825535,-2.255024791227702,21.58397689688208,26.70230082481187,-2.562272760061216,2829.6105201623473,0.0,76.37974398565694,49.99999999999787,1036.5569278278833,False,R410A
2024-11-10 03:45:00,480.00236551853254,75.45533428267193,49.88160033154091,0.5538760759468,-1.8752790225731417,20.891681708310564,27.01570432872561,-2.5855449383098645,2666.0517863005343,0.0,75.68605633794776,49.99999999999861,1028.232676055373,False,R410A
2024-11-10 03:50:00,482.08324871158123,74.67329880278967,49.20806174649527,0.12561701509186424,-1.788123565073417,20.63112684587497,25.869782242891343,-2.4936133793024986,2678.7266806850857,0.0,76.07978569461977,49.999999999998295,1032.9574283354373,False,R410A
2024-11-10 03:55:00,486.6028169592969,72.28904848087603,50.62533773396717,0.014242512797698614,-2.647056868709192,20.538512590954777,27.023724475392132,-4.142483120901864,2898.7014257490846,0.0,77.30689767210472,49.999999999996795,1047.6827720652566,False,R410A
2024-11-10 04:00:00,483.1083616924048,74.24846246161532,49.63613943796036,-0.2949987381828264,-2.2315750406648496,21.631758363309352,26.804732646924304,-2.230194053557846,2791.184774279344,0.0,76.3341550192161,49.999999999997875,1036.0098602305932,False,R410A
2024-11-10 04:05:00,483.24699333111556,74.06503753348886,50.497601818260414,-0.41954222685890696,-1.9460776843742589,20.933871118455148,26.309124221178745,-1.1377841961029793,2772.0828791122076,0.0,76.44814292323552,49.99999999999805,1037.3777150788262,False,R410A
2024-11-10 04:10:00,487.1892879190999,72.06817602817246,50.1130383369928,-0.8103872284503576,-2.6043100229899108,20.63867271532241,26.25443064487244,-4.217733038959831,2885.458076640724,0.0,77.49175233628691,49.99999999999667,1049.901028035443,False,R410A
2024-11-10 04:15:00,483.74130898073076,73.79374074485501,50.317163518909304,-0.824302098883571,-2.2483571857038465,20.524538353613064,26.759186292802834,-2.6452993925105592,2796.997445062474,0.0,76.66988982834758,49.99999999999769,1040.0386779401708,False,R410A
2024-11-10 04:20:00,487.1809923067069,72.69248988999034,50.290837812538946,-0.6889135163891253,-2.6430428799735584,20.67384863947357,25.889984845355002,-2.245535713124305,2865.8905675146525,0.0,77.20281766840664,49.99999999999684,1046.4338120208797,False,R410A
2024-11-10 04:25:00,489.89715376945395,71.07903488261098,50.885766894979874,-1.5771252993888134,-3.1222406889149625,20.601233160557417,26.321472017592765,-3.8151620056622937,2818.1721139907663,0.0,78.03684255499368,49.999999999995374,1056.442110659924,False,R410A
2024-11-10 04:30:00,485.66486346494133,73.45180255037491,50.11206701671737,0.10304581525838885,-2.134306828621901,20.84778720361299,26.597300022363005,-1.5490651726347422,2823.62248761997,0.0,76.8189161883828,49.99999999999741,1041.8269942605937,False,R410A
2024-11-10 04:35:00,485.66310058417264,72.99674117258012,49.321415135869266,-0.26564142720467737,-2.638423908684938,21.165558894821807,26.223798845152636,-3.467173464139901,2825.5112803509815,0.0,77.07497024544237,49.99999999999719,1044.8996429453084,False,R410A
2024-11-10 04:40:00,487.3102072845214,72.42169984442305,50.76846062435668,0.029362725793093403,-2.3160426091740156,21.05633866495265,26.65980121580632,-3.301713176179615,2892.050464124025,0.0,77.37083694596163,49.99999999999656,1048.4500433515398,False,R410A
2024-11-10 04:45:00,487.1046115039125,72.92456097254022,50.10823328031086,-1.3507410568435065,-2.8502435652731966,21.430543314528204,26.974073564439085,-4.0292538518129835,2845.3328562645734,0.0,77.07219931077283,49.999999999997144,1044.866391729274,False,R410A
2024-11-10 04:50:00,487.76164955647783,71.87703062437578,50.758982323045025,0.1318827609708909,-2.3888305261384115,20.588333713251775,26.033283034376392,-3.192375355420356,2884.211775494084,0.0,77.6379314249803,49.999999999996206,1051.6551770997635,False,R410A
2024-11-10 04:55:00,484.981558559247,73.11093860973337,50.49917815058892,-1.324977589769373,-2.397127857946127,21.2204545241901,27.4370357294474,-3.035716937373682,2804.2376078301104,0.0,77.0774797657453,49.99999999999699,1044.9297571889435,False,R410A
2024-11-10 05:00:00,487.86582284468403,72.45647743673867,49.882573533457865,-1.2914497361596478,-2.982856175533647,21.146350312523687,26.59331663267648,-2.556394453773179,2875.523350990471,0.0,77.3845913972361,49.9999999999967,1048.6150967668332,False,R410A
2024-11-10 05:05:00,486.79522235228876,72.52436426162416,49.81058627311924,-1.0010560743740657,-2.5379517105768294,22.060351977142886,26.709460758424584,-3.8268513413648155,2898.223285576472,0.0,77.38129060188504,49.99999999999645,1048.5754872226205,False,R410A
2024-11-10 05:10:00,486.87780487371333,72.69501581791035,50.56711799691494,0.001273084397682256,-2.847678131082435,20.716421325376167,26.680768318236566,-3.834582886137825,2884.685145855616,0.0,77.3051745231745,49.99999999999691,1047.662094278094,False,R410A
2024-11-10 05:15:00,490.8102854615216,70.76280608902282,50.46210151876573,-1.0388479626803575,-3.1416062949904022,21.36478890912943,26.534841590824616,-3.1891425933946635,2891.447222445397,0.0,78.3032694225893,49.99999999999497,1059.6392330710714,False,R410A
2024-11-10 05:20:00,490.58426268732717,71.06810744006566,51.02411236440722,-1.1964449248260822,-3.220518440708871,20.423900275354242,26.23726075687436,-2.1773398094907317,2927.1898920665312,0.0,78.14906059913059,49.99999999999524,1057.7887271895672,False,R410A
2024-11-10 05:25:00,493.83593371779455,69.3400287185606,50.80783476912207,-1.9255607047273626,-3.5691206366447066,20.44049263873043,26.511703142621528,-3.4002367397737983,2907.4293851005887,0.0,79.05849397480956,49.999999999993,1068.7019276977148,False,R410A
2024-11-10 05:30:00,487.3357260533041,72.56710740172383,50.799014627365985,-1.4043805601861363,-2.4339837467128254,20.814602402358563,27.280491866683274,-1.3690007362446406,2943.837275363703,0.0,77.43282596971156,49.99999999999648,1049.1939116365388,False,R410A
2024-11-10 05:35:00,492.04105769238623,70.49827225327184,50.88843830882971,-0.6694010937870396,-3.080161259989538,21.880188224201564,27.32496133166195,-3.180407284411591,2804.7441333432967,0.0,78.47142951126709,49.99999999999449,1061.6571541352052,False,R410A
2024-11-10 05:40:00,488.38179583752384,71.92319053145965,50.561133313644596,-0.4902081251923829,-3.2271373732474253,20.825938706729975,26.085433311654615,-2.8702348998623335,2859.4292979125257,0.0,77.77905551143341,49.99999999999601,1053.348666137201,False,R410A
2024-11-10 05:45:00,488.26907761673385,72.08842676971572,50.2064376081006,-0.18169908808147073,-3.178353209125178,21.223756307633057,26.359003305484652,-2.6786313959577273,2850.6267914976434,0.0,77.7158485532553,49.99999999999643,1052.5901826390634,False,R410A
2024-11-10 05:50:00,488.031868742203,72.3033076457852,50.472900864672475,-0.6105070133650566,-2.727683393776019,21.07485179499642,26.652871393476214,-1.820745321076456,2834.45030970599,0.0,77.61783215371123,49.99999999999626,1051.4139858445349,False,R410A
2024-11-10 05:55:00,492.6957185312277,69.9508594342335,51.413954370383536,-2.74442191315401,-3.320414545807509,20.00844626760574,26.074254526355492,-2.685800617759056,2976.9861676026744,0.0,78.84674136775249,49.99999999999332,1066.1608964130298,False,R410A
2024-11-10 06:00:00,490.47176998879485,71.2357462069956,50.54941717003544,-1.72432466549686,-3.304366692972263,20.806349186591003,26.64322141779249,-4.686911432264903,2803.01467465703,0.0,78.20406639831228,49.99999999999527,1058.4487967797472,False,R410A
2024-11-10 06:05:00,486.2761755005854,73.3271705148881,50.44518245423382,-0.340357990265839,-2.0953989982945815,20.708966086375177,26.052282894673308,-2.272211755579122,2947.2745137605525,0.0,77.1455872863784,49.99999999999712,1045.7470474365407,False,R410A
2024-11-10 06:10:00,486.035732094155,73.33372532282904,50.20444561385447,-0.7598792802574912,-2.330972286458603,21.325736422080936,26.272835926855564,-2.8096642618409735,2746.4471606561738,0.0,77.15004153527897,49.99999999999697,1045.8004984233476,False,R410A
2024-11-10 06:15:00,487.9965698357642,72.44461225653578,50.412471683177024,-1.0796471992031544,-2.987899125354529,20.62711586659598,26.181392782135365,-3.4942612316280184,2795.1906625322795,0.0,77.60045243147817,49.99999999999629,1051.205429177738,False,R410A
2024-11-10 06:20:00,489.7066214388758,71.69369618025834,51.35257210101206,-1.5394356791686485,-3.2044988914686825,21.006615277572962,26.62293583822807,-5.260751452181305,2817.137176290788,0.0,77.97564459344775,49.99999999999577,1055.7077351213732,False,R410A
2024-11-10 06:25:00,492.9956982823308,70.04028766318513,51.4107594093849,-0.9393977414462386,-3.4815364892674836,21.46960398613477,26.74486171747785,-5.4533534354137885,2966.4411657505925,0.0,78.82638505030701,49.99999999999359,1065.9166206036844,False,R410A
2024-11-10 06:30:00,488.8929468363055,72.21791900754104,50.42677394045652,-0.6213330584377257,-2.9489857004671265,20.640564452270837,26.23938163773081,-3.713896597257978,2930.897838730333,0.0,77.69885875428976,49.999999999995985,1052.3863050514772,False,R410A
2024-11-10 06:35:00,490.76316340224537,71.4302401697387,50.62723202322868,-0.7760776942268155,-2.649826057561344,21.26695303117423,26.53592131728126,-4.991264814115621,2925.6340466876723,0.0,78.05334661136175,49.99999999999558,1056.640159336341,False,R410A
2024-11-10 06:40:00,488.05424095759554,72.26229152855679,50.0129412960612,-1.1353031881747762,-2.5231451718837805,21.136731128509847,26.812637788155648,-3.662258882536161,2939.917602738113,0.0,77.6370041275645,49.99999999999666,1051.644049530774,False,R410A
2024-11-10 06:45:00,491.2014916779776,70.96949176058766,50.514463065148064,-1.0464545715908116,-3.1240775969902983,20.727796710133514,26.466190277412757,-2.920257198278758,2882.3056169762344,0.0,78.26919690208143,49.99999999999474,1059.2303628249772,False,R410A
2024-11-10 06:50:00,489.60720336085944,71.53691836940175,50.646491567034374,-1.657939360778327,-2.7856852294133216,20.43304477946527,26.58616523676782,-4.070013221136242,2908.293280734115,0.0,77.97811379536017,49.99999999999545,1055.737365544322,False,R410A
2024-11-10 06:55:00,488.72021191349455,72.05507362655383,50.8114949152964,-0.913164817772207,-2.601358259445746,20.28301326648134,26.031313755121836,-3.264788224597874,2815.4313512415197,0.0,77.69650165469822,49.99999999999592,1052.3580198563786,False,R410A
2024-11-10 07:00:00,488.25604388026994,72.45479967407645,50.666144516995985,-1.9860102140172589,-2.704567206240743,21.66698154899923,26.51872214986778,-4.291997382999771,2848.216320872532,0.0,77.44409084944141,49.999999999996305,1049.329090193297,False,R410A
2024-11-10 07:05:00,486.676934091833,72.90109438459038,49.64331933626875,-1.3813232218619667,-2.476479548483962,20.86429352757124,26.189963484560526,-2.7984978673238574,2885.29306098302,0.0,77.19453030458936,49.99999999999698,1046.3343636550724,False,R410A
2024-11-10 07:10:00,488.77061966781537,71.4394065615264,50.97410300958827,-1.1419714477912803,-2.802559259437589,21.334719879216987,25.904445085457436,-2.972680134195708,2796.907301993375,0.0,77.96163105133056,49.99999999999568,1055.5395726159666,False,R410A
2024-11-10 07:15:00,491.38881909477436,70.68585031859257,50.57452324060905,0.029012299407032094,-3.0122650566357687,20.685026423142883,27.019622041213477,-5.081481030744576,3007.578892925714,0.0,78.31709354746087,49.99999999999496,1059.8051225695303,False,R410A
2024-11-10 07:20:00,483.5042280527187,74.50575263597776,49.38842525768361,-1.0762661174089323,-2.409535729239238,20.77243605074139,26.763613185408925,-3.427780877294489,2762.194418844415,0.0,76.351789161393,49.999999999997904,1036.221469936716,False,R410A
2024-11-10 07:25:00,113.25169987418047,185.2405665374135,-1.2270429852679596,25.482974349746147,-2.098548281187739,21.23833461488063,19.56472311839077,11.837594378608724,-21.44664972986361,8000.0,75.79047070796784,50.0000000002283,0.0,True,R410A
2024-11-10 07:30:00,111.76672689629274,181.70734197253122,-1.6921851128512622,25.684562787126165,-2.510403009726054,21.17259584223086,18.640362146191684,13.085390185597614,15.996491231971602,8000.0,76.84764922244048,50.00000000000007,0.0,True,R410A
2024-11-10 07:35:00,108.85074131991027,178.27993835022286,-2.8219386127862935,25.93089934905068,-3.1658113876706904,21.260735904291256,18.88426759650227,12.210194456591557,1.0268880469038357,8000.0,77.90762420791324,50.00000000000007,0.0,True,R410A
2024-11-10 07:40:00,487.5996595664569,71.84246799217597,50.72325107675982,-0.7240527859155763,-3.2670692062003095,20.989355442450197,26.68222220984665,-3.3748508286451937,2809.938485884519,0.0,77.65027806881923,49.99999999999639,1051.8033368258307,False,R410A
2024-11-10 07:45:00,484.78528390057335,73.51448025210537,50.429199056869436,-0.042895010510882015,-2.1911803483782477,20.655663390884325,26.679727653645337,-3.022247474804279,2709.6647142695338,0.0,76.78793187332592,49.99999999999761,1041.455182479911,False,R410A
2024-11-10 07:50:00,482.13592075207436,74.37505768124038,50.591134865539566,-0.35980026084948513,-2.087075947450545,21.401000410256106,26.719725310731903,-2.3681629500786547,2786.4224503180535,0.0,76.3819967710225,49.999999999998025,1036.58396125227,False,R410A
2024-11-10 07:55:00,489.0763779752415,71.41071669388936,50.80873279185707,-1.1815754999913026,-3.328074678409377,20.89516889752764,26.065803308212868,-3.083413213510208,2810.9715270212178,0.0,77.85252941104322,49.99999999999589,1054.2303529325186,False,R410A
2024-11-10 08:00:00,486.1710925429833,73.03406438401035,49.45426012731047,-0.4497135120057932,-2.5630807015579324,21.023308875448734,26.513938637949998,-3.4863831818532143,2841.8497750854904,0.0,76.98161137607934,49.9999999999973,1043.779336512952,False,R410A
2024-11-10 08:05:00,484.1795483346225,73.27046615104666,51.08788809299621,-0.7731236533272547,-2.499264703189991,20.954960757982196,26.213860941999823,-3.579575761884618,2780.738055096651,0.0,76.8879579160284,49.999999999997215,1042.6554949923407,False,R410A
2024-11-10 08:10:00,482.94747332926454,74.02566204615216,50.47742124400575,0.10267760367123652,-2.2048737371346547,21.06731363892969,26.257000292805788,-2.8184522607245053,2931.1014624818695,0.0,76.51891413137528,49.999999999997684,1038.2269695765033,False,R410A
2024-11-10 08:15:00,486.131397184279,72.57012614386942,49.96322622302273,-1.4271203836849446,-2.94856116880645,20.734216519029694,26.016113474849774,-3.3137193322118836,2868.5825942440115,0.0,77.2479688684243,49.999999999996916,1046.9756264210916,False,R410A
2024-11-10 08:20:00,489.298223894792,71.25862328035892,49.941746021184336,-0.49708456020063463,-3.348276347282376,21.521925876068625,26.04563251812235,-1.3813958514347338,2853.423822903433,0.0,77.8841561529681,49.99999999999574,1054.6098738356172,False,R410A
2024-11-10 08:25:00,483.3436864398213,73.97447929898091,50.191565320870495,-0.23255496807322926,-2.096294125414433,20.926935437319766,26.322567181735998,-3.1361061465956865,2828.362618055605,0.0,76.50442294844922,49.99999999999781,1038.0530753813905,False,R410A
2024-11-10 08:30:00,481.9260979439453,74.95768229467166,49.59365501881503,-0.08440715163218449,-2.4372353210123396,20.98418947791057,26.707820653697325,-2.187381405217374,2626.170517561794,0.0,75.95409343466349,49.999999999997975,1031.4491212159621,False,R410A
2024-11-10 08:35:00,483.86756274207903,73.81235406492642,50.09196029631525,-1.0574424391809023,-2.305749207004091,21.442942434913377,27.502944270930474,-2.2700236708045427,2763.3991435499443,0.0,76.47190031817539,49.99999999999795,1037.6628038181045,False,R410A
2024-11-10 08:40:00,481.7310356251088,74.6484382958203,50.127573922358735,-0.4977216716250846,-2.105650491353619,21.208540497992644,27.09665734588551,-1.107303045011959,2825.764558812632,0.0,76.01565467125229,49.99999999999821,1032.1878560550276,False,R410A
2024-11-10 08:45:00,483.2127152653831,73.78503260751692,49.62129769720731,0.39330088162563814,-2.243010150408987,20.944197957874884,26.513684658547223,-3.5172094466870862,2756.6641143549045,0.0,76.4120497098819,49.999999999998,1036.9445965185828,False,R410A
2024-11-10 08:50:00,483.60340201421826,73.57749511323493,49.37037763667674,-0.3422083430418942,-2.1620935576718563,21.45236403896443,26.85991397296475,-1.398261014883541,2758.487676074057,0.0,76.47581768805043,49.999999999997875,1037.7098122566051,False,R410A
2024-11-10 08:55:00,478.1399403268121,75.90014421953421,49.686476200899165,0.48110994365218784,-1.1785181039408008,21.725111883685873,26.98784669644774,-2.3054848636050638,2659.690185871369,0.0,75.31617857856845,49.99999999999871,1023.7941429428215,False,R410A
2024-11-10 09:00:00,479.7159352948607,75.44506486981678,49.29150630220278,-0.18403297977935568,-2.224114633298953,21.17139847841498,27.346815409694145,0.2570782565247196,2791.0571922752283,0.0,75.48853394624336,49.99999999999886,1025.8624073549204,False,R410A
2024-11-10 09:05:00,478.40476831063285,75.59587681128862,49.601796962374586,0.28047392254275416,-1.4420242845246958,21.19038777806328,26.409516503014522,-1.8423965401183708,2663.900512446823,0.0,75.40999751868904,49.9999999999985,1024.9199702242686,False,R410A
2024-11-10 09:10:00,475.97447590550246,77.16082149598917,48.54915741234729,0.019496468168786363,-2.0480748796106374,21.60096193148191,26.958312964734404,-3.0233566371220917,2607.641859188043,0.0,74.58885501554245,49.99999999999912,1015.0662601865095,False,R410A
2024-11-10 09:15:00,481.47450441229716,74.42941716578986,49.57566420532945,0.11426703705491524,-1.5175607454438327,21.179403826361014,26.685164417246234,-2.6328327627319132,2853.7391580461162,0.0,75.87134818017805,49.99999999999834,1030.4561781621367,False,R410A
2024-11-10 09:20:00,479.07850628233814,75.2786428269282,49.88733316568207,0.47884415508567285,-2.3193370957105763,21.51477153264741,26.821937394176985,-0.870206936221176,2607.020442009632,0.0,75.41295258709886,49.999999999998856,1024.9554310451863,False,R410A
2024-11-10 09:25:00,476.6178670755305,76.32945691178597,49.627930438898375,0.7270217834925358,-0.7023671886895355,21.614208659365005,26.49884770425194,-1.8517444256887459,2662.748101144126,0.0,74.86657116019995,49.99999999999902,1018.3988539223993,False,R410A
2024-11-10 09:30:00,477.95476658827977,75.72414184847065,49.025649811157614,-0.01156414403740208,-1.6767020776354675,21.016009429871904,26.75160023043391,-2.1193971363894257,2650.3568923838516,0.0,75.11954345758464,49.99999999999889,1021.4345214910156,False,R410A
2024-11-10 09:35:00,473.57038050426274,77.15295617462081,48.58626476430637,0.6017785759958849,-0.8400810137219539,20.729228425954105,26.659424604901567,-1.0081987680861801,2587.864631890119,0.0,74.45439186390773,49.99999999999919,1013.4527023668927,False,R410A
2024-11-10 09:40:00,476.835803921563,76.23377064122658,49.33091759525432,0.8378827391529126,-1.105467526814644,21.356827635747024,26.617529398334476,-2.2757120245054576,2586.1289172838383,0.0,74.86142866767581,49.999999999998835,1018.3371440121097,False,R410A
2024-11-10 09:45:00,478.0673644002722,75.45921473771361,49.733727680575,0.2899994929405587,-1.7352284368117146,21.51002924831292,27.186710497465125,-2.315014885203329,2639.964477046472,0.0,75.20856341884078,49.999999999998785,1022.5027610260893,False,R410A
2024-11-10 09:50:00,474.8719672764621,76.9766530286366,49.36355464015774,0.6417245487479917,-1.322547525538233,20.715421162158382,26.694275563500373,-2.6592972700135022,2663.740909470116,0.0,74.4292455201639,49.99999999999921,1013.150946241967,False,R410A
2024-11-10 09:55:00,474.07533300054587,77.44959730556957,48.798073239244104,1.8795295890797616,-1.3233519041726993,21.924606133319124,26.922569540821144,0.15661656573337357,2512.9615135661516,0.0,74.14440843046603,49.99999999999907,1009.7329011655922,False,R410A
2024-11-10 10:00:00,471.1979030251038,78.62138191025382,48.97637791549256,0.7545511815679197,-0.5337432090657314,20.996974593108693,26.784467397929795,-2.4925655382465495,2628.695788619721,0.0,73.53990851799804,49.999999999999375,1002.4789022159765,False,R410A
2024-11-10 10:05:00,116.7573323503163,190.13259474367212,-0.1605837046973675,27.628447793709128,-1.0388018716009049,20.484530077160557,18.359243361890545,14.257705219428123,6.526531750061238,7669.116504117378,73.82352288067074,50.000000000005556,0.0,True,R410A
2024-11-10 10:10:00,117.63194903770017,190.6747611191244,-0.717278108106137,26.602809216486882,-1.065545510175871,21.041067103384698,18.820856284817157,14.660034096321283,5.528763460495677,7636.947658116228,73.63970090352132,50.00000000000373,0.0,True,R410A
2024-11-10 10:15:00,117.90221447775335,190.86300589898812,-1.5958765988529313,27.548087911942083,-0.6181198273567758,19.975021296211963,18.899440683085594,14.207046249137916,12.395885487430604,7622.755920830267,73.55860526188724,50.00000000000283,0.0,True,R410A
2024-11-10 10:20:00,471.9165313399232,78.04706127637989,48.98601292648754,1.5081926024790302,-1.115036609004681,21.282373014677095,26.420111428219162,-2.5997464720727796,2583.86919197708,0.0,73.69176735316591,49.99999999999944,1004.301208237991,False,R410A
2024-11-10 10:25:00,472.5095483904188,77.67247457865376,49.95833535808391,0.8296749258346758,-1.0138371841624019,21.036866021493164,26.934582504351678,-4.913906524347935,2647.7869900599353,0.0,73.8302849932736,49.999999999999446,1005.9634199192832,False,R410A
2024-11-10 10:30:00,469.37772741036827,79.3390017659542,47.96621506610789,0.9113809433480318,-0.447748870759257,20.651076693611046,26.45407546216281,-0.4573637118642967,2438.283550966648,0.0,72.95976126044184,49.99999999999973,995.5171351253018,False,R410A
2024-11-10 10:35:00,469.611901710485,78.65395541391132,48.74356106500627,0.37651841930927743,-0.8309938255673945,20.825733664966176,26.863773820927992,-1.9181442873851684,2582.7131683870484,0.0,73.27652995757802,49.999999999999844,999.3183594909364,False,R410A
2024-11-10 10:40:00,464.54086081513867,81.47543110463654,48.091386947895266,1.7530370263222212,-0.08687082349109143,21.410126169133903,26.553220304656136,-2.5114234417035757,2415.0344512737124,0.0,71.87881243843023,49.99999999999981,982.5457492611628,False,R410A
2024-11-10 10:45:00,464.7404179633964,81.51201884423058,48.21946539960959,2.3677440973467543,0.5651297337124299,20.596601649516675,26.57927228595332,-0.008386903840308213,2471.076737197439,0.0,71.79073045325882,49.999999999999936,981.4887654391058,False,R410A
2024-11-10 10:50:00,464.9764616537016,80.61263952793084,48.42997396175249,1.350722074549405,-0.17173440698635,20.756491977169013,26.132247007237986,-1.482959226856587,2451.1672137088153,0.0,72.22092769380163,49.99999999999976,986.6511323256195,False,R410A
2024-11-10 10:55:00,465.7900568102438,80.5924801920968,48.88960676496706,1.955646594547721,-0.20071578384922678,21.397821092993063,26.731571853965054,-2.4616084223438914,2486.4842640760367,0.0,72.18565539182828,49.999999999999694,986.2278647019396,False,R410A
2024-11-10 11:00:00,466.08910202620655,80.18625827369169,48.42479262853105,1.0852504539370442,-0.2290721885281496,21.60317859862167,26.98189024802025,-0.8781559453318177,2398.0730744796138,0.0,72.35306929421506,49.9999999999997,988.2368315305807,False,R410A
2024-11-10 11:05:00,118.98998906342224,192.20484203775456,0.1776385117753434,27.422064637117337,-0.32465477028095996,21.70724512449305,19.312139937666657,14.289196404655517,16.362324393270555,7511.3469433907385,72.92198253366136,50.00000000000018,0.0,True,R410A
2024-11-10 11:10:00,120.19089077182923,194.55672226442218,-0.16506352805775312,27.32024234923612,-0.41639480346667085,21.256770556292746,19.52281106582003,14.946002484352563,-16.93135148054487,7387.18249453258,72.21247139732903,50.00000000000011,0.0,True,R410A
2024-11-10 11:15:00,121.28184915943176,195.6557664122974,-0.10756397766482198,28.02851415837528,0.19566902946001025,21.583927061330172,19.364065737257615,13.929011079262112,16.20594231296338,7326.373456737127,71.86499118135501,50.00000000010537,0.0,True,R410A
2024-11-10 11:20:00,463.55208344926797,81.75753027067265,47.701488285926885,2.034687228601311,0.3619730204228491,20.992879610039278,25.89564849537798,-1.0402261241925346,2420.6468297861543,0.0,71.42954607318984,49.9999999999997,977.1545528782781,False,R410A
2024-11-10 11:25:00,461.21936099152305,82.13981820664672,47.055251636659634,1.78642339692159,-0.15499015018184553,20.835551262080358,25.991945014388495,-0.3783175837142735,2403.8755026358426,0.0,71.23678706991922,50.000000000000135,974.8414448390306,False,R410A
2024-11-10 11:30:00,459.93423061336955,82.80816453103692,47.97796229721625,2.2171344727177464,1.0848478926848457,21.451402093409932,27.04955329213179,-1.0977717131083529,2397.3194157860066,0.0,70.90685757667556,49.9999999999996,970.8822909201069,False,R410A
2024-11-10 11:35:00,463.59884598949236,80.84086971018756,49.212786045296795,1.618540367464508,0.5238628668144663,21.51171374069128,26.586163480082497,-2.200563541952853,2426.623526331298,0.0,71.828762402829,49.999999999999595,981.9451488339479,False,R410A
2024-11-10 11:40:00,463.67450848781453,81.41258411725109,48.28180725825078,1.6061182904041686,0.02291176069942405,21.22963177676575,26.593994262024026,-0.544298339965215,2459.852431585631,0.0,71.47383871895426,49.99999999999959,977.686064627451,False,R410A
2024-11-10 11:45:00,456.8914219669373,84.34050085076565,47.86686103560786,3.5100564346086816,0.6319555606547882,20.560100657144943,26.98377897006453,-0.9807530796869336,2311.8552776340757,0.0,70.06263295607205,50.0000000000001,960.7515954728647,False,R410A
2024-11-10 11:50:00,458.04584450527966,83.75577383743237,47.40440083971382,2.6720238981464717,0.9205267794795067,21.447854940635885,27.180633742426203,-0.2069176484170948,2339.445685149723,0.0,70.29577733925613,49.99999999999969,963.5493280710737,False,R410A
2024-11-10 11:55:00,460.1107563544163,82.49756111200811,47.6986714716705,1.4711030523867168,0.14445679057416277,20.845785406641333,26.517158728882574,0.17341834184545676,2379.4312660284886,0.0,70.8555684461529,50.000000000000036,970.2668213538348,False,R410A
2024-11-10 12:00:00,123.54770788273696,199.27161424745563,1.1912372477010538,28.38727609973708,1.1082013896450993,20.307887572493264,18.581148084088664,15.252826050022534,-12.340623501462883,7105.379223762951,70.60216699293115,50.000000000000085,0.0,True,R410A
2024-11-10 12:05:00,124.2347958132102,199.73347171679762,1.781734950581729,29.23474398734595,0.6368520097111006,21.551523187276484,18.734510853495156,16.17720401683251,-12.590898294434515,7077.914154347113,70.44522373912636,50.00000000000007,0.0,True,R410A
2024-11-10 12:10:00,126.6528940844066,201.2572664677165,1.7732972081537062,28.64864392362661,1.5158653187479416,22.11450553161417,19.704994737325848,16.603359589767937,11.756723148006591,6989.736865910646,69.94135351948941,50.000000000000085,0.0,True,R410A
2024-11-10 12:15:00,455.00774120655745,85.20074389908525,47.66275584427513,4.068693899851983,1.0725009496692874,21.30729787094308,26.60411061441056,0.7215222367382825,2258.9352061970967,0.0,69.36035607842966,49.9999999999996,952.324272941156,False,R410A
2024-11-10 12:20:00,448.6014210730591,88.03075064648192,46.779311062265904,3.556021275758331,1.9506916775691099,21.324100403283875,26.884533955909408,2.6349965045998514,2154.916961018538,0.0,68.03129539352175,50.00000000000003,936.3755447222609,False,R410A
2024-11-10 12:25:00,453.9835970649898,85.38565876726616,47.30374040597003,3.653196096126408,1.7816558501913908,21.46330386005058,26.61182440951288,-0.7348782761451569,2285.015259174446,0.0,69.19701586356364,49.999999999999886,950.3641903627637,False,R410A
2024-11-10 12:30:00,451.74295601189374,86.15197510324597,46.68083008887108,4.108207627515225,1.4929164913280704,20.615653478719558,27.50325413820815,0.7296558502210447,2154.713589518384,0.0,68.82022332956056,50.000000000000036,945.8426799547267,False,R410A
2024-11-10 12:35:00,456.91252891858664,83.1232925807357,46.86275360570233,3.1093138310175052,0.965844367814511,21.44592523794088,26.47151557537176,0.11757555241382267,2356.8694091634725,0.0,70.23156631027642,50.000000000000036,962.778795723317,False,R410A
2024-11-10 12:40:00,454.3153357445367,85.12286013219179,46.64918422252234,2.6959751441430724,1.7110197581549917,20.11320003836144,25.788386269466795,1.4582930538882268,2237.2400780037706,0.0,69.23355573707282,50.000000000000014,950.8026688448739,False,R410A
2024-11-10 12:45:00,449.147323503716,87.83434876556875,46.742978757813866,3.57132739080202,1.8757474440125526,21.59823503122411,26.07833255233428,0.6089756085610911,2173.796699347963,0.0,67.9148766414744,49.99999999999999,934.9785196976927,False,R410A
2024-11-10 12:50:00,449.951369018188,87.22137644560094,46.65366722373154,4.51881768926679,1.555260466909191,21.015918709475425,26.822082943333697,0.9025300298751597,2154.9814147624966,0.0,68.132435611853,49.999999999999986,937.5892273422362,False,R410A
2024-11-10 12:55:00,460.18107923605163,81.25636570386014,47.09577390437968,2.157034596181306,0.12172714545502156,20.927150441865646,26.27093028176958,-1.1850715515620271,2414.2517944928154,0.0,70.88131935130541,49.999999999999886,970.5758322156648,False,R410A
2024-11-10 13:00:00,447.5875440114307,88.04950535425758,46.614364085401306,4.643803890382866,2.3309954582631267,21.062373116235428,26.258237341485053,1.0536999099402562,2200.3155634858267,0.0,67.68806873313648,49.999999999999936,932.2568247976377,False,R410A
2024-11-10 13:05:00,444.1395752533635,90.10518251013734,46.101645922284916,4.43704285973534,2.7688187367420976,21.5976664606033,26.250871028432698,1.5872196733907342,2039.903796197863,0.0,66.69562955871437,49.99999999999996,920.3475547045726,False,R410A
2024-11-10 13:10:00,452.41338114235356,85.32982898417785,46.4767117134725,3.6532038047901927,1.900984097104944,21.372937644382976,27.39175214613225,0.7694793323242255,2270.6492022743273,0.0,68.83502970963877,49.99999999999974,946.0203565156653,False,R410A
2024-11-10 13:15:00,443.17897186898807,90.15480190224567,46.03858415894351,4.0087148091514635,2.619555031967162,21.821432553762673,27.252303797068944,1.015255710742182,2160.3696799875083,0.0,66.59646310467612,49.99999999999996,919.1575572561134,False,R410A
2024-11-10 13:20:00,452.72504051056285,84.54907095067516,47.0266297911792,3.1130578239272677,0.9879704340033537,21.048261694000132,25.89530401920708,1.8992173506844092,2215.3982415116825,0.0,69.16561677743297,50.000000000000085,949.9874013291956,False,R410A
2024-11-10 13:25:00,444.08167663297,89.69813720127563,45.977394882570124,4.181395539736997,1.9132230380723851,21.07604167502924,26.22401598312622,2.591262592790243,2039.022558651226,0.0,66.76190254008628,50.00000000000014,921.1428304810354,False,R410A
2024-11-10 13:30:00,132.21656441502986,209.8864527502345,2.9348446597118683,30.584309402602987,3.3318983376294087,21.046517950630914,19.554234757206572,16.02267980460945,-17.319413962428488,6484.971647936635,67.0569808453522,49.99999999999204,0.0,True,R410A
2024-11-10 13:35:00,128.10227327227398,205.07524396778425,0.8396170363541043,29.8376666072587,1.9491447229620111,20.664398401843055,18.844348816943697,16.817040756568186,24.80780180566603,6723.126263909735,68.41786436519848,49.99999999999922,0.0,True,R410A
2024-11-10 13:40:00,133.19612537287003,211.67741901082152,1.7499677024814484,30.97419214595975,2.783904724661622,20.282690602078215,19.143534249573214,16.177612318094383,23.18929926209031,6389.996480757073,66.51426560432614,49.999999999985306,0.0,True,R410A
2024-11-10 13:45:00,440.8089428815928,91.24255375993745,45.963323838899214,4.805830819554105,3.134683999194587,21.094833011872208,26.466804643431107,3.893347797127075,1998.8397728913603,0.0,65.89781585779912,50.00000000000014,910.7737902935893,False,R410A
2024-11-10 13:50:00,441.94916044563297,90.59645051298921,46.09913402892068,4.466791052053345,2.502504403230904,20.514163666415456,25.6539413800689,4.046014460857262,2075.04676235351,0.0,66.13618782459872,50.00000000000013,913.6342538951848,False,R410A
2024-11-10 13:55:00,440.5393632850722,91.31135409661319,46.1118903120429,5.211654217394268,2.881828077333201,21.53769341027469,26.28720968700416,2.5645523807335695,2001.3935311151415,0.0,65.75942065075577,49.99999999999986,909.1130478090694,False,R410A
2024-11-10 14:00:00,441.75594064356306,90.13157387697152,45.83232513497185,4.349456363014603,3.3872498529154935,21.29436820564124,26.48816083584196,1.5116056471634534,2060.813430724197,0.0,66.27149837096376,49.99999999999996,915.257980451565,False,R410A
2024-11-10 14:05:00,444.7396104138458,88.1992481327412,45.97211657617355,4.964439958251671,2.6227328807960424,21.11878230640804,26.53856055184321,1.2609593674448005,2073.759666034675,0.0,67.14954260991925,49.99999999999987,925.7945113190309,False,R410A
2024-11-10 14:10:00,438.9015186756336,91.75829062431488,45.816107182253084,5.183051808571363,3.0112337045775375,21.509174385261623,26.949907291774238,2.2865709195901136,2046.938210546835,0.0,65.51937399626817,50.000000000000085,906.2324879552181,False,R410A
2024-11-10 14:15:00,436.2240792123991,93.59494159590986,45.27154247297299,5.513823724284873,3.308846680712379,20.07111812710664,26.374832517794182,3.070064043212751,1890.1262634543607,0.0,64.6462174417253,50.0,895.7546093007035,False,R410A
2024-11-10 14:20:00,436.58865926604165,92.92189274385501,46.372441833946475,5.768546302550271,3.382750258491796,21.260418256285796,26.391504479939957,1.9079281385814935,1902.1160137157103,0.0,64.92508301764965,49.99999999999989,899.100996211796,False,R410A
2024-11-10 14:25:00,443.51234661306347,88.89221531549174,46.10779679343044,4.601937192426767,2.5454902479757626,21.14300055809939,26.99297830440772,3.09572125245169,2046.594218591375,0.0,66.71976111571475,49.99999999999996,920.637133388577,False,R410A
2024-11-10 14:30:00,441.98937040138065,89.45199952206987,46.15155614447517,3.933442514470798,3.3772121836424067,21.33941958676934,26.34588535234393,3.2334728766224914,2112.3662131964834,0.0,66.47506325422322,49.99999999999994,917.7007590506786,False,R410A
2024-11-10 14:35:00,135.43751065538333,213.61113044567475,4.358793170296835,30.59036915080315,3.0646038877080777,21.31378452218338,19.33981267735406,18.291662371170712,2.0561211214612256,6257.620564825747,66.0,49.999999999967656,0.0,True,R410A
2024-11-10 14:40:00,134.4659045028448,212.68696831061888,2.909948445060379,31.53618291035803,2.650463023185819,21.02596181822341,19.14868279945211,16.853716834484008,-41.40729129454572,6297.435004550997,66.0,49.99999999997405,0.0,True,R410A
2024-11-10 14:45:00,137.12161328377258,216.87328200678058,3.8829115597014416,31.646775301024185,3.5872524180188705,20.859387186259095,19.480106045224765,17.834776417470266,-9.588808427203816,6088.308405514337,66.0,49.99999999992623,0.0,True,R410A
2024-11-10 14:50:00,435.12122661743643,93.70580263188124,45.704696391208,4.983827199465176,3.903912641160296,20.66446031310356,26.259945648245548,3.3853323637993262,1911.9294594547018,0.0,64.35077779870622,49.99999999999996,892.2093335844744,False,R410A
2024-11-10 14:55:00,438.43469238015444,91.57717557442284,46.08692348476467,5.547759149483501,2.987539142849707,20.64616040834677,26.034784418873127,1.6706030192818262,2075.0518108080005,0.0,65.25659376774817,50.000000000000085,903.0791252129779,False,R410A
2024-11-10 15:00:00,432.5015746975131,94.74083022498219,45.33042774453674,5.806125107623636,4.206404177894295,20.40700007260598,26.65599938475105,3.889737468110617,1872.2156332435209,0.0,63.82849096488298,50.00000000000013,885.9418915785957,False,R410A
2024-11-10 15:05:00,432.5283911371001,94.69420537605046,45.281292426591534,5.6502539845639,4.450178746499762,20.35831138997688,26.267354575683235,4.392627482228638,1865.25235466389,0.0,63.82499207836342,49.9999999999999,885.8999049403611,False,R410A
2024-11-10 15:10:00,434.7471911458528,93.27633658504497,45.46312145172902,5.210291228102462,3.824328975894614,20.413406145995538,26.03104734390421,3.8280729828777096,1916.2740513005876,0.0,64.43454481816123,50.00000000000011,893.2145378179348,False,R410A
2024-11-10 15:15:00,433.93096749852197,94.46059146909029,44.89669895560196,6.58703686003421,3.847952578819963,20.483215110861757,25.903442317966476,4.0922615972931995,1902.7737906081607,0.0,63.825855751250266,50.00000000000006,885.9102690150032,False,R410A
2024-11-10 15:20:00,436.34207293162433,92.35650915987749,45.68266359010802,4.657378562412815,3.481466617144444,20.958089728419246,26.63961418447737,1.2738450984590888,1962.580216281438,0.0,64.71974450316903,50.0000000000004,896.6369340380284,False,R410A
2024-11-10 15:25:00,431.82673110985047,94.66781839807032,46.1449181572148,5.74044031144358,3.6615555556647665,21.087765448089954,25.750263731045745,4.992562145334421,1839.525293321923,0.0,63.68158730267335,50.00000000000011,884.1790476320803,False,R410A
2024-11-10 15:30:00,430.90365316997713,95.41078465282575,45.60042541638492,6.399950767084759,4.2997368138983765,20.971932695989395,25.775520359925473,2.2725020540971235,1853.7682451408486,0.0,63.32022523174172,49.99999999999991,879.8427027809008,False,R410A
2024-11-10 15:35:00,429.7677785810849,95.64371926213673,45.108148675065145,7.180928649181308,4.484981101778533,20.9941953062243,26.361309840832753,3.7389979008837355,1822.8524068076554,0.0,63.21650577054088,49.99999999999988,878.5980692464906,False,R410A
2024-11-10 15:40:00,429.56555231131284,96.38725577086053,45.24109131346866,6.859360545620939,4.313441671986136,20.97813267356808,26.5462560148467,4.7009749912318535,1754.8092187702082,0.0,62.835137105108444,49.999999999999616,874.0216452613014,False,R410A
2024-11-10 15:45:00,428.6553607922944,96.26615869517423,44.39551502871654,6.136850381457783,5.141772734532473,20.709912534236107,25.742035466080686,4.418460215209008,1798.9276922439124,0.0,62.880274621551635,50.000000000000256,874.5632954586197,False,R410A
2024-11-10 15:50:00,429.8348561854133,95.83429267283717,44.758494385555714,7.246342776845982,4.719349898427919,20.392372831014935,25.96665974920676,2.7038297227466126,1881.4506432095043,0.0,63.036667900414855,49.99999999999969,876.4400148049782,False,R410A
2024-11-10 15:55:00,428.0828914485097,96.95231714772687,45.16304393538961,6.070279615750731,4.2100081139186845,20.668537453690675,26.007186792150957,3.149515692699521,1790.7132213914476,0.0,62.504317368793565,49.999999999999886,870.0518084255228,False,R410A
2024-11-10 16:00:00,425.60950329716985,98.17634527041734,45.22265203396972,7.160576833023411,4.496229982793566,20.39737959141785,25.92602365463556,4.814980372752615,1731.1296340700897,0.0,61.94418249930834,50.000000000000014,863.3301899917001,False,R410A
2024-11-10 16:05:00,427.5974051221293,96.83768332646129,44.30371222237554,6.9916985783118,4.4525991146245465,21.104818878116763,26.744324815933144,4.758651269205183,1788.9618638018276,0.0,62.50438748912862,49.999999999999936,870.0526498695434,False,R410A
2024-11-10 16:10:00,426.2810899397561,97.56344005700669,44.321926586398185,6.474481220253426,5.386994633881428,20.598891843518054,26.123880658080882,3.3078351672408184,1765.4247087632586,0.0,62.169921976292706,49.99999999999998,866.0390637155125,False,R410A
2024-11-10 16:15:00,427.10740980350107,97.00581720740126,45.73906820023468,7.150956121550248,5.06943610877183,20.72404207080973,26.18510283842037,4.694752234571098,1815.1099367862998,0.0,62.39568080878776,50.00000000000011,868.748169705453,False,R410A
2024-11-10 16:20:00,427.821382638939,96.40926706538525,44.79225514110378,6.417555580570467,5.161614303708433,21.1293303504471,25.672115170616323,2.659227165346883,1782.0336076856802,0.0,62.650998709918106,49.999999999999986,871.8119845190174,False,R410A
2024-11-10 16:25:00,425.0962810175389,98.07832563319775,45.381266667073994,7.388123639460581,5.043615211670425,21.15278925061349,25.830182094351265,5.164941683005388,1781.691967487132,0.0,61.91889514859681,49.999999999999964,863.0267417831618,False,R410A
2024-11-10 16:30:00,427.6865585360631,96.98422980412813,44.73322632773174,5.907138694915092,4.764089642819513,21.418246876630093,26.54986465983184,3.4430946194411667,1806.2583056598721,0.0,62.346127117583606,49.999999999999964,868.1535254110033,False,R410A
2024-11-10 16:35:00,424.5268906709045,98.39008960726754,44.519612466923405,7.305458277433524,4.7637173865008995,20.212781305211283,26.595916079251577,4.718483690237291,1726.1694855500307,0.0,61.724059535361825,49.99999999999991,860.6887144243419,False,R410A
2024-11-10 16:40:00,425.0568219830018,97.8687044594937,44.329539695984884,6.81756647723342,5.1285249910552615,20.728243654245805,25.789791397764162,4.436222121284717,1702.2156488813876,0.0,61.952760372839556,49.999999999999915,863.4331244740746,False,R410A
2024-11-10 16:45:00,425.91364321877654,97.42621028195407,45.02476120266728,7.5035403822676905,4.8698380407086725,21.052913507382534,25.989798858494346,5.5893458186950475,1796.2515801243017,0.0,62.14262301843244,50.00000000000004,865.7114762211893,False,R410A
2024-11-10 16:50:00,426.1406221428313,97.69487701943453,45.17505610804655,6.983119857921793,4.934708565662709,21.143337110382433,25.838306620875393,4.7472402515076055,1793.8704655389542,0.0,61.989779554385464,49.999999999999964,863.8773546526255,False,R410A
2024-11-10 16:55:00,425.87793201536556,97.6647987166214,43.97370354244113,7.636341890177981,5.497142375633773,21.300010389408193,25.747582069596252,3.912625268677406,1685.4856516722466,0.0,61.97654575336416,49.999999999999915,863.7185490403699,False,R410A
2024-11-10 17:00:00,428.01617117788686,96.28515399936727,44.53118519691907,6.977259085144143,4.685549021768249,21.683252487962466,26.47172122921591,4.583045408171792,1835.6054115058566,0.0,62.55309459474476,49.999999999999886,870.6371351369372,False,R410A
2024-11-10 17:05:00,422.90299480955053,99.13211230232795,44.7007447354883,7.278638472741002,5.741687135479386,20.55411769275496,25.50473976455725,6.984805941486059,1682.2240426863189,0.0,61.31521459546984,49.99999999999989,855.782575145638,False,R410A
2024-11-10 17:10:00,423.28337101708564,99.10358934881931,44.17495647270357,7.740860266012837,4.870603212862906,20.81651751259882,25.68831167129727,5.587148532492525,1767.76234321325,0.0,61.30594877758862,49.99999999999991,855.6713853310634,False,R410A
2024-11-10 17:15:00,421.36867207269785,99.91998427536626,43.86344807428016,7.9168414875345405,6.326245925129856,20.802800587837424,25.863687204857275,4.960645241537284,1585.9176073191302,0.0,60.960375489458045,49.999999999999865,851.5245058734964,False,R410A
2024-11-10 17:20:00,424.66262290967484,98.01393769685318,44.92216664621532,7.346094243204788,4.99815810243257,20.912407785236176,25.698484223469336,3.7765262696212045,1730.9833453319604,0.0,61.77972151808164,49.99999999999991,861.3566582169797,False,R410A
2024-11-10 17:25:00,419.29378867074917,101.64018795794117,44.37492565799427,6.756250571836723,6.114556466131522,21.68543602664734,27.085043474507376,4.785909758541599,1683.2437511165767,0.0,60.19519748170137,50.0,842.3423697804166,False,R410A
2024-11-10 17:30:00,423.9610107723896,98.66671484933487,44.06712592573979,6.7861237931833225,5.537285912149475,20.926965249655858,26.478425019235647,5.457396960200752,1716.9989142688428,0.0,61.44519192286896,50.0,857.3423030744275,False,R410A
2024-11-10 17:35:00,424.4417395447334,97.84393125388551,44.53743245978188,7.783720662202413,4.942460719836821,20.423282296625082,26.087305225770606,3.7058651666277775,1754.0658099038492,0.0,61.8166645221011,49.999999999999915,861.7999742652131,False,R410A
2024-11-10 17:40:00,425.0232383108757,97.56151287217334,43.878174173909834,6.395478309799766,5.269160264535115,21.091833702129893,25.91529402388417,4.526139998596535,1722.1944633532498,0.0,61.9530975249652,49.999999999999964,863.4371702995825,False,R410A
2024-11-10 17:45:00,427.0915173814312,96.5879480235352,44.19095273398797,7.256306322729808,5.076376700671276,20.976118003402735,26.00323307642182,5.752694660036315,1790.409921650827,0.0,62.36984850460619,50.00000000000013,868.4381820552743,False,R410A
2024-11-10 17:50:00,419.7826920574894,101.4769352525039,43.896336163742724,8.240888264821791,5.673718586118226,21.25579710568005,26.32350763294146,5.538054329455611,1632.2124533288243,0.0,60.22467612713609,49.99999999999987,842.696113525633,False,R410A
2024-11-10 17:55:00,419.0134060627872,100.91314295750723,43.95481977756199,7.384968640846221,5.537454754382669,20.653357165418676,25.901920326359658,4.168713030339805,1677.7474756920947,0.0,60.504310356725526,50.00000000000011,846.0517242807064,False,R410A
2024-11-10 18:00:00,421.72871872717815,99.89421585543172,43.616680083234876,6.535560014308039,5.546767874911824,21.57882573694826,26.398029874988747,7.211023680539011,1759.744591615365,0.0,60.9336483442672,50.00000000000007,851.2037801312064,False,R410A
2024-11-10 18:05:00,424.8198467559939,97.56374719256407,44.130035127981344,6.731514247233863,4.981322361902226,20.939133177673003,25.85773491498174,6.2784188441537365,1809.4751176660986,0.0,61.96805890758435,50.00000000000001,863.6167068910122,False,R410A
2024-11-10 18:10:00,419.2975280901578,101.21960269132845,43.37106619352313,8.83422301714863,6.213154524086985,20.952758919980372,26.16756517850209,5.796392053711217,1680.414529960763,0.0,60.409569009335755,50.00000000000004,844.914828112029,False,R410A
2024-11-10 18:15:00,424.49781025504046,98.12151356696745,44.633820979345316,6.693306619377047,5.335745720965248,20.778395829884456,26.50234119373586,5.9007006768208115,1782.935822137109,0.0,61.75010946903656,50.00000000000013,861.0013136284385,False,R410A
2024-11-10 18:20:00,424.47928239946424,98.14177998973834,43.42341123741157,6.726563546690334,5.102565148151042,21.46167336415952,27.07095693517402,4.356712537855663,1728.0323458855653,0.0,61.75261556202007,50.00000000000006,861.0313867442408,False,R410A
2024-11-10 18:25:00,420.8036183067156,100.39714905639809,43.542744029598325,7.103165269007188,5.783779861774403,21.098947006985806,25.990645258073116,5.826410951827551,1655.3627395931912,0.0,60.7960870516758,50.00000000000011,849.5530446201095,False,R410A
2024-11-10 18:30:00,422.90231219723444,99.27898478707773,43.29854984560457,7.967364745580455,4.745976583966688,21.591668137726685,26.898020728852604,4.436432702124943,1667.8266947208665,0.0,61.28005498538861,49.999999999999915,855.3606598246633,False,R410A
2024-11-10 18:35:00,419.42271050275895,101.29952154724418,44.12063925519339,7.66370353983493,5.6005681035579595,21.025718689362385,26.05976431331348,3.9297463656925276,1589.7552166872251,0.0,60.429677208705044,49.99999999999995,845.1561265044604,False,R410A
2024-11-10 18:40:00,424.03368768470324,98.2611217363629,43.513310938457096,6.800809934212838,5.200109351183074,20.91156438547051,26.572458120699128,7.2056856595280845,1677.746445683715,0.0,61.77247390262519,49.99999999999995,861.2696868315022,False,R410A
2024-11-10 18:45:00,426.44077930869156,97.45562147807402,44.557428742457844,7.651318151010916,5.279190792980975,21.202391138579756,26.084808569376815,3.038043075789936,1791.3029056659313,0.0,62.11083771517352,49.99999999999992,865.3300525820823,False,R410A
2024-11-10 18:50:00,426.75547490682146,97.23567529576685,45.393664111167844,7.191210906242262,4.961394662671231,21.24673455416986,26.552313376132034,4.6990219933324004,1722.5886481035486,0.0,62.19707227545101,49.999999999999915,866.3648673054123,False,R410A
2024-11-10 18:55:00,429.4459904575659,95.62079026965668,45.67059576177428,6.095183184293102,4.992300005141528,20.32775843290128,26.56776689223516,4.340704990326403,1820.7804861569173,0.0,62.89034338970353,49.999999999999915,874.6841206764424,False,R410A
2024-11-10 19:00:00,425.4047463428439,97.43223771167412,43.65085715570576,6.316460124075546,5.1886340370140145,20.5767332949309,25.97016360977978,4.944257663795954,1743.4199677935528,0.0,62.143495840787125,50.000000000000135,865.7219500894454,False,R410A
2024-11-10 19:05:00,423.13661975336686,99.38209137609371,44.387991308338705,7.927369639075682,5.201785829414292,21.628836926480837,27.31813047559515,4.758600390443848,1652.4378602169668,0.0,61.30343068672861,49.999999999999915,855.6411682407435,False,R410A
2024-11-10 19:10:00,424.48941104138135,98.65939916507783,43.8595552714944,7.20300618895802,5.152602913301032,21.2969122278159,26.334179276912604,4.615362263859056,1772.5845866401937,0.0,61.61077578582568,50.00000000000006,859.3293094299081,False,R410A
2024-11-10 19:15:00,425.54036875715104,97.578392574041,43.94550127871152,6.169375594649751,5.066434110449379,19.98223009566688,25.57705840522812,4.582319337968134,1727.6741328319038,0.0,62.11218479084438,49.99999999999996,865.3462174901325,False,R410A
2024-11-10 19:20:00,428.58910433483663,96.08219706964245,44.73399692980681,5.720799613884104,4.477766791473969,21.38615354182082,25.996435604238073,4.592225938671663,1843.0490518601073,0.0,62.77528508533824,50.0000000000001,873.3034210240588,False,R410A
2024-11-10 19:25:00,425.9981610328775,97.64020816275035,45.15624686423391,6.38584559471033,5.403252005685187,21.448538915676743,27.444225013602736,4.4420485908799785,1680.6609398566025,0.0,62.112270095379586,50.00000000000001,865.3472411445551,False,R410A
2024-11-10 19:30:00,424.72296867111754,98.951063211386,44.61929419347411,6.6209713641299075,4.908095817893736,21.43106363866856,26.719489490846474,4.672352512356527,1708.4693052345385,0.0,61.51857268363716,49.99999999999987,858.2228722036459,False,R410A
2024-11-10 19:35:00,425.6080079001661,98.37260656746803,44.04533515597195,6.106420687598105,5.224291108176139,21.322865715205978,26.01898944125613,3.3083492301094477,1715.0823938310493,0.0,61.741081653902356,49.99999999999976,860.8929798468283,False,R410A
2024-11-10 19:40:00,425.310417726301,97.5812496756368,44.90312356081193,6.38277109053319,5.153158627938955,21.781196419106145,26.448866583200083,6.446207053554816,1756.3350258381413,0.0,62.134950832285135,49.9999999999999,865.6194099874217,False,R410A
2024-11-10 19:45:00,428.91974799135784,96.56954483974138,43.579343113252946,6.2721966802530265,4.637702864236623,21.190907479403243,26.260455111367122,4.76743611037732,1851.5450147001666,0.0,62.53652607785009,50.00000000000006,870.438312934201,False,R410A
2024-11-10 19:50:00,424.05375097256484,98.56774682400186,44.01315206331193,6.915826072436323,4.985526916833834,20.56114767363715,25.69209535772642,4.856073477932764,1735.4025986595109,0.0,61.70566656674279,50.000000000000085,860.4679988009134,False,R410A
2024-11-10 19:55:00,434.1079303981793,93.1129467910096,44.87049215099499,6.803204458103029,3.9339250466041737,20.309967997670235,26.12600683570314,2.8322821411995633,1855.373386773968,0.0,64.08650112892165,50.000000000000036,889.0380135470599,False,R410A
2024-11-10 20:00:00,425.97576613671447,97.9556785865037,44.52547060926586,6.884831346089008,5.261852535973698,20.860997083357038,27.21808465731165,3.514638789288301,1766.8768565402222,0.0,61.96349403572371,49.9999999999999,863.5619284286845,False,R410A
2024-11-10 20:05:00,420.7259986094245,100.66256352064956,43.96236238264595,7.497844095159958,5.431677114773708,21.18124975715856,25.745245185342814,5.941617962079601,1665.4878988439452,0.0,60.83673697193587,50.00000000000013,850.0408436632304,False,R410A
2024-11-10 20:10:00,430.93241843892696,94.94916006536707,44.92580365279041,6.592575415765674,4.017271377793415,21.329593909910837,26.39240989739995,3.6780853487816656,1863.5366478583876,0.0,63.3241045322676,50.00000000000001,879.8892543872112,False,R410A
2024-11-10 20:15:00,428.118533037435,96.50151717720001,44.66290896332805,6.547649326625222,5.01148379525641,20.66565508286612,26.134654464147072,4.787372946731397,1756.9843972336696,0.0,62.667383275682994,50.00000000000014,872.0085993081958,False,R410A
2024-11-10 20:20:00,428.0693392709767,96.750109247995,44.72413343199468,6.916170066609832,4.835882526547154,21.490306987450282,26.663975548830038,2.863943450965328,1772.5867813523382,0.0,62.567812830667044,50.00000000000013,870.8137539680046,False,R410A
2024-11-10 20:25:00,429.23996133258703,95.98929068889878,45.11377003262759,6.682034706277891,4.84408449694888,21.32060790809298,27.065816385365217,5.588582111778656,1828.4248290315602,0.0,62.91654546439595,50.00000000000011,874.9985455727514,False,R410A
2024-11-10 20:30:00,426.2258375003325,98.08653736407675,44.57450523459214,7.061507987411701,5.228013223992311,21.49046404798774,26.445894811916155,5.401591140021516,1788.1940624025206,0.0,61.99957259077584,50.00000000000007,863.9948710893101,False,R410A
2024-11-10 20:35:00,427.32500046971825,97.13188863385705,44.52112278981708,8.165501444717002,5.436235194992112,21.274774792047573,25.479389317450977,4.20120570974288,1779.6113012528645,0.0,62.435463194984955,49.999999999999844,869.2255583398194,False,R410A
2024-11-10 20:40:00,428.4126823723226,96.46754187825806,44.982980423941434,7.079421209970118,4.958349898629906,21.15419928645022,26.405924388518056,4.59148370637085,1769.7706156501936,0.0,62.752283424104114,50.000000000000014,873.0274010892493,False,R410A
2024-11-10 20:45:00,427.5728399613997,97.35313894250986,45.05053898973896,6.275836050429866,4.599473174220784,20.476253741755063,25.73774045570523,5.057701402318046,1795.4305579682714,0.0,62.366605914433535,49.99999999999999,868.3992709732024,False,R410A
2024-11-10 20:50:00,429.31556616893903,96.17946343207443,44.555960431448284,6.73981325734846,4.695782554423353,22.240336333988594,26.292583086621107,2.717721613839408,1797.134382133347,0.0,62.89059567149225,50.00000000000013,874.687148057907,False,R410A
2024-11-10 20:55:00,422.34237357484176,100.48053714828596,44.10884018269471,7.086076199295408,5.314697986312205,20.21933986491735,25.311809407141187,6.659771494013189,1736.910983795392,0.0,61.03611079474946,49.99999999999996,852.4333295369936,False,R410A
2024-11-10 21:00:00,429.26077756107645,95.95491875950387,45.47056155366338,6.7036476858431495,4.344284454661873,21.229405993577526,26.9053720285835,4.463783301896189,1825.600014721233,0.0,63.03895539237355,49.999999999999886,876.4674647084826,False,R410A
2024-11-10 21:05:00,429.83687610103163,95.61160895869564,44.41325133197794,5.692897397297039,3.9567409856665847,20.356115756158488,26.07853495568084,3.1763888183184705,1829.9118833313833,0.0,63.23901778829765,50.00000000000013,878.8682134595717,False,R410A
2024-11-10 21:10:00,136.96609891367373,217.05308990582822,4.620559617401844,31.164318795231882,3.6323745647139103,20.77610889038012,18.829233668899924,17.62161686260931,0.4771992896827777,6048.627018254145,66.0,49.99999999991232,0.0,True,R410A
2024-11-10 21:15:00,138.10174913013273,219.00151847954163,3.304274469583323,32.14580573819818,4.137362243513521,20.793412786023893,19.407394743372922,19.96094969833716,-8.191454670062166,5959.151815066411,66.0,49.999999999872884,0.0,True,R410A
2024-11-10 21:20:00,141.01397578804904,222.54381191909044,4.283014619609951,32.95453148201133,4.4358904136721975,21.07101613768778,19.124256169716926,19.666856122439324,4.568082034170919,5790.506076175689,66.0,49.99999999976424,0.0,True,R410A
2024-11-10 21:25:00,436.1373654777938,92.72822851429638,45.00462365118869,5.945030641540914,3.3638979461898004,20.759908620507,26.686325850532075,3.6763093700965017,1938.9974092388795,0.0,64.61258306567117,49.99999999999997,895.3509967880541,False,R410A
2024-11-10 21:30:00,438.0650068203912,91.36066737680218,46.81482267517757,5.7992464316104435,2.9152819646023405,20.725434932183422,25.819044824881118,0.3988523188991145,1941.8579644101242,0.0,65.25562447131435,50.000000000000114,903.0674936557721,False,R410A
2024-11-10 21:35:00,433.7503847872272,94.32879855851932,44.97405914720692,6.219263730541262,4.665908231803509,21.166274644190043,26.17907602948623,2.5296107619832875,1833.507186531069,0.0,63.93529109768133,50.000000000000014,887.223493172176,False,R410A
2024-11-10 21:40:00,430.6426076429105,96.15065824366636,44.67495815789188,6.519076401307969,4.530376577704254,20.34455535619089,26.11849083844856,4.44144614171992,1824.3549743416759,0.0,63.13434329641639,50.0000000000001,877.6121195569967,False,R410A
2024-11-10 21:45:00,433.5915429866004,94.13275994832907,45.08269030933456,5.724067123798097,3.7286930100473494,21.255855368731666,26.488758186020355,3.278378621776859,1894.4229896567726,0.0,64.04817247814537,50.000000000000014,888.5780697377444,False,R410A
2024-11-10 21:50:00,434.80563615811707,93.22400610412605,45.48555513177494,6.156162600587778,3.888196734140243,21.449788056926238,27.053887903171283,3.2279705697362404,1950.6678696722167,0.0,64.50067660754124,49.99999999999992,894.0081192904947,False,R410A
2024-11-10 21:55:00,439.4988643174528,91.19665327093945,45.61148871209554,5.811493481016256,3.955809687944761,20.976591692040497,25.698705879913174,5.1760565703085115,1941.488970961002,0.0,65.40189227079412,49.99999999999984,904.8227072495295,False,R410A
2024-11-10 22:00:00,433.9046128911531,94.04323804234802,45.246871402887024,5.884022414070814,4.101718967629471,20.763761432015798,26.298120498770917,4.284649397500411,1915.9501082947622,0.0,64.16883948052859,50.00000000000006,890.0260737663431,False,R410A
2024-11-10 22:05:00,434.0412179133071,94.08632525056507,43.5528912447632,5.851542017410572,3.0738846775913413,20.872979224478897,26.530422759683823,4.336769948057826,1910.624044865504,0.0,64.1799899234002,49.999999999999936,890.1598790808024,False,R410A
2024-11-10 22:10:00,440.2120974264718,90.47819273292174,45.96514709671335,5.880280000911199,3.880264601446164,21.706597663977465,26.989098188335653,5.3051002224876385,2034.054167755549,0.0,65.83084580989984,50.00000000000008,909.9701497187982,False,R410A
2024-11-10 22:15:00,434.08456794836235,93.9772014272698,45.379967190806845,5.828370603340518,3.2838075491615153,21.364768230333112,26.243883317116406,3.723155365428748,1958.7923926470496,0.0,64.32283701350275,50.000000000000014,891.874044162033,False,R410A
2024-11-10 22:20:00,135.87781272386263,216.9183706375591,4.096567417422626,31.615125953899412,3.5154794351033782,21.26507588747304,18.996220263096546,18.69699055516574,-0.7567779901231347,6097.95094344925,66.0,49.99999999992909,0.0,True,R410A
2024-11-10 22:25:00,137.21597814091115,217.42383245397596,4.295371155054539,31.882953634791285,3.300819390904983,21.256941300805174,18.912465867766805,17.961633331523597,10.085109189459406,6075.7057616798065,66.0,49.999999999921855,0.0,True,R410A
2024-11-10 22:30:00,135.23292422740315,215.50448393316472,3.264358845632395,31.309309748351218,3.1362122433363293,21.075111583445697,18.581428530494932,17.90566101810095,-25.888658974880773,6174.625493285097,66.0,49.999999999950475,0.0,True,R410A
2024-11-10 22:35:00,439.0476825944165,92.48359991829514,46.06865457252142,5.04244312971586,3.5379361965821987,21.07958306121676,26.224120886844496,-1.5944904754608036,1957.378667797487,0.0,65.0947734178252,50.00000000000003,901.1372810139022,False,R410A
2024-11-10 22:40:00,438.33101856342614,91.83786201416513,45.240627523913595,5.467100235580422,2.6568103951790785,21.062326656468134,26.23812629757005,3.568540786625236,2057.640648594054,0.0,65.44376510436268,50.000000000000014,905.3251812523522,False,R410A
2024-11-10 22:45:00,438.55236825813404,91.8055904506806,46.20466776541961,5.219293702893443,3.211597532257727,21.266187684762922,26.180836075329008,-1.0282497894057965,1969.4578566600644,0.0,65.5226575841908,50.00000000000008,906.2718910102894,False,R410A
2024-11-10 22:50:00,446.18717446216004,88.04666158317617,46.181425864527455,5.297573192777588,2.7206510413627485,21.001450721943904,25.991899199991547,2.779184296496095,2112.6800040862518,0.0,67.24710337091932,50.00000000000014,926.9652404510317,False,R410A
2024-11-10 22:55:00,445.991644487772,88.44586644100558,45.80811991439466,4.860266077199947,2.213069704677493,20.646860601240494,25.892887591194448,1.9230157850931848,2059.2280295298415,0.0,67.06791639589248,49.99999999999989,924.8149967507097,False,R410A
2024-11-10 23:00:00,444.08052499812976,89.18573477977152,46.195163595326065,4.3183149442077156,2.1989705694465695,20.84656773009786,26.149773478677158,2.244114802193582,2059.4262446822186,0.0,66.76788782514157,49.999999999999936,921.2146539016989,False,R410A
2024-11-10 23:05:00,443.33647263627864,89.80191848067831,46.89277197607983,5.107815772953942,2.7014941327120323,21.307504888648978,27.329777885030403,-0.2990822667856442,2029.7975734601368,0.0,66.51342867328249,50.00000000000011,918.16114407939,False,R410A
2024-11-10 23:10:00,442.2886875797549,89.88747585679899,46.2983599319724,4.8767900325561975,2.621354668175295,20.603347143508252,26.03244492026873,3.608931544073674,2018.1159575204692,0.0,66.55428576961859,49.999999999999936,918.6514292354229,False,R410A
2024-11-10 23:15:00,131.8430710623164,210.68272046307743,3.3341304112614654,31.240599488395034,2.4073180363219353,21.654867055812048,19.236505683124815,18.795328697358705,8.03387176248195,6444.939781902203,66.82822732515544,49.999999999989825,0.0,True,R410A
2024-11-10 23:20:00,132.08591129104806,211.52845838547222,2.311181359816873,30.423320610310256,2.3290438938894913,20.601904087475305,17.846200307546074,17.656656311070154,11.106927010152091,6410.058299146328,66.62890456655045,49.99999999998689,0.0,True,R410A
2024-11-10 23:25:00,130.92372132065117,210.50147315055762,3.0394711036240896,30.609883625529857,2.6713009257059315,20.594837907586808,19.231909420675663,16.6165414749368,10.483998181816574,6469.559057027467,66.96890889729981,49.999999999991154,0.0,True,R410A
2024-11-10 23:30:00,450.3085219060661,86.49204789471652,46.55132706475087,3.7805770642946315,2.0087029422733966,20.677185031939228,26.455040971750744,2.2540129941729172,2215.954543301157,0.0,68.33975222231824,50.00000000000023,940.0770266678188,False,R410A
2024-11-10 23:35:00,448.0515910376197,87.28033918399996,46.888147135674274,3.9952626449562594,1.6463289130901635,20.493600992770084,26.002676249875105,0.49144796201184837,2132.758289451418,0.0,68.06795413314578,50.00000000000006,936.8154495977493,False,R410A
2024-11-10 23:40:00,452.30444301684776,85.36264241112612,47.24191512488486,3.045968911424492,1.2103922925453392,20.55140051602322,26.015405591795822,-0.5662929051916943,2255.962003869308,0.0,69.02286322814706,50.00000000000013,948.2743587377648,False,R410A
2024-11-10 23:45:00,452.0165409813388,85.84395582522913,47.4002431840765,3.8619594111373594,1.6149511753824888,20.749656014920173,26.484354394536517,1.5723534456684987,2200.5861913893305,0.0,68.85199284563845,50.00000000000013,946.2239141476616,False,R410A
2024-11-10 23:50:00,451.6644913006797,86.08254850923552,47.17554729570399,3.808746156926977,1.3102725215759288,21.422021765762178,25.624661364280673,2.318253940805455,2256.353930612101,0.0,68.80047196199554,49.99999999999967,945.6056635439465,False,R410A
2024-11-10 23:55:00,461.78260583393336,81.08290067282232,47.569418003426286,3.0572647786779656,0.4682515650261046,20.653846227072187,26.153924015907208,-0.4904321975768081,2261.0936031922233,0.0,71.17069405956586,49.999999999999815,974.0483287147904,False,R410A
