timestamp,return_air_temp_c,data_quality_flag
2024-11-01 00:00:00,21.58942820448819,OK
2024-11-01 00:05:00,20.94057390528015,OK
2024-11-01 00:10:00,20.830221651198435,OK
2024-11-01 00:15:00,21.574540006118934,OK
2024-11-01 00:20:00,20.876457568727112,OK
2024-11-01 00:25:00,20.88471180166785,OK
2024-11-01 00:30:00,21.616360706515856,OK
2024-11-01 00:35:00,21.43754163957937,OK
2024-11-01 00:40:00,20.869808333861506,OK
2024-11-01 00:45:00,21.144563918063007,OK
2024-11-01 00:50:00,21.48003713929828,OK
2024-11-01 00:55:00,21.220447273601113,OK
2024-11-01 01:00:00,21.32265251688936,OK
2024-11-01 01:05:00,20.465377710366717,OK
2024-11-01 01:10:00,20.1808016794776,OK
2024-11-01 01:15:00,21.169529657007903,OK
2024-11-01 01:20:00,20.73943890791508,OK
2024-11-01 01:25:00,20.92112349563164,OK
2024-11-01 01:30:00,20.65465064126733,OK
2024-11-01 01:35:00,20.28645411972797,OK
2024-11-01 01:40:00,21.756893343572226,OK
2024-11-01 01:45:00,21.137178234790575,OK
2024-11-01 01:50:00,21.074748199864885,OK
2024-11-01 01:55:00,20.559739872048382,OK
2024-11-01 02:00:00,20.632484519467493,OK
2024-11-01 02:05:00,20.3942549837854,OK
2024-11-01 02:10:00,20.230823857775288,OK
2024-11-01 02:15:00,20.889915803647913,OK
2024-11-01 02:20:00,20.551918478420205,OK
2024-11-01 02:25:00,20.999300062446835,OK
2024-11-01 02:30:00,21.062936138923178,OK
2024-11-01 02:35:00,21.517151689682372,OK
2024-11-01 02:40:00,21.418625913115047,OK
2024-11-01 02:45:00,20.447817405437238,OK
2024-11-01 02:50:00,21.206102335606474,OK
2024-11-01 02:55:00,20.618450751225414,OK
2024-11-01 03:00:00,21.39031497715175,OK
2024-11-01 03:05:00,20.443865087460722,OK
2024-11-01 03:10:00,20.64161485969791,OK
2024-11-01 03:15:00,20.562605436258362,OK
2024-11-01 03:20:00,20.951567961235398,OK
2024-11-01 03:25:00,21.380196166466266,OK
2024-11-01 03:30:00,20.342702836204374,OK
2024-11-01 03:35:00,21.312566687052403,OK
2024-11-01 03:40:00,20.70634274957604,OK
2024-11-01 03:45:00,20.559790338972462,OK
2024-11-01 03:50:00,20.61219367578988,OK
2024-11-01 03:55:00,21.885923257820167,OK
2024-11-01 04:00:00,21.526507228814364,OK
2024-11-01 04:05:00,20.43525572192813,OK
2024-11-01 04:10:00,21.137602709654153,OK
2024-11-01 04:15:00,20.69062090760202,OK
2024-11-01 04:20:00,20.837358593256045,OK
2024-11-01 04:25:00,20.981331780081472,OK
2024-11-01 04:30:00,21.28573694949653,OK
2024-11-01 04:35:00,21.822482849664283,OK
2024-11-01 04:40:00,20.71955052906808,OK
2024-11-01 04:45:00,20.592829722862547,OK
2024-11-01 04:50:00,20.689467415025575,OK
2024-11-01 04:55:00,21.33079886534605,OK
2024-11-01 05:00:00,20.627979182298574,OK
2024-11-01 05:05:00,21.018283249595616,OK
2024-11-01 05:10:00,20.18224857985963,OK
2024-11-01 05:15:00,20.848213053148562,OK
2024-11-01 05:20:00,20.925708285180356,OK
2024-11-01 05:25:00,21.42076118635445,OK
2024-11-01 05:30:00,20.876905998293907,OK
2024-11-01 05:35:00,21.816576558051267,OK
2024-11-01 05:40:00,21.15993755954315,OK
2024-11-01 05:45:00,21.390105658052843,OK
2024-11-01 05:50:00,21.27664140167125,OK
2024-11-01 05:55:00,21.889032746633536,OK
2024-11-01 06:00:00,20.926612726340135,OK
2024-11-01 06:05:00,21.5730440115913,OK
2024-11-01 06:10:00,20.57966954547876,OK
2024-11-01 06:15:00,21.51805873588778,OK
2024-11-01 06:20:00,21.185412103926822,OK
2024-11-01 06:25:00,20.81191734502392,OK
2024-11-01 06:30:00,20.979895284818635,OK
2024-11-01 06:35:00,20.74502791110074,OK
2024-11-01 06:40:00,21.33787180826839,OK
2024-11-01 06:45:00,20.92927495266962,OK
2024-11-01 06:50:00,21.220240521115965,OK
2024-11-01 06:55:00,20.573278798036842,OK
2024-11-01 07:00:00,21.006362103851092,OK
2024-11-01 07:05:00,20.570630380305882,OK
2024-11-01 07:10:00,21.519901657117146,OK
2024-11-01 07:15:00,21.26233243583421,OK
2024-11-01 07:20:00,20.677544385560154,OK
2024-11-01 07:25:00,21.623138024089386,OK
2024-11-01 07:30:00,20.590445592374042,OK
2024-11-01 07:35:00,21.788453277087438,OK
2024-11-01 07:40:00,20.885049831110443,OK
2024-11-01 07:45:00,20.279661449023063,OK
2024-11-01 07:50:00,21.359931444806836,OK
2024-11-01 07:55:00,20.85260926682636,OK
2024-11-01 08:00:00,20.96037257809546,OK
2024-11-01 08:05:00,20.788900412081546,OK
2024-11-01 08:10:00,20.530814013841223,OK
2024-11-01 08:15:00,21.654257708530572,OK
2024-11-01 08:20:00,20.298374215136324,OK
2024-11-01 08:25:00,20.494729834570112,OK
2024-11-01 08:30:00,20.977561382347012,OK
2024-11-01 08:35:00,20.26794877920518,OK
2024-11-01 08:40:00,20.657149766966832,OK
2024-11-01 08:45:00,21.4197060152925,OK
2024-11-01 08:50:00,21.70511894880897,OK
2024-11-01 08:55:00,20.936462355927738,OK
2024-11-01 09:00:00,21.082757119096243,OK
2024-11-01 09:05:00,20.84492506621015,OK
2024-11-01 09:10:00,20.405769292599576,OK
2024-11-01 09:15:00,20.76350242259734,OK
2024-11-01 09:20:00,20.84399726712408,OK
2024-11-01 09:25:00,21.555769192481957,OK
2024-11-01 09:30:00,20.724533455008935,OK
2024-11-01 09:35:00,21.403637501625028,OK
2024-11-01 09:40:00,21.220621686692343,OK
2024-11-01 09:45:00,20.369687608196855,OK
2024-11-01 09:50:00,20.984528706591735,OK
2024-11-01 09:55:00,21.17839691686685,OK
2024-11-01 10:00:00,21.88389586359978,OK
2024-11-01 10:05:00,20.41887220245261,OK
2024-11-01 10:10:00,21.37247097636962,OK
2024-11-01 10:15:00,20.606060805277615,OK
2024-11-01 10:20:00,21.143464475926535,OK
2024-11-01 10:25:00,21.519673725477148,OK
2024-11-01 10:30:00,21.04936309412036,OK
2024-11-01 10:35:00,20.966448268002207,OK
2024-11-01 10:40:00,21.283637006649816,OK
2024-11-01 10:45:00,21.025771288665037,OK
2024-11-01 10:50:00,20.802985467221955,OK
2024-11-01 10:55:00,21.49589064233403,OK
2024-11-01 11:00:00,21.08062207591867,OK
2024-11-01 11:05:00,21.839518917069327,OK
2024-11-01 11:10:00,21.089375114152016,OK
2024-11-01 11:15:00,21.26414628854701,OK
2024-11-01 11:20:00,21.019217624840877,OK
2024-11-01 11:25:00,21.116512098833677,OK
2024-11-01 11:30:00,21.820143636780557,OK
2024-11-01 11:35:00,20.340593150066926,OK
2024-11-01 11:40:00,21.23562330479912,OK
2024-11-01 11:45:00,21.187821722854643,OK
2024-11-01 11:50:00,20.671518560861674,OK
2024-11-01 11:55:00,20.990966158179777,OK
2024-11-01 12:00:00,21.221805479531795,OK
2024-11-01 12:05:00,20.811445405708767,OK
2024-11-01 12:10:00,20.866882731203347,OK
2024-11-01 12:15:00,20.665680870630545,OK
2024-11-01 12:20:00,21.20224033421664,OK
2024-11-01 12:25:00,21.674163891924156,OK
2024-11-01 12:30:00,20.960402835623416,OK
2024-11-01 12:35:00,21.206614090280688,OK
2024-11-01 12:40:00,20.82607379323823,OK
2024-11-01 12:45:00,21.12908785722052,OK
2024-11-01 12:50:00,21.754462913382437,OK
2024-11-01 12:55:00,20.804836702316212,OK
2024-11-01 13:00:00,21.38954841349695,OK
2024-11-01 13:05:00,21.7034207149077,OK
2024-11-01 13:10:00,20.550302321207514,OK
2024-11-01 13:15:00,20.71541263842743,OK
2024-11-01 13:20:00,20.485342387003147,OK
2024-11-01 13:25:00,20.86214913290988,OK
2024-11-01 13:30:00,20.807589033807883,OK
2024-11-01 13:35:00,20.644890803184047,OK
2024-11-01 13:40:00,21.267948049191265,OK
2024-11-01 13:45:00,21.47799265261962,OK
2024-11-01 13:50:00,21.435438531616967,OK
2024-11-01 13:55:00,21.744188187234787,OK
2024-11-01 14:00:00,20.658420563639822,OK
2024-11-01 14:05:00,21.039359129281987,OK
2024-11-01 14:10:00,21.150515522031963,OK
2024-11-01 14:15:00,20.873628181974215,OK
2024-11-01 14:20:00,21.103624748065148,OK
2024-11-01 14:25:00,20.722937902535,OK
2024-11-01 14:30:00,21.399337982080603,OK
2024-11-01 14:35:00,21.782404139339235,OK
2024-11-01 14:40:00,21.100786287277426,OK
2024-11-01 14:45:00,21.25775303963695,OK
2024-11-01 14:50:00,20.87200449323226,OK
2024-11-01 14:55:00,21.689924535473107,OK
2024-11-01 15:00:00,21.079565308381415,OK
2024-11-01 15:05:00,20.93724765218333,OK
2024-11-01 15:10:00,20.76257148408277,OK
2024-11-01 15:15:00,21.445922706364367,OK
2024-11-01 15:20:00,21.04423192783571,OK
2024-11-01 15:25:00,20.954973756034175,OK
2024-11-01 15:30:00,20.991763680217243,OK
2024-11-01 15:35:00,20.80929900436658,OK
2024-11-01 15:40:00,20.690020861593943,OK
2024-11-01 15:45:00,21.083959940018616,OK
2024-11-01 15:50:00,21.452515391874183,OK
2024-11-01 15:55:00,21.507899998431018,OK
2024-11-01 16:00:00,21.09985726228915,OK
2024-11-01 16:05:00,20.217782700535086,OK
2024-11-01 16:10:00,21.11795676947438,OK
2024-11-01 16:15:00,20.878593024987538,OK
2024-11-01 16:20:00,21.223999338109437,OK
2024-11-01 16:25:00,20.56428582484651,OK
2024-11-01 16:30:00,21.132807915532833,OK
2024-11-01 16:35:00,20.3948370973557,OK
2024-11-01 16:40:00,21.104481652459445,OK
2024-11-01 16:45:00,21.36805581500379,OK
2024-11-01 16:50:00,21.63150597958721,OK
2024-11-01 16:55:00,21.297933555330996,OK
2024-11-01 17:00:00,20.815064154667333,OK
2024-11-01 17:05:00,20.519911458441833,OK
2024-11-01 17:10:00,21.228172095594562,OK
2024-11-01 17:15:00,21.45479800960502,OK
2024-11-01 17:20:00,21.25414414933381,OK
2024-11-01 17:25:00,21.997016338284425,OK
2024-11-01 17:30:00,21.08755444293892,OK
2024-11-01 17:35:00,21.645366510818562,OK
2024-11-01 17:40:00,20.958647143969515,OK
2024-11-01 17:45:00,20.912122835189503,OK
2024-11-01 17:50:00,21.085895854551417,OK
2024-11-01 17:55:00,21.09594768778544,OK
2024-11-01 18:00:00,20.332234976733822,OK
2024-11-01 18:05:00,21.33420001809057,OK
2024-11-01 18:10:00,20.5245108492873,OK
2024-11-01 18:15:00,20.964733237820006,OK
2024-11-01 18:20:00,21.508541376895923,OK
2024-11-01 18:25:00,20.35051539656041,OK
2024-11-01 18:30:00,20.940492219816953,OK
2024-11-01 18:35:00,20.730469009951143,OK
2024-11-01 18:40:00,20.891667497555243,OK
2024-11-01 18:45:00,21.621781257653478,OK
2024-11-01 18:50:00,20.836533542266125,OK
2024-11-01 18:55:00,21.31658309760597,OK
2024-11-01 19:00:00,20.214014251570823,OK
2024-11-01 19:05:00,20.728338852303715,OK
2024-11-01 19:10:00,21.30681546479979,OK
2024-11-01 19:15:00,21.207150077108505,OK
2024-11-01 19:20:00,21.116087376887965,OK
2024-11-01 19:25:00,20.933902487913656,OK
2024-11-01 19:30:00,21.814545407842733,OK
2024-11-01 19:35:00,21.28010602282559,OK
2024-11-01 19:40:00,20.10268587651519,OK
2024-11-01 19:45:00,21.301393565952665,OK
2024-11-01 19:50:00,20.999667524030954,OK
2024-11-01 19:55:00,21.684259344460816,OK
2024-11-01 20:00:00,21.291516101540537,OK
2024-11-01 20:05:00,21.06472189145291,OK
2024-11-01 20:10:00,20.783231478404485,OK
2024-11-01 20:15:00,21.791483437611674,OK
2024-11-01 20:20:00,20.334466097382382,OK
2024-11-01 20:25:00,21.00103888734943,OK
2024-11-01 20:30:00,20.780496228725454,OK
2024-11-01 20:35:00,20.674813625172447,OK
2024-11-01 20:40:00,21.758926308543785,OK
2024-11-01 20:45:00,21.194832393068676,OK
2024-11-01 20:50:00,20.775707261079926,OK
2024-11-01 20:55:00,21.03065269706742,OK
2024-11-01 21:00:00,21.584424369491394,OK
2024-11-01 21:05:00,21.078879084213135,OK
2024-11-01 21:10:00,20.484467533820556,OK
2024-11-01 21:15:00,20.819101110679902,OK
2024-11-01 21:20:00,21.93336459671743,OK
2024-11-01 21:25:00,20.709882605973743,OK
2024-11-01 21:30:00,20.495466331084675,OK
2024-11-01 21:35:00,21.650917677225035,OK
2024-11-01 21:40:00,20.856698670734385,OK
2024-11-01 21:45:00,20.942839262815443,OK
2024-11-01 21:50:00,19.89645518792095,OK
2024-11-01 21:55:00,20.40860601078265,OK
2024-11-01 22:00:00,21.505643983707998,OK
2024-11-01 22:05:00,20.641218512008557,OK
2024-11-01 22:10:00,20.96839804813505,OK
2024-11-01 22:15:00,20.669279596597384,OK
2024-11-01 22:20:00,21.229838164601357,OK
2024-11-01 22:25:00,21.086152573691876,OK
2024-11-01 22:30:00,21.16190394506124,OK
2024-11-01 22:35:00,20.27191906883877,OK
2024-11-01 22:40:00,21.073753447330716,OK
2024-11-01 22:45:00,21.45956731741996,OK
2024-11-01 22:50:00,20.684048188114566,OK
2024-11-01 22:55:00,20.635013717875392,OK
2024-11-01 23:00:00,21.17495808642538,OK
2024-11-01 23:05:00,20.862245972524427,OK
2024-11-01 23:10:00,20.886271985432007,OK
2024-11-01 23:15:00,20.57828389411483,OK
2024-11-01 23:20:00,20.71488673364351,OK
2024-11-01 23:25:00,21.524629346996218,OK
2024-11-01 23:30:00,21.550058901585135,OK
2024-11-01 23:35:00,20.77224844975048,OK
2024-11-01 23:40:00,21.713337655270916,OK
2024-11-01 23:45:00,20.512680271616794,OK
2024-11-01 23:50:00,20.81394607246085,OK
2024-11-01 23:55:00,21.114746355601138,OK
2024-11-02 00:00:00,21.433771101948025,OK
2024-11-02 00:05:00,21.237567194399556,OK
2024-11-02 00:10:00,20.57093572856489,OK
2024-11-02 00:15:00,20.789622069670017,OK
2024-11-02 00:20:00,21.074976180614836,OK
2024-11-02 00:25:00,21.819504548771025,OK
2024-11-02 00:30:00,21.64169252018874,OK
2024-11-02 00:35:00,20.55339977693785,OK
2024-11-02 00:40:00,21.652393798091722,OK
2024-11-02 00:45:00,21.109780746895087,OK
2024-11-02 00:50:00,21.55718362731441,OK
2024-11-02 00:55:00,21.42537225682347,OK
2024-11-02 01:00:00,20.37211228395395,OK
2024-11-02 01:05:00,20.99693787492906,OK
2024-11-02 01:10:00,21.525897058887768,OK
2024-11-02 01:15:00,21.177064503121688,OK
2024-11-02 01:20:00,20.91983459361877,OK
2024-11-02 01:25:00,20.563699041460705,OK
2024-11-02 01:30:00,21.588384723701807,OK
2024-11-02 01:35:00,20.88515309369342,OK
2024-11-02 01:40:00,20.887474039937985,OK
2024-11-02 01:45:00,20.841590205206913,OK
2024-11-02 01:50:00,20.981046613770165,OK
2024-11-02 01:55:00,21.162042318880356,OK
2024-11-02 02:00:00,21.248428042949374,OK
2024-11-02 02:05:00,20.719073096639157,OK
2024-11-02 02:10:00,21.796470151201884,OK
2024-11-02 02:15:00,21.011073937979713,OK
2024-11-02 02:20:00,20.8747798394414,OK
2024-11-02 02:25:00,20.16900731850566,OK
2024-11-02 02:30:00,21.40599038805655,OK
2024-11-02 02:35:00,21.128384549506787,OK
2024-11-02 02:40:00,21.092304503538532,OK
2024-11-02 02:45:00,21.437641508010458,OK
2024-11-02 02:50:00,21.01280331391897,OK
2024-11-02 02:55:00,21.686047603721697,OK
2024-11-02 03:00:00,20.621930520372743,OK
2024-11-02 03:05:00,20.510600936579102,OK
2024-11-02 03:10:00,21.473715869221582,OK
2024-11-02 03:15:00,21.656608220652686,OK
2024-11-02 03:20:00,21.156364993720853,OK
2024-11-02 03:25:00,21.631446874554303,OK
2024-11-02 03:30:00,21.108271710181647,OK
2024-11-02 03:35:00,20.845030979109247,OK
2024-11-02 03:40:00,21.74427420765531,OK
2024-11-02 03:45:00,21.292654951411897,OK
2024-11-02 03:50:00,21.79611869334179,OK
2024-11-02 03:55:00,20.7165986880393,OK
2024-11-02 04:00:00,21.410005591609135,OK
2024-11-02 04:05:00,20.878919209268116,OK
2024-11-02 04:10:00,21.055632082356638,OK
2024-11-02 04:15:00,20.183108110134835,OK
2024-11-02 04:20:00,20.851221128696217,OK
2024-11-02 04:25:00,20.748099976016782,OK
2024-11-02 04:30:00,21.195966119896713,OK
2024-11-02 04:35:00,,MISSING
2024-11-02 04:40:00,,MISSING
2024-11-02 04:45:00,21.235087170070308,OK
2024-11-02 04:50:00,21.24953617027568,OK
2024-11-02 04:55:00,20.27085365823928,OK
2024-11-02 05:00:00,21.249220507036664,OK
2024-11-02 05:05:00,20.395152129376598,OK
2024-11-02 05:10:00,21.15569491262169,OK
2024-11-02 05:15:00,21.25311992910228,OK
2024-11-02 05:20:00,21.1229109263855,OK
2024-11-02 05:25:00,20.797069515638324,OK
2024-11-02 05:30:00,20.719880282023794,OK
2024-11-02 05:35:00,20.321334698613448,OK
2024-11-02 05:40:00,20.86171801712284,OK
2024-11-02 05:45:00,20.94821092751002,OK
2024-11-02 05:50:00,21.445923875089232,OK
2024-11-02 05:55:00,20.84043583592062,OK
2024-11-02 06:00:00,21.505766014660665,OK
2024-11-02 06:05:00,21.01636861231364,OK
2024-11-02 06:10:00,20.837481133750323,OK
2024-11-02 06:15:00,21.33381499237061,OK
2024-11-02 06:20:00,21.310000424250738,OK
2024-11-02 06:25:00,20.621281324036495,OK
2024-11-02 06:30:00,21.347448412192897,OK
2024-11-02 06:35:00,20.844395765648795,OK
2024-11-02 06:40:00,20.796093761146533,OK
2024-11-02 06:45:00,20.914181392992404,OK
2024-11-02 06:50:00,21.009203861877953,OK
2024-11-02 06:55:00,20.992525786865052,OK
2024-11-02 07:00:00,21.26828252476438,OK
2024-11-02 07:05:00,20.966842207883555,OK
2024-11-02 07:10:00,21.527230263435808,OK
2024-11-02 07:15:00,21.099798561779814,OK
2024-11-02 07:20:00,21.33506132991265,OK
2024-11-02 07:25:00,21.34258082595471,OK
2024-11-02 07:30:00,21.811761441267713,OK
2024-11-02 07:35:00,20.57383665230191,OK
2024-11-02 07:40:00,20.253341064910494,OK
2024-11-02 07:45:00,20.542125896955657,OK
2024-11-02 07:50:00,20.161460539377803,OK
2024-11-02 07:55:00,20.617698632408274,OK
2024-11-02 08:00:00,21.066566179591806,OK
2024-11-02 08:05:00,21.33629467599777,OK
2024-11-02 08:10:00,21.76609068481614,OK
2024-11-02 08:15:00,21.333734900407052,OK
2024-11-02 08:20:00,21.764361643275137,OK
2024-11-02 08:25:00,21.304309065000517,OK
2024-11-02 08:30:00,20.660796471183833,OK
2024-11-02 08:35:00,21.289642370534022,OK
2024-11-02 08:40:00,20.97615001263617,OK
2024-11-02 08:45:00,21.531760242957628,OK
2024-11-02 08:50:00,21.312914503051992,OK
2024-11-02 08:55:00,20.671046078033353,OK
2024-11-02 09:00:00,19.778048085673827,OK
2024-11-02 09:05:00,21.427303197196167,OK
2024-11-02 09:10:00,20.752677248188185,OK
2024-11-02 09:15:00,21.04874030650699,OK
2024-11-02 09:20:00,20.648329197404983,OK
2024-11-02 09:25:00,20.384793820867536,OK
2024-11-02 09:30:00,21.24339707729964,OK
2024-11-02 09:35:00,21.159173972707578,OK
2024-11-02 09:40:00,20.744922395047052,OK
2024-11-02 09:45:00,21.167861903850913,OK
2024-11-02 09:50:00,20.32264754293895,OK
2024-11-02 09:55:00,21.182387735503227,OK
2024-11-02 10:00:00,21.092297961828947,OK
2024-11-02 10:05:00,21.232886636594486,OK
2024-11-02 10:10:00,21.364051577328606,OK
2024-11-02 10:15:00,20.469882748281123,OK
2024-11-02 10:20:00,20.084048266303032,OK
2024-11-02 10:25:00,21.67049855904334,OK
2024-11-02 10:30:00,21.3063097276776,OK
2024-11-02 10:35:00,20.614846398051753,OK
2024-11-02 10:40:00,21.58807865239577,OK
2024-11-02 10:45:00,21.412094421903245,OK
2024-11-02 10:50:00,21.695399396144328,OK
2024-11-02 10:55:00,20.850887893493436,OK
2024-11-02 11:00:00,21.171596063834322,OK
2024-11-02 11:05:00,21.131437710853934,OK
2024-11-02 11:10:00,20.831792951569742,OK
2024-11-02 11:15:00,21.730166425272454,OK
2024-11-02 11:20:00,20.975079161233133,OK
2024-11-02 11:25:00,21.2316911113569,OK
2024-11-02 11:30:00,20.525449632390472,OK
2024-11-02 11:35:00,21.046296199112934,OK
2024-11-02 11:40:00,21.31415929282889,OK
2024-11-02 11:45:00,20.08836310170754,OK
2024-11-02 11:50:00,20.970330433098354,OK
2024-11-02 11:55:00,20.344784023269078,OK
2024-11-02 12:00:00,21.662918322084234,OK
2024-11-02 12:05:00,20.863191377173784,OK
2024-11-02 12:10:00,21.927666967176282,OK
2024-11-02 12:15:00,21.439632053521876,OK
2024-11-02 12:20:00,21.365079461017693,OK
2024-11-02 12:25:00,20.46745137848197,OK
2024-11-02 12:30:00,20.212595923354485,OK
2024-11-02 12:35:00,20.710389262759147,OK
2024-11-02 12:40:00,21.115037849749335,OK
2024-11-02 12:45:00,20.99640037084568,OK
2024-11-02 12:50:00,19.89906078990569,OK
2024-11-02 12:55:00,21.661315585143925,OK
2024-11-02 13:00:00,20.530804092699626,OK
2024-11-02 13:05:00,21.220585447814166,OK
2024-11-02 13:10:00,20.92210824380502,OK
2024-11-02 13:15:00,20.637933202374242,OK
2024-11-02 13:20:00,20.73847649142573,OK
2024-11-02 13:25:00,20.68135681568574,OK
2024-11-02 13:30:00,20.976819297689616,OK
2024-11-02 13:35:00,21.528002600712693,OK
2024-11-02 13:40:00,20.77244816722897,OK
2024-11-02 13:45:00,21.362498860775204,OK
2024-11-02 13:50:00,20.83797946794664,OK
2024-11-02 13:55:00,20.831513916853062,OK
2024-11-02 14:00:00,20.89549918720865,OK
2024-11-02 14:05:00,20.990360823575482,OK
2024-11-02 14:10:00,20.93069193725062,OK
2024-11-02 14:15:00,20.593214175869473,OK
2024-11-02 14:20:00,21.53304449950952,OK
2024-11-02 14:25:00,20.977807263217418,OK
2024-11-02 14:30:00,20.799215524705335,OK
2024-11-02 14:35:00,21.04728564285459,OK
2024-11-02 14:40:00,20.79864908852934,OK
2024-11-02 14:45:00,21.16317928672051,OK
2024-11-02 14:50:00,21.43267280777748,OK
2024-11-02 14:55:00,21.762409364384414,OK
2024-11-02 15:00:00,20.659760742523414,OK
2024-11-02 15:05:00,21.027186145352225,OK
2024-11-02 15:10:00,20.3447432959697,OK
2024-11-02 15:15:00,20.558136570085892,OK
2024-11-02 15:20:00,20.10846804683828,OK
2024-11-02 15:25:00,21.114762949161673,OK
2024-11-02 15:30:00,21.593157912755128,OK
2024-11-02 15:35:00,20.738839477506392,OK
2024-11-02 15:40:00,20.94546103591586,OK
2024-11-02 15:45:00,20.94793023961356,OK
2024-11-02 15:50:00,22.14255204011213,OK
2024-11-02 15:55:00,21.05600535450505,OK
2024-11-02 16:00:00,20.945378263289008,OK
2024-11-02 16:05:00,20.599740982458073,OK
2024-11-02 16:10:00,20.764033335321432,OK
2024-11-02 16:15:00,21.31541561698502,OK
2024-11-02 16:20:00,20.222510237183876,OK
2024-11-02 16:25:00,20.886856712749992,OK
2024-11-02 16:30:00,20.6228013627896,OK
2024-11-02 16:35:00,20.746423258494687,OK
2024-11-02 16:40:00,21.22446986840678,OK
2024-11-02 16:45:00,21.375832307897767,OK
2024-11-02 16:50:00,21.763012893691347,OK
2024-11-02 16:55:00,21.48213291005252,OK
2024-11-02 17:00:00,20.88525617700038,OK
2024-11-02 17:05:00,20.671966369198856,OK
2024-11-02 17:10:00,21.016228236009493,OK
2024-11-02 17:15:00,21.596361998954734,OK
2024-11-02 17:20:00,20.782691085981046,OK
2024-11-02 17:25:00,20.628229024685563,OK
2024-11-02 17:30:00,20.432419036945948,OK
2024-11-02 17:35:00,20.58974479445535,OK
2024-11-02 17:40:00,21.557451882261038,OK
2024-11-02 17:45:00,21.227528019519948,OK
2024-11-02 17:50:00,20.91445253041441,OK
2024-11-02 17:55:00,21.1414007054201,OK
2024-11-02 18:00:00,20.525734213761325,OK
2024-11-02 18:05:00,20.713555256898697,OK
2024-11-02 18:10:00,21.346847985867253,OK
2024-11-02 18:15:00,20.324338768132456,OK
2024-11-02 18:20:00,20.794988601599606,OK
2024-11-02 18:25:00,21.036490040467164,OK
2024-11-02 18:30:00,21.14607416077004,OK
2024-11-02 18:35:00,20.747556321687842,OK
2024-11-02 18:40:00,21.217753556849523,OK
2024-11-02 18:45:00,21.031419621338273,OK
2024-11-02 18:50:00,20.926385801384924,OK
2024-11-02 18:55:00,21.042898391472676,OK
2024-11-02 19:00:00,21.012783770337006,OK
2024-11-02 19:05:00,20.79213624614995,OK
2024-11-02 19:10:00,20.636220973264752,OK
2024-11-02 19:15:00,21.62375160135147,OK
2024-11-02 19:20:00,21.00924114226634,OK
2024-11-02 19:25:00,21.0922216027619,OK
2024-11-02 19:30:00,20.908044220045486,OK
2024-11-02 19:35:00,21.526920213432746,OK
2024-11-02 19:40:00,21.35769050460755,OK
2024-11-02 19:45:00,20.925629770447852,OK
2024-11-02 19:50:00,19.991076014627414,OK
2024-11-02 19:55:00,20.91975937750016,OK
2024-11-02 20:00:00,21.228123225961408,OK
2024-11-02 20:05:00,20.5804398233981,OK
2024-11-02 20:10:00,21.726407761145325,OK
2024-11-02 20:15:00,20.990356533160103,OK
2024-11-02 20:20:00,20.735397018028188,OK
2024-11-02 20:25:00,20.587975134099548,OK
2024-11-02 20:30:00,20.579582926802463,OK
2024-11-02 20:35:00,20.955681068163074,OK
2024-11-02 20:40:00,20.6742462856148,OK
2024-11-02 20:45:00,21.17091071115511,OK
2024-11-02 20:50:00,21.03534844364418,OK
2024-11-02 20:55:00,20.041907557656323,OK
2024-11-02 21:00:00,20.769344708949095,OK
2024-11-02 21:05:00,20.352597459790697,OK
2024-11-02 21:10:00,20.962233776675465,OK
2024-11-02 21:15:00,21.48862290638193,OK
2024-11-02 21:20:00,19.934568478303156,OK
2024-11-02 21:25:00,20.39760124628088,OK
2024-11-02 21:30:00,20.894287412858528,OK
2024-11-02 21:35:00,20.60439018383917,OK
2024-11-02 21:40:00,20.944995638722702,OK
2024-11-02 21:45:00,20.639618225216733,OK
2024-11-02 21:50:00,21.232693981334016,OK
2024-11-02 21:55:00,20.65643801386149,OK
2024-11-02 22:00:00,21.243055629999013,OK
2024-11-02 22:05:00,20.91281944901533,OK
2024-11-02 22:10:00,21.34394629143383,OK
2024-11-02 22:15:00,20.83015312735795,OK
2024-11-02 22:20:00,21.16892714979801,OK
2024-11-02 22:25:00,20.524521490852674,OK
2024-11-02 22:30:00,21.103525660183042,OK
2024-11-02 22:35:00,20.700937350644942,OK
2024-11-02 22:40:00,20.719118627703242,OK
2024-11-02 22:45:00,21.602366927298117,OK
2024-11-02 22:50:00,21.781215738500077,OK
2024-11-02 22:55:00,20.646320299471807,OK
2024-11-02 23:00:00,21.322127682097854,OK
2024-11-02 23:05:00,20.48390790221577,OK
2024-11-02 23:10:00,19.95079430787544,OK
2024-11-02 23:15:00,20.46139840792191,OK
2024-11-02 23:20:00,20.30376752020349,OK
2024-11-02 23:25:00,20.77287104250826,OK
2024-11-02 23:30:00,20.937718009233098,OK
2024-11-02 23:35:00,21.008431401471572,OK
2024-11-02 23:40:00,20.910294348677155,OK
2024-11-02 23:45:00,21.084797383378444,OK
2024-11-02 23:50:00,20.841348152486685,OK
2024-11-02 23:55:00,20.230115698844113,OK
2024-11-03 00:00:00,21.15853749541399,OK
2024-11-03 00:05:00,20.99657948155899,OK
2024-11-03 00:10:00,20.658881445114304,OK
2024-11-03 00:15:00,20.88678832914657,OK
2024-11-03 00:20:00,21.368083794127983,OK
2024-11-03 00:25:00,20.98515384575787,OK
2024-11-03 00:30:00,21.206534180884727,OK
2024-11-03 00:35:00,22.018653265233073,OK
2024-11-03 00:40:00,20.955755158746562,OK
2024-11-03 00:45:00,20.889109342151528,OK
2024-11-03 00:50:00,21.2739550153671,OK
2024-11-03 00:55:00,21.297276429831,OK
2024-11-03 01:00:00,21.041069433127948,OK
2024-11-03 01:05:00,20.709051881094997,OK
2024-11-03 01:10:00,21.334982634144254,OK
2024-11-03 01:15:00,20.833259265427234,OK
2024-11-03 01:20:00,21.322070500345312,OK
2024-11-03 01:25:00,21.3342197108326,OK
2024-11-03 01:30:00,21.142570610610406,OK
2024-11-03 01:35:00,20.972777479363653,OK
2024-11-03 01:40:00,20.91717971105901,OK
2024-11-03 01:45:00,20.34131030724718,OK
2024-11-03 01:50:00,20.569816228048648,OK
2024-11-03 01:55:00,20.917465070594545,OK
2024-11-03 02:00:00,21.505652540234387,OK
2024-11-03 02:05:00,21.01175785144071,OK
2024-11-03 02:10:00,21.485855651528183,OK
2024-11-03 02:15:00,21.53872456862117,OK
2024-11-03 02:20:00,21.24787836311404,OK
2024-11-03 02:25:00,21.646306878633872,OK
2024-11-03 02:30:00,20.890142356895417,OK
2024-11-03 02:35:00,20.769212364105837,OK
2024-11-03 02:40:00,20.045057275610503,OK
2024-11-03 02:45:00,21.211739149663483,OK
2024-11-03 02:50:00,20.887633209561603,OK
2024-11-03 02:55:00,21.315468101023065,OK
2024-11-03 03:00:00,21.58022061897103,OK
2024-11-03 03:05:00,20.011638909686834,OK
2024-11-03 03:10:00,22.203169977446546,OK
2024-11-03 03:15:00,21.064782766652026,OK
2024-11-03 03:20:00,21.33663438412908,OK
2024-11-03 03:25:00,21.36967013354508,OK
2024-11-03 03:30:00,21.576421285600993,OK
2024-11-03 03:35:00,21.130087937290988,OK
2024-11-03 03:40:00,20.35382132572253,OK
2024-11-03 03:45:00,21.109738042008836,OK
2024-11-03 03:50:00,21.719304162774552,OK
2024-11-03 03:55:00,21.33883768338619,OK
2024-11-03 04:00:00,21.67527550463762,OK
2024-11-03 04:05:00,20.82692608047851,OK
2024-11-03 04:10:00,20.524465758187965,OK
2024-11-03 04:15:00,20.636470408976642,OK
2024-11-03 04:20:00,20.899172858926605,OK
2024-11-03 04:25:00,21.38962895045138,OK
2024-11-03 04:30:00,19.90444306980877,OK
2024-11-03 04:35:00,21.224842172623678,OK
2024-11-03 04:40:00,20.353590016993984,OK
2024-11-03 04:45:00,20.686813222822362,OK
2024-11-03 04:50:00,21.055563107708114,OK
2024-11-03 04:55:00,20.14770808392162,OK
2024-11-03 05:00:00,21.457899098946974,OK
2024-11-03 05:05:00,21.87664292835022,OK
2024-11-03 05:10:00,21.04907316945489,OK
2024-11-03 05:15:00,20.65153038249828,OK
2024-11-03 05:20:00,21.156794926951907,OK
2024-11-03 05:25:00,21.08980161685578,OK
2024-11-03 05:30:00,20.45009819856775,OK
2024-11-03 05:35:00,20.557666546788386,OK
2024-11-03 05:40:00,21.04586024981474,OK
2024-11-03 05:45:00,21.24650421435047,OK
2024-11-03 05:50:00,20.020305364697137,OK
2024-11-03 05:55:00,21.04173018535315,OK
2024-11-03 06:00:00,20.978453107903288,OK
2024-11-03 06:05:00,21.169443677771085,OK
2024-11-03 06:10:00,21.532944365643402,OK
2024-11-03 06:15:00,21.081558158072458,OK
2024-11-03 06:20:00,21.00324561534904,OK
2024-11-03 06:25:00,20.72655722143602,OK
2024-11-03 06:30:00,21.640004411188148,OK
2024-11-03 06:35:00,21.217497810011416,OK
2024-11-03 06:40:00,21.312528264103573,OK
2024-11-03 06:45:00,21.195975362659638,OK
2024-11-03 06:50:00,20.74669243221214,OK
2024-11-03 06:55:00,20.986585606481412,OK
2024-11-03 07:00:00,20.554471929076893,OK
2024-11-03 07:05:00,20.864908741517834,OK
2024-11-03 07:10:00,20.717913009829225,OK
2024-11-03 07:15:00,21.220121569866308,OK
2024-11-03 07:20:00,21.021145705902804,OK
2024-11-03 07:25:00,21.377825859910285,OK
2024-11-03 07:30:00,21.239023461832392,OK
2024-11-03 07:35:00,21.37001798310271,OK
2024-11-03 07:40:00,20.077026134423868,OK
2024-11-03 07:45:00,21.849969204186785,OK
2024-11-03 07:50:00,21.324289662697563,OK
2024-11-03 07:55:00,19.971608737535956,OK
2024-11-03 08:00:00,21.199433741875644,OK
2024-11-03 08:05:00,20.93170044068038,OK
2024-11-03 08:10:00,21.02952972877835,OK
2024-11-03 08:15:00,20.83954589711699,OK
2024-11-03 08:20:00,20.66082680015624,OK
2024-11-03 08:25:00,21.983517375659492,OK
2024-11-03 08:30:00,20.819163614433144,OK
2024-11-03 08:35:00,21.205857837117346,OK
2024-11-03 08:40:00,20.950292727656407,OK
2024-11-03 08:45:00,20.002760535062848,OK
2024-11-03 08:50:00,21.104596848521048,OK
2024-11-03 08:55:00,20.979586844173493,OK
2024-11-03 09:00:00,20.90497206982639,OK
2024-11-03 09:05:00,21.330625476422096,OK
2024-11-03 09:10:00,21.110045120540864,OK
2024-11-03 09:15:00,20.750933913482925,OK
2024-11-03 09:20:00,20.984013547265533,OK
2024-11-03 09:25:00,21.16020725601173,OK
2024-11-03 09:30:00,21.167460605246728,OK
2024-11-03 09:35:00,21.33268433936415,OK
2024-11-03 09:40:00,20.465100104930343,OK
2024-11-03 09:45:00,20.825075254663773,OK
2024-11-03 09:50:00,21.23917928198766,OK
2024-11-03 09:55:00,20.74091580772724,OK
2024-11-03 10:00:00,21.076317730455713,OK
2024-11-03 10:05:00,20.55303229240981,OK
2024-11-03 10:10:00,21.143878813356707,OK
2024-11-03 10:15:00,21.032670427294956,OK
2024-11-03 10:20:00,21.00953431908752,OK
2024-11-03 10:25:00,21.9042864511463,OK
2024-11-03 10:30:00,21.016087207242528,OK
2024-11-03 10:35:00,21.055566309933173,OK
2024-11-03 10:40:00,20.287431136522308,OK
2024-11-03 10:45:00,20.701519554185584,OK
2024-11-03 10:50:00,20.61154211753507,OK
2024-11-03 10:55:00,21.78384642784004,OK
2024-11-03 11:00:00,20.585769693082714,OK
2024-11-03 11:05:00,21.872351382184984,OK
2024-11-03 11:10:00,20.302341632465225,OK
2024-11-03 11:15:00,21.346879134904146,OK
2024-11-03 11:20:00,20.93716306188621,OK
2024-11-03 11:25:00,20.656536830768115,OK
2024-11-03 11:30:00,21.20576824329119,OK
2024-11-03 11:35:00,21.381835337654845,OK
2024-11-03 11:40:00,21.148637084172027,OK
2024-11-03 11:45:00,21.344823273533173,OK
2024-11-03 11:50:00,21.019998946865055,OK
2024-11-03 11:55:00,20.541068783342777,OK
2024-11-03 12:00:00,21.049432649732744,OK
2024-11-03 12:05:00,20.001655930947745,OK
2024-11-03 12:10:00,20.790262937535957,OK
2024-11-03 12:15:00,21.642370300682025,OK
2024-11-03 12:20:00,20.678824042672687,OK
2024-11-03 12:25:00,20.743365870934472,OK
2024-11-03 12:30:00,20.740819383582966,OK
2024-11-03 12:35:00,20.968102930027,OK
2024-11-03 12:40:00,20.96179904336685,OK
2024-11-03 12:45:00,20.63358784574896,OK
2024-11-03 12:50:00,21.254512628339015,OK
2024-11-03 12:55:00,21.026102097738285,OK
2024-11-03 13:00:00,21.453003605113125,OK
2024-11-03 13:05:00,20.153770590117755,OK
2024-11-03 13:10:00,21.72452537453951,OK
2024-11-03 13:15:00,21.581600930186784,OK
2024-11-03 13:20:00,21.542612899665315,OK
2024-11-03 13:25:00,21.24746284926835,OK
2024-11-03 13:30:00,21.27408959134569,OK
2024-11-03 13:35:00,21.00903866206141,OK
2024-11-03 13:40:00,20.117203764628062,OK
2024-11-03 13:45:00,20.61963403197875,OK
2024-11-03 13:50:00,21.066909983638425,OK
2024-11-03 13:55:00,21.399794847359452,OK
2024-11-03 14:00:00,21.00963057123203,OK
2024-11-03 14:05:00,20.770670375929875,OK
2024-11-03 14:10:00,21.02477376332269,OK
2024-11-03 14:15:00,20.58280104533446,OK
2024-11-03 14:20:00,21.0372695180306,OK
2024-11-03 14:25:00,20.6868561449325,OK
2024-11-03 14:30:00,20.76557697870261,OK
2024-11-03 14:35:00,20.701986250073876,OK
2024-11-03 14:40:00,20.891873398494045,OK
2024-11-03 14:45:00,21.497723644721468,OK
2024-11-03 14:50:00,20.46363334651386,OK
2024-11-03 14:55:00,22.0586131840741,OK
2024-11-03 15:00:00,21.224605205568434,OK
2024-11-03 15:05:00,20.925065978614384,OK
2024-11-03 15:10:00,20.812761573379486,OK
2024-11-03 15:15:00,21.313436206840212,OK
2024-11-03 15:20:00,21.151843752277905,OK
2024-11-03 15:25:00,20.722756255848054,OK
2024-11-03 15:30:00,22.165520667576896,OK
2024-11-03 15:35:00,20.978131936975554,OK
2024-11-03 15:40:00,21.192936022661126,OK
2024-11-03 15:45:00,20.628019642505095,OK
2024-11-03 15:50:00,20.689093125348137,OK
2024-11-03 15:55:00,21.00896572556363,OK
2024-11-03 16:00:00,21.01512984677143,OK
2024-11-03 16:05:00,22.138000487525666,OK
2024-11-03 16:10:00,20.727040975985897,OK
2024-11-03 16:15:00,20.546131592452614,OK
2024-11-03 16:20:00,21.415197278460255,OK
2024-11-03 16:25:00,21.278075262286592,OK
2024-11-03 16:30:00,21.436868761347704,OK
2024-11-03 16:35:00,20.498416427088213,OK
2024-11-03 16:40:00,20.607670597472627,OK
2024-11-03 16:45:00,20.85799177613261,OK
2024-11-03 16:50:00,20.263043144593198,OK
2024-11-03 16:55:00,20.843156325570664,OK
2024-11-03 17:00:00,21.337794112545584,OK
2024-11-03 17:05:00,20.956966645640623,OK
2024-11-03 17:10:00,21.53590917182948,OK
2024-11-03 17:15:00,21.31543652751956,OK
2024-11-03 17:20:00,20.49111647209343,OK
2024-11-03 17:25:00,21.133732258910243,OK
2024-11-03 17:30:00,21.64757334932926,OK
2024-11-03 17:35:00,21.624670295373594,OK
2024-11-03 17:40:00,21.38774460946458,OK
2024-11-03 17:45:00,20.430835980514264,OK
2024-11-03 17:50:00,20.736912705767406,OK
2024-11-03 17:55:00,21.05011682916139,OK
2024-11-03 18:00:00,21.08591575662769,OK
2024-11-03 18:05:00,21.086644873281344,OK
2024-11-03 18:10:00,20.744020427914187,OK
2024-11-03 18:15:00,21.3209502096641,OK
2024-11-03 18:20:00,21.01018199828604,OK
2024-11-03 18:25:00,21.324407858140596,OK
2024-11-03 18:30:00,21.19642753865761,OK
2024-11-03 18:35:00,20.791565611643325,OK
2024-11-03 18:40:00,20.96419902340513,OK
2024-11-03 18:45:00,21.256354137956198,OK
2024-11-03 18:50:00,20.53652384475159,OK
2024-11-03 18:55:00,21.35264165114992,OK
2024-11-03 19:00:00,20.296447522594192,OK
2024-11-03 19:05:00,20.7318860231101,OK
2024-11-03 19:10:00,21.358196322665147,OK
2024-11-03 19:15:00,20.856477980224437,OK
2024-11-03 19:20:00,20.981783796543503,OK
2024-11-03 19:25:00,20.85954625557195,OK
2024-11-03 19:30:00,20.964039809291737,OK
2024-11-03 19:35:00,20.803266195985152,OK
2024-11-03 19:40:00,21.246916678071248,OK
2024-11-03 19:45:00,21.048584633094293,OK
2024-11-03 19:50:00,21.134976878254882,OK
2024-11-03 19:55:00,21.284691688743653,OK
2024-11-03 20:00:00,21.008109934215746,OK
2024-11-03 20:05:00,21.1547621525413,OK
2024-11-03 20:10:00,20.862194353136292,OK
2024-11-03 20:15:00,21.85272936537106,OK
2024-11-03 20:20:00,20.353093401601217,OK
2024-11-03 20:25:00,21.5306339586255,OK
2024-11-03 20:30:00,21.617882445522856,OK
2024-11-03 20:35:00,20.4641284004755,OK
2024-11-03 20:40:00,20.620626345220835,OK
2024-11-03 20:45:00,21.53110154130706,OK
2024-11-03 20:50:00,21.214553677822387,OK
2024-11-03 20:55:00,20.921011170320032,OK
2024-11-03 21:00:00,21.39268992347715,OK
2024-11-03 21:05:00,20.966644820507046,OK
2024-11-03 21:10:00,20.160611103132368,OK
2024-11-03 21:15:00,20.470365537500673,OK
2024-11-03 21:20:00,20.6131360483508,OK
2024-11-03 21:25:00,20.663990194770363,OK
2024-11-03 21:30:00,21.03519868731874,OK
2024-11-03 21:35:00,21.163997302384377,OK
2024-11-03 21:40:00,21.98430853437988,OK
2024-11-03 21:45:00,20.699377888251995,OK
2024-11-03 21:50:00,20.949638385480203,OK
2024-11-03 21:55:00,21.281945185806915,OK
2024-11-03 22:00:00,21.364068260138577,OK
2024-11-03 22:05:00,21.27217877585177,OK
2024-11-03 22:10:00,20.58926507496862,OK
2024-11-03 22:15:00,21.301486844619934,OK
2024-11-03 22:20:00,20.986611718360056,OK
2024-11-03 22:25:00,20.5310227005692,OK
2024-11-03 22:30:00,21.25579287806409,OK
2024-11-03 22:35:00,22.00426548506564,OK
2024-11-03 22:40:00,21.241004173838405,OK
2024-11-03 22:45:00,20.621473380613683,OK
2024-11-03 22:50:00,20.880907436830952,OK
2024-11-03 22:55:00,20.90769673160782,OK
2024-11-03 23:00:00,20.83439862971919,OK
2024-11-03 23:05:00,21.39116177081813,OK
2024-11-03 23:10:00,21.437292079010046,OK
2024-11-03 23:15:00,20.892300932350004,OK
2024-11-03 23:20:00,20.97249763826734,OK
2024-11-03 23:25:00,21.507510924291214,OK
2024-11-03 23:30:00,20.607433360507617,OK
2024-11-03 23:35:00,21.1381891388902,OK
2024-11-03 23:40:00,20.934094470289093,OK
2024-11-03 23:45:00,20.375575058340814,OK
2024-11-03 23:50:00,20.979442135807208,OK
2024-11-03 23:55:00,21.546030038684545,OK
2024-11-04 00:00:00,20.95995950371827,OK
2024-11-04 00:05:00,20.837159606449543,OK
2024-11-04 00:10:00,21.083072248298347,OK
2024-11-04 00:15:00,21.225868115368847,OK
2024-11-04 00:20:00,21.620899190350936,OK
2024-11-04 00:25:00,21.477132002772994,OK
2024-11-04 00:30:00,20.59543219745162,OK
2024-11-04 00:35:00,20.733378782540377,OK
2024-11-04 00:40:00,21.151272610606625,OK
2024-11-04 00:45:00,20.43245082048891,OK
2024-11-04 00:50:00,21.185102616811946,OK
2024-11-04 00:55:00,21.88574132784087,OK
2024-11-04 01:00:00,20.13505634447087,OK
2024-11-04 01:05:00,21.190203142574212,OK
2024-11-04 01:10:00,21.1760963223001,OK
2024-11-04 01:15:00,21.27631742162047,OK
2024-11-04 01:20:00,21.564148159435174,OK
2024-11-04 01:25:00,20.663540662366707,OK
2024-11-04 01:30:00,20.754597618481846,OK
2024-11-04 01:35:00,21.22261945361439,OK
2024-11-04 01:40:00,21.05733433406086,OK
2024-11-04 01:45:00,21.450669621916074,OK
2024-11-04 01:50:00,21.532416002751777,OK
2024-11-04 01:55:00,20.527883739089344,OK
2024-11-04 02:00:00,20.652478922226216,OK
2024-11-04 02:05:00,21.694646606345167,OK
2024-11-04 02:10:00,21.188539326557034,OK
2024-11-04 02:15:00,21.035712521587428,OK
2024-11-04 02:20:00,21.286637269756945,OK
2024-11-04 02:25:00,21.41357168736744,OK
2024-11-04 02:30:00,21.25743232917575,OK
2024-11-04 02:35:00,21.346392304571083,OK
2024-11-04 02:40:00,20.661185803762272,OK
2024-11-04 02:45:00,20.95346625257524,OK
2024-11-04 02:50:00,20.69754381336708,OK
2024-11-04 02:55:00,21.10659043916296,OK
2024-11-04 03:00:00,21.057775683693983,OK
2024-11-04 03:05:00,21.083029583822942,OK
2024-11-04 03:10:00,21.15159582216032,OK
2024-11-04 03:15:00,21.548479692893586,OK
2024-11-04 03:20:00,21.054997061833667,OK
2024-11-04 03:25:00,21.130399182268597,OK
2024-11-04 03:30:00,20.30365783392244,OK
2024-11-04 03:35:00,20.872522502939248,OK
2024-11-04 03:40:00,21.163313474290746,OK
2024-11-04 03:45:00,21.445043502872906,OK
2024-11-04 03:50:00,21.335305781488927,OK
2024-11-04 03:55:00,21.178288427091314,OK
2024-11-04 04:00:00,20.859870688077066,OK
2024-11-04 04:05:00,21.39177385237737,OK
2024-11-04 04:10:00,21.011313314880343,OK
2024-11-04 04:15:00,21.063305570886424,OK
2024-11-04 04:20:00,21.263892762795244,OK
2024-11-04 04:25:00,21.076579100285603,OK
2024-11-04 04:30:00,20.448872891093817,OK
2024-11-04 04:35:00,20.41295562761832,OK
2024-11-04 04:40:00,21.210006811490334,OK
2024-11-04 04:45:00,20.86019322170619,OK
2024-11-04 04:50:00,20.93118019187499,OK
2024-11-04 04:55:00,21.160932989539816,OK
2024-11-04 05:00:00,21.344447978887782,OK
2024-11-04 05:05:00,20.95020274784046,OK
2024-11-04 05:10:00,21.177894477597814,OK
2024-11-04 05:15:00,21.428549622071696,OK
2024-11-04 05:20:00,21.1086037185082,OK
2024-11-04 05:25:00,20.985417122070064,OK
2024-11-04 05:30:00,21.200272188236735,OK
2024-11-04 05:35:00,21.64605053825959,OK
2024-11-04 05:40:00,20.731903801374816,OK
2024-11-04 05:45:00,19.92399202147929,OK
2024-11-04 05:50:00,21.70764131419842,OK
2024-11-04 05:55:00,20.611971411924593,OK
2024-11-04 06:00:00,20.095302612335725,OK
2024-11-04 06:05:00,21.107169212842287,OK
2024-11-04 06:10:00,20.33889505867504,OK
2024-11-04 06:15:00,20.50523886734163,OK
2024-11-04 06:20:00,21.383462230330064,OK
2024-11-04 06:25:00,21.147724965233074,OK
2024-11-04 06:30:00,20.76672420299366,OK
2024-11-04 06:35:00,20.97783660683602,OK
2024-11-04 06:40:00,21.28464997530471,OK
2024-11-04 06:45:00,20.938330330004334,OK
2024-11-04 06:50:00,20.275479014906768,OK
2024-11-04 06:55:00,20.873647692076176,OK
2024-11-04 07:00:00,20.64220648403161,OK
2024-11-04 07:05:00,21.852710278233975,OK
2024-11-04 07:10:00,21.078716298651297,OK
2024-11-04 07:15:00,21.06196487970955,OK
2024-11-04 07:20:00,20.53665069755348,OK
2024-11-04 07:25:00,21.26704938624717,OK
2024-11-04 07:30:00,20.747080602539974,OK
2024-11-04 07:35:00,21.09866973162208,OK
2024-11-04 07:40:00,21.606316259051898,OK
2024-11-04 07:45:00,20.971241778429764,OK
2024-11-04 07:50:00,20.532104512078135,OK
2024-11-04 07:55:00,20.78452225174123,OK
2024-11-04 08:00:00,21.471134213960006,OK
2024-11-04 08:05:00,21.32304854206233,OK
2024-11-04 08:10:00,21.01873187086953,OK
2024-11-04 08:15:00,21.56364546270228,OK
2024-11-04 08:20:00,20.73992931496214,OK
2024-11-04 08:25:00,21.621760481274116,OK
2024-11-04 08:30:00,20.59671736444594,OK
2024-11-04 08:35:00,21.713045120898943,OK
2024-11-04 08:40:00,20.8706120395758,OK
2024-11-04 08:45:00,20.49830271690788,OK
2024-11-04 08:50:00,21.28447142172662,OK
2024-11-04 08:55:00,21.020091945062283,OK
2024-11-04 09:00:00,21.20256466907524,OK
2024-11-04 09:05:00,20.662725705210846,OK
2024-11-04 09:10:00,21.345889245380064,OK
2024-11-04 09:15:00,20.60993702416573,OK
2024-11-04 09:20:00,20.74696556162791,OK
2024-11-04 09:25:00,20.076910893024387,OK
2024-11-04 09:30:00,20.832298405036923,OK
2024-11-04 09:35:00,21.262744422659235,OK
2024-11-04 09:40:00,21.186674149057424,OK
2024-11-04 09:45:00,21.162129821204267,OK
2024-11-04 09:50:00,20.811246219452332,OK
2024-11-04 09:55:00,20.968679848928176,OK
2024-11-04 10:00:00,21.360025298325727,OK
2024-11-04 10:05:00,21.030292136105835,OK
2024-11-04 10:10:00,21.610585926290685,OK
2024-11-04 10:15:00,21.675624384321388,OK
2024-11-04 10:20:00,20.93625977829257,OK
2024-11-04 10:25:00,21.215165053199744,OK
2024-11-04 10:30:00,21.36385173804585,OK
2024-11-04 10:35:00,20.6931910234777,OK
2024-11-04 10:40:00,21.200646529565322,OK
2024-11-04 10:45:00,20.984761483825167,OK
2024-11-04 10:50:00,21.28665243172295,OK
2024-11-04 10:55:00,20.753761176554566,OK
2024-11-04 11:00:00,21.492739721786794,OK
2024-11-04 11:05:00,21.127899715385066,OK
2024-11-04 11:10:00,20.718226159636018,OK
2024-11-04 11:15:00,20.575143221382366,OK
2024-11-04 11:20:00,21.832266072688274,OK
2024-11-04 11:25:00,20.969577967159946,OK
2024-11-04 11:30:00,21.068833583599883,OK
2024-11-04 11:35:00,20.379360613385863,OK
2024-11-04 11:40:00,21.3956817133,OK
2024-11-04 11:45:00,20.882426804844464,OK
2024-11-04 11:50:00,20.9277693887756,OK
2024-11-04 11:55:00,21.2488545798491,OK
2024-11-04 12:00:00,21.104645440451012,OK
2024-11-04 12:05:00,20.667181707705918,OK
2024-11-04 12:10:00,21.446755104250183,OK
2024-11-04 12:15:00,21.299276717498042,OK
2024-11-04 12:20:00,21.377058115426067,OK
2024-11-04 12:25:00,20.49588591237568,OK
2024-11-04 12:30:00,21.527834240954256,OK
2024-11-04 12:35:00,21.221149009116218,OK
2024-11-04 12:40:00,21.24340115647385,OK
2024-11-04 12:45:00,20.533435370295592,OK
2024-11-04 12:50:00,20.80850567716059,OK
2024-11-04 12:55:00,21.479985591443153,OK
2024-11-04 13:00:00,21.748779007252267,OK
2024-11-04 13:05:00,20.529962699025802,OK
2024-11-04 13:10:00,20.77105004637971,OK
2024-11-04 13:15:00,21.75701113596652,OK
2024-11-04 13:20:00,21.344940008372287,OK
2024-11-04 13:25:00,20.903127574549224,OK
2024-11-04 13:30:00,21.08474222536113,OK
2024-11-04 13:35:00,21.500835384137414,OK
2024-11-04 13:40:00,20.79121070328931,OK
2024-11-04 13:45:00,21.142662462774332,OK
2024-11-04 13:50:00,20.75035627319813,OK
2024-11-04 13:55:00,20.60316235421418,OK
2024-11-04 14:00:00,21.597022153112142,OK
2024-11-04 14:05:00,21.291755859601455,OK
2024-11-04 14:10:00,20.76579674685043,OK
2024-11-04 14:15:00,21.687648715795433,OK
2024-11-04 14:20:00,20.580320440399564,OK
2024-11-04 14:25:00,20.717092850815437,OK
2024-11-04 14:30:00,21.005931246054647,OK
2024-11-04 14:35:00,21.572475359880357,OK
2024-11-04 14:40:00,21.086908799672297,OK
2024-11-04 14:45:00,20.558278233911217,OK
2024-11-04 14:50:00,20.900925722569003,OK
2024-11-04 14:55:00,20.971518630390886,OK
2024-11-04 15:00:00,20.48935034437482,OK
2024-11-04 15:05:00,21.057548508725954,OK
2024-11-04 15:10:00,20.863444282153385,OK
2024-11-04 15:15:00,20.970985221766373,OK
2024-11-04 15:20:00,21.145757999265015,OK
2024-11-04 15:25:00,21.02806369536723,OK
2024-11-04 15:30:00,20.886832749676874,OK
2024-11-04 15:35:00,21.624787406399722,OK
2024-11-04 15:40:00,21.113388932111114,OK
2024-11-04 15:45:00,21.066586337804054,OK
2024-11-04 15:50:00,21.222135692169918,OK
2024-11-04 15:55:00,21.061981791083518,OK
2024-11-04 16:00:00,21.119958274086134,OK
2024-11-04 16:05:00,21.177116487257752,OK
2024-11-04 16:10:00,21.299867418264313,OK
2024-11-04 16:15:00,20.48058047176836,OK
2024-11-04 16:20:00,21.044406948376725,OK
2024-11-04 16:25:00,20.574876009097554,OK
2024-11-04 16:30:00,21.735227515533964,OK
2024-11-04 16:35:00,20.609331276167183,OK
2024-11-04 16:40:00,20.312461601166063,OK
2024-11-04 16:45:00,20.301632573217212,OK
2024-11-04 16:50:00,20.40775382869951,OK
2024-11-04 16:55:00,21.29673832681194,OK
2024-11-04 17:00:00,20.484566294454645,OK
2024-11-04 17:05:00,21.030057047444547,OK
2024-11-04 17:10:00,21.51611239778285,OK
2024-11-04 17:15:00,21.263363011224538,OK
2024-11-04 17:20:00,21.088694556006388,OK
2024-11-04 17:25:00,20.309835707037884,OK
2024-11-04 17:30:00,20.80718460982039,OK
2024-11-04 17:35:00,20.483414097388696,OK
2024-11-04 17:40:00,20.02920868598977,OK
2024-11-04 17:45:00,20.894076030382678,OK
2024-11-04 17:50:00,21.5653936785125,OK
2024-11-04 17:55:00,20.965479536788244,OK
2024-11-04 18:00:00,20.939780161650386,OK
2024-11-04 18:05:00,21.335920833574157,OK
2024-11-04 18:10:00,21.490818687338958,OK
2024-11-04 18:15:00,21.854147500293017,OK
2024-11-04 18:20:00,21.062128484481963,OK
2024-11-04 18:25:00,21.3504437673202,OK
2024-11-04 18:30:00,21.71462803131294,OK
2024-11-04 18:35:00,20.46946830637079,OK
2024-11-04 18:40:00,21.366908067592714,OK
2024-11-04 18:45:00,20.777718999096585,OK
2024-11-04 18:50:00,20.818030735694535,OK
2024-11-04 18:55:00,20.882354937271273,OK
2024-11-04 19:00:00,21.31431410472382,OK
2024-11-04 19:05:00,20.68220748963256,OK
2024-11-04 19:10:00,21.13434781275739,OK
2024-11-04 19:15:00,21.133368187916794,OK
2024-11-04 19:20:00,21.089161931877026,OK
2024-11-04 19:25:00,20.514784148948806,OK
2024-11-04 19:30:00,21.177707688696376,OK
2024-11-04 19:35:00,21.312059528508193,OK
2024-11-04 19:40:00,21.616327869558752,OK
2024-11-04 19:45:00,20.430055180190706,OK
2024-11-04 19:50:00,21.75479548128716,OK
2024-11-04 19:55:00,21.23979089417055,OK
2024-11-04 20:00:00,21.59377302025567,OK
2024-11-04 20:05:00,21.490980593867583,OK
2024-11-04 20:10:00,21.54925229253338,OK
2024-11-04 20:15:00,20.65735209005732,OK
2024-11-04 20:20:00,20.539365525587197,OK
2024-11-04 20:25:00,21.495867329732302,OK
2024-11-04 20:30:00,20.843259823091003,OK
2024-11-04 20:35:00,21.218656632271678,OK
2024-11-04 20:40:00,21.050943445649835,OK
2024-11-04 20:45:00,21.5063577178479,OK
2024-11-04 20:50:00,20.628256769774485,OK
2024-11-04 20:55:00,20.619730759844945,OK
2024-11-04 21:00:00,21.680489873193878,OK
2024-11-04 21:05:00,20.72994664613127,OK
2024-11-04 21:10:00,20.6828595578192,OK
2024-11-04 21:15:00,21.12407533230083,OK
2024-11-04 21:20:00,21.103212031163718,OK
2024-11-04 21:25:00,21.35914939103838,OK
2024-11-04 21:30:00,21.005477830114476,OK
2024-11-04 21:35:00,20.495358218705835,OK
2024-11-04 21:40:00,21.48856974422394,OK
2024-11-04 21:45:00,20.96036885331502,OK
2024-11-04 21:50:00,21.532014279218348,OK
2024-11-04 21:55:00,20.818047513739412,OK
2024-11-04 22:00:00,21.048421431653257,OK
2024-11-04 22:05:00,21.043672617902292,OK
2024-11-04 22:10:00,21.240781750652804,OK
2024-11-04 22:15:00,21.243642034445827,OK
2024-11-04 22:20:00,21.881867685644117,OK
2024-11-04 22:25:00,20.569448901707563,OK
2024-11-04 22:30:00,20.856403686299142,OK
2024-11-04 22:35:00,21.3909831112248,OK
2024-11-04 22:40:00,21.34895595941476,OK
2024-11-04 22:45:00,20.34996574583007,OK
2024-11-04 22:50:00,20.789410017182814,OK
2024-11-04 22:55:00,21.452248550501928,OK
2024-11-04 23:00:00,20.68365319387308,OK
2024-11-04 23:05:00,20.886241896541808,OK
2024-11-04 23:10:00,21.211955181893213,OK
2024-11-04 23:15:00,21.175367806175284,OK
2024-11-04 23:20:00,20.913316223477366,OK
2024-11-04 23:25:00,20.73030823644613,OK
2024-11-04 23:30:00,20.63708504092029,OK
2024-11-04 23:35:00,20.932661015377473,OK
2024-11-04 23:40:00,20.993941733158852,OK
2024-11-04 23:45:00,20.276718310482625,OK
2024-11-04 23:50:00,20.514252698289386,OK
2024-11-04 23:55:00,20.345989859880923,OK
2024-11-05 00:00:00,20.659423906328016,OK
2024-11-05 00:05:00,20.795918034527855,OK
2024-11-05 00:10:00,21.819254731375416,OK
2024-11-05 00:15:00,21.386575759185032,OK
2024-11-05 00:20:00,20.961684599573513,OK
2024-11-05 00:25:00,21.757360607210394,OK
2024-11-05 00:30:00,21.297382073372074,OK
2024-11-05 00:35:00,20.514482975003006,OK
2024-11-05 00:40:00,19.94178077325714,OK
2024-11-05 00:45:00,21.282007228685647,OK
2024-11-05 00:50:00,20.538576821482593,OK
2024-11-05 00:55:00,20.576063785289243,OK
2024-11-05 01:00:00,20.87199241416848,OK
2024-11-05 01:05:00,21.753704236032384,OK
2024-11-05 01:10:00,21.152716947075096,OK
2024-11-05 01:15:00,20.84841293295465,OK
2024-11-05 01:20:00,20.990821477531373,OK
2024-11-05 01:25:00,20.91988171813058,OK
2024-11-05 01:30:00,21.409676312323814,OK
2024-11-05 01:35:00,21.033956101776134,OK
2024-11-05 01:40:00,21.27582454828184,OK
2024-11-05 01:45:00,20.84817315599826,OK
2024-11-05 01:50:00,20.652104804774893,OK
2024-11-05 01:55:00,21.477812269184003,OK
2024-11-05 02:00:00,20.00519481423728,OK
2024-11-05 02:05:00,21.355842484987484,OK
2024-11-05 02:10:00,21.199779879148473,OK
2024-11-05 02:15:00,20.89866845371372,OK
2024-11-05 02:20:00,20.954827104534736,OK
2024-11-05 02:25:00,21.845671307425302,OK
2024-11-05 02:30:00,21.178966573833694,OK
2024-11-05 02:35:00,20.31711414319983,OK
2024-11-05 02:40:00,20.5866310557714,OK
2024-11-05 02:45:00,21.111173234660903,OK
2024-11-05 02:50:00,20.421266844462632,OK
2024-11-05 02:55:00,21.265612405233583,OK
2024-11-05 03:00:00,20.93298112392083,OK
2024-11-05 03:05:00,20.7006025668645,OK
2024-11-05 03:10:00,20.598481085024147,OK
2024-11-05 03:15:00,20.609035556049296,OK
2024-11-05 03:20:00,20.472811893547814,OK
2024-11-05 03:25:00,20.74178883336519,OK
2024-11-05 03:30:00,20.489315506911677,OK
2024-11-05 03:35:00,21.4492341009424,OK
2024-11-05 03:40:00,21.126232766643934,OK
2024-11-05 03:45:00,21.318483102164972,OK
2024-11-05 03:50:00,21.028199086225694,OK
2024-11-05 03:55:00,21.308550049447,OK
2024-11-05 04:00:00,21.274909542342645,OK
2024-11-05 04:05:00,20.702225188966185,OK
2024-11-05 04:10:00,21.287019497243993,OK
2024-11-05 04:15:00,21.533773490391134,OK
2024-11-05 04:20:00,20.76224198620498,OK
2024-11-05 04:25:00,20.803843858671204,OK
2024-11-05 04:30:00,20.625693841733593,OK
2024-11-05 04:35:00,20.361040937008692,OK
2024-11-05 04:40:00,20.43839759896993,OK
2024-11-05 04:45:00,21.915307944121935,OK
2024-11-05 04:50:00,20.31316836668201,OK
2024-11-05 04:55:00,21.189687273257412,OK
2024-11-05 05:00:00,20.654444482943315,OK
2024-11-05 05:05:00,21.902688004214156,OK
2024-11-05 05:10:00,20.706971176917765,OK
2024-11-05 05:15:00,21.33112803685547,OK
2024-11-05 05:20:00,20.524897893169122,OK
2024-11-05 05:25:00,20.877388016591393,OK
2024-11-05 05:30:00,21.150849634079588,OK
2024-11-05 05:35:00,21.785905743873712,OK
2024-11-05 05:40:00,20.95236580804438,OK
2024-11-05 05:45:00,20.698269422771098,OK
2024-11-05 05:50:00,21.386581600227004,OK
2024-11-05 05:55:00,20.832706734219308,OK
2024-11-05 06:00:00,20.543218148426835,OK
2024-11-05 06:05:00,21.032683631736038,OK
2024-11-05 06:10:00,21.081704941617158,OK
2024-11-05 06:15:00,20.971903135401195,OK
2024-11-05 06:20:00,21.50443125882677,OK
2024-11-05 06:25:00,21.925226795767507,OK
2024-11-05 06:30:00,21.273671266255757,OK
2024-11-05 06:35:00,20.23195620663453,OK
2024-11-05 06:40:00,21.42412025912969,OK
2024-11-05 06:45:00,22.338606248204968,OK
2024-11-05 06:50:00,20.64902862467347,OK
2024-11-05 06:55:00,20.991187536711266,OK
2024-11-05 07:00:00,21.088260570302197,OK
2024-11-05 07:05:00,20.69536811320749,OK
2024-11-05 07:10:00,21.77493740084781,OK
2024-11-05 07:15:00,21.493642986999514,OK
2024-11-05 07:20:00,20.70110644267821,OK
2024-11-05 07:25:00,20.733305214462103,OK
2024-11-05 07:30:00,20.42867902831367,OK
2024-11-05 07:35:00,20.957945789696257,OK
2024-11-05 07:40:00,20.777596113064472,OK
2024-11-05 07:45:00,21.262766772900054,OK
2024-11-05 07:50:00,21.1986878594057,OK
2024-11-05 07:55:00,21.017988925499587,OK
2024-11-05 08:00:00,20.99750432431442,OK
2024-11-05 08:05:00,20.205922204686864,OK
2024-11-05 08:10:00,20.837189775565584,OK
2024-11-05 08:15:00,20.839284605315953,OK
2024-11-05 08:20:00,20.674997723173988,OK
2024-11-05 08:25:00,20.996742414780506,OK
2024-11-05 08:30:00,21.654050859619606,OK
2024-11-05 08:35:00,20.677882015084908,OK
2024-11-05 08:40:00,21.413926209320177,OK
2024-11-05 08:45:00,20.77482485231925,OK
2024-11-05 08:50:00,20.87898626316128,OK
2024-11-05 08:55:00,20.91767937176865,OK
2024-11-05 09:00:00,21.43815325214314,OK
2024-11-05 09:05:00,20.808178414661043,OK
2024-11-05 09:10:00,21.34645912978302,OK
2024-11-05 09:15:00,21.216052446942953,OK
2024-11-05 09:20:00,21.13257502160874,OK
2024-11-05 09:25:00,20.811473086751068,OK
2024-11-05 09:30:00,21.138199255448665,OK
2024-11-05 09:35:00,21.298255152915818,OK
2024-11-05 09:40:00,20.89080914373122,OK
2024-11-05 09:45:00,21.580815608083785,OK
2024-11-05 09:50:00,21.316510227623496,OK
2024-11-05 09:55:00,20.950424875567325,OK
2024-11-05 10:00:00,20.309853464893877,OK
2024-11-05 10:05:00,21.28515468478256,OK
2024-11-05 10:10:00,21.06142149859099,OK
2024-11-05 10:15:00,21.266274424027,OK
2024-11-05 10:20:00,21.820603851109635,OK
2024-11-05 10:25:00,21.39333095528703,OK
2024-11-05 10:30:00,20.903201128172043,OK
2024-11-05 10:35:00,20.670046086394287,OK
2024-11-05 10:40:00,21.15357382286461,OK
2024-11-05 10:45:00,20.866556547123583,OK
2024-11-05 10:50:00,20.843124102024692,OK
2024-11-05 10:55:00,21.86856835774048,OK
2024-11-05 11:00:00,20.52678071205885,OK
2024-11-05 11:05:00,20.302540300337164,OK
2024-11-05 11:10:00,20.376497657615197,OK
2024-11-05 11:15:00,21.528254968821138,OK
2024-11-05 11:20:00,20.01896950521075,OK
2024-11-05 11:25:00,20.70509790648689,OK
2024-11-05 11:30:00,20.8431315309224,OK
2024-11-05 11:35:00,21.82725742726231,OK
2024-11-05 11:40:00,20.795376638020894,OK
2024-11-05 11:45:00,21.849122288536094,OK
2024-11-05 11:50:00,21.061934833556975,OK
2024-11-05 11:55:00,20.757905638940283,OK
2024-11-05 12:00:00,21.185395548345024,OK
2024-11-05 12:05:00,20.93980875921391,OK
2024-11-05 12:10:00,21.13352067655023,OK
2024-11-05 12:15:00,21.2281380869152,OK
2024-11-05 12:20:00,20.79915148160239,OK
2024-11-05 12:25:00,20.88446397987834,OK
2024-11-05 12:30:00,20.84543177172088,OK
2024-11-05 12:35:00,20.955273964604405,OK
2024-11-05 12:40:00,20.959988111157422,OK
2024-11-05 12:45:00,20.9322939893722,OK
2024-11-05 12:50:00,21.01796978709808,OK
2024-11-05 12:55:00,20.93194225397679,OK
2024-11-05 13:00:00,21.68401183751135,OK
2024-11-05 13:05:00,20.6209700365487,OK
2024-11-05 13:10:00,20.789895642897065,OK
2024-11-05 13:15:00,21.615058502663718,OK
2024-11-05 13:20:00,21.966077013651255,OK
2024-11-05 13:25:00,21.853140837307066,OK
2024-11-05 13:30:00,21.018212445054505,OK
2024-11-05 13:35:00,20.743818344179616,OK
2024-11-05 13:40:00,20.925694249248085,OK
2024-11-05 13:45:00,21.290955170341086,OK
2024-11-05 13:50:00,20.911073919754646,OK
2024-11-05 13:55:00,21.221753286138185,OK
2024-11-05 14:00:00,21.154927117602487,OK
2024-11-05 14:05:00,21.31557500887953,OK
2024-11-05 14:10:00,20.703339595512247,OK
2024-11-05 14:15:00,21.047186377334995,OK
2024-11-05 14:20:00,20.86251156501969,OK
2024-11-05 14:25:00,20.05069139402028,OK
2024-11-05 14:30:00,20.222717814591096,OK
2024-11-05 14:35:00,20.82968548370587,OK
2024-11-05 14:40:00,20.55792687921679,OK
2024-11-05 14:45:00,21.211489741807217,OK
2024-11-05 14:50:00,21.625946601955153,OK
2024-11-05 14:55:00,21.42206522859094,OK
2024-11-05 15:00:00,20.858893785461763,OK
2024-11-05 15:05:00,21.172679946321924,OK
2024-11-05 15:10:00,21.307720966410997,OK
2024-11-05 15:15:00,20.86832754347777,OK
2024-11-05 15:20:00,20.685842262435646,OK
2024-11-05 15:25:00,20.85332280932958,OK
2024-11-05 15:30:00,20.66372365023122,OK
2024-11-05 15:35:00,20.891922689689316,OK
2024-11-05 15:40:00,20.879434700327902,OK
2024-11-05 15:45:00,20.914712580645883,OK
2024-11-05 15:50:00,21.327807937969332,OK
2024-11-05 15:55:00,21.479327502998082,OK
2024-11-05 16:00:00,21.748887462816633,OK
2024-11-05 16:05:00,20.918049337098633,OK
2024-11-05 16:10:00,20.820750191499787,OK
2024-11-05 16:15:00,21.44804351727303,OK
2024-11-05 16:20:00,20.752867957187433,OK
2024-11-05 16:25:00,20.786345646141054,OK
2024-11-05 16:30:00,20.89677056143084,OK
2024-11-05 16:35:00,20.262570789713067,OK
2024-11-05 16:40:00,20.721302161146962,OK
2024-11-05 16:45:00,21.685643565765123,OK
2024-11-05 16:50:00,20.452292401392185,OK
2024-11-05 16:55:00,20.354342849235206,OK
2024-11-05 17:00:00,20.572027253674246,OK
2024-11-05 17:05:00,21.455541488458312,OK
2024-11-05 17:10:00,20.93521152509897,OK
2024-11-05 17:15:00,21.213761318160703,OK
2024-11-05 17:20:00,21.36931645809096,OK
2024-11-05 17:25:00,21.175988572629663,OK
2024-11-05 17:30:00,21.706126514772063,OK
2024-11-05 17:35:00,20.931928887783403,OK
2024-11-05 17:40:00,21.08880598261224,OK
2024-11-05 17:45:00,20.973323140715152,OK
2024-11-05 17:50:00,20.9460580302825,OK
2024-11-05 17:55:00,20.64489239474674,OK
2024-11-05 18:00:00,20.369873556272786,OK
2024-11-05 18:05:00,20.850618549124967,OK
2024-11-05 18:10:00,20.532390288340807,OK
2024-11-05 18:15:00,20.75589035988599,OK
2024-11-05 18:20:00,20.4852255647836,OK
2024-11-05 18:25:00,20.289163484619305,OK
2024-11-05 18:30:00,21.182889994457415,OK
2024-11-05 18:35:00,20.006274111744784,OK
2024-11-05 18:40:00,20.54402531561611,OK
2024-11-05 18:45:00,21.259878846667014,OK
2024-11-05 18:50:00,20.62806915605011,OK
2024-11-05 18:55:00,21.664006016940082,OK
2024-11-05 19:00:00,21.62117595594445,OK
2024-11-05 19:05:00,21.00853680963284,OK
2024-11-05 19:10:00,21.955110752210246,OK
2024-11-05 19:15:00,21.151023529993534,OK
2024-11-05 19:20:00,20.91697038148278,OK
2024-11-05 19:25:00,21.221522181927806,OK
2024-11-05 19:30:00,21.68906959282928,OK
2024-11-05 19:35:00,21.33766521560351,OK
2024-11-05 19:40:00,20.77241324971064,OK
2024-11-05 19:45:00,20.93309657666108,OK
2024-11-05 19:50:00,20.693502981345432,OK
2024-11-05 19:55:00,20.47028401415448,OK
2024-11-05 20:00:00,21.403989269982954,OK
2024-11-05 20:05:00,21.176114863264036,OK
2024-11-05 20:10:00,20.956077291073065,OK
2024-11-05 20:15:00,21.365115355625115,OK
2024-11-05 20:20:00,20.319301096832067,OK
2024-11-05 20:25:00,20.41587389706655,OK
2024-11-05 20:30:00,21.517297763008226,OK
2024-11-05 20:35:00,20.56333164507647,OK
2024-11-05 20:40:00,20.50487553054709,OK
2024-11-05 20:45:00,20.60396637398266,OK
2024-11-05 20:50:00,21.442965046822977,OK
2024-11-05 20:55:00,21.678073134744373,OK
2024-11-05 21:00:00,20.99002763085163,OK
2024-11-05 21:05:00,21.0794725569452,OK
2024-11-05 21:10:00,20.55563722568046,OK
2024-11-05 21:15:00,20.920775704063637,OK
2024-11-05 21:20:00,20.63477799165892,OK
2024-11-05 21:25:00,20.637809895222357,OK
2024-11-05 21:30:00,21.30349990701253,OK
2024-11-05 21:35:00,21.29272328935421,OK
2024-11-05 21:40:00,21.691443182796913,OK
2024-11-05 21:45:00,21.22015696499478,OK
2024-11-05 21:50:00,20.66151131180996,OK
2024-11-05 21:55:00,21.009557782551155,OK
2024-11-05 22:00:00,20.636710099022338,OK
2024-11-05 22:05:00,21.109211989641846,OK
2024-11-05 22:10:00,21.458984525279813,OK
2024-11-05 22:15:00,20.608210022762027,OK
2024-11-05 22:20:00,21.16693398209853,OK
2024-11-05 22:25:00,20.9601334033196,OK
2024-11-05 22:30:00,20.894062496877627,OK
2024-11-05 22:35:00,21.129086047760126,OK
2024-11-05 22:40:00,20.82547763011647,OK
2024-11-05 22:45:00,20.46334815150933,OK
2024-11-05 22:50:00,21.45823241176108,OK
2024-11-05 22:55:00,20.68909778553693,OK
2024-11-05 23:00:00,21.102600179598515,OK
2024-11-05 23:05:00,21.056205912875846,OK
2024-11-05 23:10:00,21.062456380198668,OK
2024-11-05 23:15:00,21.309934060943462,OK
2024-11-05 23:20:00,20.8631735004953,OK
2024-11-05 23:25:00,20.604775735995997,OK
2024-11-05 23:30:00,21.162131411627872,OK
2024-11-05 23:35:00,21.337383870558753,OK
2024-11-05 23:40:00,20.953472239396746,OK
2024-11-05 23:45:00,21.925893393115544,OK
2024-11-05 23:50:00,21.299698310429886,OK
2024-11-05 23:55:00,21.150525080456024,OK
2024-11-06 00:00:00,20.832938554688056,OK
2024-11-06 00:05:00,21.783662132254275,OK
2024-11-06 00:10:00,21.285401704757486,OK
2024-11-06 00:15:00,21.1504438424924,OK
2024-11-06 00:20:00,21.769960622176967,OK
2024-11-06 00:25:00,20.418510839827622,OK
2024-11-06 00:30:00,20.456114872236917,OK
2024-11-06 00:35:00,20.31694923185581,OK
2024-11-06 00:40:00,21.64699356253902,OK
2024-11-06 00:45:00,21.2033262792671,OK
2024-11-06 00:50:00,21.121983603817444,OK
2024-11-06 00:55:00,21.14282451407755,OK
2024-11-06 01:00:00,21.045515847109137,OK
2024-11-06 01:05:00,21.83591658275643,OK
2024-11-06 01:10:00,21.404470593753214,OK
2024-11-06 01:15:00,20.55366724659284,OK
2024-11-06 01:20:00,21.425142874828712,OK
2024-11-06 01:25:00,21.077108254490618,OK
2024-11-06 01:30:00,21.741370394402402,OK
2024-11-06 01:35:00,21.39147342861402,OK
2024-11-06 01:40:00,20.60238328359462,OK
2024-11-06 01:45:00,21.049476639410063,OK
2024-11-06 01:50:00,21.304964479628733,OK
2024-11-06 01:55:00,20.884486284853093,OK
2024-11-06 02:00:00,20.910058276554825,OK
2024-11-06 02:05:00,21.67415699198968,OK
2024-11-06 02:10:00,21.010977491423798,OK
2024-11-06 02:15:00,21.490768816164792,OK
2024-11-06 02:20:00,20.49837307181714,OK
2024-11-06 02:25:00,21.46193403438916,OK
2024-11-06 02:30:00,21.39510220014441,OK
2024-11-06 02:35:00,20.444187321681714,OK
2024-11-06 02:40:00,20.810838906987417,OK
2024-11-06 02:45:00,21.31092518036855,OK
2024-11-06 02:50:00,20.701468141679367,OK
2024-11-06 02:55:00,21.008038505737726,OK
2024-11-06 03:00:00,20.77526393807916,OK
2024-11-06 03:05:00,21.31853395984225,OK
2024-11-06 03:10:00,21.258942855701356,OK
2024-11-06 03:15:00,20.226497498712092,OK
2024-11-06 03:20:00,22.056919741551315,OK
2024-11-06 03:25:00,20.94927392306531,OK
2024-11-06 03:30:00,21.692156395959667,OK
2024-11-06 03:35:00,20.749230620171396,OK
2024-11-06 03:40:00,21.06635088026852,OK
2024-11-06 03:45:00,21.33753115320126,OK
2024-11-06 03:50:00,20.25976148241898,OK
2024-11-06 03:55:00,20.230052924928508,OK
2024-11-06 04:00:00,20.897673367896346,OK
2024-11-06 04:05:00,20.913071177420388,OK
2024-11-06 04:10:00,20.966754287226326,OK
2024-11-06 04:15:00,21.656304712889717,OK
2024-11-06 04:20:00,20.54251357556011,OK
2024-11-06 04:25:00,21.64694494654993,OK
2024-11-06 04:30:00,21.176282217391933,OK
2024-11-06 04:35:00,21.262797266527397,OK
2024-11-06 04:40:00,21.56235926193476,OK
2024-11-06 04:45:00,21.13194227894731,OK
2024-11-06 04:50:00,21.309132954841804,OK
2024-11-06 04:55:00,21.224377873755774,OK
2024-11-06 05:00:00,21.303905742540472,OK
2024-11-06 05:05:00,20.79747703092837,OK
2024-11-06 05:10:00,20.543891824045637,OK
2024-11-06 05:15:00,21.192008575580513,OK
2024-11-06 05:20:00,20.915436783291277,OK
2024-11-06 05:25:00,20.715346391585324,OK
2024-11-06 05:30:00,21.652914343966273,OK
2024-11-06 05:35:00,21.25019797445372,OK
2024-11-06 05:40:00,21.35411804633653,OK
2024-11-06 05:45:00,21.811310558449396,OK
2024-11-06 05:50:00,21.043795116387688,OK
2024-11-06 05:55:00,21.149249504649415,OK
2024-11-06 06:00:00,20.784763254756427,OK
2024-11-06 06:05:00,20.420826507682772,OK
2024-11-06 06:10:00,20.901959758702205,OK
2024-11-06 06:15:00,20.313407046481075,OK
2024-11-06 06:20:00,21.669676964696997,OK
2024-11-06 06:25:00,21.262583175281957,OK
2024-11-06 06:30:00,20.940401232563826,OK
2024-11-06 06:35:00,21.52112730445867,OK
2024-11-06 06:40:00,21.565757657243662,OK
2024-11-06 06:45:00,20.76137719218215,OK
2024-11-06 06:50:00,20.58127508756658,OK
2024-11-06 06:55:00,19.96930474906654,OK
2024-11-06 07:00:00,20.848033208429197,OK
2024-11-06 07:05:00,21.094866909577675,OK
2024-11-06 07:10:00,21.294361329229258,OK
2024-11-06 07:15:00,21.56336877187125,OK
2024-11-06 07:20:00,20.72569301520483,OK
2024-11-06 07:25:00,20.2341874679722,OK
2024-11-06 07:30:00,21.80569590589899,OK
2024-11-06 07:35:00,20.458365004184724,OK
2024-11-06 07:40:00,20.772001398374726,OK
2024-11-06 07:45:00,20.754768585830483,OK
2024-11-06 07:50:00,20.808246158736765,OK
2024-11-06 07:55:00,20.4690152911428,OK
2024-11-06 08:00:00,21.544729313884677,OK
2024-11-06 08:05:00,20.816360760811765,OK
2024-11-06 08:10:00,21.205587400847392,OK
2024-11-06 08:15:00,20.008594452811874,OK
2024-11-06 08:20:00,21.119676340562776,OK
2024-11-06 08:25:00,21.838269537299272,OK
2024-11-06 08:30:00,21.856923455777864,OK
2024-11-06 08:35:00,21.256432788252763,OK
2024-11-06 08:40:00,20.737732859627428,OK
2024-11-06 08:45:00,21.138985498740034,OK
2024-11-06 08:50:00,19.956657598274408,OK
2024-11-06 08:55:00,21.031734558365674,OK
2024-11-06 09:00:00,21.5572003368944,OK
2024-11-06 09:05:00,21.637130911122057,OK
2024-11-06 09:10:00,20.94400764075299,OK
2024-11-06 09:15:00,21.448639707825897,OK
2024-11-06 09:20:00,20.62140363866959,OK
2024-11-06 09:25:00,20.537093946582072,OK
2024-11-06 09:30:00,20.79160781186163,OK
2024-11-06 09:35:00,20.77347014459402,OK
2024-11-06 09:40:00,21.460793897381034,OK
2024-11-06 09:45:00,20.845590858278477,OK
2024-11-06 09:50:00,21.63080040459977,OK
2024-11-06 09:55:00,20.794351574107864,OK
2024-11-06 10:00:00,20.976167917893694,OK
2024-11-06 10:05:00,20.12231087923298,OK
2024-11-06 10:10:00,20.385595587311432,OK
2024-11-06 10:15:00,21.294866055426212,OK
2024-11-06 10:20:00,20.89089487067969,OK
2024-11-06 10:25:00,20.884204473238558,OK
2024-11-06 10:30:00,20.94274242454641,OK
2024-11-06 10:35:00,21.68407534581348,OK
2024-11-06 10:40:00,20.212898152495697,OK
2024-11-06 10:45:00,20.94071205045612,OK
2024-11-06 10:50:00,20.91104889808304,OK
2024-11-06 10:55:00,20.456351139828143,OK
2024-11-06 11:00:00,21.17111306575766,OK
2024-11-06 11:05:00,20.529616561354043,OK
2024-11-06 11:10:00,21.138131737865994,OK
2024-11-06 11:15:00,21.089124187780346,OK
2024-11-06 11:20:00,20.36735358386878,OK
2024-11-06 11:25:00,21.614665766781783,OK
2024-11-06 11:30:00,20.687978603989304,OK
2024-11-06 11:35:00,20.727657630429913,OK
2024-11-06 11:40:00,21.168564141545637,OK
2024-11-06 11:45:00,21.412691265178065,OK
2024-11-06 11:50:00,20.888521831669337,OK
2024-11-06 11:55:00,21.1135932753998,OK
2024-11-06 12:00:00,21.269354148566023,OK
2024-11-06 12:05:00,21.110319927929403,OK
2024-11-06 12:10:00,20.732301137157513,OK
2024-11-06 12:15:00,20.461599977449147,OK
2024-11-06 12:20:00,20.250509889512692,OK
2024-11-06 12:25:00,21.554661180232696,OK
2024-11-06 12:30:00,20.01452627313608,OK
2024-11-06 12:35:00,20.48171190464475,OK
2024-11-06 12:40:00,20.884707237858056,OK
2024-11-06 12:45:00,21.6271127439618,OK
2024-11-06 12:50:00,19.63035826096281,OK
2024-11-06 12:55:00,20.626552618022036,OK
2024-11-06 13:00:00,21.62195359920914,OK
2024-11-06 13:05:00,21.831211509956184,OK
2024-11-06 13:10:00,20.905058474095384,OK
2024-11-06 13:15:00,20.198705927172714,OK
2024-11-06 13:20:00,20.54838451102327,OK
2024-11-06 13:25:00,21.82920705471227,OK
2024-11-06 13:30:00,20.70173838588652,OK
2024-11-06 13:35:00,20.738695166980893,OK
2024-11-06 13:40:00,20.94023747475618,OK
2024-11-06 13:45:00,20.32314974359612,OK
2024-11-06 13:50:00,21.158988148750492,OK
2024-11-06 13:55:00,21.361518893340165,OK
2024-11-06 14:00:00,21.18503461760747,OK
2024-11-06 14:05:00,20.750878673201004,OK
2024-11-06 14:10:00,20.44052180130699,OK
2024-11-06 14:15:00,20.4028309978474,OK
2024-11-06 14:20:00,21.457166218276548,OK
2024-11-06 14:25:00,21.09486686761927,OK
2024-11-06 14:30:00,20.95513528612323,OK
2024-11-06 14:35:00,22.227371826256558,OK
2024-11-06 14:40:00,21.028547668746437,OK
2024-11-06 14:45:00,20.79134557917601,OK
2024-11-06 14:50:00,20.728162657230218,OK
2024-11-06 14:55:00,21.631519105785063,OK
2024-11-06 15:00:00,21.12143968747786,OK
2024-11-06 15:05:00,20.40142917345278,OK
2024-11-06 15:10:00,20.82905975641422,OK
2024-11-06 15:15:00,21.1310451568078,OK
2024-11-06 15:20:00,21.33876981750987,OK
2024-11-06 15:25:00,21.34563372546126,OK
2024-11-06 15:30:00,21.571583336245745,OK
2024-11-06 15:35:00,21.624757771040528,OK
2024-11-06 15:40:00,21.503701529806317,OK
2024-11-06 15:45:00,21.09439465877432,OK
2024-11-06 15:50:00,21.466712764234405,OK
2024-11-06 15:55:00,20.754093701388307,OK
2024-11-06 16:00:00,20.916740126535338,OK
2024-11-06 16:05:00,21.91524075918622,OK
2024-11-06 16:10:00,20.815973653123127,OK
2024-11-06 16:15:00,20.884681797130362,OK
2024-11-06 16:20:00,20.442498830742807,OK
2024-11-06 16:25:00,21.393620286450464,OK
2024-11-06 16:30:00,21.450569406286956,OK
2024-11-06 16:35:00,20.98655325046938,OK
2024-11-06 16:40:00,20.512291864478374,OK
2024-11-06 16:45:00,21.58825758817471,OK
2024-11-06 16:50:00,20.782999590807368,OK
2024-11-06 16:55:00,21.35486683067398,OK
2024-11-06 17:00:00,20.67721418969967,OK
2024-11-06 17:05:00,20.967890454701806,OK
2024-11-06 17:10:00,20.82788883543584,OK
2024-11-06 17:15:00,21.040602508686366,OK
2024-11-06 17:20:00,21.607552142065682,OK
2024-11-06 17:25:00,21.462277887777958,OK
2024-11-06 17:30:00,21.093766360344233,OK
2024-11-06 17:35:00,21.201310768885392,OK
2024-11-06 17:40:00,21.542363648107756,OK
2024-11-06 17:45:00,20.891260531889248,OK
2024-11-06 17:50:00,21.028791977076974,OK
2024-11-06 17:55:00,20.9934700364931,OK
2024-11-06 18:00:00,20.428499028178553,OK
2024-11-06 18:05:00,21.035685550475172,OK
2024-11-06 18:10:00,20.585427280752572,OK
2024-11-06 18:15:00,21.128072823118917,OK
2024-11-06 18:20:00,20.914884533428935,OK
2024-11-06 18:25:00,21.22191303725295,OK
2024-11-06 18:30:00,20.441370549164617,OK
2024-11-06 18:35:00,20.85973297805642,OK
2024-11-06 18:40:00,21.18090101862202,OK
2024-11-06 18:45:00,21.016957470709436,OK
2024-11-06 18:50:00,20.854544168143846,OK
2024-11-06 18:55:00,20.76909870746055,OK
2024-11-06 19:00:00,21.385557679723476,OK
2024-11-06 19:05:00,20.92520192591288,OK
2024-11-06 19:10:00,20.957565964146006,OK
2024-11-06 19:15:00,21.232702161333425,OK
2024-11-06 19:20:00,21.252078466359663,OK
2024-11-06 19:25:00,21.12155358613535,OK
2024-11-06 19:30:00,21.570283231470707,OK
2024-11-06 19:35:00,20.912788045693922,OK
2024-11-06 19:40:00,21.230510881399823,OK
2024-11-06 19:45:00,20.91414938862151,OK
2024-11-06 19:50:00,20.89602336052424,OK
2024-11-06 19:55:00,20.820097414595008,OK
2024-11-06 20:00:00,21.088632492362454,OK
2024-11-06 20:05:00,21.416408226724673,OK
2024-11-06 20:10:00,21.12332918059365,OK
2024-11-06 20:15:00,20.891361942070507,OK
2024-11-06 20:20:00,20.891785777178765,OK
2024-11-06 20:25:00,21.213183157166295,OK
2024-11-06 20:30:00,21.06539971371162,OK
2024-11-06 20:35:00,21.302153215193876,OK
2024-11-06 20:40:00,21.45761420510816,OK
2024-11-06 20:45:00,20.77453550145397,OK
2024-11-06 20:50:00,21.48029924659686,OK
2024-11-06 20:55:00,20.295684692176863,OK
2024-11-06 21:00:00,21.65025389369883,OK
2024-11-06 21:05:00,20.58870107908042,OK
2024-11-06 21:10:00,21.036795474468217,OK
2024-11-06 21:15:00,20.97044774801035,OK
2024-11-06 21:20:00,20.583300836444113,OK
2024-11-06 21:25:00,21.20332032872661,OK
2024-11-06 21:30:00,21.02616178738683,OK
2024-11-06 21:35:00,21.26791336287444,OK
2024-11-06 21:40:00,21.1155555680963,OK
2024-11-06 21:45:00,21.465556880924208,OK
2024-11-06 21:50:00,21.24786673012977,OK
2024-11-06 21:55:00,21.053366493257435,OK
2024-11-06 22:00:00,21.13988080103324,OK
2024-11-06 22:05:00,21.4079877747248,OK
2024-11-06 22:10:00,21.351065633771682,OK
2024-11-06 22:15:00,21.535030688280465,OK
2024-11-06 22:20:00,21.636933021825218,OK
2024-11-06 22:25:00,21.055405919367175,OK
2024-11-06 22:30:00,21.577144375405627,OK
2024-11-06 22:35:00,21.059088390387235,OK
2024-11-06 22:40:00,20.56728128662112,OK
2024-11-06 22:45:00,21.48304612509998,OK
2024-11-06 22:50:00,20.184556940548184,OK
2024-11-06 22:55:00,21.091320879157585,OK
2024-11-06 23:00:00,21.05135234137001,OK
2024-11-06 23:05:00,20.907217021992746,OK
2024-11-06 23:10:00,21.15420436112844,OK
2024-11-06 23:15:00,20.40259948278239,OK
2024-11-06 23:20:00,20.612548709441672,OK
2024-11-06 23:25:00,21.296086721959377,OK
2024-11-06 23:30:00,21.36029049017893,OK
2024-11-06 23:35:00,20.460706607040233,OK
2024-11-06 23:40:00,20.5464530269661,OK
2024-11-06 23:45:00,21.58996015487147,OK
2024-11-06 23:50:00,20.755206654349596,OK
2024-11-06 23:55:00,21.615918825623854,OK
2024-11-07 00:00:00,21.425111733803394,OK
2024-11-07 00:05:00,21.144441740245323,OK
2024-11-07 00:10:00,20.889962975633797,OK
2024-11-07 00:15:00,20.76077813372193,OK
2024-11-07 00:20:00,20.57740262992805,OK
2024-11-07 00:25:00,20.472763767693134,OK
2024-11-07 00:30:00,20.998176106710098,OK
2024-11-07 00:35:00,20.322829194615235,OK
2024-11-07 00:40:00,20.768864207429104,OK
2024-11-07 00:45:00,20.99292316549057,OK
2024-11-07 00:50:00,21.439185764335786,OK
2024-11-07 00:55:00,21.738295683858823,OK
2024-11-07 01:00:00,20.88867988799765,OK
2024-11-07 01:05:00,21.130253542026864,OK
2024-11-07 01:10:00,20.976503154456875,OK
2024-11-07 01:15:00,21.216121775806624,OK
2024-11-07 01:20:00,21.290924344411515,OK
2024-11-07 01:25:00,20.372367907856187,OK
2024-11-07 01:30:00,20.730567999742522,OK
2024-11-07 01:35:00,21.265138177222035,OK
2024-11-07 01:40:00,20.977379780419888,OK
2024-11-07 01:45:00,20.869218522720068,OK
2024-11-07 01:50:00,19.8726470267511,OK
2024-11-07 01:55:00,20.926040856800736,OK
2024-11-07 02:00:00,21.071478256201047,OK
2024-11-07 02:05:00,20.814533260262394,OK
2024-11-07 02:10:00,21.645229549426677,OK
2024-11-07 02:15:00,20.935394196886087,OK
2024-11-07 02:20:00,20.548628385858233,OK
2024-11-07 02:25:00,20.855174421810723,OK
2024-11-07 02:30:00,21.870340579127596,OK
2024-11-07 02:35:00,21.51964167240107,OK
2024-11-07 02:40:00,21.51604912375233,OK
2024-11-07 02:45:00,21.291526855475805,OK
2024-11-07 02:50:00,21.005596608528855,OK
2024-11-07 02:55:00,20.183067642208897,OK
2024-11-07 03:00:00,21.080133090496485,OK
2024-11-07 03:05:00,20.691184469709036,OK
2024-11-07 03:10:00,21.291186361205558,OK
2024-11-07 03:15:00,21.119519889877715,OK
2024-11-07 03:20:00,20.909225151153567,OK
2024-11-07 03:25:00,21.233690658864553,OK
2024-11-07 03:30:00,20.975586985522327,OK
2024-11-07 03:35:00,21.775928943796668,OK
2024-11-07 03:40:00,20.879254083748346,OK
2024-11-07 03:45:00,20.79327218411413,OK
2024-11-07 03:50:00,20.873859791352142,OK
2024-11-07 03:55:00,20.710399863975706,OK
2024-11-07 04:00:00,20.96986916494008,OK
2024-11-07 04:05:00,21.29965123730505,OK
2024-11-07 04:10:00,20.68641449709167,OK
2024-11-07 04:15:00,20.992654406192003,OK
2024-11-07 04:20:00,20.06065958954621,OK
2024-11-07 04:25:00,20.9390728836249,OK
2024-11-07 04:30:00,20.466185922348405,OK
2024-11-07 04:35:00,21.662370355160967,OK
2024-11-07 04:40:00,20.977831297187404,OK
2024-11-07 04:45:00,20.745131183612003,OK
2024-11-07 04:50:00,20.378703690023276,OK
2024-11-07 04:55:00,20.66882568891625,OK
2024-11-07 05:00:00,20.84184439289568,OK
2024-11-07 05:05:00,22.1447884707956,OK
2024-11-07 05:10:00,20.23740923196987,OK
2024-11-07 05:15:00,21.05649154554266,OK
2024-11-07 05:20:00,20.98993290201256,OK
2024-11-07 05:25:00,20.724558535654143,OK
2024-11-07 05:30:00,20.906148365308372,OK
2024-11-07 05:35:00,20.895839154273133,OK
2024-11-07 05:40:00,20.930000501872403,OK
2024-11-07 05:45:00,20.071068951356573,OK
2024-11-07 05:50:00,21.1527047082282,OK
2024-11-07 05:55:00,21.31263999303565,OK
2024-11-07 06:00:00,21.746824083919783,OK
2024-11-07 06:05:00,21.347211761403173,OK
2024-11-07 06:10:00,20.491783768699875,OK
2024-11-07 06:15:00,20.93016454279987,OK
2024-11-07 06:20:00,20.44573628263646,OK
2024-11-07 06:25:00,21.002425967380034,OK
2024-11-07 06:30:00,21.08112932552858,OK
2024-11-07 06:35:00,20.538374859154686,OK
2024-11-07 06:40:00,20.780419160782504,OK
2024-11-07 06:45:00,21.135457390830442,OK
2024-11-07 06:50:00,20.742212801084424,OK
2024-11-07 06:55:00,20.608108974274735,OK
2024-11-07 07:00:00,21.970326038178438,OK
2024-11-07 07:05:00,21.112721442618803,OK
2024-11-07 07:10:00,21.391951538102006,OK
2024-11-07 07:15:00,20.60326938389756,OK
2024-11-07 07:20:00,20.076131818956426,OK
2024-11-07 07:25:00,21.18011275643622,OK
2024-11-07 07:30:00,20.914660503651625,OK
2024-11-07 07:35:00,20.684774539648096,OK
2024-11-07 07:40:00,20.576135127787374,OK
2024-11-07 07:45:00,20.885768558478755,OK
2024-11-07 07:50:00,21.061151952546876,OK
2024-11-07 07:55:00,20.415245227625306,OK
2024-11-07 08:00:00,20.888870093338472,OK
2024-11-07 08:05:00,21.006448263648583,OK
2024-11-07 08:10:00,20.692812518181345,OK
2024-11-07 08:15:00,21.86714760761536,OK
2024-11-07 08:20:00,20.880437620419826,OK
2024-11-07 08:25:00,20.798504688159685,OK
2024-11-07 08:30:00,22.036375516584368,OK
2024-11-07 08:35:00,20.940009233322023,OK
2024-11-07 08:40:00,21.228743541823214,OK
2024-11-07 08:45:00,20.978783338803236,OK
2024-11-07 08:50:00,20.73323805727498,OK
2024-11-07 08:55:00,21.131777516466617,OK
2024-11-07 09:00:00,20.933121081081783,OK
2024-11-07 09:05:00,21.15376422871498,OK
2024-11-07 09:10:00,21.31315967181659,OK
2024-11-07 09:15:00,21.250773545200467,OK
2024-11-07 09:20:00,21.024004378253082,OK
2024-11-07 09:25:00,20.548338877369844,OK
2024-11-07 09:30:00,21.1680035305583,OK
2024-11-07 09:35:00,20.69449049194159,OK
2024-11-07 09:40:00,21.79742027827071,OK
2024-11-07 09:45:00,20.53792191856393,OK
2024-11-07 09:50:00,21.27442287578872,OK
2024-11-07 09:55:00,20.37657725313352,OK
2024-11-07 10:00:00,20.9361919177717,OK
2024-11-07 10:05:00,21.420368529228426,OK
2024-11-07 10:10:00,21.487189790339535,OK
2024-11-07 10:15:00,21.36242123454035,OK
2024-11-07 10:20:00,20.746103908911312,OK
2024-11-07 10:25:00,21.34179623079665,OK
2024-11-07 10:30:00,21.60024806413792,OK
2024-11-07 10:35:00,21.464428276632226,OK
2024-11-07 10:40:00,21.874031615413774,OK
2024-11-07 10:45:00,20.853388261326092,OK
2024-11-07 10:50:00,21.245238379496847,OK
2024-11-07 10:55:00,21.266513904454033,OK
2024-11-07 11:00:00,20.95368018820855,OK
2024-11-07 11:05:00,20.914461641898914,OK
2024-11-07 11:10:00,20.998413750596757,OK
2024-11-07 11:15:00,20.819886203307313,OK
2024-11-07 11:20:00,21.766694471610062,OK
2024-11-07 11:25:00,20.43898219413754,OK
2024-11-07 11:30:00,21.38808047952052,OK
2024-11-07 11:35:00,21.69719068744717,OK
2024-11-07 11:40:00,20.16142940932545,OK
2024-11-07 11:45:00,20.742849984361968,OK
2024-11-07 11:50:00,21.27365001389901,OK
2024-11-07 11:55:00,21.025316005774375,OK
2024-11-07 12:00:00,20.568824889333246,OK
2024-11-07 12:05:00,21.269082847752916,OK
2024-11-07 12:10:00,21.699523301516365,OK
2024-11-07 12:15:00,20.654745262038414,OK
2024-11-07 12:20:00,20.88423533718384,OK
2024-11-07 12:25:00,20.825509071498896,OK
2024-11-07 12:30:00,20.002369104402632,OK
2024-11-07 12:35:00,20.782817156590237,OK
2024-11-07 12:40:00,21.248511420401105,OK
2024-11-07 12:45:00,21.477447771405178,OK
2024-11-07 12:50:00,20.525217152362593,OK
2024-11-07 12:55:00,20.51585945666789,OK
2024-11-07 13:00:00,20.55563742283285,OK
2024-11-07 13:05:00,20.876841365563497,OK
2024-11-07 13:10:00,21.014894578246327,OK
2024-11-07 13:15:00,21.19713940145725,OK
2024-11-07 13:20:00,20.837096197044747,OK
2024-11-07 13:25:00,20.68373387401507,OK
2024-11-07 13:30:00,21.051710794544846,OK
2024-11-07 13:35:00,21.223073948450445,OK
2024-11-07 13:40:00,21.020519361587677,OK
2024-11-07 13:45:00,20.823957397890435,OK
2024-11-07 13:50:00,20.19007046679806,OK
2024-11-07 13:55:00,20.686542401986888,OK
2024-11-07 14:00:00,20.777552825916676,OK
2024-11-07 14:05:00,21.207462369840584,OK
2024-11-07 14:10:00,21.044323099440458,OK
2024-11-07 14:15:00,21.156320943049817,OK
2024-11-07 14:20:00,21.19789738546627,OK
2024-11-07 14:25:00,21.19676296744468,OK
2024-11-07 14:30:00,20.89942576558237,OK
2024-11-07 14:35:00,21.019373440272943,OK
2024-11-07 14:40:00,20.386102723545232,OK
2024-11-07 14:45:00,21.006341818792027,OK
2024-11-07 14:50:00,20.215039917790147,OK
2024-11-07 14:55:00,21.046345609355573,OK
2024-11-07 15:00:00,20.764736099833335,OK
2024-11-07 15:05:00,21.347331777107016,OK
2024-11-07 15:10:00,21.39095015226365,OK
2024-11-07 15:15:00,21.363474614722797,OK
2024-11-07 15:20:00,20.875946432070698,OK
2024-11-07 15:25:00,21.229885126714596,OK
2024-11-07 15:30:00,21.002731128012204,OK
2024-11-07 15:35:00,20.96091254768594,OK
2024-11-07 15:40:00,20.651234555641256,OK
2024-11-07 15:45:00,20.75711446398669,OK
2024-11-07 15:50:00,20.940166754899025,OK
2024-11-07 15:55:00,21.466365594744307,OK
2024-11-07 16:00:00,20.77629262663773,OK
2024-11-07 16:05:00,21.30236077808037,OK
2024-11-07 16:10:00,20.71109668261989,OK
2024-11-07 16:15:00,21.161580076344308,OK
2024-11-07 16:20:00,21.770507501709915,OK
2024-11-07 16:25:00,20.600225236631395,OK
2024-11-07 16:30:00,19.98769005896311,OK
2024-11-07 16:35:00,21.223864811602425,OK
2024-11-07 16:40:00,21.33688270967117,OK
2024-11-07 16:45:00,21.872122617010668,OK
2024-11-07 16:50:00,21.12498274629721,OK
2024-11-07 16:55:00,21.305194187200822,OK
2024-11-07 17:00:00,20.967971406837005,OK
2024-11-07 17:05:00,21.928288387863876,OK
2024-11-07 17:10:00,21.855409042589056,OK
2024-11-07 17:15:00,20.22194485912755,OK
2024-11-07 17:20:00,20.991754328796773,OK
2024-11-07 17:25:00,21.60581336505329,OK
2024-11-07 17:30:00,20.93748569239779,OK
2024-11-07 17:35:00,20.803657064795374,OK
2024-11-07 17:40:00,21.424343203641786,OK
2024-11-07 17:45:00,20.801019237019553,OK
2024-11-07 17:50:00,21.047664346280584,OK
2024-11-07 17:55:00,21.219054163389966,OK
2024-11-07 18:00:00,20.971425214260627,OK
2024-11-07 18:05:00,20.448536163730292,OK
2024-11-07 18:10:00,20.696464326911894,OK
2024-11-07 18:15:00,21.165755288917396,OK
2024-11-07 18:20:00,21.415554703380888,OK
2024-11-07 18:25:00,20.776811928939654,OK
2024-11-07 18:30:00,20.120452773295796,OK
2024-11-07 18:35:00,21.297404512669537,OK
2024-11-07 18:40:00,21.063235495616357,OK
2024-11-07 18:45:00,20.55312471225658,OK
2024-11-07 18:50:00,20.622496405201186,OK
2024-11-07 18:55:00,21.05517495774733,OK
2024-11-07 19:00:00,20.249073869075737,OK
2024-11-07 19:05:00,22.04274825731297,OK
2024-11-07 19:10:00,21.951367789832744,OK
2024-11-07 19:15:00,21.13230612808473,OK
2024-11-07 19:20:00,20.967428368244008,OK
2024-11-07 19:25:00,21.344547204252837,OK
2024-11-07 19:30:00,21.365201394062872,OK
2024-11-07 19:35:00,21.02026643147501,OK
2024-11-07 19:40:00,21.85729936183006,OK
2024-11-07 19:45:00,21.01955919868839,OK
2024-11-07 19:50:00,21.011711070014538,OK
2024-11-07 19:55:00,21.120022591089786,OK
2024-11-07 20:00:00,21.045289226178085,OK
2024-11-07 20:05:00,21.797750329722497,OK
2024-11-07 20:10:00,21.00109439494527,OK
2024-11-07 20:15:00,20.352898084256527,OK
2024-11-07 20:20:00,21.246140766574424,OK
2024-11-07 20:25:00,21.35323781694849,OK
2024-11-07 20:30:00,20.92989173807575,OK
2024-11-07 20:35:00,20.778319857227398,OK
2024-11-07 20:40:00,21.55685586222361,OK
2024-11-07 20:45:00,21.39165591576385,OK
2024-11-07 20:50:00,20.522048408955335,OK
2024-11-07 20:55:00,21.525799372061638,OK
2024-11-07 21:00:00,20.92825579217015,OK
2024-11-07 21:05:00,20.563853293414503,OK
2024-11-07 21:10:00,20.671515499103677,OK
2024-11-07 21:15:00,21.367957310776905,OK
2024-11-07 21:20:00,21.48408308082086,OK
2024-11-07 21:25:00,20.67570310383794,OK
2024-11-07 21:30:00,21.33023301281125,OK
2024-11-07 21:35:00,21.35061989685855,OK
2024-11-07 21:40:00,20.101820941442785,OK
2024-11-07 21:45:00,21.18843366102577,OK
2024-11-07 21:50:00,21.448505597886978,OK
2024-11-07 21:55:00,21.400550893223436,OK
2024-11-07 22:00:00,21.59740851787664,OK
2024-11-07 22:05:00,21.114221176554842,OK
2024-11-07 22:10:00,20.793462531859838,OK
2024-11-07 22:15:00,20.78112177196531,OK
2024-11-07 22:20:00,21.319710594395698,OK
2024-11-07 22:25:00,20.94635725276999,OK
2024-11-07 22:30:00,21.301626590065414,OK
2024-11-07 22:35:00,20.558986798904822,OK
2024-11-07 22:40:00,21.038597444295295,OK
2024-11-07 22:45:00,20.505840113198303,OK
2024-11-07 22:50:00,20.50142595608707,OK
2024-11-07 22:55:00,20.94540470606064,OK
2024-11-07 23:00:00,20.63087788886179,OK
2024-11-07 23:05:00,21.56769184658099,OK
2024-11-07 23:10:00,20.928342422989147,OK
2024-11-07 23:15:00,20.495148494142825,OK
2024-11-07 23:20:00,20.922629037180293,OK
2024-11-07 23:25:00,21.07491725778068,OK
2024-11-07 23:30:00,21.184040079631842,OK
2024-11-07 23:35:00,20.998244640770473,OK
2024-11-07 23:40:00,21.103016850172548,OK
2024-11-07 23:45:00,20.646333393513373,OK
2024-11-07 23:50:00,21.2483478478599,OK
2024-11-07 23:55:00,21.151631510155717,OK
2024-11-08 00:00:00,20.768905920872534,OK
2024-11-08 00:05:00,20.31144892471397,OK
2024-11-08 00:10:00,20.988214114183616,OK
2024-11-08 00:15:00,20.493974671616822,OK
2024-11-08 00:20:00,21.032673372830896,OK
2024-11-08 00:25:00,20.836700043538272,OK
2024-11-08 00:30:00,21.49399127249041,OK
2024-11-08 00:35:00,20.692728403929603,OK
2024-11-08 00:40:00,20.040371760396898,OK
2024-11-08 00:45:00,20.80691690675708,OK
2024-11-08 00:50:00,21.571642269138813,OK
2024-11-08 00:55:00,21.220212536996293,OK
2024-11-08 01:00:00,21.0768760747142,OK
2024-11-08 01:05:00,21.181947384531416,OK
2024-11-08 01:10:00,20.866254743859983,OK
2024-11-08 01:15:00,21.359982041156673,OK
2024-11-08 01:20:00,21.121150253270546,OK
2024-11-08 01:25:00,21.275192829921764,OK
2024-11-08 01:30:00,21.092237945177114,OK
2024-11-08 01:35:00,22.170561476535816,OK
2024-11-08 01:40:00,21.08003684931843,OK
2024-11-08 01:45:00,20.729075419347996,OK
2024-11-08 01:50:00,20.81967319995973,OK
2024-11-08 01:55:00,20.388729620796507,OK
2024-11-08 02:00:00,20.917090257559156,OK
2024-11-08 02:05:00,20.92905847575524,OK
2024-11-08 02:10:00,20.830815560686542,OK
2024-11-08 02:15:00,20.83228003622517,OK
2024-11-08 02:20:00,20.522521978107847,OK
2024-11-08 02:25:00,21.198046915423422,OK
2024-11-08 02:30:00,21.138144833123672,OK
2024-11-08 02:35:00,21.195887866389537,OK
2024-11-08 02:40:00,21.14074484411553,OK
2024-11-08 02:45:00,21.04611713709605,OK
2024-11-08 02:50:00,21.36259806167564,OK
2024-11-08 02:55:00,20.689325723821856,OK
2024-11-08 03:00:00,20.27987565599891,OK
2024-11-08 03:05:00,20.844104154505178,OK
2024-11-08 03:10:00,20.483640735350708,OK
2024-11-08 03:15:00,20.442509080754835,OK
2024-11-08 03:20:00,20.68691548521076,OK
2024-11-08 03:25:00,21.30284417850111,OK
2024-11-08 03:30:00,20.738794362995055,OK
2024-11-08 03:35:00,20.84484133198552,OK
2024-11-08 03:40:00,21.719639993316207,OK
2024-11-08 03:45:00,20.47797656571609,OK
2024-11-08 03:50:00,21.062184807096536,OK
2024-11-08 03:55:00,20.619140664391026,OK
2024-11-08 04:00:00,20.854117665472057,OK
2024-11-08 04:05:00,20.765851233831093,OK
2024-11-08 04:10:00,19.97208201572844,OK
2024-11-08 04:15:00,21.131895435954036,OK
2024-11-08 04:20:00,21.832169626761704,OK
2024-11-08 04:25:00,21.530368061503296,OK
2024-11-08 04:30:00,21.597003180693612,OK
2024-11-08 04:35:00,20.95691851283322,OK
2024-11-08 04:40:00,20.95367597074269,OK
2024-11-08 04:45:00,21.199421032427708,OK
2024-11-08 04:50:00,21.076061705604054,OK
2024-11-08 04:55:00,21.431184040974834,OK
2024-11-08 05:00:00,21.505443222420027,OK
2024-11-08 05:05:00,21.63011191825281,OK
2024-11-08 05:10:00,21.74824479145751,OK
2024-11-08 05:15:00,20.893835945026762,OK
2024-11-08 05:20:00,20.913440856184508,OK
2024-11-08 05:25:00,21.233569395776872,OK
2024-11-08 05:30:00,20.2923277284539,OK
2024-11-08 05:35:00,20.33143584978917,OK
2024-11-08 05:40:00,20.31678328701928,OK
2024-11-08 05:45:00,20.47493056125541,OK
2024-11-08 05:50:00,20.81295777608613,OK
2024-11-08 05:55:00,21.240556491610672,OK
2024-11-08 06:00:00,21.197352640609004,OK
2024-11-08 06:05:00,21.1466551409159,OK
2024-11-08 06:10:00,21.720833459569775,OK
2024-11-08 06:15:00,21.134654351415097,OK
2024-11-08 06:20:00,21.25867563302225,OK
2024-11-08 06:25:00,20.17304201916927,OK
2024-11-08 06:30:00,21.12571631919006,OK
2024-11-08 06:35:00,21.292217857499107,OK
2024-11-08 06:40:00,21.252077723986293,OK
2024-11-08 06:45:00,20.710787247963815,OK
2024-11-08 06:50:00,20.602024021367825,OK
2024-11-08 06:55:00,20.812405605881693,OK
2024-11-08 07:00:00,21.08394029180881,OK
2024-11-08 07:05:00,21.151883640282033,OK
2024-11-08 07:10:00,21.065113362237238,OK
2024-11-08 07:15:00,21.30007060268975,OK
2024-11-08 07:20:00,21.112277034448265,OK
2024-11-08 07:25:00,21.11507233394627,OK
2024-11-08 07:30:00,20.438304480148762,OK
2024-11-08 07:35:00,21.750604290829706,OK
2024-11-08 07:40:00,21.07480639276786,OK
2024-11-08 07:45:00,21.094290026694008,OK
2024-11-08 07:50:00,20.82017022955517,OK
2024-11-08 07:55:00,20.709172794240157,OK
2024-11-08 08:00:00,21.09525353316095,OK
2024-11-08 08:05:00,20.758560297159,OK
2024-11-08 08:10:00,21.228212716584846,OK
2024-11-08 08:15:00,20.498109065495193,OK
2024-11-08 08:20:00,21.01084685871867,OK
2024-11-08 08:25:00,20.542841757890837,OK
2024-11-08 08:30:00,19.93550672421465,OK
2024-11-08 08:35:00,21.32271441868116,OK
2024-11-08 08:40:00,22.374701033834455,OK
2024-11-08 08:45:00,21.8181673250153,OK
2024-11-08 08:50:00,21.189258715208368,OK
2024-11-08 08:55:00,20.84145722751376,OK
2024-11-08 09:00:00,20.985633093062226,OK
2024-11-08 09:05:00,21.285816413591245,OK
2024-11-08 09:10:00,20.51968182966899,OK
2024-11-08 09:15:00,21.72993952643738,OK
2024-11-08 09:20:00,20.603896146333813,OK
2024-11-08 09:25:00,21.12673805151615,OK
2024-11-08 09:30:00,21.371864169263116,OK
2024-11-08 09:35:00,20.75233710312425,OK
2024-11-08 09:40:00,21.129813703436696,OK
2024-11-08 09:45:00,21.355637264995373,OK
2024-11-08 09:50:00,21.34926851882903,OK
2024-11-08 09:55:00,20.439737983481056,OK
2024-11-08 10:00:00,20.620134542252135,OK
2024-11-08 10:05:00,21.180896989096603,OK
2024-11-08 10:10:00,20.167007122151382,OK
2024-11-08 10:15:00,20.11982888365083,OK
2024-11-08 10:20:00,20.757629893062546,OK
2024-11-08 10:25:00,21.3853143750306,OK
2024-11-08 10:30:00,20.958379453890494,OK
2024-11-08 10:35:00,21.082598491219535,OK
2024-11-08 10:40:00,20.646400046583306,OK
2024-11-08 10:45:00,21.6370201541,OK
2024-11-08 10:50:00,21.08245801480688,OK
2024-11-08 10:55:00,20.4851619273541,OK
2024-11-08 11:00:00,,MISSING
2024-11-08 11:05:00,20.616370671604102,OK
2024-11-08 11:10:00,20.952302728456992,OK
2024-11-08 11:15:00,21.61847819941598,OK
2024-11-08 11:20:00,21.123423896178892,OK
2024-11-08 11:25:00,21.62634159743458,OK
2024-11-08 11:30:00,20.778016789994744,OK
2024-11-08 11:35:00,20.977423728930447,OK
2024-11-08 11:40:00,20.760991139914054,OK
2024-11-08 11:45:00,21.156408611912454,OK
2024-11-08 11:50:00,21.097439046414237,OK
2024-11-08 11:55:00,21.200008515091415,OK
2024-11-08 12:00:00,21.53154767965314,OK
2024-11-08 12:05:00,20.322694457635713,OK
2024-11-08 12:10:00,21.21941062344967,OK
2024-11-08 12:15:00,21.423531587820047,OK
2024-11-08 12:20:00,21.405735493224352,OK
2024-11-08 12:25:00,20.63411596413141,OK
2024-11-08 12:30:00,20.784165678585342,OK
2024-11-08 12:35:00,20.54712565968626,OK
2024-11-08 12:40:00,20.996387960914205,OK
2024-11-08 12:45:00,20.99362430058883,OK
2024-11-08 12:50:00,21.902918200600855,OK
2024-11-08 12:55:00,20.901610569918038,OK
2024-11-08 13:00:00,21.074929165310962,OK
2024-11-08 13:05:00,20.844816567721658,OK
2024-11-08 13:10:00,21.029400038631337,OK
2024-11-08 13:15:00,21.846901952713832,OK
2024-11-08 13:20:00,20.643479762824235,OK
2024-11-08 13:25:00,20.747221566803162,OK
2024-11-08 13:30:00,21.381360953599835,OK
2024-11-08 13:35:00,21.507891849091852,OK
2024-11-08 13:40:00,20.713946177186347,OK
2024-11-08 13:45:00,21.08503702422062,OK
2024-11-08 13:50:00,20.662481096416887,OK
2024-11-08 13:55:00,21.71436951308349,OK
2024-11-08 14:00:00,20.13052221935193,OK
2024-11-08 14:05:00,21.171073744126897,OK
2024-11-08 14:10:00,20.359110111255887,OK
2024-11-08 14:15:00,20.753863522231367,OK
2024-11-08 14:20:00,20.992628680387668,OK
2024-11-08 14:25:00,21.19738109277255,OK
2024-11-08 14:30:00,20.192015870461027,OK
2024-11-08 14:35:00,21.130267695684935,OK
2024-11-08 14:40:00,21.264242464798727,OK
2024-11-08 14:45:00,20.784115008122452,OK
2024-11-08 14:50:00,21.30498271994484,OK
2024-11-08 14:55:00,20.79422114509621,OK
2024-11-08 15:00:00,21.209262182755737,OK
2024-11-08 15:05:00,21.53138156642405,OK
2024-11-08 15:10:00,20.760273029569074,OK
2024-11-08 15:15:00,20.863084300446054,OK
2024-11-08 15:20:00,21.71506300371736,OK
2024-11-08 15:25:00,20.60293273275221,OK
2024-11-08 15:30:00,21.15275669366257,OK
2024-11-08 15:35:00,20.432321098813595,OK
2024-11-08 15:40:00,20.502523136991936,OK
2024-11-08 15:45:00,21.06669560467076,OK
2024-11-08 15:50:00,21.715202206425015,OK
2024-11-08 15:55:00,21.438384641132956,OK
2024-11-08 16:00:00,21.183944349770254,OK
2024-11-08 16:05:00,21.100693648365528,OK
2024-11-08 16:10:00,20.54756271139279,OK
2024-11-08 16:15:00,20.47400709928662,OK
2024-11-08 16:20:00,21.374998216680204,OK
2024-11-08 16:25:00,20.18057338272241,OK
2024-11-08 16:30:00,20.281977172730244,OK
2024-11-08 16:35:00,21.03126317215953,OK
2024-11-08 16:40:00,20.948357252576972,OK
2024-11-08 16:45:00,20.844834744463476,OK
2024-11-08 16:50:00,22.090575881328146,OK
2024-11-08 16:55:00,21.064522787031752,OK
2024-11-08 17:00:00,20.817675582355054,OK
2024-11-08 17:05:00,21.22163044186399,OK
2024-11-08 17:10:00,21.69279159571921,OK
2024-11-08 17:15:00,21.09940035607697,OK
2024-11-08 17:20:00,20.572610790576324,OK
2024-11-08 17:25:00,21.231310080375387,OK
2024-11-08 17:30:00,20.99185928745609,OK
2024-11-08 17:35:00,20.807147866338237,OK
2024-11-08 17:40:00,20.125025582158454,OK
2024-11-08 17:45:00,21.20353167619212,OK
2024-11-08 17:50:00,20.872791143188547,OK
2024-11-08 17:55:00,20.64207508714765,OK
2024-11-08 18:00:00,20.02984647413008,OK
2024-11-08 18:05:00,21.115724785039195,OK
2024-11-08 18:10:00,20.620890210598816,OK
2024-11-08 18:15:00,21.071061995798527,OK
2024-11-08 18:20:00,20.923126540935016,OK
2024-11-08 18:25:00,20.50196201534334,OK
2024-11-08 18:30:00,20.44306915357938,OK
2024-11-08 18:35:00,21.0454703038695,OK
2024-11-08 18:40:00,20.967817778455476,OK
2024-11-08 18:45:00,21.08220686305987,OK
2024-11-08 18:50:00,21.62647095099358,OK
2024-11-08 18:55:00,20.656395887629245,OK
2024-11-08 19:00:00,21.689681640559588,OK
2024-11-08 19:05:00,20.841241530603547,OK
2024-11-08 19:10:00,20.25762574432713,OK
2024-11-08 19:15:00,20.982384821996884,OK
2024-11-08 19:20:00,21.058897657450217,OK
2024-11-08 19:25:00,20.990096328225157,OK
2024-11-08 19:30:00,21.04504678083447,OK
2024-11-08 19:35:00,21.773744899054645,OK
2024-11-08 19:40:00,21.08340025055635,OK
2024-11-08 19:45:00,21.071556398493506,OK
2024-11-08 19:50:00,20.942183157881022,OK
2024-11-08 19:55:00,20.746208943093073,OK
2024-11-08 20:00:00,21.255295391550188,OK
2024-11-08 20:05:00,20.77326766711879,OK
2024-11-08 20:10:00,20.321506798523124,OK
2024-11-08 20:15:00,21.543042624669813,OK
2024-11-08 20:20:00,21.20598838380383,OK
2024-11-08 20:25:00,20.839981204708444,OK
2024-11-08 20:30:00,20.99170308358148,OK
2024-11-08 20:35:00,21.172417914931465,OK
2024-11-08 20:40:00,21.358202855350708,OK
2024-11-08 20:45:00,21.49217665783591,OK
2024-11-08 20:50:00,20.363304308230592,OK
2024-11-08 20:55:00,21.176254083176048,OK
2024-11-08 21:00:00,20.552658078859654,OK
2024-11-08 21:05:00,21.0917027047806,OK
2024-11-08 21:10:00,20.751841904089293,OK
2024-11-08 21:15:00,20.746044897257605,OK
2024-11-08 21:20:00,20.604419631653695,OK
2024-11-08 21:25:00,20.033035432446432,OK
2024-11-08 21:30:00,20.569795630381137,OK
2024-11-08 21:35:00,20.404592533995565,OK
2024-11-08 21:40:00,21.140695019719715,OK
2024-11-08 21:45:00,20.65587862959696,OK
2024-11-08 21:50:00,21.73027333316724,OK
2024-11-08 21:55:00,21.230190087003436,OK
2024-11-08 22:00:00,20.58249177125788,OK
2024-11-08 22:05:00,20.945414754865077,OK
2024-11-08 22:10:00,21.61977537458655,OK
2024-11-08 22:15:00,20.84193417681445,OK
2024-11-08 22:20:00,20.94519262863442,OK
2024-11-08 22:25:00,21.351992343544513,OK
2024-11-08 22:30:00,20.507026826535448,OK
2024-11-08 22:35:00,21.551253809170298,OK
2024-11-08 22:40:00,21.297665895006528,OK
2024-11-08 22:45:00,21.49185168406734,OK
2024-11-08 22:50:00,21.097767964016644,OK
2024-11-08 22:55:00,21.65676254498242,OK
2024-11-08 23:00:00,20.817432493050095,OK
2024-11-08 23:05:00,20.917672588480205,OK
2024-11-08 23:10:00,20.365994997497392,OK
2024-11-08 23:15:00,21.824676301271662,OK
2024-11-08 23:20:00,20.692854437634022,OK
2024-11-08 23:25:00,21.441175398978878,OK
2024-11-08 23:30:00,20.558478863407394,OK
2024-11-08 23:35:00,20.536709173813158,OK
2024-11-08 23:40:00,21.187998723775394,OK
2024-11-08 23:45:00,21.041736829977467,OK
2024-11-08 23:50:00,20.757194788936733,OK
2024-11-08 23:55:00,21.416647136729406,OK
2024-11-09 00:00:00,21.29146407665859,OK
2024-11-09 00:05:00,21.848387085888184,OK
2024-11-09 00:10:00,21.1034432883647,OK
2024-11-09 00:15:00,21.093717491073757,OK
2024-11-09 00:20:00,21.27086402246628,OK
2024-11-09 00:25:00,21.48296417423916,OK
2024-11-09 00:30:00,20.983848893319763,OK
2024-11-09 00:35:00,21.73695785475763,OK
2024-11-09 00:40:00,20.79966204914948,OK
2024-11-09 00:45:00,21.26596252679179,OK
2024-11-09 00:50:00,21.682239053850044,OK
2024-11-09 00:55:00,20.622478152968057,OK
2024-11-09 01:00:00,21.39838453663156,OK
2024-11-09 01:05:00,21.017857977417357,OK
2024-11-09 01:10:00,21.270865387057697,OK
2024-11-09 01:15:00,20.887767810095554,OK
2024-11-09 01:20:00,21.16194515183368,OK
2024-11-09 01:25:00,21.36270290970665,OK
2024-11-09 01:30:00,20.916820509477166,OK
2024-11-09 01:35:00,21.385957308296938,OK
2024-11-09 01:40:00,20.59761034244069,OK
2024-11-09 01:45:00,21.646731350981018,OK
2024-11-09 01:50:00,20.80753693284346,OK
2024-11-09 01:55:00,20.609036351160295,OK
2024-11-09 02:00:00,21.29006841606851,OK
2024-11-09 02:05:00,21.602534946221244,OK
2024-11-09 02:10:00,21.20964761333706,OK
2024-11-09 02:15:00,20.70022864049266,OK
2024-11-09 02:20:00,19.604486231231892,OK
2024-11-09 02:25:00,21.011507065226933,OK
2024-11-09 02:30:00,21.00105405950447,OK
2024-11-09 02:35:00,21.35925975662612,OK
2024-11-09 02:40:00,21.435280832915236,OK
2024-11-09 02:45:00,21.349022039503303,OK
2024-11-09 02:50:00,21.525541093382014,OK
2024-11-09 02:55:00,21.172810733581155,OK
2024-11-09 03:00:00,21.734513174695966,OK
2024-11-09 03:05:00,21.540009986287416,OK
2024-11-09 03:10:00,21.58747092660449,OK
2024-11-09 03:15:00,20.829929105410393,OK
2024-11-09 03:20:00,19.967199194668915,OK
2024-11-09 03:25:00,22.07382688987083,OK
2024-11-09 03:30:00,20.875234643762283,OK
2024-11-09 03:35:00,21.109779689979334,OK
2024-11-09 03:40:00,21.042961224266932,OK
2024-11-09 03:45:00,21.171572940787954,OK
2024-11-09 03:50:00,20.584491917701996,OK
2024-11-09 03:55:00,21.061968767572722,OK
2024-11-09 04:00:00,21.17554747194246,OK
2024-11-09 04:05:00,20.728995917131396,OK
2024-11-09 04:10:00,21.685190598596254,OK
2024-11-09 04:15:00,20.75013228288106,OK
2024-11-09 04:20:00,21.087207314902198,OK
2024-11-09 04:25:00,21.411016633193697,OK
2024-11-09 04:30:00,21.170902904956783,OK
2024-11-09 04:35:00,21.33458423859546,OK
2024-11-09 04:40:00,20.553336753101014,OK
2024-11-09 04:45:00,20.21266951711446,OK
2024-11-09 04:50:00,21.0920529334942,OK
2024-11-09 04:55:00,21.55500909317486,OK
2024-11-09 05:00:00,20.80462829241809,OK
2024-11-09 05:05:00,20.974172824708404,OK
2024-11-09 05:10:00,20.559904375814895,OK
2024-11-09 05:15:00,20.6771886993543,OK
2024-11-09 05:20:00,20.771192575253174,OK
2024-11-09 05:25:00,20.786844018312145,OK
2024-11-09 05:30:00,21.143014313569548,OK
2024-11-09 05:35:00,20.364982876586833,OK
2024-11-09 05:40:00,21.454208188336512,OK
2024-11-09 05:45:00,21.213101595321753,OK
2024-11-09 05:50:00,21.19619321014595,OK
2024-11-09 05:55:00,21.731596070701077,OK
2024-11-09 06:00:00,20.99811919279701,OK
2024-11-09 06:05:00,20.999663976726897,OK
2024-11-09 06:10:00,20.900103135679885,OK
2024-11-09 06:15:00,21.11972996189658,OK
2024-11-09 06:20:00,20.625297192357444,OK
2024-11-09 06:25:00,20.791744868361636,OK
2024-11-09 06:30:00,21.61252162840174,OK
2024-11-09 06:35:00,20.834575043510554,OK
2024-11-09 06:40:00,21.204225643422667,OK
2024-11-09 06:45:00,20.508318324687593,OK
2024-11-09 06:50:00,20.310860150434735,OK
2024-11-09 06:55:00,20.784967678830544,OK
2024-11-09 07:00:00,21.378181150378264,OK
2024-11-09 07:05:00,21.27755941958438,OK
2024-11-09 07:10:00,19.9973481500969,OK
2024-11-09 07:15:00,20.812437064334762,OK
2024-11-09 07:20:00,20.630935313714808,OK
2024-11-09 07:25:00,20.53835863035016,OK
2024-11-09 07:30:00,20.568921137620986,OK
2024-11-09 07:35:00,20.489390055778653,OK
2024-11-09 07:40:00,20.91932083009574,OK
2024-11-09 07:45:00,20.82380920791315,OK
2024-11-09 07:50:00,20.79792909946946,OK
2024-11-09 07:55:00,21.061880826617475,OK
2024-11-09 08:00:00,21.049616655641493,OK
2024-11-09 08:05:00,20.701246548861775,OK
2024-11-09 08:10:00,20.854942585036778,OK
2024-11-09 08:15:00,21.320395760953446,OK
2024-11-09 08:20:00,21.119555980501392,OK
2024-11-09 08:25:00,21.748796202851956,OK
2024-11-09 08:30:00,21.095881864618438,OK
2024-11-09 08:35:00,21.182258067812487,OK
2024-11-09 08:40:00,21.14051638064259,OK
2024-11-09 08:45:00,20.965449339080084,OK
2024-11-09 08:50:00,21.189794180617604,OK
2024-11-09 08:55:00,20.755441565315238,OK
2024-11-09 09:00:00,20.633598179719804,OK
2024-11-09 09:05:00,20.86587034415409,OK
2024-11-09 09:10:00,21.52732359612779,OK
2024-11-09 09:15:00,20.817259843822114,OK
2024-11-09 09:20:00,21.084502546730075,OK
2024-11-09 09:25:00,21.39524894416584,OK
2024-11-09 09:30:00,21.09920918985444,OK
2024-11-09 09:35:00,20.1434369633184,OK
2024-11-09 09:40:00,21.685486714872546,OK
2024-11-09 09:45:00,21.286643691015158,OK
2024-11-09 09:50:00,21.258548409934008,OK
2024-11-09 09:55:00,20.568319906295876,OK
2024-11-09 10:00:00,20.504371724956556,OK
2024-11-09 10:05:00,21.30719723390852,OK
2024-11-09 10:10:00,21.145473774063948,OK
2024-11-09 10:15:00,20.62644083420391,OK
2024-11-09 10:20:00,20.621265015908094,OK
2024-11-09 10:25:00,21.356756369557026,OK
2024-11-09 10:30:00,21.24379323833848,OK
2024-11-09 10:35:00,21.044141014229705,OK
2024-11-09 10:40:00,21.27153508454586,OK
2024-11-09 10:45:00,21.126747770465023,OK
2024-11-09 10:50:00,20.971191170068163,OK
2024-11-09 10:55:00,21.03607199904173,OK
2024-11-09 11:00:00,21.390319305209715,OK
2024-11-09 11:05:00,21.27271742991458,OK
2024-11-09 11:10:00,21.439481042148294,OK
2024-11-09 11:15:00,20.06820030383834,OK
2024-11-09 11:20:00,21.042802587882893,OK
2024-11-09 11:25:00,21.710858787962966,OK
2024-11-09 11:30:00,20.366698310512053,OK
2024-11-09 11:35:00,21.819913417702193,OK
2024-11-09 11:40:00,21.25030998020448,OK
2024-11-09 11:45:00,21.55531761662673,OK
2024-11-09 11:50:00,21.353598130369424,OK
2024-11-09 11:55:00,20.653202572804016,OK
2024-11-09 12:00:00,20.267067820283522,OK
2024-11-09 12:05:00,21.24142608506183,OK
2024-11-09 12:10:00,20.27527196355201,OK
2024-11-09 12:15:00,21.225919043849125,OK
2024-11-09 12:20:00,21.180730941054,OK
2024-11-09 12:25:00,20.762396207120744,OK
2024-11-09 12:30:00,21.337229925014377,OK
2024-11-09 12:35:00,21.585761127235507,OK
2024-11-09 12:40:00,20.765260911012863,OK
2024-11-09 12:45:00,21.499527520636406,OK
2024-11-09 12:50:00,21.56732579127074,OK
2024-11-09 12:55:00,21.188298471822065,OK
2024-11-09 13:00:00,20.842788264364735,OK
2024-11-09 13:05:00,21.614590938829203,OK
2024-11-09 13:10:00,20.53790657176255,OK
2024-11-09 13:15:00,20.761869055405207,OK
2024-11-09 13:20:00,21.48261935177946,OK
2024-11-09 13:25:00,21.017681700746618,OK
2024-11-09 13:30:00,21.06314981497772,OK
2024-11-09 13:35:00,21.003465592239294,OK
2024-11-09 13:40:00,21.041288661258587,OK
2024-11-09 13:45:00,21.226172856025293,OK
2024-11-09 13:50:00,20.99618808572048,OK
2024-11-09 13:55:00,21.969919749354972,OK
2024-11-09 14:00:00,20.169500326063726,OK
2024-11-09 14:05:00,20.671397953073225,OK
2024-11-09 14:10:00,21.10429876554551,OK
2024-11-09 14:15:00,21.054560021478114,OK
2024-11-09 14:20:00,21.047627548213274,OK
2024-11-09 14:25:00,21.412107160185972,OK
2024-11-09 14:30:00,20.91482694827469,OK
2024-11-09 14:35:00,21.375920883550513,OK
2024-11-09 14:40:00,20.954050023634636,OK
2024-11-09 14:45:00,21.603371732930253,OK
2024-11-09 14:50:00,21.456104668986324,OK
2024-11-09 14:55:00,20.679461958672285,OK
2024-11-09 15:00:00,20.90959761129369,OK
2024-11-09 15:05:00,21.2058685199618,OK
2024-11-09 15:10:00,21.217296654193046,OK
2024-11-09 15:15:00,21.014411691483453,OK
2024-11-09 15:20:00,21.120406508510264,OK
2024-11-09 15:25:00,20.003292872972036,OK
2024-11-09 15:30:00,21.27881775778984,OK
2024-11-09 15:35:00,20.618729589678445,OK
2024-11-09 15:40:00,20.539267078591052,OK
2024-11-09 15:45:00,21.92694540377442,OK
2024-11-09 15:50:00,20.832334388446,OK
2024-11-09 15:55:00,21.537090271691923,OK
2024-11-09 16:00:00,21.052659975772652,OK
2024-11-09 16:05:00,20.888126710680137,OK
2024-11-09 16:10:00,21.153230366398635,OK
2024-11-09 16:15:00,21.335748444007667,OK
2024-11-09 16:20:00,21.510939611837347,OK
2024-11-09 16:25:00,21.270000273782102,OK
2024-11-09 16:30:00,21.522370344455243,OK
2024-11-09 16:35:00,20.757133414734433,OK
2024-11-09 16:40:00,20.256252308565667,OK
2024-11-09 16:45:00,20.23592001870812,OK
2024-11-09 16:50:00,21.37839571722882,OK
2024-11-09 16:55:00,21.24926033644929,OK
2024-11-09 17:00:00,20.52507228380376,OK
2024-11-09 17:05:00,20.8080425042809,OK
2024-11-09 17:10:00,21.135977407939414,OK
2024-11-09 17:15:00,21.417190749603648,OK
2024-11-09 17:20:00,21.178133000382058,OK
2024-11-09 17:25:00,20.92756968977195,OK
2024-11-09 17:30:00,20.789109259796593,OK
2024-11-09 17:35:00,21.525140395367153,OK
2024-11-09 17:40:00,20.5663226129146,OK
2024-11-09 17:45:00,20.424602975389902,OK
2024-11-09 17:50:00,20.87656497230267,OK
2024-11-09 17:55:00,20.979104448973256,OK
2024-11-09 18:00:00,21.046314605325797,OK
2024-11-09 18:05:00,21.898170812465793,OK
2024-11-09 18:10:00,21.03025261294938,OK
2024-11-09 18:15:00,21.323918015387882,OK
2024-11-09 18:20:00,21.27726221611126,OK
2024-11-09 18:25:00,21.735701729646806,OK
2024-11-09 18:30:00,21.20770247162381,OK
2024-11-09 18:35:00,21.188583130203902,OK
2024-11-09 18:40:00,21.573364981492528,OK
2024-11-09 18:45:00,20.83000753930778,OK
2024-11-09 18:50:00,20.965571611171274,OK
2024-11-09 18:55:00,20.76580838071725,OK
2024-11-09 19:00:00,21.16909489813502,OK
2024-11-09 19:05:00,20.821968356333727,OK
2024-11-09 19:10:00,20.979799053797,OK
2024-11-09 19:15:00,21.032071489783803,OK
2024-11-09 19:20:00,21.321216439655398,OK
2024-11-09 19:25:00,21.74621938088754,OK
2024-11-09 19:30:00,20.753055431920828,OK
2024-11-09 19:35:00,21.798276119807753,OK
2024-11-09 19:40:00,20.80208146614501,OK
2024-11-09 19:45:00,20.910122514533953,OK
2024-11-09 19:50:00,20.717080122360287,OK
2024-11-09 19:55:00,21.327691940056646,OK
2024-11-09 20:00:00,21.516729764871315,OK
2024-11-09 20:05:00,21.266651352995037,OK
2024-11-09 20:10:00,20.50738658930449,OK
2024-11-09 20:15:00,20.966170137883783,OK
2024-11-09 20:20:00,21.235976117567372,OK
2024-11-09 20:25:00,21.38975696368461,OK
2024-11-09 20:30:00,20.442727319389277,OK
2024-11-09 20:35:00,20.89849672170078,OK
2024-11-09 20:40:00,21.70147243316308,OK
2024-11-09 20:45:00,20.730229244247532,OK
2024-11-09 20:50:00,21.068126990809105,OK
2024-11-09 20:55:00,20.89293447173855,OK
2024-11-09 21:00:00,20.43228346471238,OK
2024-11-09 21:05:00,21.16696219625792,OK
2024-11-09 21:10:00,21.28323949172833,OK
2024-11-09 21:15:00,21.833237791711806,OK
2024-11-09 21:20:00,20.447238936841636,OK
2024-11-09 21:25:00,21.20894458118706,OK
2024-11-09 21:30:00,21.10024919591184,OK
2024-11-09 21:35:00,20.883612616214833,OK
2024-11-09 21:40:00,20.507670029136595,OK
2024-11-09 21:45:00,20.791413486620204,OK
2024-11-09 21:50:00,20.79867529230955,OK
2024-11-09 21:55:00,20.77219799035881,OK
2024-11-09 22:00:00,21.422955932254492,OK
2024-11-09 22:05:00,20.507097806489057,OK
2024-11-09 22:10:00,21.39947064623024,OK
2024-11-09 22:15:00,20.71955262403697,OK
2024-11-09 22:20:00,21.484038967238646,OK
2024-11-09 22:25:00,21.185573743070265,OK
2024-11-09 22:30:00,21.694809791972695,OK
2024-11-09 22:35:00,20.42680675170245,OK
2024-11-09 22:40:00,21.510920489049088,OK
2024-11-09 22:45:00,21.28998245549638,OK
2024-11-09 22:50:00,21.440032631810222,OK
2024-11-09 22:55:00,21.249000500352086,OK
2024-11-09 23:00:00,21.717902241920353,OK
2024-11-09 23:05:00,21.499180841214876,OK
2024-11-09 23:10:00,20.923006715017593,OK
2024-11-09 23:15:00,21.906416934016875,OK
2024-11-09 23:20:00,21.094002341626084,OK
2024-11-09 23:25:00,20.873973750725703,OK
2024-11-09 23:30:00,20.221284526149475,OK
2024-11-09 23:35:00,21.493076585671727,OK
2024-11-09 23:40:00,20.265772386756414,OK
2024-11-09 23:45:00,20.548810118736746,OK
2024-11-09 23:50:00,21.180817508286882,OK
2024-11-09 23:55:00,21.25950660587681,OK
2024-11-10 00:00:00,21.273606451430194,OK
2024-11-10 00:05:00,21.05402200891125,OK
2024-11-10 00:10:00,21.560207128011772,OK
2024-11-10 00:15:00,20.291309082391276,OK
2024-11-10 00:20:00,20.94471854535081,OK
2024-11-10 00:25:00,21.55890293038068,OK
2024-11-10 00:30:00,21.286038024966796,OK
2024-11-10 00:35:00,20.622517479516628,OK
2024-11-10 00:40:00,20.578145702485536,OK
2024-11-10 00:45:00,21.407995726037306,OK
2024-11-10 00:50:00,20.842525604495897,OK
2024-11-10 00:55:00,20.944114396384702,OK
2024-11-10 01:00:00,20.75231864221598,OK
2024-11-10 01:05:00,20.98290619557829,OK
2024-11-10 01:10:00,20.93094906540762,OK
2024-11-10 01:15:00,20.424538494281514,OK
2024-11-10 01:20:00,21.753101347852795,OK
2024-11-10 01:25:00,21.493329387383714,OK
2024-11-10 01:30:00,21.104285956925445,OK
2024-11-10 01:35:00,20.81708880931986,OK
2024-11-10 01:40:00,21.24220779189678,OK
2024-11-10 01:45:00,21.2303142378868,OK
2024-11-10 01:50:00,21.395280588217467,OK
2024-11-10 01:55:00,20.751087103561215,OK
2024-11-10 02:00:00,20.031994075314355,OK
2024-11-10 02:05:00,21.407178028510256,OK
2024-11-10 02:10:00,21.268841355246412,OK
2024-11-10 02:15:00,21.430273471659447,OK
2024-11-10 02:20:00,21.419645870281464,OK
2024-11-10 02:25:00,21.81490998691243,OK
2024-11-10 02:30:00,21.44920733813273,OK
2024-11-10 02:35:00,21.71180391540164,OK
2024-11-10 02:40:00,20.856911148938057,OK
2024-11-10 02:45:00,20.514636386056967,OK
2024-11-10 02:50:00,20.705089586627246,OK
2024-11-10 02:55:00,21.399425023927183,OK
2024-11-10 03:00:00,21.199674952899805,OK
2024-11-10 03:05:00,21.21320552363768,OK
2024-11-10 03:10:00,21.29160180492526,OK
2024-11-10 03:15:00,21.09273538111208,OK
2024-11-10 03:20:00,20.889904441116318,OK
2024-11-10 03:25:00,20.845783163205635,OK
2024-11-10 03:30:00,21.460959757623353,OK
2024-11-10 03:35:00,21.02811506950153,OK
2024-11-10 03:40:00,21.58397689688208,OK
2024-11-10 03:45:00,20.891681708310564,OK
2024-11-10 03:50:00,20.63112684587497,OK
2024-11-10 03:55:00,20.538512590954777,OK
2024-11-10 04:00:00,21.631758363309352,OK
2024-11-10 04:05:00,20.933871118455148,OK
2024-11-10 04:10:00,20.63867271532241,OK
2024-11-10 04:15:00,20.524538353613064,OK
2024-11-10 04:20:00,20.67384863947357,OK
2024-11-10 04:25:00,20.601233160557417,OK
2024-11-10 04:30:00,20.84778720361299,OK
2024-11-10 04:35:00,21.165558894821807,OK
2024-11-10 04:40:00,21.05633866495265,OK
2024-11-10 04:45:00,21.430543314528204,OK
2024-11-10 04:50:00,20.588333713251775,OK
2024-11-10 04:55:00,21.2204545241901,OK
2024-11-10 05:00:00,21.146350312523687,OK
2024-11-10 05:05:00,22.060351977142886,OK
2024-11-10 05:10:00,20.716421325376167,OK
2024-11-10 05:15:00,21.36478890912943,OK
2024-11-10 05:20:00,20.423900275354242,OK
2024-11-10 05:25:00,20.44049263873043,OK
2024-11-10 05:30:00,20.814602402358563,OK
2024-11-10 05:35:00,21.880188224201564,OK
2024-11-10 05:40:00,20.825938706729975,OK
2024-11-10 05:45:00,21.223756307633057,OK
2024-11-10 05:50:00,21.07485179499642,OK
2024-11-10 05:55:00,20.00844626760574,OK
2024-11-10 06:00:00,20.806349186591003,OK
2024-11-10 06:05:00,20.708966086375177,OK
2024-11-10 06:10:00,21.325736422080936,OK
2024-11-10 06:15:00,20.62711586659598,OK
2024-11-10 06:20:00,21.006615277572962,OK
2024-11-10 06:25:00,21.46960398613477,OK
2024-11-10 06:30:00,20.640564452270837,OK
2024-11-10 06:35:00,21.26695303117423,OK
2024-11-10 06:40:00,21.136731128509847,OK
2024-11-10 06:45:00,20.727796710133514,OK
2024-11-10 06:50:00,20.43304477946527,OK
2024-11-10 06:55:00,20.28301326648134,OK
2024-11-10 07:00:00,21.66698154899923,OK
2024-11-10 07:05:00,20.86429352757124,OK
2024-11-10 07:10:00,21.334719879216987,OK
2024-11-10 07:15:00,20.685026423142883,OK
2024-11-10 07:20:00,20.77243605074139,OK
2024-11-10 07:25:00,21.23833461488063,OK
2024-11-10 07:30:00,21.17259584223086,OK
2024-11-10 07:35:00,21.260735904291256,OK
2024-11-10 07:40:00,20.989355442450197,OK
2024-11-10 07:45:00,20.655663390884325,OK
2024-11-10 07:50:00,21.401000410256106,OK
2024-11-10 07:55:00,20.89516889752764,OK
2024-11-10 08:00:00,21.023308875448734,OK
2024-11-10 08:05:00,20.954960757982196,OK
2024-11-10 08:10:00,21.06731363892969,OK
2024-11-10 08:15:00,20.734216519029694,OK
2024-11-10 08:20:00,21.521925876068625,OK
2024-11-10 08:25:00,20.926935437319766,OK
2024-11-10 08:30:00,20.98418947791057,OK
2024-11-10 08:35:00,21.442942434913377,OK
2024-11-10 08:40:00,21.208540497992644,OK
2024-11-10 08:45:00,20.944197957874884,OK
2024-11-10 08:50:00,21.45236403896443,OK
2024-11-10 08:55:00,21.725111883685873,OK
2024-11-10 09:00:00,21.17139847841498,OK
2024-11-10 09:05:00,21.19038777806328,OK
2024-11-10 09:10:00,21.60096193148191,OK
2024-11-10 09:15:00,21.179403826361014,OK
2024-11-10 09:20:00,21.51477153264741,OK
2024-11-10 09:25:00,21.614208659365005,OK
2024-11-10 09:30:00,21.016009429871904,OK
2024-11-10 09:35:00,20.729228425954105,OK
2024-11-10 09:40:00,21.356827635747024,OK
2024-11-10 09:45:00,21.51002924831292,OK
2024-11-10 09:50:00,20.715421162158382,OK
2024-11-10 09:55:00,21.924606133319124,OK
2024-11-10 10:00:00,20.996974593108693,OK
2024-11-10 10:05:00,20.484530077160557,OK
2024-11-10 10:10:00,21.041067103384698,OK
2024-11-10 10:15:00,19.975021296211963,OK
2024-11-10 10:20:00,21.282373014677095,OK
2024-11-10 10:25:00,21.036866021493164,OK
2024-11-10 10:30:00,20.651076693611046,OK
2024-11-10 10:35:00,20.825733664966176,OK
2024-11-10 10:40:00,21.410126169133903,OK
2024-11-10 10:45:00,20.596601649516675,OK
2024-11-10 10:50:00,20.756491977169013,OK
2024-11-10 10:55:00,21.397821092993063,OK
2024-11-10 11:00:00,21.60317859862167,OK
2024-11-10 11:05:00,21.70724512449305,OK
2024-11-10 11:10:00,21.256770556292746,OK
2024-11-10 11:15:00,21.583927061330172,OK
2024-11-10 11:20:00,20.992879610039278,OK
2024-11-10 11:25:00,20.835551262080358,OK
2024-11-10 11:30:00,21.451402093409932,OK
2024-11-10 11:35:00,21.51171374069128,OK
2024-11-10 11:40:00,21.22963177676575,OK
2024-11-10 11:45:00,20.560100657144943,OK
2024-11-10 11:50:00,21.447854940635885,OK
2024-11-10 11:55:00,20.845785406641333,OK
2024-11-10 12:00:00,20.307887572493264,OK
2024-11-10 12:05:00,21.551523187276484,OK
2024-11-10 12:10:00,22.11450553161417,OK
2024-11-10 12:15:00,21.30729787094308,OK
2024-11-10 12:20:00,21.324100403283875,OK
2024-11-10 12:25:00,21.46330386005058,OK
2024-11-10 12:30:00,20.615653478719558,OK
2024-11-10 12:35:00,21.44592523794088,OK
2024-11-10 12:40:00,20.11320003836144,OK
2024-11-10 12:45:00,21.59823503122411,OK
2024-11-10 12:50:00,21.015918709475425,OK
2024-11-10 12:55:00,20.927150441865646,OK
2024-11-10 13:00:00,21.062373116235428,OK
2024-11-10 13:05:00,21.5976664606033,OK
2024-11-10 13:10:00,21.372937644382976,OK
2024-11-10 13:15:00,21.821432553762673,OK
2024-11-10 13:20:00,21.048261694000132,OK
2024-11-10 13:25:00,21.07604167502924,OK
2024-11-10 13:30:00,21.046517950630914,OK
2024-11-10 13:35:00,20.664398401843055,OK
2024-11-10 13:40:00,20.282690602078215,OK
2024-11-10 13:45:00,21.094833011872208,OK
2024-11-10 13:50:00,20.514163666415456,OK
2024-11-10 13:55:00,21.53769341027469,OK
2024-11-10 14:00:00,21.29436820564124,OK
2024-11-10 14:05:00,21.11878230640804,OK
2024-11-10 14:10:00,21.509174385261623,OK
2024-11-10 14:15:00,20.07111812710664,OK
2024-11-10 14:20:00,21.260418256285796,OK
2024-11-10 14:25:00,21.14300055809939,OK
2024-11-10 14:30:00,21.33941958676934,OK
2024-11-10 14:35:00,21.31378452218338,OK
2024-11-10 14:40:00,21.02596181822341,OK
2024-11-10 14:45:00,20.859387186259095,OK
2024-11-10 14:50:00,20.66446031310356,OK
2024-11-10 14:55:00,20.64616040834677,OK
2024-11-10 15:00:00,20.40700007260598,OK
2024-11-10 15:05:00,20.35831138997688,OK
2024-11-10 15:10:00,20.413406145995538,OK
2024-11-10 15:15:00,20.483215110861757,OK
2024-11-10 15:20:00,20.958089728419246,OK
2024-11-10 15:25:00,21.087765448089954,OK
2024-11-10 15:30:00,20.971932695989395,OK
2024-11-10 15:35:00,20.9941953062243,OK
2024-11-10 15:40:00,20.97813267356808,OK
2024-11-10 15:45:00,20.709912534236107,OK
2024-11-10 15:50:00,20.392372831014935,OK
2024-11-10 15:55:00,20.668537453690675,OK
2024-11-10 16:00:00,20.39737959141785,OK
2024-11-10 16:05:00,21.104818878116763,OK
2024-11-10 16:10:00,20.598891843518054,OK
2024-11-10 16:15:00,20.72404207080973,OK
2024-11-10 16:20:00,21.1293303504471,OK
2024-11-10 16:25:00,21.15278925061349,OK
2024-11-10 16:30:00,21.418246876630093,OK
2024-11-10 16:35:00,20.212781305211283,OK
2024-11-10 16:40:00,20.728243654245805,OK
2024-11-10 16:45:00,21.052913507382534,OK
2024-11-10 16:50:00,21.143337110382433,OK
2024-11-10 16:55:00,21.300010389408193,OK
2024-11-10 17:00:00,21.683252487962466,OK
2024-11-10 17:05:00,20.55411769275496,OK
2024-11-10 17:10:00,20.81651751259882,OK
2024-11-10 17:15:00,20.802800587837424,OK
2024-11-10 17:20:00,20.912407785236176,OK
2024-11-10 17:25:00,21.68543602664734,OK
2024-11-10 17:30:00,20.926965249655858,OK
2024-11-10 17:35:00,20.423282296625082,OK
2024-11-10 17:40:00,21.091833702129893,OK
2024-11-10 17:45:00,20.976118003402735,OK
2024-11-10 17:50:00,21.25579710568005,OK
2024-11-10 17:55:00,20.653357165418676,OK
2024-11-10 18:00:00,21.57882573694826,OK
2024-11-10 18:05:00,20.939133177673003,OK
2024-11-10 18:10:00,20.952758919980372,OK
2024-11-10 18:15:00,20.778395829884456,OK
2024-11-10 18:20:00,21.46167336415952,OK
2024-11-10 18:25:00,21.098947006985806,OK
2024-11-10 18:30:00,21.591668137726685,OK
2024-11-10 18:35:00,21.025718689362385,OK
2024-11-10 18:40:00,20.91156438547051,OK
2024-11-10 18:45:00,21.202391138579756,OK
2024-11-10 18:50:00,21.24673455416986,OK
2024-11-10 18:55:00,20.32775843290128,OK
2024-11-10 19:00:00,20.5767332949309,OK
2024-11-10 19:05:00,21.628836926480837,OK
2024-11-10 19:10:00,21.2969122278159,OK
2024-11-10 19:15:00,19.98223009566688,OK
2024-11-10 19:20:00,21.38615354182082,OK
2024-11-10 19:25:00,21.448538915676743,OK
2024-11-10 19:30:00,21.43106363866856,OK
2024-11-10 19:35:00,21.322865715205978,OK
2024-11-10 19:40:00,21.781196419106145,OK
2024-11-10 19:45:00,21.190907479403243,OK
2024-11-10 19:50:00,20.56114767363715,OK
2024-11-10 19:55:00,20.309967997670235,OK
2024-11-10 20:00:00,20.860997083357038,OK
2024-11-10 20:05:00,21.18124975715856,OK
2024-11-10 20:10:00,21.329593909910837,OK
2024-11-10 20:15:00,20.66565508286612,OK
2024-11-10 20:20:00,21.490306987450282,OK
2024-11-10 20:25:00,21.32060790809298,OK
2024-11-10 20:30:00,21.49046404798774,OK
2024-11-10 20:35:00,21.274774792047573,OK
2024-11-10 20:40:00,21.15419928645022,OK
2024-11-10 20:45:00,20.476253741755063,OK
2024-11-10 20:50:00,22.240336333988594,OK
2024-11-10 20:55:00,20.21933986491735,OK
2024-11-10 21:00:00,21.229405993577526,OK
2024-11-10 21:05:00,20.356115756158488,OK
2024-11-10 21:10:00,20.77610889038012,OK
2024-11-10 21:15:00,20.793412786023893,OK
2024-11-10 21:20:00,21.07101613768778,OK
2024-11-10 21:25:00,20.759908620507,OK
2024-11-10 21:30:00,20.725434932183422,OK
2024-11-10 21:35:00,21.166274644190043,OK
2024-11-10 21:40:00,20.34455535619089,OK
2024-11-10 21:45:00,21.255855368731666,OK
2024-11-10 21:50:00,21.449788056926238,OK
2024-11-10 21:55:00,20.976591692040497,OK
2024-11-10 22:00:00,20.763761432015798,OK
2024-11-10 22:05:00,20.872979224478897,OK
2024-11-10 22:10:00,21.706597663977465,OK
2024-11-10 22:15:00,21.364768230333112,OK
2024-11-10 22:20:00,21.26507588747304,OK
2024-11-10 22:25:00,21.256941300805174,OK
2024-11-10 22:30:00,21.075111583445697,OK
2024-11-10 22:35:00,21.07958306121676,OK
2024-11-10 22:40:00,21.062326656468134,OK
2024-11-10 22:45:00,21.266187684762922,OK
2024-11-10 22:50:00,21.001450721943904,OK
2024-11-10 22:55:00,20.646860601240494,OK
2024-11-10 23:00:00,20.84656773009786,OK
2024-11-10 23:05:00,21.307504888648978,OK
2024-11-10 23:10:00,20.603347143508252,OK
2024-11-10 23:15:00,21.654867055812048,OK
2024-11-10 23:20:00,20.601904087475305,OK
2024-11-10 23:25:00,20.594837907586808,OK
2024-11-10 23:30:00,20.677185031939228,OK
2024-11-10 23:35:00,20.493600992770084,OK
2024-11-10 23:40:00,20.55140051602322,OK
2024-11-10 23:45:00,20.749656014920173,OK
2024-11-10 23:50:00,21.422021765762178,OK
2024-11-10 23:55:00,20.653846227072187,OK
