timestamp,suction_pressure_psig,data_quality_flag
2024-11-01 00:00:00,208.88924545891496,OK
2024-11-01 00:05:00,209.44887432693184,OK
2024-11-01 00:10:00,208.82491959037085,OK
2024-11-01 00:15:00,88.74904042965308,OK
2024-11-01 00:20:00,86.67119764315389,OK
2024-11-01 00:25:00,86.62275569375737,OK
2024-11-01 00:30:00,86.66644938412023,OK
2024-11-01 00:35:00,85.88317884311492,OK
2024-11-01 00:40:00,84.92774286000396,OK
2024-11-01 00:45:00,84.62510117819217,OK
2024-11-01 00:50:00,83.88270742596345,OK
2024-11-01 00:55:00,85.32959885398542,OK
2024-11-01 01:00:00,84.40006377915816,OK
2024-11-01 01:05:00,200.4418171887224,OK
2024-11-01 01:10:00,200.06301694437806,OK
2024-11-01 01:15:00,198.1879270104157,OK
2024-11-01 01:20:00,84.82965919905918,OK
2024-11-01 01:25:00,83.25467507696273,OK
2024-11-01 01:30:00,81.93130334235339,OK
2024-11-01 01:35:00,83.78669660864105,OK
2024-11-01 01:40:00,81.75438401895325,OK
2024-11-01 01:45:00,80.32786648579619,OK
2024-11-01 01:50:00,83.34156502775615,OK
2024-11-01 01:55:00,81.0876951152787,OK
2024-11-01 02:00:00,80.93572794848741,OK
2024-11-01 02:05:00,196.00701500795384,OK
2024-11-01 02:10:00,197.97751166667544,OK
2024-11-01 02:15:00,195.35944992009004,OK
2024-11-01 02:20:00,79.14916045612738,OK
2024-11-01 02:25:00,81.16917101887864,OK
2024-11-01 02:30:00,79.9770071677144,OK
2024-11-01 02:35:00,82.66701586958051,OK
2024-11-01 02:40:00,79.97771948093441,OK
2024-11-01 02:45:00,76.85951197998648,OK
2024-11-01 02:50:00,79.96153377127631,OK
2024-11-01 02:55:00,81.91806655022053,OK
2024-11-01 03:00:00,195.66255384971893,OK
2024-11-01 03:05:00,195.56973006581188,OK
2024-11-01 03:10:00,189.23819158515607,OK
2024-11-01 03:15:00,79.64151840653344,OK
2024-11-01 03:20:00,77.54252414096263,OK
2024-11-01 03:25:00,78.61424951905268,OK
2024-11-01 03:30:00,76.48663234518938,OK
2024-11-01 03:35:00,77.12438475692775,OK
2024-11-01 03:40:00,76.93695948673975,OK
2024-11-01 03:45:00,78.75324592601224,OK
2024-11-01 03:50:00,78.60736721312186,OK
2024-11-01 03:55:00,77.8384313476393,OK
2024-11-01 04:00:00,75.79320769863743,OK
2024-11-01 04:05:00,76.9317943136838,OK
2024-11-01 04:10:00,187.2946552931123,OK
2024-11-01 04:15:00,190.44515706643728,OK
2024-11-01 04:20:00,190.4169283881111,OK
2024-11-01 04:25:00,77.9569569947806,OK
2024-11-01 04:30:00,75.54939033914707,OK
2024-11-01 04:35:00,72.94435186427435,OK
2024-11-01 04:40:00,73.97941917598888,OK
2024-11-01 04:45:00,78.00664135240659,OK
2024-11-01 04:50:00,75.54914118696725,OK
2024-11-01 04:55:00,75.18654989579933,OK
2024-11-01 05:00:00,77.78080552811896,OK
2024-11-01 05:05:00,77.19550158070639,OK
2024-11-01 05:10:00,75.63978457565203,OK
2024-11-01 05:15:00,75.28366236907965,OK
2024-11-01 05:20:00,75.53401460279454,OK
2024-11-01 05:25:00,76.04291989624897,OK
2024-11-01 05:30:00,189.1289184357761,OK
2024-11-01 05:35:00,186.59250976359277,OK
2024-11-01 05:40:00,187.3742275129503,OK
2024-11-01 05:45:00,77.03253749270766,OK
2024-11-01 05:50:00,73.97277466466598,OK
2024-11-01 05:55:00,76.12758562062167,OK
2024-11-01 06:00:00,74.70938785535681,OK
2024-11-01 06:05:00,72.11196707365544,OK
2024-11-01 06:10:00,72.60662806377282,OK
2024-11-01 06:15:00,74.06022354103042,OK
2024-11-01 06:20:00,75.89540094350218,OK
2024-11-01 06:25:00,75.4366161524761,OK
2024-11-01 06:30:00,75.64802581203165,OK
2024-11-01 06:35:00,77.79957778817422,OK
2024-11-01 06:40:00,73.9842788630498,OK
2024-11-01 06:45:00,75.43728515685915,OK
2024-11-01 06:50:00,75.8406391410218,OK
2024-11-01 06:55:00,74.57831745326057,OK
2024-11-01 07:00:00,185.4440899073778,OK
2024-11-01 07:05:00,182.51301662155896,OK
2024-11-01 07:10:00,188.4669356999431,OK
2024-11-01 07:15:00,74.77329755686235,OK
2024-11-01 07:20:00,78.25718541105051,OK
2024-11-01 07:25:00,75.88941174612907,OK
2024-11-01 07:30:00,77.39078181316498,OK
2024-11-01 07:35:00,76.1554295570349,OK
2024-11-01 07:40:00,76.2291204875277,OK
2024-11-01 07:45:00,75.65757463923842,OK
2024-11-01 07:50:00,76.38193518487378,OK
2024-11-01 07:55:00,76.53474994421751,OK
2024-11-01 08:00:00,185.15708833819454,OK
2024-11-01 08:05:00,186.4456220999615,OK
2024-11-01 08:10:00,185.8705112202795,OK
2024-11-01 08:15:00,79.13423830492647,OK
2024-11-01 08:20:00,76.29532180654874,OK
2024-11-01 08:25:00,78.67460073903479,OK
2024-11-01 08:30:00,76.64478925095067,OK
2024-11-01 08:35:00,77.49186577218458,OK
2024-11-01 08:40:00,75.58804523038705,OK
2024-11-01 08:45:00,76.81037220987865,OK
2024-11-01 08:50:00,77.6625780258917,OK
2024-11-01 08:55:00,192.55506013691362,OK
2024-11-01 09:00:00,190.41717661129596,OK
2024-11-01 09:05:00,192.63434427580242,OK
2024-11-01 09:10:00,78.88125009206298,OK
2024-11-01 09:15:00,80.36283680601657,OK
2024-11-01 09:20:00,78.38812971120106,OK
2024-11-01 09:25:00,81.44248013176725,OK
2024-11-01 09:30:00,78.09432999637828,OK
2024-11-01 09:35:00,77.89395082082444,OK
2024-11-01 09:40:00,77.61468120258068,OK
2024-11-01 09:45:00,82.28405594556921,OK
2024-11-01 09:50:00,195.22352353615247,OK
2024-11-01 09:55:00,193.25960722335472,OK
2024-11-01 10:00:00,196.63255683298615,OK
2024-11-01 10:05:00,81.28951538024617,OK
2024-11-01 10:10:00,83.20069503317323,OK
2024-11-01 10:15:00,79.24591935482391,OK
2024-11-01 10:20:00,81.24657227451608,OK
2024-11-01 10:25:00,81.31600351322346,OK
2024-11-01 10:30:00,79.90784700244366,OK
2024-11-01 10:35:00,83.82674520884223,OK
2024-11-01 10:40:00,82.29898801847656,OK
2024-11-01 10:45:00,83.7100546343002,OK
2024-11-01 10:50:00,204.1099968815929,OK
2024-11-01 10:55:00,198.59800693517718,OK
2024-11-01 11:00:00,199.1518205144428,OK
2024-11-01 11:05:00,83.82274515119235,OK
2024-11-01 11:10:00,84.9857474549088,OK
2024-11-01 11:15:00,83.11834227905969,OK
2024-11-01 11:20:00,83.3776760107297,OK
2024-11-01 11:25:00,85.9804933732031,OK
2024-11-01 11:30:00,85.72675828980789,OK
2024-11-01 11:35:00,83.37422481321573,OK
2024-11-01 11:40:00,84.78500322269808,OK
2024-11-01 11:45:00,88.4630820517303,OK
2024-11-01 11:50:00,86.96686357317654,OK
2024-11-01 11:55:00,85.79493304549582,OK
2024-11-01 12:00:00,206.0069739083715,OK
2024-11-01 12:05:00,206.80646072161153,OK
2024-11-01 12:10:00,208.68760611937657,OK
2024-11-01 12:15:00,85.8834868474303,OK
2024-11-01 12:20:00,87.03357348633679,OK
2024-11-01 12:25:00,88.82136801419834,OK
2024-11-01 12:30:00,88.60405572837468,OK
2024-11-01 12:35:00,89.61611652677271,OK
2024-11-01 12:40:00,87.2631372339022,OK
2024-11-01 12:45:00,89.56951808100366,OK
2024-11-01 12:50:00,90.83718690213665,OK
2024-11-01 12:55:00,90.63617842254595,OK
2024-11-01 13:00:00,90.49412467760416,OK
2024-11-01 13:05:00,90.64570835829858,OK
2024-11-01 13:10:00,89.87105797501971,OK
2024-11-01 13:15:00,90.97616853312229,OK
2024-11-01 13:20:00,92.887890829319,OK
2024-11-01 13:25:00,214.01463424388547,OK
2024-11-01 13:30:00,213.5267974879058,OK
2024-11-01 13:35:00,214.6385432304622,OK
2024-11-01 13:40:00,92.8679943812563,OK
2024-11-01 13:45:00,92.22013926642778,OK
2024-11-01 13:50:00,93.82109709129969,OK
2024-11-01 13:55:00,94.21724626255447,OK
2024-11-01 14:00:00,94.96263950718756,OK
2024-11-01 14:05:00,95.9582624151373,OK
2024-11-01 14:10:00,95.52834139927002,OK
2024-11-01 14:15:00,93.24860389182852,OK
2024-11-01 14:20:00,93.47050051861694,OK
2024-11-01 14:25:00,94.63700434576796,OK
2024-11-01 14:30:00,94.1570027252826,OK
2024-11-01 14:35:00,93.50616508498807,OK
2024-11-01 14:40:00,94.97853561649107,OK
2024-11-01 14:45:00,95.20483130244142,OK
2024-11-01 14:50:00,95.15259358336779,OK
2024-11-01 14:55:00,95.92496326893273,OK
2024-11-01 15:00:00,98.45021482445273,OK
2024-11-01 15:05:00,97.36110373144167,OK
2024-11-01 15:10:00,100.66834709218674,OK
2024-11-01 15:15:00,97.88301354389793,OK
2024-11-01 15:20:00,97.53272722321871,OK
2024-11-01 15:25:00,98.42153027433065,OK
2024-11-01 15:30:00,99.00421093806268,OK
2024-11-01 15:35:00,99.22471591887826,OK
2024-11-01 15:40:00,101.46331271933116,OK
2024-11-01 15:45:00,97.86810009246756,OK
2024-11-01 15:50:00,100.736289866346,OK
2024-11-01 15:55:00,99.96158444638515,OK
2024-11-01 16:00:00,97.57842629647006,OK
2024-11-01 16:05:00,101.27415055129778,OK
2024-11-01 16:10:00,101.92389567364718,OK
2024-11-01 16:15:00,98.92642175156288,OK
2024-11-01 16:20:00,100.3708226600553,OK
2024-11-01 16:25:00,98.03606276343325,OK
2024-11-01 16:30:00,98.81169006358387,OK
2024-11-01 16:35:00,102.14225024294485,OK
2024-11-01 16:40:00,100.18795906792724,OK
2024-11-01 16:45:00,99.65325710214573,OK
2024-11-01 16:50:00,101.65224935121245,OK
2024-11-01 16:55:00,100.80548415391742,OK
2024-11-01 17:00:00,100.58872171322828,OK
2024-11-01 17:05:00,102.36902268896924,OK
2024-11-01 17:10:00,99.61294911750069,OK
2024-11-01 17:15:00,99.81812790040365,OK
2024-11-01 17:20:00,101.20851254602633,OK
2024-11-01 17:25:00,102.35528213799674,OK
2024-11-01 17:30:00,102.95656328004593,OK
2024-11-01 17:35:00,100.07033514133343,OK
2024-11-01 17:40:00,102.37005164688043,OK
2024-11-01 17:45:00,99.88639230925462,OK
2024-11-01 17:50:00,103.53325381528651,OK
2024-11-01 17:55:00,99.55882237087441,OK
2024-11-01 18:00:00,103.13717747368689,OK
2024-11-01 18:05:00,100.5802122670641,OK
2024-11-01 18:10:00,104.32550354901822,OK
2024-11-01 18:15:00,102.16121308841359,OK
2024-11-01 18:20:00,99.83621282519655,OK
2024-11-01 18:25:00,100.54586359463478,OK
2024-11-01 18:30:00,102.38182394969904,OK
2024-11-01 18:35:00,102.5229819581991,OK
2024-11-01 18:40:00,100.90562623698897,OK
2024-11-01 18:45:00,101.05470264103556,OK
2024-11-01 18:50:00,102.46441657569983,OK
2024-11-01 18:55:00,101.85338997124965,OK
2024-11-01 19:00:00,99.61205170660213,OK
2024-11-01 19:05:00,100.14776280487581,OK
2024-11-01 19:10:00,101.26060534085214,OK
2024-11-01 19:15:00,102.43766338163046,OK
2024-11-01 19:20:00,102.95862657506179,OK
2024-11-01 19:25:00,101.88643093437507,OK
2024-11-01 19:30:00,100.93990277070074,OK
2024-11-01 19:35:00,101.34487134241101,OK
2024-11-01 19:40:00,98.8401875301899,OK
2024-11-01 19:45:00,99.39336622090187,OK
2024-11-01 19:50:00,98.12737668259896,OK
2024-11-01 19:55:00,97.29966197812308,OK
2024-11-01 20:00:00,99.1883104341824,OK
2024-11-01 20:05:00,98.8092790851913,OK
2024-11-01 20:10:00,99.02796469515516,OK
2024-11-01 20:15:00,98.40010015275446,OK
2024-11-01 20:20:00,98.19315788159756,OK
2024-11-01 20:25:00,98.2189027771861,OK
2024-11-01 20:30:00,97.01204786160085,OK
2024-11-01 20:35:00,97.78488841308709,OK
2024-11-01 20:40:00,96.54145451156405,OK
2024-11-01 20:45:00,97.64349005868995,OK
2024-11-01 20:50:00,97.78563963510743,OK
2024-11-01 20:55:00,95.79590894260444,OK
2024-11-01 21:00:00,96.88263508427694,OK
2024-11-01 21:05:00,95.56019089927189,OK
2024-11-01 21:10:00,95.42748970001654,OK
2024-11-01 21:15:00,94.5220512178509,OK
2024-11-01 21:20:00,97.64613450073027,OK
2024-11-01 21:25:00,97.06454474738271,OK
2024-11-01 21:30:00,96.0737678648857,OK
2024-11-01 21:35:00,97.55468879211189,OK
2024-11-01 21:40:00,94.30681762689441,OK
2024-11-01 21:45:00,98.422506566622,OK
2024-11-01 21:50:00,93.74824259777971,OK
2024-11-01 21:55:00,94.04976421331459,OK
2024-11-01 22:00:00,92.99063055151244,OK
2024-11-01 22:05:00,93.9476054818268,OK
2024-11-01 22:10:00,94.33670314734555,OK
2024-11-01 22:15:00,92.84503293781115,OK
2024-11-01 22:20:00,95.14281220383324,OK
2024-11-01 22:25:00,92.78581738494094,OK
2024-11-01 22:30:00,92.42694387792291,OK
2024-11-01 22:35:00,213.16420715833053,OK
2024-11-01 22:40:00,215.4938311981081,OK
2024-11-01 22:45:00,214.44640385058216,OK
2024-11-01 22:50:00,90.80026392885495,OK
2024-11-01 22:55:00,90.3565550350761,OK
2024-11-01 23:00:00,94.56465395533495,OK
2024-11-01 23:05:00,90.14285841987943,OK
2024-11-01 23:10:00,88.4781681383835,OK
2024-11-01 23:15:00,89.2362291550004,OK
2024-11-01 23:20:00,89.8832477931748,OK
2024-11-01 23:25:00,90.08622968741511,OK
2024-11-01 23:30:00,89.96209028863136,OK
2024-11-01 23:35:00,89.90674697076173,OK
2024-11-01 23:40:00,207.83785652368152,OK
2024-11-01 23:45:00,209.25798687337092,OK
2024-11-01 23:50:00,206.24695858041554,OK
2024-11-01 23:55:00,86.82034197784589,OK
2024-11-02 00:00:00,86.09430382867306,OK
2024-11-02 00:05:00,85.4381032739698,OK
2024-11-02 00:10:00,88.04162875204483,OK
2024-11-02 00:15:00,87.28599438581382,OK
2024-11-02 00:20:00,87.61880571849184,OK
2024-11-02 00:25:00,85.68473440781698,OK
2024-11-02 00:30:00,86.31682681543319,OK
2024-11-02 00:35:00,82.7972660325602,OK
2024-11-02 00:40:00,85.94027643261627,OK
2024-11-02 00:45:00,84.71313973602295,OK
2024-11-02 00:50:00,84.7263746938384,OK
2024-11-02 00:55:00,201.30771962935182,OK
2024-11-02 01:00:00,198.50271200026106,OK
2024-11-02 01:05:00,196.52364752785653,OK
2024-11-02 01:10:00,82.1553215740774,OK
2024-11-02 01:15:00,83.46209820974232,OK
2024-11-02 01:20:00,83.34726176519295,OK
2024-11-02 01:25:00,80.31208523510662,OK
2024-11-02 01:30:00,80.4905772837236,OK
2024-11-02 01:35:00,80.76955208955715,OK
2024-11-02 01:40:00,81.07235566064871,OK
2024-11-02 01:45:00,79.8364863951556,OK
2024-11-02 01:50:00,79.70235041429872,OK
2024-11-02 01:55:00,80.28129891430987,OK
2024-11-02 02:00:00,196.4549397817298,OK
2024-11-02 02:05:00,193.5716037316413,OK
2024-11-02 02:10:00,195.54460897226355,OK
2024-11-02 02:15:00,82.13054133833096,OK
2024-11-02 02:20:00,78.94649901861973,OK
2024-11-02 02:25:00,79.98018952009414,OK
2024-11-02 02:30:00,81.46167882274759,OK
2024-11-02 02:35:00,79.24709543252985,OK
2024-11-02 02:40:00,78.96382741851922,OK
2024-11-02 02:45:00,80.89597719906413,OK
2024-11-02 02:50:00,79.0370539759376,OK
2024-11-02 02:55:00,80.71637113771224,OK
2024-11-02 03:00:00,79.95923165815233,OK
2024-11-02 03:05:00,78.91685171255133,OK
2024-11-02 03:10:00,192.81459326006768,OK
2024-11-02 03:15:00,192.13849162113158,OK
2024-11-02 03:20:00,192.88860413921267,OK
2024-11-02 03:25:00,77.41680101356059,OK
2024-11-02 03:30:00,78.21152192355089,OK
2024-11-02 03:35:00,78.01872726390705,OK
2024-11-02 03:40:00,78.69731597423458,OK
2024-11-02 03:45:00,76.25376656291833,OK
2024-11-02 03:50:00,78.62610246157614,OK
2024-11-02 03:55:00,77.61194966189605,OK
2024-11-02 04:00:00,75.18666792550538,OK
2024-11-02 04:05:00,78.19975321202229,OK
2024-11-02 04:10:00,192.4186276360129,OK
2024-11-02 04:15:00,189.89440266230127,OK
2024-11-02 04:20:00,189.88200628146325,OK
2024-11-02 04:25:00,76.30542813374117,OK
2024-11-02 04:30:00,74.08622328095429,OK
2024-11-02 04:35:00,,MISSING
2024-11-02 04:40:00,,MISSING
2024-11-02 04:45:00,75.09659504974134,OK
2024-11-02 04:50:00,74.53259314481387,OK
2024-11-02 04:55:00,75.58034915953483,OK
2024-11-02 05:00:00,76.09372431866734,OK
2024-11-02 05:05:00,73.74216027585885,OK
2024-11-02 05:10:00,74.95301551985322,OK
2024-11-02 05:15:00,77.41955004425195,OK
2024-11-02 05:20:00,74.13169943853977,OK
2024-11-02 05:25:00,76.57780054882164,OK
2024-11-02 05:30:00,75.05120807180545,OK
2024-11-02 05:35:00,186.98806229430323,OK
2024-11-02 05:40:00,188.0980122552994,OK
2024-11-02 05:45:00,187.42708186339644,OK
2024-11-02 05:50:00,76.63365321673848,OK
2024-11-02 05:55:00,74.09465732972835,OK
2024-11-02 06:00:00,76.82429638189973,OK
2024-11-02 06:05:00,74.48957833380449,OK
2024-11-02 06:10:00,76.00194695844976,OK
2024-11-02 06:15:00,75.85168161889575,OK
2024-11-02 06:20:00,76.12883955614808,OK
2024-11-02 06:25:00,76.200110863572,OK
2024-11-02 06:30:00,184.35771796795268,OK
2024-11-02 06:35:00,183.20238250422557,OK
2024-11-02 06:40:00,187.72154816108062,OK
2024-11-02 06:45:00,76.09451664808644,OK
2024-11-02 06:50:00,77.33073670931837,OK
2024-11-02 06:55:00,76.13168383935268,OK
2024-11-02 07:00:00,74.66972174397165,OK
2024-11-02 07:05:00,77.76981121191159,OK
2024-11-02 07:10:00,76.28952611129905,OK
2024-11-02 07:15:00,77.6051215650662,OK
2024-11-02 07:20:00,76.44306462795518,OK
2024-11-02 07:25:00,79.05084458508009,OK
2024-11-02 07:30:00,76.28972218228263,OK
2024-11-02 07:35:00,188.43386333362741,OK
2024-11-02 07:40:00,189.54964875777287,OK
2024-11-02 07:45:00,187.73383860869487,OK
2024-11-02 07:50:00,78.1204008012301,OK
2024-11-02 07:55:00,79.64073777953793,OK
2024-11-02 08:00:00,76.92115829555081,OK
2024-11-02 08:05:00,78.02590416870514,OK
2024-11-02 08:10:00,74.38094800290695,OK
2024-11-02 08:15:00,77.92864488371309,OK
2024-11-02 08:20:00,77.78464703464162,OK
2024-11-02 08:25:00,77.09808648001251,OK
2024-11-02 08:30:00,79.25141586539812,OK
2024-11-02 08:35:00,77.68366035903674,OK
2024-11-02 08:40:00,77.96623224057522,OK
2024-11-02 08:45:00,77.96784288471406,OK
2024-11-02 08:50:00,187.6863860624762,OK
2024-11-02 08:55:00,189.62745691255012,OK
2024-11-02 09:00:00,194.40671977006926,OK
2024-11-02 09:05:00,76.86110612646438,OK
2024-11-02 09:10:00,78.80588692568612,OK
2024-11-02 09:15:00,79.35531926682579,OK
2024-11-02 09:20:00,82.22919470122795,OK
2024-11-02 09:25:00,81.24533365174473,OK
2024-11-02 09:30:00,79.9281927358919,OK
2024-11-02 09:35:00,82.43265895142248,OK
2024-11-02 09:40:00,80.16310370879766,OK
2024-11-02 09:45:00,82.55756874366618,OK
2024-11-02 09:50:00,79.7853912908703,OK
2024-11-02 09:55:00,83.22785684574413,OK
2024-11-02 10:00:00,81.27173387418907,OK
2024-11-02 10:05:00,195.02880505171865,OK
2024-11-02 10:10:00,196.70002204851386,OK
2024-11-02 10:15:00,197.48745111440797,OK
2024-11-02 10:20:00,81.22626784667932,OK
2024-11-02 10:25:00,82.93370257440338,OK
2024-11-02 10:30:00,81.70493807198699,OK
2024-11-02 10:35:00,83.5304715929098,OK
2024-11-02 10:40:00,83.7472872840457,OK
2024-11-02 10:45:00,83.5891885109349,OK
2024-11-02 10:50:00,83.36215234268107,OK
2024-11-02 10:55:00,84.61712995905388,OK
2024-11-02 11:00:00,85.42286813230015,OK
2024-11-02 11:05:00,206.90936499183033,OK
2024-11-02 11:10:00,204.88713469175534,OK
2024-11-02 11:15:00,205.0329142747823,OK
2024-11-02 11:20:00,89.23557086925645,OK
2024-11-02 11:25:00,86.10687988259592,OK
2024-11-02 11:30:00,86.48826439889227,OK
2024-11-02 11:35:00,87.35136266596525,OK
2024-11-02 11:40:00,85.18533234674318,OK
2024-11-02 11:45:00,86.2729814701125,OK
2024-11-02 11:50:00,86.3100932750285,OK
2024-11-02 11:55:00,88.19023718970003,OK
2024-11-02 12:00:00,87.38632540693735,OK
2024-11-02 12:05:00,87.78241969771351,OK
2024-11-02 12:10:00,89.48453753100081,OK
2024-11-02 12:15:00,89.38331191002392,OK
2024-11-02 12:20:00,208.71787482930424,OK
2024-11-02 12:25:00,207.84834422223838,OK
2024-11-02 12:30:00,212.01459985778396,OK
2024-11-02 12:35:00,90.14454147814567,OK
2024-11-02 12:40:00,87.26931985390127,OK
2024-11-02 12:45:00,89.31981880166991,OK
2024-11-02 12:50:00,90.3101655195693,OK
2024-11-02 12:55:00,91.64927464227047,OK
2024-11-02 13:00:00,92.0599292953425,OK
2024-11-02 13:05:00,91.25955707946719,OK
2024-11-02 13:10:00,92.13841585195213,OK
2024-11-02 13:15:00,91.67191273151498,OK
2024-11-02 13:20:00,214.06797847184086,OK
2024-11-02 13:25:00,215.5828595445814,OK
2024-11-02 13:30:00,216.6531221462813,OK
2024-11-02 13:35:00,92.97454422051456,OK
2024-11-02 13:40:00,91.10326876904554,OK
2024-11-02 13:45:00,93.74507077481721,OK
2024-11-02 13:50:00,94.64767725059467,OK
2024-11-02 13:55:00,94.48825336204685,OK
2024-11-02 14:00:00,94.99429907382901,OK
2024-11-02 14:05:00,96.1153842724861,OK
2024-11-02 14:10:00,94.2967983060733,OK
2024-11-02 14:15:00,93.80306487483062,OK
2024-11-02 14:20:00,95.86021943122094,OK
2024-11-02 14:25:00,97.49468727195304,OK
2024-11-02 14:30:00,98.73777225123119,OK
2024-11-02 14:35:00,97.35978767595327,OK
2024-11-02 14:40:00,94.31797797458468,OK
2024-11-02 14:45:00,96.1635108122353,OK
2024-11-02 14:50:00,97.01807230225405,OK
2024-11-02 14:55:00,97.48775647352592,OK
2024-11-02 15:00:00,98.41443045590974,OK
2024-11-02 15:05:00,96.44923955352317,OK
2024-11-02 15:10:00,98.08398586053076,OK
2024-11-02 15:15:00,98.7155594752479,OK
2024-11-02 15:20:00,99.43589876219347,OK
2024-11-02 15:25:00,97.40575584712796,OK
2024-11-02 15:30:00,98.3518665519317,OK
2024-11-02 15:35:00,95.22472942266876,OK
2024-11-02 15:40:00,98.47543355214549,OK
2024-11-02 15:45:00,98.58272810832652,OK
2024-11-02 15:50:00,98.0697153659806,OK
2024-11-02 15:55:00,100.36593091972233,OK
2024-11-02 16:00:00,100.25926186881941,OK
2024-11-02 16:05:00,97.60273180495534,OK
2024-11-02 16:10:00,101.2292614962296,OK
2024-11-02 16:15:00,99.87336388982521,OK
2024-11-02 16:20:00,101.9912483071726,OK
2024-11-02 16:25:00,99.60504181656026,OK
2024-11-02 16:30:00,101.43058668255978,OK
2024-11-02 16:35:00,101.18806292021809,OK
2024-11-02 16:40:00,101.97123947769833,OK
2024-11-02 16:45:00,101.9492601990639,OK
2024-11-02 16:50:00,101.71329090622734,OK
2024-11-02 16:55:00,100.06873124836306,OK
2024-11-02 17:00:00,100.18431032417853,OK
2024-11-02 17:05:00,101.60553376630808,OK
2024-11-02 17:10:00,102.43530913565853,OK
2024-11-02 17:15:00,101.82485019016785,OK
2024-11-02 17:20:00,103.29234466324203,OK
2024-11-02 17:25:00,101.99864576093746,OK
2024-11-02 17:30:00,100.7076557557527,OK
2024-11-02 17:35:00,101.43846095843409,OK
2024-11-02 17:40:00,102.43625005099803,OK
2024-11-02 17:45:00,102.76806109068922,OK
2024-11-02 17:50:00,104.86518407391092,OK
2024-11-02 17:55:00,100.97882770147801,OK
2024-11-02 18:00:00,101.27495656245851,OK
2024-11-02 18:05:00,101.87759642116993,OK
2024-11-02 18:10:00,101.6816801024349,OK
2024-11-02 18:15:00,101.07209178531313,OK
2024-11-02 18:20:00,99.47278379916884,OK
2024-11-02 18:25:00,100.98568103570462,OK
2024-11-02 18:30:00,99.87017521812304,OK
2024-11-02 18:35:00,98.8587752275803,OK
2024-11-02 18:40:00,100.12889933203971,OK
2024-11-02 18:45:00,99.70300878808321,OK
2024-11-02 18:50:00,102.07864784523962,OK
2024-11-02 18:55:00,102.09450325147174,OK
2024-11-02 19:00:00,100.01937575601062,OK
2024-11-02 19:05:00,100.71093146461861,OK
2024-11-02 19:10:00,98.54636085048969,OK
2024-11-02 19:15:00,100.65478197726243,OK
2024-11-02 19:20:00,101.62727862103607,OK
2024-11-02 19:25:00,101.95096687338851,OK
2024-11-02 19:30:00,99.91399343344511,OK
2024-11-02 19:35:00,102.23675311620826,OK
2024-11-02 19:40:00,98.75682067244871,OK
2024-11-02 19:45:00,98.91221889480671,OK
2024-11-02 19:50:00,101.78080433412592,OK
2024-11-02 19:55:00,103.01219283278297,OK
2024-11-02 20:00:00,101.23627068472761,OK
2024-11-02 20:05:00,100.60895413397483,OK
2024-11-02 20:10:00,97.36700967009196,OK
2024-11-02 20:15:00,97.26282065375884,OK
2024-11-02 20:20:00,99.99725088504388,OK
2024-11-02 20:25:00,99.21200620230786,OK
2024-11-02 20:30:00,97.6970075069777,OK
2024-11-02 20:35:00,99.24512987704813,OK
2024-11-02 20:40:00,99.01399417326905,OK
2024-11-02 20:45:00,100.17324327032647,OK
2024-11-02 20:50:00,98.39858791054881,OK
2024-11-02 20:55:00,99.55800755465768,OK
2024-11-02 21:00:00,97.33867145277848,OK
2024-11-02 21:05:00,96.79695240401655,OK
2024-11-02 21:10:00,98.24252011244297,OK
2024-11-02 21:15:00,95.16744846214678,OK
2024-11-02 21:20:00,100.12256545989456,OK
2024-11-02 21:25:00,96.47468708863454,OK
2024-11-02 21:30:00,96.27447650051572,OK
2024-11-02 21:35:00,96.04458274446277,OK
2024-11-02 21:40:00,97.77764565807577,OK
2024-11-02 21:45:00,96.14784240995485,OK
2024-11-02 21:50:00,92.6969404269993,OK
2024-11-02 21:55:00,96.63012356600485,OK
2024-11-02 22:00:00,94.03578138405875,OK
2024-11-02 22:05:00,94.73581573837484,OK
2024-11-02 22:10:00,216.71984587685685,OK
2024-11-02 22:15:00,220.06686814000932,OK
2024-11-02 22:20:00,216.77750069393258,OK
2024-11-02 22:25:00,93.24242161704993,OK
2024-11-02 22:30:00,92.22843660159293,OK
2024-11-02 22:35:00,94.7749063995042,OK
2024-11-02 22:40:00,94.55384198509702,OK
2024-11-02 22:45:00,91.71699494572935,OK
2024-11-02 22:50:00,91.46342335398903,OK
2024-11-02 22:55:00,90.46136410115044,OK
2024-11-02 23:00:00,92.30482946971924,OK
2024-11-02 23:05:00,212.31143411218613,OK
2024-11-02 23:10:00,211.546462657041,OK
2024-11-02 23:15:00,213.82121705622762,OK
2024-11-02 23:20:00,89.03102094393266,OK
2024-11-02 23:25:00,89.432429128414,OK
2024-11-02 23:30:00,86.86696064385785,OK
2024-11-02 23:35:00,89.5684660787195,OK
2024-11-02 23:40:00,90.95739937016678,OK
2024-11-02 23:45:00,88.89471568375984,OK
2024-11-02 23:50:00,89.60934323274694,OK
2024-11-02 23:55:00,86.049358502042,OK
2024-11-03 00:00:00,87.39312754476803,OK
2024-11-03 00:05:00,85.77529771468197,OK
2024-11-03 00:10:00,205.3857658371629,OK
2024-11-03 00:15:00,207.07499226203433,OK
2024-11-03 00:20:00,204.42819634884623,OK
2024-11-03 00:25:00,83.45832622665885,OK
2024-11-03 00:30:00,83.25440941411095,OK
2024-11-03 00:35:00,82.71629004993785,OK
2024-11-03 00:40:00,84.95403040167865,OK
2024-11-03 00:45:00,87.03749084915687,OK
2024-11-03 00:50:00,85.65190191152877,OK
2024-11-03 00:55:00,81.07709494205501,OK
2024-11-03 01:00:00,85.07380042265507,OK
2024-11-03 01:05:00,84.44126296412544,OK
2024-11-03 01:10:00,80.81698848081061,OK
2024-11-03 01:15:00,82.16367163394244,OK
2024-11-03 01:20:00,200.75315801585705,OK
2024-11-03 01:25:00,198.66999562476553,OK
2024-11-03 01:30:00,194.0358394854321,OK
2024-11-03 01:35:00,82.0337808410206,OK
2024-11-03 01:40:00,78.25276716673858,OK
2024-11-03 01:45:00,80.52745653039692,OK
2024-11-03 01:50:00,82.03430048262041,OK
2024-11-03 01:55:00,80.0984922331035,OK
2024-11-03 02:00:00,79.29511274433689,OK
2024-11-03 02:05:00,80.7052036610765,OK
2024-11-03 02:10:00,80.78163853976501,OK
2024-11-03 02:15:00,80.87232993490778,OK
2024-11-03 02:20:00,79.99942346537033,OK
2024-11-03 02:25:00,80.12171311794957,OK
2024-11-03 02:30:00,192.9063812433627,OK
2024-11-03 02:35:00,191.70420390479276,OK
2024-11-03 02:40:00,190.4915428394453,OK
2024-11-03 02:45:00,77.64806225356988,OK
2024-11-03 02:50:00,76.09027377646042,OK
2024-11-03 02:55:00,76.24756752984405,OK
2024-11-03 03:00:00,76.66364881158749,OK
2024-11-03 03:05:00,77.18958060207828,OK
2024-11-03 03:10:00,78.36023866266122,OK
2024-11-03 03:15:00,76.16207443085527,OK
2024-11-03 03:20:00,77.3813616344239,OK
2024-11-03 03:25:00,77.34354324844475,OK
2024-11-03 03:30:00,75.48293469653916,OK
2024-11-03 03:35:00,76.55624348523943,OK
2024-11-03 03:40:00,75.31281885467344,OK
2024-11-03 03:45:00,77.08151425185137,OK
2024-11-03 03:50:00,76.13916340146135,OK
2024-11-03 03:55:00,73.69143581740857,OK
2024-11-03 04:00:00,75.2674269775053,OK
2024-11-03 04:05:00,187.73829007648106,OK
2024-11-03 04:10:00,183.78942585985126,OK
2024-11-03 04:15:00,185.1904230954868,OK
2024-11-03 04:20:00,75.1595101182754,OK
2024-11-03 04:25:00,72.78140190084954,OK
2024-11-03 04:30:00,74.78782557015475,OK
2024-11-03 04:35:00,72.78169912641006,OK
2024-11-03 04:40:00,73.553946403713,OK
2024-11-03 04:45:00,75.23160049088166,OK
2024-11-03 04:50:00,74.2355249415062,OK
2024-11-03 04:55:00,73.32310106319791,OK
2024-11-03 05:00:00,74.13047719858879,OK
2024-11-03 05:05:00,73.29169451543254,OK
2024-11-03 05:10:00,73.40964512074567,OK
2024-11-03 05:15:00,74.21289218929577,OK
2024-11-03 05:20:00,72.28303046773587,OK
2024-11-03 05:25:00,73.26715699275553,OK
2024-11-03 05:30:00,73.11768044330772,OK
2024-11-03 05:35:00,71.59309719499107,OK
2024-11-03 05:40:00,72.31349050792339,OK
2024-11-03 05:45:00,184.83651358672782,OK
2024-11-03 05:50:00,182.66529086661524,OK
2024-11-03 05:55:00,178.85962963533413,OK
2024-11-03 06:00:00,71.37829941233917,OK
2024-11-03 06:05:00,73.03072679334298,OK
2024-11-03 06:10:00,75.33781605492086,OK
2024-11-03 06:15:00,73.22018065051431,OK
2024-11-03 06:20:00,75.29647840459975,OK
2024-11-03 06:25:00,74.00330740859147,OK
2024-11-03 06:30:00,74.26974469332633,OK
2024-11-03 06:35:00,72.1874494521793,OK
2024-11-03 06:40:00,184.19953987456302,OK
2024-11-03 06:45:00,181.8516533798978,OK
2024-11-03 06:50:00,184.63630342042626,OK
2024-11-03 06:55:00,73.05433447042792,OK
2024-11-03 07:00:00,74.05990186593156,OK
2024-11-03 07:05:00,74.34197586228258,OK
2024-11-03 07:10:00,73.67502320224223,OK
2024-11-03 07:15:00,74.38157546835568,OK
2024-11-03 07:20:00,73.65063240802976,OK
2024-11-03 07:25:00,73.03014414717917,OK
2024-11-03 07:30:00,75.6090398847023,OK
2024-11-03 07:35:00,75.11510423847766,OK
2024-11-03 07:40:00,72.9665799773809,OK
2024-11-03 07:45:00,74.29751106482281,OK
2024-11-03 07:50:00,72.96107916756104,OK
2024-11-03 07:55:00,72.59921661380599,OK
2024-11-03 08:00:00,75.29891143503463,OK
2024-11-03 08:05:00,71.94388330184758,OK
2024-11-03 08:10:00,75.38014115354235,OK
2024-11-03 08:15:00,74.15378497591689,OK
2024-11-03 08:20:00,184.27018255145722,OK
2024-11-03 08:25:00,185.90061986201002,OK
2024-11-03 08:30:00,186.6468003452377,OK
2024-11-03 08:35:00,74.55755226015619,OK
2024-11-03 08:40:00,76.73669479393318,OK
2024-11-03 08:45:00,76.27127143905994,OK
2024-11-03 08:50:00,74.97435310446971,OK
2024-11-03 08:55:00,76.40577888731943,OK
2024-11-03 09:00:00,78.43944217155715,OK
2024-11-03 09:05:00,78.9283547316885,OK
2024-11-03 09:10:00,78.06678166026849,OK
2024-11-03 09:15:00,76.15627201872346,OK
2024-11-03 09:20:00,78.36357332477773,OK
2024-11-03 09:25:00,191.7322835483257,OK
2024-11-03 09:30:00,191.966625483922,OK
2024-11-03 09:35:00,192.41944090537,OK
2024-11-03 09:40:00,79.17834045814514,OK
2024-11-03 09:45:00,78.51252794695425,OK
2024-11-03 09:50:00,77.95101545834859,OK
2024-11-03 09:55:00,76.47274937926672,OK
2024-11-03 10:00:00,79.11594407188892,OK
2024-11-03 10:05:00,79.01663625729226,OK
2024-11-03 10:10:00,79.58201759583811,OK
2024-11-03 10:15:00,77.44661108927271,OK
2024-11-03 10:20:00,194.28974007459377,OK
2024-11-03 10:25:00,197.5555670275466,OK
2024-11-03 10:30:00,193.70934461531226,OK
2024-11-03 10:35:00,80.02022864166469,OK
2024-11-03 10:40:00,80.9165319456307,OK
2024-11-03 10:45:00,83.20826410538346,OK
2024-11-03 10:50:00,79.47970024205944,OK
2024-11-03 10:55:00,81.38002141014084,OK
2024-11-03 11:00:00,80.35506525627305,OK
2024-11-03 11:05:00,81.0509003734611,OK
2024-11-03 11:10:00,81.95469089001841,OK
2024-11-03 11:15:00,84.12847254276227,OK
2024-11-03 11:20:00,84.82588336904391,OK
2024-11-03 11:25:00,83.37763247017146,OK
2024-11-03 11:30:00,82.57745468285187,OK
2024-11-03 11:35:00,86.34850185253802,OK
2024-11-03 11:40:00,82.6341530145017,OK
2024-11-03 11:45:00,82.84980454415266,OK
2024-11-03 11:50:00,81.54978153537863,OK
2024-11-03 11:55:00,85.73084738120045,OK
2024-11-03 12:00:00,85.45602782190026,OK
2024-11-03 12:05:00,87.82053009051717,OK
2024-11-03 12:10:00,82.82309065828176,OK
2024-11-03 12:15:00,205.27218111613266,OK
2024-11-03 12:20:00,202.63038618542168,OK
2024-11-03 12:25:00,205.1283414646646,OK
2024-11-03 12:30:00,83.53986307837734,OK
2024-11-03 12:35:00,87.99573628102257,OK
2024-11-03 12:40:00,87.20854027456231,OK
2024-11-03 12:45:00,86.23948812596224,OK
2024-11-03 12:50:00,87.49682711200792,OK
2024-11-03 12:55:00,85.95882021189615,OK
2024-11-03 13:00:00,86.5798761086959,OK
2024-11-03 13:05:00,86.98668489111596,OK
2024-11-03 13:10:00,85.50925948853482,OK
2024-11-03 13:15:00,89.37338343881079,OK
2024-11-03 13:20:00,90.22862969478201,OK
2024-11-03 13:25:00,208.68499255114438,OK
2024-11-03 13:30:00,210.92405535655186,OK
2024-11-03 13:35:00,209.43480431046456,OK
2024-11-03 13:40:00,89.85736187444795,OK
2024-11-03 13:45:00,89.06901716165264,OK
2024-11-03 13:50:00,88.82808466699817,OK
2024-11-03 13:55:00,91.34851079722043,OK
2024-11-03 14:00:00,90.14744778282044,OK
2024-11-03 14:05:00,93.36462761429878,OK
2024-11-03 14:10:00,91.2885294108793,OK
2024-11-03 14:15:00,90.33770697178777,OK
2024-11-03 14:20:00,93.41455439935473,OK
2024-11-03 14:25:00,92.70876673096303,OK
2024-11-03 14:30:00,93.089487301807,OK
2024-11-03 14:35:00,93.90964519696654,OK
2024-11-03 14:40:00,91.49218982914263,OK
2024-11-03 14:45:00,92.79057916895013,OK
2024-11-03 14:50:00,93.27568825265551,OK
2024-11-03 14:55:00,92.19209568005145,OK
2024-11-03 15:00:00,93.6411542285199,OK
2024-11-03 15:05:00,96.1925160711435,OK
2024-11-03 15:10:00,95.02117593458308,OK
2024-11-03 15:15:00,93.15854962891979,OK
2024-11-03 15:20:00,218.07851199304713,OK
2024-11-03 15:25:00,225.7118250953301,OK
2024-11-03 15:30:00,222.42075331369935,OK
2024-11-03 15:35:00,95.4747715337507,OK
2024-11-03 15:40:00,96.2327878308556,OK
2024-11-03 15:45:00,94.44844968706276,OK
2024-11-03 15:50:00,98.62661289231531,OK
2024-11-03 15:55:00,96.18995702920502,OK
2024-11-03 16:00:00,98.55366781953967,OK
2024-11-03 16:05:00,97.19604367085189,OK
2024-11-03 16:10:00,99.57295298251118,OK
2024-11-03 16:15:00,98.33576319856724,OK
2024-11-03 16:20:00,99.35228625923911,OK
2024-11-03 16:25:00,99.54606308278387,OK
2024-11-03 16:30:00,99.54277563655742,OK
2024-11-03 16:35:00,99.31733096779872,OK
2024-11-03 16:40:00,98.42505977215659,OK
2024-11-03 16:45:00,101.61124969264252,OK
2024-11-03 16:50:00,97.78216469326921,OK
2024-11-03 16:55:00,98.90694742978084,OK
2024-11-03 17:00:00,99.00137242269216,OK
2024-11-03 17:05:00,99.60984657697706,OK
2024-11-03 17:10:00,98.85286734365926,OK
2024-11-03 17:15:00,100.1241333864605,OK
2024-11-03 17:20:00,99.51153337454156,OK
2024-11-03 17:25:00,97.6444839965891,OK
2024-11-03 17:30:00,99.91724326672951,OK
2024-11-03 17:35:00,98.37224768218846,OK
2024-11-03 17:40:00,97.33044020885222,OK
2024-11-03 17:45:00,99.93500109445077,OK
2024-11-03 17:50:00,100.3103644524274,OK
2024-11-03 17:55:00,100.1492960252315,OK
2024-11-03 18:00:00,100.30660265299016,OK
2024-11-03 18:05:00,96.8990414194785,OK
2024-11-03 18:10:00,97.36029504396241,OK
2024-11-03 18:15:00,101.98282713823127,OK
2024-11-03 18:20:00,97.91880341176487,OK
2024-11-03 18:25:00,100.39624029764411,OK
2024-11-03 18:30:00,98.73536194595509,OK
2024-11-03 18:35:00,99.77010460277147,OK
2024-11-03 18:40:00,98.57272920437458,OK
2024-11-03 18:45:00,99.98635400657868,OK
2024-11-03 18:50:00,99.39345482003533,OK
2024-11-03 18:55:00,98.57838240939358,OK
2024-11-03 19:00:00,97.90017456856802,OK
2024-11-03 19:05:00,99.85327491488458,OK
2024-11-03 19:10:00,97.67832408666405,OK
2024-11-03 19:15:00,99.6381937576451,OK
2024-11-03 19:20:00,102.56506341157477,OK
2024-11-03 19:25:00,100.69794017092558,OK
2024-11-03 19:30:00,99.66064244333796,OK
2024-11-03 19:35:00,98.31447970741849,OK
2024-11-03 19:40:00,95.67487504060728,OK
2024-11-03 19:45:00,96.29986063430944,OK
2024-11-03 19:50:00,99.65614507060982,OK
2024-11-03 19:55:00,96.69331801732787,OK
2024-11-03 20:00:00,96.59524511497335,OK
2024-11-03 20:05:00,97.21808008971428,OK
2024-11-03 20:10:00,95.8709839608126,OK
2024-11-03 20:15:00,95.27505594175209,OK
2024-11-03 20:20:00,96.6304132288363,OK
2024-11-03 20:25:00,95.55417319775319,OK
2024-11-03 20:30:00,95.36988615862677,OK
2024-11-03 20:35:00,94.75130429370576,OK
2024-11-03 20:40:00,96.0092687592306,OK
2024-11-03 20:45:00,94.78567821067995,OK
2024-11-03 20:50:00,94.66193433541021,OK
2024-11-03 20:55:00,95.49134653824163,OK
2024-11-03 21:00:00,94.48665695861173,OK
2024-11-03 21:05:00,93.61532520499291,OK
2024-11-03 21:10:00,94.48067635970052,OK
2024-11-03 21:15:00,94.79979101889579,OK
2024-11-03 21:20:00,217.69330813936196,OK
2024-11-03 21:25:00,217.6559146272672,OK
2024-11-03 21:30:00,215.13654293990146,OK
2024-11-03 21:35:00,91.25005428966591,OK
2024-11-03 21:40:00,93.14047436738198,OK
2024-11-03 21:45:00,92.70569998944909,OK
2024-11-03 21:50:00,92.78902384531085,OK
2024-11-03 21:55:00,92.24181381558121,OK
2024-11-03 22:00:00,92.00039957472306,OK
2024-11-03 22:05:00,92.61899704294945,OK
2024-11-03 22:10:00,92.98075378025246,OK
2024-11-03 22:15:00,92.66416552924399,OK
2024-11-03 22:20:00,91.06137850499725,OK
2024-11-03 22:25:00,92.84571819091254,OK
2024-11-03 22:30:00,91.56713553814548,OK
2024-11-03 22:35:00,91.9771187787326,OK
2024-11-03 22:40:00,91.10630716263498,OK
2024-11-03 22:45:00,90.94486814862691,OK
2024-11-03 22:50:00,89.29528821044485,OK
2024-11-03 22:55:00,90.8353293436051,OK
2024-11-03 23:00:00,93.57499397181911,OK
2024-11-03 23:05:00,88.99675187130354,OK
2024-11-03 23:10:00,210.64376400175877,OK
2024-11-03 23:15:00,209.03365337688533,OK
2024-11-03 23:20:00,208.53063064554166,OK
2024-11-03 23:25:00,90.55713207610847,OK
2024-11-03 23:30:00,87.01811095722867,OK
2024-11-03 23:35:00,87.10112526762228,OK
2024-11-03 23:40:00,85.20191244555289,OK
2024-11-03 23:45:00,85.75153597281974,OK
2024-11-03 23:50:00,84.22744885591112,OK
2024-11-03 23:55:00,86.98576807470755,OK
2024-11-04 00:00:00,89.41723603887903,OK
2024-11-04 00:05:00,85.13820679778006,OK
2024-11-04 00:10:00,82.96403504549728,OK
2024-11-04 00:15:00,85.91476754231606,OK
2024-11-04 00:20:00,83.44136419990063,OK
2024-11-04 00:25:00,85.7566962264553,OK
2024-11-04 00:30:00,83.487652078018,OK
2024-11-04 00:35:00,82.59932730007284,OK
2024-11-04 00:40:00,83.01832798169495,OK
2024-11-04 00:45:00,83.94726909403315,OK
2024-11-04 00:50:00,82.11064798648906,OK
2024-11-04 00:55:00,81.18492549873639,OK
2024-11-04 01:00:00,81.29120894500772,OK
2024-11-04 01:05:00,79.64253076912287,OK
2024-11-04 01:10:00,196.37974808458353,OK
2024-11-04 01:15:00,191.47380285825628,OK
2024-11-04 01:20:00,193.78436323445735,OK
2024-11-04 01:25:00,81.32011238997387,OK
2024-11-04 01:30:00,80.31454618116541,OK
2024-11-04 01:35:00,80.23700704690032,OK
2024-11-04 01:40:00,78.9986711775997,OK
2024-11-04 01:45:00,80.34033706467937,OK
2024-11-04 01:50:00,79.98792549339875,OK
2024-11-04 01:55:00,79.08394372958402,OK
2024-11-04 02:00:00,79.05402588156394,OK
2024-11-04 02:05:00,78.33644760711032,OK
2024-11-04 02:10:00,187.60699499506774,OK
2024-11-04 02:15:00,185.25787248903399,OK
2024-11-04 02:20:00,188.24416918581835,OK
2024-11-04 02:25:00,76.92723111526895,OK
2024-11-04 02:30:00,77.3360225032417,OK
2024-11-04 02:35:00,74.814866063338,OK
2024-11-04 02:40:00,74.54725329473155,OK
2024-11-04 02:45:00,75.87883662823162,OK
2024-11-04 02:50:00,75.11163330123227,OK
2024-11-04 02:55:00,72.50265371770158,OK
2024-11-04 03:00:00,75.10392520670392,OK
2024-11-04 03:05:00,72.25592354169662,OK
2024-11-04 03:10:00,73.14709025671826,OK
2024-11-04 03:15:00,75.99377587977528,OK
2024-11-04 03:20:00,76.30553338920053,OK
2024-11-04 03:25:00,72.7776138974647,OK
2024-11-04 03:30:00,73.65054940128631,OK
2024-11-04 03:35:00,73.75243123486483,OK
2024-11-04 03:40:00,75.71547578643971,OK
2024-11-04 03:45:00,72.66698534959576,OK
2024-11-04 03:50:00,72.43593276313882,OK
2024-11-04 03:55:00,74.79503485631335,OK
2024-11-04 04:00:00,72.43848129551652,OK
2024-11-04 04:05:00,73.535216780871,OK
2024-11-04 04:10:00,70.94043689707141,OK
2024-11-04 04:15:00,72.55312167108897,OK
2024-11-04 04:20:00,70.88666298935762,OK
2024-11-04 04:25:00,71.57932715438706,OK
2024-11-04 04:30:00,73.9505207277395,OK
2024-11-04 04:35:00,72.50926314348173,OK
2024-11-04 04:40:00,72.05311414052063,OK
2024-11-04 04:45:00,71.33187029520097,OK
2024-11-04 04:50:00,71.900436870615,OK
2024-11-04 04:55:00,72.36567105489345,OK
2024-11-04 05:00:00,73.08901767635531,OK
2024-11-04 05:05:00,69.03197067908258,OK
2024-11-04 05:10:00,71.06684206300855,OK
2024-11-04 05:15:00,72.25584192612796,OK
2024-11-04 05:20:00,71.87006715990786,OK
2024-11-04 05:25:00,72.44078861089545,OK
2024-11-04 05:30:00,72.24664012416477,OK
2024-11-04 05:35:00,71.6046730194939,OK
2024-11-04 05:40:00,71.49138299432404,OK
2024-11-04 05:45:00,72.05338958109216,OK
2024-11-04 05:50:00,73.75601383932363,OK
2024-11-04 05:55:00,71.59107131013496,OK
2024-11-04 06:00:00,72.21703831674085,OK
2024-11-04 06:05:00,72.50342861881028,OK
2024-11-04 06:10:00,74.3067908105574,OK
2024-11-04 06:15:00,72.22352918065526,OK
2024-11-04 06:20:00,73.78513023469145,OK
2024-11-04 06:25:00,74.2756371550549,OK
2024-11-04 06:30:00,72.82725122902194,OK
2024-11-04 06:35:00,72.86994414105598,OK
2024-11-04 06:40:00,72.81628693397852,OK
2024-11-04 06:45:00,72.9011937270061,OK
2024-11-04 06:50:00,74.34222300587854,OK
2024-11-04 06:55:00,73.21412326059773,OK
2024-11-04 07:00:00,73.3442444067835,OK
2024-11-04 07:05:00,71.25044873075488,OK
2024-11-04 07:10:00,71.2612133708421,OK
2024-11-04 07:15:00,75.14043914843269,OK
2024-11-04 07:20:00,72.51242540441768,OK
2024-11-04 07:25:00,71.72280517683589,OK
2024-11-04 07:30:00,74.35846921159623,OK
2024-11-04 07:35:00,73.28924107531442,OK
2024-11-04 07:40:00,73.68395159145854,OK
2024-11-04 07:45:00,73.27700209832484,OK
2024-11-04 07:50:00,73.18136093151577,OK
2024-11-04 07:55:00,73.54833523642728,OK
2024-11-04 08:00:00,72.46643399646176,OK
2024-11-04 08:05:00,74.17901113654027,OK
2024-11-04 08:10:00,74.63371419161996,OK
2024-11-04 08:15:00,76.65544740306397,OK
2024-11-04 08:20:00,74.6574601441965,OK
2024-11-04 08:25:00,71.69949630663008,OK
2024-11-04 08:30:00,74.5131527322104,OK
2024-11-04 08:35:00,78.02493199123376,OK
2024-11-04 08:40:00,186.42985505249524,OK
2024-11-04 08:45:00,183.45785600658473,OK
2024-11-04 08:50:00,186.47104993066918,OK
2024-11-04 08:55:00,74.58022132613642,OK
2024-11-04 09:00:00,74.06179979951494,OK
2024-11-04 09:05:00,75.56931081780789,OK
2024-11-04 09:10:00,76.15135247157038,OK
2024-11-04 09:15:00,73.80761242060277,OK
2024-11-04 09:20:00,75.05683309041827,OK
2024-11-04 09:25:00,76.61981051599051,OK
2024-11-04 09:30:00,76.10409563583819,OK
2024-11-04 09:35:00,77.37680010450099,OK
2024-11-04 09:40:00,75.69710693101779,OK
2024-11-04 09:45:00,190.1268620943353,OK
2024-11-04 09:50:00,186.8291730699334,OK
2024-11-04 09:55:00,193.11884564192633,OK
2024-11-04 10:00:00,75.97406790780504,OK
2024-11-04 10:05:00,77.07591475434685,OK
2024-11-04 10:10:00,78.96883201622504,OK
2024-11-04 10:15:00,80.82752574279431,OK
2024-11-04 10:20:00,79.3456010685109,OK
2024-11-04 10:25:00,79.83313884115321,OK
2024-11-04 10:30:00,79.54702455854475,OK
2024-11-04 10:35:00,78.7378293234369,OK
2024-11-04 10:40:00,79.95206747942957,OK
2024-11-04 10:45:00,79.520988610081,OK
2024-11-04 10:50:00,79.68570614230086,OK
2024-11-04 10:55:00,82.12861489748066,OK
2024-11-04 11:00:00,80.59806184231591,OK
2024-11-04 11:05:00,82.71743441801532,OK
2024-11-04 11:10:00,195.88772511433606,OK
2024-11-04 11:15:00,199.90937761242853,OK
2024-11-04 11:20:00,198.78240028725827,OK
2024-11-04 11:25:00,85.26370029746307,OK
2024-11-04 11:30:00,84.09016756246052,OK
2024-11-04 11:35:00,85.65556781859934,OK
2024-11-04 11:40:00,83.38395754716836,OK
2024-11-04 11:45:00,84.7691799201284,OK
2024-11-04 11:50:00,83.83446933985083,OK
2024-11-04 11:55:00,84.79161871378221,OK
2024-11-04 12:00:00,85.40260738206872,OK
2024-11-04 12:05:00,85.15666949537788,OK
2024-11-04 12:10:00,84.61108092960373,OK
2024-11-04 12:15:00,202.9912000101505,OK
2024-11-04 12:20:00,201.43587973042418,OK
2024-11-04 12:25:00,204.13884044055757,OK
2024-11-04 12:30:00,87.88081556009611,OK
2024-11-04 12:35:00,85.1037391250376,OK
2024-11-04 12:40:00,85.6995482882589,OK
2024-11-04 12:45:00,90.08574766595112,OK
2024-11-04 12:50:00,87.12804834411247,OK
2024-11-04 12:55:00,88.77838524491061,OK
2024-11-04 13:00:00,89.55016141258335,OK
2024-11-04 13:05:00,89.9202399497577,OK
2024-11-04 13:10:00,87.39635499275464,OK
2024-11-04 13:15:00,210.96516138611494,OK
2024-11-04 13:20:00,207.88513738387945,OK
2024-11-04 13:25:00,216.97226764337748,OK
2024-11-04 13:30:00,87.73806582613635,OK
2024-11-04 13:35:00,88.73973711240758,OK
2024-11-04 13:40:00,89.02226629989778,OK
2024-11-04 13:45:00,88.86856798138218,OK
2024-11-04 13:50:00,93.14692990892644,OK
2024-11-04 13:55:00,94.90233986726616,OK
2024-11-04 14:00:00,91.17900393316151,OK
2024-11-04 14:05:00,90.39712014869198,OK
2024-11-04 14:10:00,89.3449760029203,OK
2024-11-04 14:15:00,215.92546936943023,OK
2024-11-04 14:20:00,216.52770701152266,OK
2024-11-04 14:25:00,216.07551161622595,OK
2024-11-04 14:30:00,93.85843538644242,OK
2024-11-04 14:35:00,94.45810609268335,OK
2024-11-04 14:40:00,94.43255781966496,OK
2024-11-04 14:45:00,93.97249124516814,OK
2024-11-04 14:50:00,93.26190892622863,OK
2024-11-04 14:55:00,95.91363876387562,OK
2024-11-04 15:00:00,95.10960343583136,OK
2024-11-04 15:05:00,96.37508530851474,OK
2024-11-04 15:10:00,96.3602305147351,OK
2024-11-04 15:15:00,93.64793072423136,OK
2024-11-04 15:20:00,218.70451280288742,OK
2024-11-04 15:25:00,220.67838600390834,OK
2024-11-04 15:30:00,219.97375846551927,OK
2024-11-04 15:35:00,97.0636564057542,OK
2024-11-04 15:40:00,96.71281400998917,OK
2024-11-04 15:45:00,98.36603873649953,OK
2024-11-04 15:50:00,97.32073522899735,OK
2024-11-04 15:55:00,97.4951818647428,OK
2024-11-04 16:00:00,99.05969488203624,OK
2024-11-04 16:05:00,98.27843614987931,OK
2024-11-04 16:10:00,97.89471575419125,OK
2024-11-04 16:15:00,100.08639811363871,OK
2024-11-04 16:20:00,98.2970655344188,OK
2024-11-04 16:25:00,98.11131264286819,OK
2024-11-04 16:30:00,97.41603242017581,OK
2024-11-04 16:35:00,99.88475428488024,OK
2024-11-04 16:40:00,100.62918153161473,OK
2024-11-04 16:45:00,98.92706013490758,OK
2024-11-04 16:50:00,100.73134542620504,OK
2024-11-04 16:55:00,96.35111532975785,OK
2024-11-04 17:00:00,99.35521320415661,OK
2024-11-04 17:05:00,99.44375723966981,OK
2024-11-04 17:10:00,98.52490276914749,OK
2024-11-04 17:15:00,102.75284109565087,OK
2024-11-04 17:20:00,99.32942036196911,OK
2024-11-04 17:25:00,98.61773227055441,OK
2024-11-04 17:30:00,99.10304527889772,OK
2024-11-04 17:35:00,96.37286203394785,OK
2024-11-04 17:40:00,98.36491592961212,OK
2024-11-04 17:45:00,101.34422506494433,OK
2024-11-04 17:50:00,98.99739482690082,OK
2024-11-04 17:55:00,98.99268081321404,OK
2024-11-04 18:00:00,102.04389765018044,OK
2024-11-04 18:05:00,102.05758252034245,OK
2024-11-04 18:10:00,100.96867144850867,OK
2024-11-04 18:15:00,99.60122047391937,OK
2024-11-04 18:20:00,99.90049997516334,OK
2024-11-04 18:25:00,99.00723660379953,OK
2024-11-04 18:30:00,98.45098089038346,OK
2024-11-04 18:35:00,98.05907546552463,OK
2024-11-04 18:40:00,98.72105442505311,OK
2024-11-04 18:45:00,98.0352206079239,OK
2024-11-04 18:50:00,97.13177025138643,OK
2024-11-04 18:55:00,99.54140949546867,OK
2024-11-04 19:00:00,99.63088361368969,OK
2024-11-04 19:05:00,101.63638833062903,OK
2024-11-04 19:10:00,98.1134163431918,OK
2024-11-04 19:15:00,99.58256890260786,OK
2024-11-04 19:20:00,99.79044361295368,OK
2024-11-04 19:25:00,98.97942196549597,OK
2024-11-04 19:30:00,100.43507607542728,OK
2024-11-04 19:35:00,100.58193078840422,OK
2024-11-04 19:40:00,100.03075091008989,OK
2024-11-04 19:45:00,99.19130760192267,OK
2024-11-04 19:50:00,99.01535990902765,OK
2024-11-04 19:55:00,97.5572629849882,OK
2024-11-04 20:00:00,97.98346438787874,OK
2024-11-04 20:05:00,98.20542836188606,OK
2024-11-04 20:10:00,97.09939161533428,OK
2024-11-04 20:15:00,98.95249745695025,OK
2024-11-04 20:20:00,100.06706531427356,OK
2024-11-04 20:25:00,97.11113616950807,OK
2024-11-04 20:30:00,98.84308090008275,OK
2024-11-04 20:35:00,96.77477920590705,OK
2024-11-04 20:40:00,97.37534178484718,OK
2024-11-04 20:45:00,96.59689994234746,OK
2024-11-04 20:50:00,98.19121996566459,OK
2024-11-04 20:55:00,96.22419129398145,OK
2024-11-04 21:00:00,98.54340985728062,OK
2024-11-04 21:05:00,96.51718941378157,OK
2024-11-04 21:10:00,95.7983300020045,OK
2024-11-04 21:15:00,94.56675628634171,OK
2024-11-04 21:20:00,96.47368772876946,OK
2024-11-04 21:25:00,97.11630155100616,OK
2024-11-04 21:30:00,95.88320614433607,OK
2024-11-04 21:35:00,98.29647341403646,OK
2024-11-04 21:40:00,96.89377140243832,OK
2024-11-04 21:45:00,94.21642260425016,OK
2024-11-04 21:50:00,94.25747301351817,OK
2024-11-04 21:55:00,95.05079195668463,OK
2024-11-04 22:00:00,92.96953305189237,OK
2024-11-04 22:05:00,95.05179446636413,OK
2024-11-04 22:10:00,93.53244471310664,OK
2024-11-04 22:15:00,93.07297631656142,OK
2024-11-04 22:20:00,93.26000571084303,OK
2024-11-04 22:25:00,219.67584699257512,OK
2024-11-04 22:30:00,215.75865149030395,OK
2024-11-04 22:35:00,215.0449811577917,OK
2024-11-04 22:40:00,93.69430202923942,OK
2024-11-04 22:45:00,92.68483237209477,OK
2024-11-04 22:50:00,90.65848170863627,OK
2024-11-04 22:55:00,90.80725305762189,OK
2024-11-04 23:00:00,91.06808526834016,OK
2024-11-04 23:05:00,90.60075098577029,OK
2024-11-04 23:10:00,87.70057076208812,OK
2024-11-04 23:15:00,87.07904977281031,OK
2024-11-04 23:20:00,87.65225153965451,OK
2024-11-04 23:25:00,207.36518631784122,OK
2024-11-04 23:30:00,207.66600748004015,OK
2024-11-04 23:35:00,209.7336142436212,OK
2024-11-04 23:40:00,87.73585011443492,OK
2024-11-04 23:45:00,88.09615026862592,OK
2024-11-04 23:50:00,85.98027055672534,OK
2024-11-04 23:55:00,86.84347584254868,OK
2024-11-05 00:00:00,87.96830378107319,OK
2024-11-05 00:05:00,87.59121586001275,OK
2024-11-05 00:10:00,85.69901127201496,OK
2024-11-05 00:15:00,86.5789843778032,OK
2024-11-05 00:20:00,88.95148717696492,OK
2024-11-05 00:25:00,86.01365991419915,OK
2024-11-05 00:30:00,84.44973413050519,OK
2024-11-05 00:35:00,84.6017776358261,OK
2024-11-05 00:40:00,201.8797385731141,OK
2024-11-05 00:45:00,200.76399199406538,OK
2024-11-05 00:50:00,200.4358039791054,OK
2024-11-05 00:55:00,81.33419089877965,OK
2024-11-05 01:00:00,81.51361008501883,OK
2024-11-05 01:05:00,82.13603365050557,OK
2024-11-05 01:10:00,82.24424517707511,OK
2024-11-05 01:15:00,81.7600974887725,OK
2024-11-05 01:20:00,81.92256568874629,OK
2024-11-05 01:25:00,81.90351463471167,OK
2024-11-05 01:30:00,82.50832695301565,OK
2024-11-05 01:35:00,195.1186443429192,OK
2024-11-05 01:40:00,195.64198417450095,OK
2024-11-05 01:45:00,192.99624711456084,OK
2024-11-05 01:50:00,80.60227662115753,OK
2024-11-05 01:55:00,79.85992622381347,OK
2024-11-05 02:00:00,80.11312313240904,OK
2024-11-05 02:05:00,79.71068463736621,OK
2024-11-05 02:10:00,79.38102618716218,OK
2024-11-05 02:15:00,78.36501246707972,OK
2024-11-05 02:20:00,78.3603611573252,OK
2024-11-05 02:25:00,79.28988023424424,OK
2024-11-05 02:30:00,76.82791758884821,OK
2024-11-05 02:35:00,76.74435848992724,OK
2024-11-05 02:40:00,77.53182533719126,OK
2024-11-05 02:45:00,189.01141069475491,OK
2024-11-05 02:50:00,186.0991937821085,OK
2024-11-05 02:55:00,187.33325095476818,OK
2024-11-05 03:00:00,76.29551378218083,OK
2024-11-05 03:05:00,73.51181085117582,OK
2024-11-05 03:10:00,75.9884716995561,OK
2024-11-05 03:15:00,76.04201495332225,OK
2024-11-05 03:20:00,75.82624520427461,OK
2024-11-05 03:25:00,77.70445092483163,OK
2024-11-05 03:30:00,74.62118114716566,OK
2024-11-05 03:35:00,75.23690317548879,OK
2024-11-05 03:40:00,72.7357845391383,OK
2024-11-05 03:45:00,75.0228918322476,OK
2024-11-05 03:50:00,75.20870660622657,OK
2024-11-05 03:55:00,74.769425534705,OK
2024-11-05 04:00:00,76.4018170502037,OK
2024-11-05 04:05:00,186.1562770976567,OK
2024-11-05 04:10:00,184.50384502212313,OK
2024-11-05 04:15:00,183.37873118974656,OK
2024-11-05 04:20:00,75.68946625614166,OK
2024-11-05 04:25:00,74.21165024962436,OK
2024-11-05 04:30:00,73.04161989738164,OK
2024-11-05 04:35:00,71.74085529730868,OK
2024-11-05 04:40:00,73.51844464693036,OK
2024-11-05 04:45:00,74.92087071399651,OK
2024-11-05 04:50:00,76.82632754090842,OK
2024-11-05 04:55:00,73.98765224932347,OK
2024-11-05 05:00:00,72.89632470050864,OK
2024-11-05 05:05:00,72.22426859977165,OK
2024-11-05 05:10:00,73.85187756584948,OK
2024-11-05 05:15:00,70.82869972806705,OK
2024-11-05 05:20:00,73.27312975229081,OK
2024-11-05 05:25:00,73.21663606022453,OK
2024-11-05 05:30:00,72.54804030511086,OK
2024-11-05 05:35:00,71.93466025210223,OK
2024-11-05 05:40:00,72.84086808025263,OK
2024-11-05 05:45:00,72.5450622836281,OK
2024-11-05 05:50:00,71.46401209065013,OK
2024-11-05 05:55:00,74.72186637426725,OK
2024-11-05 06:00:00,71.94667349681549,OK
2024-11-05 06:05:00,73.3768440389485,OK
2024-11-05 06:10:00,69.6991780381416,OK
2024-11-05 06:15:00,74.02817451620237,OK
2024-11-05 06:20:00,74.36617069199505,OK
2024-11-05 06:25:00,72.75145421458512,OK
2024-11-05 06:30:00,73.3360152920123,OK
2024-11-05 06:35:00,73.20671237139648,OK
2024-11-05 06:40:00,71.64132234520139,OK
2024-11-05 06:45:00,73.12422799828009,OK
2024-11-05 06:50:00,71.61090423843795,OK
2024-11-05 06:55:00,71.79228512725942,OK
2024-11-05 07:00:00,73.93965530722463,OK
2024-11-05 07:05:00,73.91539411324827,OK
2024-11-05 07:10:00,72.07282578489189,OK
2024-11-05 07:15:00,72.35434161218686,OK
2024-11-05 07:20:00,72.73860364507654,OK
2024-11-05 07:25:00,74.33911090208103,OK
2024-11-05 07:30:00,72.60933572807357,OK
2024-11-05 07:35:00,74.26521670314278,OK
2024-11-05 07:40:00,75.00627017555799,OK
2024-11-05 07:45:00,74.12286782405872,OK
2024-11-05 07:50:00,75.51181553658752,OK
2024-11-05 07:55:00,73.77434817107563,OK
2024-11-05 08:00:00,73.98868825941551,OK
2024-11-05 08:05:00,72.97164975988797,OK
2024-11-05 08:10:00,75.66899573301816,OK
2024-11-05 08:15:00,73.88545934138617,OK
2024-11-05 08:20:00,75.2674439344378,OK
2024-11-05 08:25:00,74.95908939808542,OK
2024-11-05 08:30:00,73.82240734056934,OK
2024-11-05 08:35:00,74.428729181558,OK
2024-11-05 08:40:00,188.30632112648146,OK
2024-11-05 08:45:00,186.27576690245078,OK
2024-11-05 08:50:00,184.69948313688238,OK
2024-11-05 08:55:00,76.55839177737042,OK
2024-11-05 09:00:00,76.34943160847777,OK
2024-11-05 09:05:00,81.0178029999346,OK
2024-11-05 09:10:00,77.41024099081206,OK
2024-11-05 09:15:00,76.72551019981427,OK
2024-11-05 09:20:00,79.149294882274,OK
2024-11-05 09:25:00,75.32788251053678,OK
2024-11-05 09:30:00,77.78814162798082,OK
2024-11-05 09:35:00,80.47456600905618,OK
2024-11-05 09:40:00,78.17538365928253,OK
2024-11-05 09:45:00,76.49874548349825,OK
2024-11-05 09:50:00,78.62006973525554,OK
2024-11-05 09:55:00,196.0127286245766,OK
2024-11-05 10:00:00,194.14964445500866,OK
2024-11-05 10:05:00,192.23918418450046,OK
2024-11-05 10:10:00,79.34684601939816,OK
2024-11-05 10:15:00,79.75518425343529,OK
2024-11-05 10:20:00,81.06742660766662,OK
2024-11-05 10:25:00,82.8201279633044,OK
2024-11-05 10:30:00,82.77665516535107,OK
2024-11-05 10:35:00,82.2473200043695,OK
2024-11-05 10:40:00,80.44432337917577,OK
2024-11-05 10:45:00,80.36660686678516,OK
2024-11-05 10:50:00,82.66386892847149,OK
2024-11-05 10:55:00,195.39879667051966,OK
2024-11-05 11:00:00,198.1981202783361,OK
2024-11-05 11:05:00,199.85902269167897,OK
2024-11-05 11:10:00,81.60291972742257,OK
2024-11-05 11:15:00,82.0199886315161,OK
2024-11-05 11:20:00,83.81176531437431,OK
2024-11-05 11:25:00,84.99876800948338,OK
2024-11-05 11:30:00,86.03420516184278,OK
2024-11-05 11:35:00,85.6617150200977,OK
2024-11-05 11:40:00,85.19581449843807,OK
2024-11-05 11:45:00,84.07773606754965,OK
2024-11-05 11:50:00,201.30117116913874,OK
2024-11-05 11:55:00,203.23582450356582,OK
2024-11-05 12:00:00,205.213435109696,OK
2024-11-05 12:05:00,86.44925724965672,OK
2024-11-05 12:10:00,83.4025633910905,OK
2024-11-05 12:15:00,85.22478720483686,OK
2024-11-05 12:20:00,88.11666300141599,OK
2024-11-05 12:25:00,86.59131869500406,OK
2024-11-05 12:30:00,85.04265969246023,OK
2024-11-05 12:35:00,90.39992968576782,OK
2024-11-05 12:40:00,87.51166037751071,OK
2024-11-05 12:45:00,87.92653991237269,OK
2024-11-05 12:50:00,208.2789032241225,OK
2024-11-05 12:55:00,207.5487160777353,OK
2024-11-05 13:00:00,206.4674463022748,OK
2024-11-05 13:05:00,90.89108545910283,OK
2024-11-05 13:10:00,89.4959852433561,OK
2024-11-05 13:15:00,89.67876233043195,OK
2024-11-05 13:20:00,89.52240008578072,OK
2024-11-05 13:25:00,87.78980141986943,OK
2024-11-05 13:30:00,91.18209792073132,OK
2024-11-05 13:35:00,88.95970098982527,OK
2024-11-05 13:40:00,90.69341880883239,OK
2024-11-05 13:45:00,88.48095685617007,OK
2024-11-05 13:50:00,87.96679823546347,OK
2024-11-05 13:55:00,91.56737600332022,OK
2024-11-05 14:00:00,212.37425159352284,OK
2024-11-05 14:05:00,210.14751630869893,OK
2024-11-05 14:10:00,216.02746211736468,OK
2024-11-05 14:15:00,94.53921219445756,OK
2024-11-05 14:20:00,93.84632870432888,OK
2024-11-05 14:25:00,92.04667098839904,OK
2024-11-05 14:30:00,92.70150628249152,OK
2024-11-05 14:35:00,93.85331813058258,OK
2024-11-05 14:40:00,94.38951313364802,OK
2024-11-05 14:45:00,92.77267233957477,OK
2024-11-05 14:50:00,93.18432565180163,OK
2024-11-05 14:55:00,93.58262853474037,OK
2024-11-05 15:00:00,219.37266769691774,OK
2024-11-05 15:05:00,218.34858224553656,OK
2024-11-05 15:10:00,218.88461420099523,OK
2024-11-05 15:15:00,96.52489662858012,OK
2024-11-05 15:20:00,96.58084150391545,OK
2024-11-05 15:25:00,95.89493175058413,OK
2024-11-05 15:30:00,98.28646497147562,OK
2024-11-05 15:35:00,95.54052662961402,OK
2024-11-05 15:40:00,98.3485049750165,OK
2024-11-05 15:45:00,97.1131634419298,OK
2024-11-05 15:50:00,101.16049294182245,OK
2024-11-05 15:55:00,95.05636513527394,OK
2024-11-05 16:00:00,95.7220559432096,OK
2024-11-05 16:05:00,97.8185599272867,OK
2024-11-05 16:10:00,97.99867840435013,OK
2024-11-05 16:15:00,100.1714472927972,OK
2024-11-05 16:20:00,96.8422521706867,OK
2024-11-05 16:25:00,99.1345731714207,OK
2024-11-05 16:30:00,99.5745050089125,OK
2024-11-05 16:35:00,99.15970262319844,OK
2024-11-05 16:40:00,96.73170193091173,OK
2024-11-05 16:45:00,100.1921168655624,OK
2024-11-05 16:50:00,100.39450809453625,OK
2024-11-05 16:55:00,99.69390400813069,OK
2024-11-05 17:00:00,99.1616521755861,OK
2024-11-05 17:05:00,99.18063423078958,OK
2024-11-05 17:10:00,98.75572155005943,OK
2024-11-05 17:15:00,99.78031898216449,OK
2024-11-05 17:20:00,98.92201323808541,OK
2024-11-05 17:25:00,97.91974399666599,OK
2024-11-05 17:30:00,97.37606835065017,OK
2024-11-05 17:35:00,97.98281456202275,OK
2024-11-05 17:40:00,99.30215477764426,OK
2024-11-05 17:45:00,99.05014366811604,OK
2024-11-05 17:50:00,99.20210974809132,OK
2024-11-05 17:55:00,99.85595033084493,OK
2024-11-05 18:00:00,98.51553146701367,OK
2024-11-05 18:05:00,101.61950231746464,OK
2024-11-05 18:10:00,98.90512614634208,OK
2024-11-05 18:15:00,98.80996963283044,OK
2024-11-05 18:20:00,100.14033299213966,OK
2024-11-05 18:25:00,96.59696873155914,OK
2024-11-05 18:30:00,98.00402685433502,OK
2024-11-05 18:35:00,100.49821274702312,OK
2024-11-05 18:40:00,96.76797650729664,OK
2024-11-05 18:45:00,100.71700298298045,OK
2024-11-05 18:50:00,101.25921030447144,OK
2024-11-05 18:55:00,98.82686650650501,OK
2024-11-05 19:00:00,99.8961058884594,OK
2024-11-05 19:05:00,100.44441058197866,OK
2024-11-05 19:10:00,98.08515267939998,OK
2024-11-05 19:15:00,99.81627328312496,OK
2024-11-05 19:20:00,97.25713383935509,OK
2024-11-05 19:25:00,97.43294031769041,OK
2024-11-05 19:30:00,97.09831012580808,OK
2024-11-05 19:35:00,98.36102203988784,OK
2024-11-05 19:40:00,99.42712476876227,OK
2024-11-05 19:45:00,97.26501803489276,OK
2024-11-05 19:50:00,95.51007348332061,OK
2024-11-05 19:55:00,95.8876640987147,OK
2024-11-05 20:00:00,97.67371600816381,OK
2024-11-05 20:05:00,99.6102489470255,OK
2024-11-05 20:10:00,97.09724501706765,OK
2024-11-05 20:15:00,96.18828354449808,OK
2024-11-05 20:20:00,97.71006829112568,OK
2024-11-05 20:25:00,96.11184511383118,OK
2024-11-05 20:30:00,95.83919018907672,OK
2024-11-05 20:35:00,94.60601302447849,OK
2024-11-05 20:40:00,97.86960854621262,OK
2024-11-05 20:45:00,92.22273872874251,OK
2024-11-05 20:50:00,96.52457625122315,OK
2024-11-05 20:55:00,94.50220718970292,OK
2024-11-05 21:00:00,94.25872338475642,OK
2024-11-05 21:05:00,97.03701487905857,OK
2024-11-05 21:10:00,93.57380570171138,OK
2024-11-05 21:15:00,93.50801546380997,OK
2024-11-05 21:20:00,94.0204905163298,OK
2024-11-05 21:25:00,94.6142261781111,OK
2024-11-05 21:30:00,93.14094644675237,OK
2024-11-05 21:35:00,91.7629495570502,OK
2024-11-05 21:40:00,92.19691569890216,OK
2024-11-05 21:45:00,95.072588152725,OK
2024-11-05 21:50:00,217.9153584329127,OK
2024-11-05 21:55:00,218.00724191943488,OK
2024-11-05 22:00:00,216.69054785526566,OK
2024-11-05 22:05:00,92.06261211548447,OK
2024-11-05 22:10:00,95.12448065967835,OK
2024-11-05 22:15:00,92.3333277586793,OK
2024-11-05 22:20:00,91.68068852994755,OK
2024-11-05 22:25:00,93.43923385340702,OK
2024-11-05 22:30:00,90.78869120451944,OK
2024-11-05 22:35:00,90.92224917002137,OK
2024-11-05 22:40:00,91.48078388099876,OK
2024-11-05 22:45:00,91.0266722569388,OK
2024-11-05 22:50:00,91.22984069397874,OK
2024-11-05 22:55:00,93.55915396072345,OK
2024-11-05 23:00:00,91.02744156212152,OK
2024-11-05 23:05:00,87.27628807590048,OK
2024-11-05 23:10:00,90.51391254234322,OK
2024-11-05 23:15:00,89.68037614798756,OK
2024-11-05 23:20:00,210.47549232344403,OK
2024-11-05 23:25:00,209.8861446633989,OK
2024-11-05 23:30:00,208.8530678223128,OK
2024-11-05 23:35:00,87.99533672719625,OK
2024-11-05 23:40:00,88.5029220464763,OK
2024-11-05 23:45:00,86.20619098737873,OK
2024-11-05 23:50:00,85.18524801769563,OK
2024-11-05 23:55:00,90.2750696523127,OK
2024-11-06 00:00:00,84.98601785051477,OK
2024-11-06 00:05:00,85.81350226124776,OK
2024-11-06 00:10:00,83.24428514800259,OK
2024-11-06 00:15:00,85.26815477963834,OK
2024-11-06 00:20:00,83.60962089836255,OK
2024-11-06 00:25:00,84.00334436498498,OK
2024-11-06 00:30:00,204.44553123368019,OK
2024-11-06 00:35:00,203.1891617798409,OK
2024-11-06 00:40:00,202.78935963010514,OK
2024-11-06 00:45:00,81.6688483352941,OK
2024-11-06 00:50:00,85.95779389294142,OK
2024-11-06 00:55:00,81.88542368447996,OK
2024-11-06 01:00:00,85.06968027612808,OK
2024-11-06 01:05:00,84.07966476971274,OK
2024-11-06 01:10:00,83.47946679545032,OK
2024-11-06 01:15:00,81.37385961046975,OK
2024-11-06 01:20:00,82.75643250200599,OK
2024-11-06 01:25:00,81.71783773794348,OK
2024-11-06 01:30:00,82.3788190079014,OK
2024-11-06 01:35:00,81.82423750823531,OK
2024-11-06 01:40:00,79.47178090203606,OK
2024-11-06 01:45:00,83.09344222404039,OK
2024-11-06 01:50:00,81.1816479336271,OK
2024-11-06 01:55:00,80.50135051741543,OK
2024-11-06 02:00:00,80.32192028136062,OK
2024-11-06 02:05:00,81.24460072059712,OK
2024-11-06 02:10:00,79.23424348318034,OK
2024-11-06 02:15:00,77.1020430961829,OK
2024-11-06 02:20:00,79.96047375245946,OK
2024-11-06 02:25:00,192.97402192296747,OK
2024-11-06 02:30:00,191.16057796379044,OK
2024-11-06 02:35:00,189.19148522415387,OK
2024-11-06 02:40:00,78.60847654670106,OK
2024-11-06 02:45:00,76.13608483902726,OK
2024-11-06 02:50:00,76.4432374074185,OK
2024-11-06 02:55:00,76.56158716785504,OK
2024-11-06 03:00:00,78.66114051847808,OK
2024-11-06 03:05:00,76.75691038257435,OK
2024-11-06 03:10:00,76.40875056095784,OK
2024-11-06 03:15:00,79.45899135106588,OK
2024-11-06 03:20:00,188.96881662558744,OK
2024-11-06 03:25:00,188.78968815620175,OK
2024-11-06 03:30:00,187.1106531330956,OK
2024-11-06 03:35:00,75.86590779392361,OK
2024-11-06 03:40:00,73.8970059833094,OK
2024-11-06 03:45:00,77.47180597761133,OK
2024-11-06 03:50:00,76.82140357033711,OK
2024-11-06 03:55:00,75.70189328504581,OK
2024-11-06 04:00:00,75.6677802509611,OK
2024-11-06 04:05:00,76.63124728141835,OK
2024-11-06 04:10:00,73.62832454667004,OK
2024-11-06 04:15:00,74.67277641394378,OK
2024-11-06 04:20:00,73.803846675808,OK
2024-11-06 04:25:00,77.0669748829901,OK
2024-11-06 04:30:00,75.81408075470499,OK
2024-11-06 04:35:00,71.83841875398195,OK
2024-11-06 04:40:00,72.61987571673295,OK
2024-11-06 04:45:00,74.0217905499656,OK
2024-11-06 04:50:00,73.63846432794818,OK
2024-11-06 04:55:00,72.36404786342015,OK
2024-11-06 05:00:00,76.15406347361076,OK
2024-11-06 05:05:00,74.0173108397845,OK
2024-11-06 05:10:00,74.35442936831784,OK
2024-11-06 05:15:00,72.94723468850984,OK
2024-11-06 05:20:00,74.57038952517848,OK
2024-11-06 05:25:00,73.27538002865434,OK
2024-11-06 05:30:00,73.04008075451452,OK
2024-11-06 05:35:00,74.07830533548346,OK
2024-11-06 05:40:00,71.66904027855765,OK
2024-11-06 05:45:00,75.54957746604997,OK
2024-11-06 05:50:00,73.83626984933191,OK
2024-11-06 05:55:00,75.23872963737516,OK
2024-11-06 06:00:00,72.53350400245114,OK
2024-11-06 06:05:00,72.42119294961395,OK
2024-11-06 06:10:00,71.89532773304599,OK
2024-11-06 06:15:00,73.63275517261786,OK
2024-11-06 06:20:00,73.3252517422034,OK
2024-11-06 06:25:00,72.912596032052,OK
2024-11-06 06:30:00,72.24033286045938,OK
2024-11-06 06:35:00,71.68948536933358,OK
2024-11-06 06:40:00,72.99915585836851,OK
2024-11-06 06:45:00,72.14019798929321,OK
2024-11-06 06:50:00,71.89836512228484,OK
2024-11-06 06:55:00,74.60792156540772,OK
2024-11-06 07:00:00,72.65404796244033,OK
2024-11-06 07:05:00,74.51261202544204,OK
2024-11-06 07:10:00,72.60398467558461,OK
2024-11-06 07:15:00,73.59427768505871,OK
2024-11-06 07:20:00,73.00246098092863,OK
2024-11-06 07:25:00,71.22844706891676,OK
2024-11-06 07:30:00,184.67329654521814,OK
2024-11-06 07:35:00,181.89001690592764,OK
2024-11-06 07:40:00,184.08787784116197,OK
2024-11-06 07:45:00,72.88351130431522,OK
2024-11-06 07:50:00,74.01184467764416,OK
2024-11-06 07:55:00,73.147920394319,OK
2024-11-06 08:00:00,75.9359214946075,OK
2024-11-06 08:05:00,74.6935454766695,OK
2024-11-06 08:10:00,74.76137541891738,OK
2024-11-06 08:15:00,76.34484549371396,OK
2024-11-06 08:20:00,76.21133284365919,OK
2024-11-06 08:25:00,76.02058435553332,OK
2024-11-06 08:30:00,73.56556566041279,OK
2024-11-06 08:35:00,74.59199682584037,OK
2024-11-06 08:40:00,74.59548971512231,OK
2024-11-06 08:45:00,76.84582466879014,OK
2024-11-06 08:50:00,76.0712780811174,OK
2024-11-06 08:55:00,74.23415991871957,OK
2024-11-06 09:00:00,75.96761890485756,OK
2024-11-06 09:05:00,74.63103210424431,OK
2024-11-06 09:10:00,76.34431018136951,OK
2024-11-06 09:15:00,184.1974782714135,OK
2024-11-06 09:20:00,188.7342171261914,OK
2024-11-06 09:25:00,188.7146221235091,OK
2024-11-06 09:30:00,79.12591261637655,OK
2024-11-06 09:35:00,77.93630870064169,OK
2024-11-06 09:40:00,76.48250490005805,OK
2024-11-06 09:45:00,78.35640161048832,OK
2024-11-06 09:50:00,75.98367664052513,OK
2024-11-06 09:55:00,76.72586787774354,OK
2024-11-06 10:00:00,78.49983394751011,OK
2024-11-06 10:05:00,75.6913644522048,OK
2024-11-06 10:10:00,190.96973731829064,OK
2024-11-06 10:15:00,189.12144571196708,OK
2024-11-06 10:20:00,191.5536307656146,OK
2024-11-06 10:25:00,77.45010393319886,OK
2024-11-06 10:30:00,79.3849322548266,OK
2024-11-06 10:35:00,79.16389250835495,OK
2024-11-06 10:40:00,81.26996639129541,OK
2024-11-06 10:45:00,79.53554823432033,OK
2024-11-06 10:50:00,78.83732803178954,OK
2024-11-06 10:55:00,79.71980329900929,OK
2024-11-06 11:00:00,78.67286842352134,OK
2024-11-06 11:05:00,195.78492343628096,OK
2024-11-06 11:10:00,196.23561305142798,OK
2024-11-06 11:15:00,200.22276825879888,OK
2024-11-06 11:20:00,80.23815706968209,OK
2024-11-06 11:25:00,81.12549078024217,OK
2024-11-06 11:30:00,80.66283274515618,OK
2024-11-06 11:35:00,81.99364603442619,OK
2024-11-06 11:40:00,82.68423686159642,OK
2024-11-06 11:45:00,82.39108391636294,OK
2024-11-06 11:50:00,84.2206132978059,OK
2024-11-06 11:55:00,82.22006731153898,OK
2024-11-06 12:00:00,84.53481319202471,OK
2024-11-06 12:05:00,83.9842210227212,OK
2024-11-06 12:10:00,199.59574378273774,OK
2024-11-06 12:15:00,199.7655677744386,OK
2024-11-06 12:20:00,205.69314736771278,OK
2024-11-06 12:25:00,82.93685058168754,OK
2024-11-06 12:30:00,84.42431921557578,OK
2024-11-06 12:35:00,83.13735061689046,OK
2024-11-06 12:40:00,86.66104851545452,OK
2024-11-06 12:45:00,85.66416983803255,OK
2024-11-06 12:50:00,83.99536361781938,OK
2024-11-06 12:55:00,85.88942696456347,OK
2024-11-06 13:00:00,85.8966050945836,OK
2024-11-06 13:05:00,85.21622428316869,OK
2024-11-06 13:10:00,87.41673345774399,OK
2024-11-06 13:15:00,87.03799501707911,OK
2024-11-06 13:20:00,87.08156445159611,OK
2024-11-06 13:25:00,87.21228233176294,OK
2024-11-06 13:30:00,88.32060767414514,OK
2024-11-06 13:35:00,208.35766642835694,OK
2024-11-06 13:40:00,208.390242203262,OK
2024-11-06 13:45:00,207.8027352424236,OK
2024-11-06 13:50:00,91.1046503013228,OK
2024-11-06 13:55:00,87.77561131124637,OK
2024-11-06 14:00:00,89.95009946891513,OK
2024-11-06 14:05:00,89.15443572282378,OK
2024-11-06 14:10:00,92.22883181800944,OK
2024-11-06 14:15:00,88.89775775885953,OK
2024-11-06 14:20:00,89.36176137678541,OK
2024-11-06 14:25:00,89.31012866453602,OK
2024-11-06 14:30:00,91.15601915044941,OK
2024-11-06 14:35:00,89.23079082141783,OK
2024-11-06 14:40:00,91.15611819051148,OK
2024-11-06 14:45:00,88.85578306184381,OK
2024-11-06 14:50:00,92.32919067826907,OK
2024-11-06 14:55:00,91.42840460664911,OK
2024-11-06 15:00:00,90.42703044532375,OK
2024-11-06 15:05:00,94.11009105530661,OK
2024-11-06 15:10:00,91.23094076503878,OK
2024-11-06 15:15:00,94.48125029360155,OK
2024-11-06 15:20:00,216.79681835976115,OK
2024-11-06 15:25:00,222.53049458335516,OK
2024-11-06 15:30:00,220.26931552993005,OK
2024-11-06 15:35:00,92.91674461435088,OK
2024-11-06 15:40:00,93.28670330500404,OK
2024-11-06 15:45:00,95.72574821225656,OK
2024-11-06 15:50:00,94.49755864708224,OK
2024-11-06 15:55:00,94.64336155747473,OK
2024-11-06 16:00:00,96.80254155716437,OK
2024-11-06 16:05:00,94.19255923907458,OK
2024-11-06 16:10:00,95.53693944260115,OK
2024-11-06 16:15:00,97.05926616145634,OK
2024-11-06 16:20:00,96.68114510420945,OK
2024-11-06 16:25:00,95.65801702661128,OK
2024-11-06 16:30:00,95.60763543688536,OK
2024-11-06 16:35:00,93.71283107702682,OK
2024-11-06 16:40:00,94.4931604496425,OK
2024-11-06 16:45:00,96.5700956544452,OK
2024-11-06 16:50:00,95.61354858966187,OK
2024-11-06 16:55:00,96.11447302724206,OK
2024-11-06 17:00:00,97.26072924682701,OK
2024-11-06 17:05:00,94.30136864923111,OK
2024-11-06 17:10:00,95.6525090434598,OK
2024-11-06 17:15:00,96.51177130960028,OK
2024-11-06 17:20:00,95.31653178610321,OK
2024-11-06 17:25:00,98.18464210707694,OK
2024-11-06 17:30:00,97.41883170784497,OK
2024-11-06 17:35:00,96.83619334883323,OK
2024-11-06 17:40:00,99.04732726425728,OK
2024-11-06 17:45:00,94.47313733658093,OK
2024-11-06 17:50:00,96.49265521653663,OK
2024-11-06 17:55:00,96.73998704908996,OK
2024-11-06 18:00:00,95.06012960626174,OK
2024-11-06 18:05:00,96.4113174332345,OK
2024-11-06 18:10:00,94.6128163955993,OK
2024-11-06 18:15:00,97.08520047351631,OK
2024-11-06 18:20:00,98.00138001281094,OK
2024-11-06 18:25:00,96.692519047884,OK
2024-11-06 18:30:00,93.735317167602,OK
2024-11-06 18:35:00,95.22107963146227,OK
2024-11-06 18:40:00,97.4910404529011,OK
2024-11-06 18:45:00,96.5623779350447,OK
2024-11-06 18:50:00,92.83666675407638,OK
2024-11-06 18:55:00,98.15880796017841,OK
2024-11-06 19:00:00,96.6085057800896,OK
2024-11-06 19:05:00,95.09301127411982,OK
2024-11-06 19:10:00,97.48024553424102,OK
2024-11-06 19:15:00,94.80682742053783,OK
2024-11-06 19:20:00,94.71655283219256,OK
2024-11-06 19:25:00,96.1216935576771,OK
2024-11-06 19:30:00,97.92549403169913,OK
2024-11-06 19:35:00,97.29805619259655,OK
2024-11-06 19:40:00,95.61496797628192,OK
2024-11-06 19:45:00,95.68922544894542,OK
2024-11-06 19:50:00,95.87315414074412,OK
2024-11-06 19:55:00,217.29356392690872,OK
2024-11-06 20:00:00,220.70584678332034,OK
2024-11-06 20:05:00,217.10955806413574,OK
2024-11-06 20:10:00,94.03311918712433,OK
2024-11-06 20:15:00,93.34564229152316,OK
2024-11-06 20:20:00,94.05036637526241,OK
2024-11-06 20:25:00,93.46903093999312,OK
2024-11-06 20:30:00,88.92505824532039,OK
2024-11-06 20:35:00,93.13516388048917,OK
2024-11-06 20:40:00,93.54576286170615,OK
2024-11-06 20:45:00,93.23802509593799,OK
2024-11-06 20:50:00,92.20631200904667,OK
2024-11-06 20:55:00,94.07936024586239,OK
2024-11-06 21:00:00,215.03807857759205,OK
2024-11-06 21:05:00,214.76706425006174,OK
2024-11-06 21:10:00,215.30157710413462,OK
2024-11-06 21:15:00,91.02005348550372,OK
2024-11-06 21:20:00,89.04348630550541,OK
2024-11-06 21:25:00,87.19278371519422,OK
2024-11-06 21:30:00,89.25211215286006,OK
2024-11-06 21:35:00,90.69403742509778,OK
2024-11-06 21:40:00,88.78748501664023,OK
2024-11-06 21:45:00,89.9878131167877,OK
2024-11-06 21:50:00,88.90450221521677,OK
2024-11-06 21:55:00,89.7654454547504,OK
2024-11-06 22:00:00,87.47254358530186,OK
2024-11-06 22:05:00,88.54156809627538,OK
2024-11-06 22:10:00,88.2590116313017,OK
2024-11-06 22:15:00,210.31845901004377,OK
2024-11-06 22:20:00,203.4043403185455,OK
2024-11-06 22:25:00,205.49931735059243,OK
2024-11-06 22:30:00,87.74880646276804,OK
2024-11-06 22:35:00,88.01060158325738,OK
2024-11-06 22:40:00,86.14693029431507,OK
2024-11-06 22:45:00,85.16943779914152,OK
2024-11-06 22:50:00,86.08921219361032,OK
2024-11-06 22:55:00,85.98165253102466,OK
2024-11-06 23:00:00,84.02899258108955,OK
2024-11-06 23:05:00,84.55511303765729,OK
2024-11-06 23:10:00,85.47412601847759,OK
2024-11-06 23:15:00,85.89167383451715,OK
2024-11-06 23:20:00,201.43727041092984,OK
2024-11-06 23:25:00,199.0854851973743,OK
2024-11-06 23:30:00,198.19188680184212,OK
2024-11-06 23:35:00,83.21559812209064,OK
2024-11-06 23:40:00,82.26451227397371,OK
2024-11-06 23:45:00,82.39049325298744,OK
2024-11-06 23:50:00,80.387612129269,OK
2024-11-06 23:55:00,83.00354065276427,OK
2024-11-07 00:00:00,79.66446168515371,OK
2024-11-07 00:05:00,80.2844428682346,OK
2024-11-07 00:10:00,80.66114448192016,OK
2024-11-07 00:15:00,82.77077892412805,OK
2024-11-07 00:20:00,79.4254448361952,OK
2024-11-07 00:25:00,78.62535825499012,OK
2024-11-07 00:30:00,78.41932965113111,OK
2024-11-07 00:35:00,195.33573434046076,OK
2024-11-07 00:40:00,185.50067779849698,OK
2024-11-07 00:45:00,188.5670244837693,OK
2024-11-07 00:50:00,81.21415997927859,OK
2024-11-07 00:55:00,78.30073194948388,OK
2024-11-07 01:00:00,75.89511886487196,OK
2024-11-07 01:05:00,77.17274108882935,OK
2024-11-07 01:10:00,77.13080662800476,OK
2024-11-07 01:15:00,77.63233492263394,OK
2024-11-07 01:20:00,78.71087938977811,OK
2024-11-07 01:25:00,76.55496991290481,OK
2024-11-07 01:30:00,75.08970553014161,OK
2024-11-07 01:35:00,76.51366710145517,OK
2024-11-07 01:40:00,74.39231389056485,OK
2024-11-07 01:45:00,73.88804691074203,OK
2024-11-07 01:50:00,72.6667113138291,OK
2024-11-07 01:55:00,72.58085808962373,OK
2024-11-07 02:00:00,73.06048990463538,OK
2024-11-07 02:05:00,72.4178651845337,OK
2024-11-07 02:10:00,74.15519477527349,OK
2024-11-07 02:15:00,72.21839716319738,OK
2024-11-07 02:20:00,69.95211558264357,OK
2024-11-07 02:25:00,72.578564974044,OK
2024-11-07 02:30:00,72.90421704937255,OK
2024-11-07 02:35:00,72.5531677030178,OK
2024-11-07 02:40:00,74.73111311739896,OK
2024-11-07 02:45:00,71.86208246225166,OK
2024-11-07 02:50:00,73.36340988927594,OK
2024-11-07 02:55:00,71.9452466019069,OK
2024-11-07 03:00:00,71.58103615274054,OK
2024-11-07 03:05:00,70.44545828113526,OK
2024-11-07 03:10:00,71.0128788379092,OK
2024-11-07 03:15:00,70.13605834174128,OK
2024-11-07 03:20:00,70.94186456217524,OK
2024-11-07 03:25:00,70.71578489089512,OK
2024-11-07 03:30:00,69.6620211362725,OK
2024-11-07 03:35:00,71.80813333559485,OK
2024-11-07 03:40:00,70.803322499748,OK
2024-11-07 03:45:00,69.88250412218231,OK
2024-11-07 03:50:00,70.60882357721985,OK
2024-11-07 03:55:00,70.25096392467918,OK
2024-11-07 04:00:00,69.01035074688058,OK
2024-11-07 04:05:00,70.01931553499806,OK
2024-11-07 04:10:00,68.93110134402494,OK
2024-11-07 04:15:00,68.65404306388207,OK
2024-11-07 04:20:00,67.87650840156192,OK
2024-11-07 04:25:00,69.26334277451711,OK
2024-11-07 04:30:00,69.8977243805277,OK
2024-11-07 04:35:00,68.1929809102026,OK
2024-11-07 04:40:00,71.97878070442503,OK
2024-11-07 04:45:00,70.14797722251735,OK
2024-11-07 04:50:00,70.72620091730266,OK
2024-11-07 04:55:00,69.82639716715765,OK
2024-11-07 05:00:00,71.04796714113641,OK
2024-11-07 05:05:00,68.04826140927489,OK
2024-11-07 05:10:00,65.71292457922841,OK
2024-11-07 05:15:00,68.10383641600562,OK
2024-11-07 05:20:00,69.26963565506352,OK
2024-11-07 05:25:00,68.71479688126288,OK
2024-11-07 05:30:00,68.56082482560029,OK
2024-11-07 05:35:00,69.70625992760047,OK
2024-11-07 05:40:00,68.54391931697835,OK
2024-11-07 05:45:00,68.99227534387593,OK
2024-11-07 05:50:00,66.88807017242037,OK
2024-11-07 05:55:00,66.64156102265297,OK
2024-11-07 06:00:00,69.7793663651545,OK
2024-11-07 06:05:00,68.0882616122951,OK
2024-11-07 06:10:00,67.219294724764,OK
2024-11-07 06:15:00,67.18054733098653,OK
2024-11-07 06:20:00,67.18452306050763,OK
2024-11-07 06:25:00,66.87090833478626,OK
2024-11-07 06:30:00,66.31176028210616,OK
2024-11-07 06:35:00,66.10109703484963,OK
2024-11-07 06:40:00,67.65471548837198,OK
2024-11-07 06:45:00,67.38162417035998,OK
2024-11-07 06:50:00,69.12954805044853,OK
2024-11-07 06:55:00,67.96185923658004,OK
2024-11-07 07:00:00,68.03502431045855,OK
2024-11-07 07:05:00,66.94019785047934,OK
2024-11-07 07:10:00,67.75902299138404,OK
2024-11-07 07:15:00,68.33337223341022,OK
2024-11-07 07:20:00,68.9291418082294,OK
2024-11-07 07:25:00,68.21394376037524,OK
2024-11-07 07:30:00,69.74847387997413,OK
2024-11-07 07:35:00,68.56434514725639,OK
2024-11-07 07:40:00,69.28295461316495,OK
2024-11-07 07:45:00,68.01405293977515,OK
2024-11-07 07:50:00,66.77519447460527,OK
2024-11-07 07:55:00,69.40628425448642,OK
2024-11-07 08:00:00,69.94195667173976,OK
2024-11-07 08:05:00,69.9974529266687,OK
2024-11-07 08:10:00,70.08117155987189,OK
2024-11-07 08:15:00,69.54651530045658,OK
2024-11-07 08:20:00,69.03012003683014,OK
2024-11-07 08:25:00,70.74380283997114,OK
2024-11-07 08:30:00,70.86300651738078,OK
2024-11-07 08:35:00,69.8702741814888,OK
2024-11-07 08:40:00,71.84462173016225,OK
2024-11-07 08:45:00,69.7245680839233,OK
2024-11-07 08:50:00,70.33529035252248,OK
2024-11-07 08:55:00,73.16337730217084,OK
2024-11-07 09:00:00,72.46532466949631,OK
2024-11-07 09:05:00,71.15834774804742,OK
2024-11-07 09:10:00,72.33639995475097,OK
2024-11-07 09:15:00,72.24153147572342,OK
2024-11-07 09:20:00,68.92540603946071,OK
2024-11-07 09:25:00,71.29812272745242,OK
2024-11-07 09:30:00,72.65545587704996,OK
2024-11-07 09:35:00,72.27917752710383,OK
2024-11-07 09:40:00,73.02102767939064,OK
2024-11-07 09:45:00,73.99472565785699,OK
2024-11-07 09:50:00,72.48333707001464,OK
2024-11-07 09:55:00,71.66406380833324,OK
2024-11-07 10:00:00,73.48783506379279,OK
2024-11-07 10:05:00,73.03772115119467,OK
2024-11-07 10:10:00,73.38141181387996,OK
2024-11-07 10:15:00,73.4913910076328,OK
2024-11-07 10:20:00,187.39129982135802,OK
2024-11-07 10:25:00,179.24197993011512,OK
2024-11-07 10:30:00,183.43261462093577,OK
2024-11-07 10:35:00,74.84602986338285,OK
2024-11-07 10:40:00,74.13163192275351,OK
2024-11-07 10:45:00,76.5907103608162,OK
2024-11-07 10:50:00,76.8051828566218,OK
2024-11-07 10:55:00,75.79894915322491,OK
2024-11-07 11:00:00,75.88960134266485,OK
2024-11-07 11:05:00,76.18104451914813,OK
2024-11-07 11:10:00,76.6737424075342,OK
2024-11-07 11:15:00,77.13309119903319,OK
2024-11-07 11:20:00,77.31346194809149,OK
2024-11-07 11:25:00,78.1539818690252,OK
2024-11-07 11:30:00,79.01695641711224,OK
2024-11-07 11:35:00,76.94436244878224,OK
2024-11-07 11:40:00,77.38228480394488,OK
2024-11-07 11:45:00,76.83327825536108,OK
2024-11-07 11:50:00,194.52103984048088,OK
2024-11-07 11:55:00,193.62082759713016,OK
2024-11-07 12:00:00,194.46975948995618,OK
2024-11-07 12:05:00,78.09872286926917,OK
2024-11-07 12:10:00,82.2373936882277,OK
2024-11-07 12:15:00,79.22190907213778,OK
2024-11-07 12:20:00,80.5906560103023,OK
2024-11-07 12:25:00,82.02764803379337,OK
2024-11-07 12:30:00,80.21653923919283,OK
2024-11-07 12:35:00,80.79120981785282,OK
2024-11-07 12:40:00,82.1047736508798,OK
2024-11-07 12:45:00,204.0605626604137,OK
2024-11-07 12:50:00,199.14502953527682,OK
2024-11-07 12:55:00,202.38013057199538,OK
2024-11-07 13:00:00,84.38474456914301,OK
2024-11-07 13:05:00,83.63492398394288,OK
2024-11-07 13:10:00,82.00901743654357,OK
2024-11-07 13:15:00,84.93491158811831,OK
2024-11-07 13:20:00,81.68625224412493,OK
2024-11-07 13:25:00,86.0156151565304,OK
2024-11-07 13:30:00,84.64930062034765,OK
2024-11-07 13:35:00,81.1493553021325,OK
2024-11-07 13:40:00,84.1732063812387,OK
2024-11-07 13:45:00,85.3625830979902,OK
2024-11-07 13:50:00,84.43218192830024,OK
2024-11-07 13:55:00,85.8232657150301,OK
2024-11-07 14:00:00,83.80712111555592,OK
2024-11-07 14:05:00,83.54753533681802,OK
2024-11-07 14:10:00,85.31100041882655,OK
2024-11-07 14:15:00,85.51320349795836,OK
2024-11-07 14:20:00,85.17389102353505,OK
2024-11-07 14:25:00,207.31379893316034,OK
2024-11-07 14:30:00,203.56601573973612,OK
2024-11-07 14:35:00,206.38365712671646,OK
2024-11-07 14:40:00,87.01569786231192,OK
2024-11-07 14:45:00,84.9383267024656,OK
2024-11-07 14:50:00,85.47182777436323,OK
2024-11-07 14:55:00,87.4471516543925,OK
2024-11-07 15:00:00,90.17530782222084,OK
2024-11-07 15:05:00,88.61201388250105,OK
2024-11-07 15:10:00,85.67420660110184,OK
2024-11-07 15:15:00,84.16431644519795,OK
2024-11-07 15:20:00,210.71142306566662,OK
2024-11-07 15:25:00,208.41232503853485,OK
2024-11-07 15:30:00,211.7401437272243,OK
2024-11-07 15:35:00,87.1057001039157,OK
2024-11-07 15:40:00,88.79415462674308,OK
2024-11-07 15:45:00,89.79647768174945,OK
2024-11-07 15:50:00,88.20378106774835,OK
2024-11-07 15:55:00,88.14547569509098,OK
2024-11-07 16:00:00,88.71041195346552,OK
2024-11-07 16:05:00,89.71956386896798,OK
2024-11-07 16:10:00,88.8027500132414,OK
2024-11-07 16:15:00,90.4431227566717,OK
2024-11-07 16:20:00,88.66839288689631,OK
2024-11-07 16:25:00,87.45541729139286,OK
2024-11-07 16:30:00,91.85365037359934,OK
2024-11-07 16:35:00,88.37318999793425,OK
2024-11-07 16:40:00,88.67782677733766,OK
2024-11-07 16:45:00,89.5708751023105,OK
2024-11-07 16:50:00,89.55220693224858,OK
2024-11-07 16:55:00,88.97583320022669,OK
2024-11-07 17:00:00,89.4028875448978,OK
2024-11-07 17:05:00,211.25689139046597,OK
2024-11-07 17:10:00,211.43407774470333,OK
2024-11-07 17:15:00,206.66951963244287,OK
2024-11-07 17:20:00,92.47523088373833,OK
2024-11-07 17:25:00,89.62719867814938,OK
2024-11-07 17:30:00,90.52551782748671,OK
2024-11-07 17:35:00,87.84183477663328,OK
2024-11-07 17:40:00,88.85541461180662,OK
2024-11-07 17:45:00,88.63481385796345,OK
2024-11-07 17:50:00,91.28723753492739,OK
2024-11-07 17:55:00,88.20977724957292,OK
2024-11-07 18:00:00,89.9286622112492,OK
2024-11-07 18:05:00,87.76941288641643,OK
2024-11-07 18:10:00,208.17706894867885,OK
2024-11-07 18:15:00,208.3233178244728,OK
2024-11-07 18:20:00,211.27681778336543,OK
2024-11-07 18:25:00,86.01095710924939,OK
2024-11-07 18:30:00,86.74046804498072,OK
2024-11-07 18:35:00,85.92361052010027,OK
2024-11-07 18:40:00,86.70605365065853,OK
2024-11-07 18:45:00,86.9094389957543,OK
2024-11-07 18:50:00,85.84624229410475,OK
2024-11-07 18:55:00,86.76193068922488,OK
2024-11-07 19:00:00,85.18304941379391,OK
2024-11-07 19:05:00,205.27293208831296,OK
2024-11-07 19:10:00,209.72542171318403,OK
2024-11-07 19:15:00,207.71052246562252,OK
2024-11-07 19:20:00,87.40694123803627,OK
2024-11-07 19:25:00,85.65453612546598,OK
2024-11-07 19:30:00,84.81852457837564,OK
2024-11-07 19:35:00,85.185977544501,OK
2024-11-07 19:40:00,86.37241321891555,OK
2024-11-07 19:45:00,87.52199613794313,OK
2024-11-07 19:50:00,87.48123260336187,OK
2024-11-07 19:55:00,86.98102417918754,OK
2024-11-07 20:00:00,84.99941969219886,OK
2024-11-07 20:05:00,85.97707387379519,OK
2024-11-07 20:10:00,85.34407015914682,OK
2024-11-07 20:15:00,85.29766940844225,OK
2024-11-07 20:20:00,88.06777192457771,OK
2024-11-07 20:25:00,83.27020341246576,OK
2024-11-07 20:30:00,202.6432376207511,OK
2024-11-07 20:35:00,205.5834922278784,OK
2024-11-07 20:40:00,199.14199355422986,OK
2024-11-07 20:45:00,83.64789609353683,OK
2024-11-07 20:50:00,83.8685796673174,OK
2024-11-07 20:55:00,84.1520003255965,OK
2024-11-07 21:00:00,82.23307598809288,OK
2024-11-07 21:05:00,84.74783751605511,OK
2024-11-07 21:10:00,84.6415162685494,OK
2024-11-07 21:15:00,84.1909341055271,OK
2024-11-07 21:20:00,82.09494241609532,OK
2024-11-07 21:25:00,83.05327882940645,OK
2024-11-07 21:30:00,196.97727767999766,OK
2024-11-07 21:35:00,197.5197087936384,OK
2024-11-07 21:40:00,202.00090350288258,OK
2024-11-07 21:45:00,81.73975294528553,OK
2024-11-07 21:50:00,79.95900809260702,OK
2024-11-07 21:55:00,81.53750266386456,OK
2024-11-07 22:00:00,79.4160988423796,OK
2024-11-07 22:05:00,79.52555810900654,OK
2024-11-07 22:10:00,79.49948705307565,OK
2024-11-07 22:15:00,80.06819043735983,OK
2024-11-07 22:20:00,81.60897314700364,OK
2024-11-07 22:25:00,80.8948741334029,OK
2024-11-07 22:30:00,80.4914865970064,OK
2024-11-07 22:35:00,78.56623384839598,OK
2024-11-07 22:40:00,78.94055995608683,OK
2024-11-07 22:45:00,79.59830796252807,OK
2024-11-07 22:50:00,78.29423356060161,OK
2024-11-07 22:55:00,78.51479850540032,OK
2024-11-07 23:00:00,191.78729681227324,OK
2024-11-07 23:05:00,190.05538081055437,OK
2024-11-07 23:10:00,190.713299866602,OK
2024-11-07 23:15:00,79.57580632959585,OK
2024-11-07 23:20:00,77.31696758523454,OK
2024-11-07 23:25:00,78.82418727987813,OK
2024-11-07 23:30:00,77.59952305824696,OK
2024-11-07 23:35:00,75.13221624594969,OK
2024-11-07 23:40:00,75.42029142092612,OK
2024-11-07 23:45:00,75.48786267972346,OK
2024-11-07 23:50:00,75.44685846109506,OK
2024-11-07 23:55:00,76.14504808239089,OK
2024-11-08 00:00:00,187.76125971265634,OK
2024-11-08 00:05:00,188.37273569061975,OK
2024-11-08 00:10:00,186.18397470669746,OK
2024-11-08 00:15:00,74.73478252101174,OK
2024-11-08 00:20:00,72.50924470740364,OK
2024-11-08 00:25:00,74.73033375008835,OK
2024-11-08 00:30:00,74.44113375686632,OK
2024-11-08 00:35:00,74.36699967778823,OK
2024-11-08 00:40:00,76.24339206085966,OK
2024-11-08 00:45:00,74.71641713987636,OK
2024-11-08 00:50:00,74.00268470444368,OK
2024-11-08 00:55:00,71.28089591392279,OK
2024-11-08 01:00:00,71.60280593170548,OK
2024-11-08 01:05:00,71.78847758968358,OK
2024-11-08 01:10:00,70.93622093298697,OK
2024-11-08 01:15:00,72.14080591719988,OK
2024-11-08 01:20:00,71.83226791983721,OK
2024-11-08 01:25:00,69.83414533065383,OK
2024-11-08 01:30:00,72.32368316652926,OK
2024-11-08 01:35:00,70.90630949464084,OK
2024-11-08 01:40:00,68.46585807726187,OK
2024-11-08 01:45:00,70.35631758245876,OK
2024-11-08 01:50:00,70.38313343574248,OK
2024-11-08 01:55:00,71.02418605200927,OK
2024-11-08 02:00:00,69.40503299538595,OK
2024-11-08 02:05:00,70.65892686446026,OK
2024-11-08 02:10:00,69.97691347127908,OK
2024-11-08 02:15:00,67.90944857715505,OK
2024-11-08 02:20:00,67.39765366261932,OK
2024-11-08 02:25:00,70.01358155640322,OK
2024-11-08 02:30:00,70.00098569493649,OK
2024-11-08 02:35:00,68.86264292688402,OK
2024-11-08 02:40:00,70.06042239156129,OK
2024-11-08 02:45:00,69.20133902155257,OK
2024-11-08 02:50:00,68.69867270738543,OK
2024-11-08 02:55:00,66.50710474263838,OK
2024-11-08 03:00:00,69.56287221462382,OK
2024-11-08 03:05:00,68.41557647939817,OK
2024-11-08 03:10:00,67.23826058387067,OK
2024-11-08 03:15:00,66.83785463874241,OK
2024-11-08 03:20:00,67.68080284302788,OK
2024-11-08 03:25:00,65.06444764145868,OK
2024-11-08 03:30:00,67.55328761509408,OK
2024-11-08 03:35:00,65.36332721731027,OK
2024-11-08 03:40:00,66.5389006523492,OK
2024-11-08 03:45:00,65.62991837396677,OK
2024-11-08 03:50:00,65.83588164204484,OK
2024-11-08 03:55:00,65.20622946523523,OK
2024-11-08 04:00:00,65.7253659243306,OK
2024-11-08 04:05:00,67.94099724318284,OK
2024-11-08 04:10:00,67.38806022521631,OK
2024-11-08 04:15:00,66.09829490342777,OK
2024-11-08 04:20:00,65.6412534734194,OK
2024-11-08 04:25:00,66.51390219845526,OK
2024-11-08 04:30:00,66.7042866862853,OK
2024-11-08 04:35:00,64.1942495768612,OK
2024-11-08 04:40:00,64.69413236557622,OK
2024-11-08 04:45:00,62.62102487019466,OK
2024-11-08 04:50:00,65.88888412084967,OK
2024-11-08 04:55:00,66.7207701152881,OK
2024-11-08 05:00:00,64.40192111852735,OK
2024-11-08 05:05:00,61.88255786962789,OK
2024-11-08 05:10:00,64.61006170774573,OK
2024-11-08 05:15:00,62.74143996154725,OK
2024-11-08 05:20:00,63.03084410620566,OK
2024-11-08 05:25:00,64.50439986384083,OK
2024-11-08 05:30:00,63.899986068884914,OK
2024-11-08 05:35:00,63.06707854783972,OK
2024-11-08 05:40:00,63.01045843184254,OK
2024-11-08 05:45:00,63.97799646939122,OK
2024-11-08 05:50:00,63.357720190220554,OK
2024-11-08 05:55:00,62.509935526217596,OK
2024-11-08 06:00:00,63.29910952135732,OK
2024-11-08 06:05:00,64.12998614630177,OK
2024-11-08 06:10:00,63.59001741534783,OK
2024-11-08 06:15:00,62.31283753685906,OK
2024-11-08 06:20:00,65.05993569754196,OK
2024-11-08 06:25:00,61.023191475280235,OK
2024-11-08 06:30:00,63.63372294592958,OK
2024-11-08 06:35:00,63.5876026757776,OK
2024-11-08 06:40:00,64.62158040980293,OK
2024-11-08 06:45:00,65.0304713655359,OK
2024-11-08 06:50:00,65.47789977913685,OK
2024-11-08 06:55:00,63.67390384170457,OK
2024-11-08 07:00:00,65.24573891220467,OK
2024-11-08 07:05:00,64.63761304512457,OK
2024-11-08 07:10:00,62.470635594734546,OK
2024-11-08 07:15:00,66.74765555303192,OK
2024-11-08 07:20:00,63.01222942738986,OK
2024-11-08 07:25:00,65.13154360991024,OK
2024-11-08 07:30:00,65.39134638224996,OK
2024-11-08 07:35:00,65.21856298383156,OK
2024-11-08 07:40:00,64.34244552255514,OK
2024-11-08 07:45:00,65.98599122648686,OK
2024-11-08 07:50:00,63.45093583433585,OK
2024-11-08 07:55:00,65.33321329147131,OK
2024-11-08 08:00:00,65.0209278281556,OK
2024-11-08 08:05:00,65.05102301124478,OK
2024-11-08 08:10:00,66.51878575161902,OK
2024-11-08 08:15:00,67.36954176108951,OK
2024-11-08 08:20:00,65.89528700396004,OK
2024-11-08 08:25:00,67.35093106542118,OK
2024-11-08 08:30:00,66.69670000515103,OK
2024-11-08 08:35:00,65.88477316163421,OK
2024-11-08 08:40:00,66.85502125736174,OK
2024-11-08 08:45:00,66.98199180308718,OK
2024-11-08 08:50:00,66.5829847516514,OK
2024-11-08 08:55:00,68.06799579977255,OK
2024-11-08 09:00:00,68.02171665417332,OK
2024-11-08 09:05:00,66.12955326558634,OK
2024-11-08 09:10:00,66.55985296204489,OK
2024-11-08 09:15:00,69.08425396753114,OK
2024-11-08 09:20:00,67.90089515291909,OK
2024-11-08 09:25:00,69.55862775512588,OK
2024-11-08 09:30:00,70.34167094986736,OK
2024-11-08 09:35:00,68.48890346215013,OK
2024-11-08 09:40:00,68.48234137615839,OK
2024-11-08 09:45:00,72.3813011416232,OK
2024-11-08 09:50:00,70.91873063647839,OK
2024-11-08 09:55:00,70.18280043030107,OK
2024-11-08 10:00:00,69.84022317406334,OK
2024-11-08 10:05:00,70.69285160997093,OK
2024-11-08 10:10:00,70.17018466083114,OK
2024-11-08 10:15:00,73.05680673481832,OK
2024-11-08 10:20:00,71.30612731415349,OK
2024-11-08 10:25:00,73.7336337296046,OK
2024-11-08 10:30:00,72.5954520985672,OK
2024-11-08 10:35:00,72.13505746086592,OK
2024-11-08 10:40:00,73.01691341713806,OK
2024-11-08 10:45:00,70.5458655533493,OK
2024-11-08 10:50:00,73.64887428978672,OK
2024-11-08 10:55:00,73.98960708689326,OK
2024-11-08 11:00:00,,MISSING
2024-11-08 11:05:00,72.41268800706032,OK
2024-11-08 11:10:00,76.35447142713774,OK
2024-11-08 11:15:00,76.31954762741528,OK
2024-11-08 11:20:00,76.98849486427558,OK
2024-11-08 11:25:00,75.50115272163652,OK
2024-11-08 11:30:00,77.11226081918062,OK
2024-11-08 11:35:00,74.44574058101843,OK
2024-11-08 11:40:00,77.43900524702578,OK
2024-11-08 11:45:00,75.77074234725205,OK
2024-11-08 11:50:00,75.07555327720922,OK
2024-11-08 11:55:00,186.61698042357511,OK
2024-11-08 12:00:00,189.2222209724773,OK
2024-11-08 12:05:00,187.80801454180346,OK
2024-11-08 12:10:00,78.5360144448712,OK
2024-11-08 12:15:00,76.21901934228356,OK
2024-11-08 12:20:00,76.19745946069325,OK
2024-11-08 12:25:00,81.01922005116309,OK
2024-11-08 12:30:00,81.16257305306465,OK
2024-11-08 12:35:00,78.72862245021297,OK
2024-11-08 12:40:00,80.19823658476908,OK
2024-11-08 12:45:00,81.66717308724695,OK
2024-11-08 12:50:00,81.05526255209357,OK
2024-11-08 12:55:00,80.82131411365206,OK
2024-11-08 13:00:00,197.6322906655702,OK
2024-11-08 13:05:00,194.06059997279752,OK
2024-11-08 13:10:00,196.20329214159463,OK
2024-11-08 13:15:00,81.53418007499474,OK
2024-11-08 13:20:00,81.56141900525586,OK
2024-11-08 13:25:00,81.76539506792619,OK
2024-11-08 13:30:00,82.71919941801237,OK
2024-11-08 13:35:00,82.87763644974227,OK
2024-11-08 13:40:00,82.10912536734638,OK
2024-11-08 13:45:00,84.77631052519794,OK
2024-11-08 13:50:00,82.45928712881297,OK
2024-11-08 13:55:00,83.52176487262032,OK
2024-11-08 14:00:00,83.39557282929448,OK
2024-11-08 14:05:00,84.48972141022956,OK
2024-11-08 14:10:00,81.55688113130596,OK
2024-11-08 14:15:00,85.58058695710949,OK
2024-11-08 14:20:00,84.13721964128158,OK
2024-11-08 14:25:00,206.02828874388777,OK
2024-11-08 14:30:00,203.1259727451096,OK
2024-11-08 14:35:00,204.16818418993168,OK
2024-11-08 14:40:00,88.34328195107359,OK
2024-11-08 14:45:00,85.7244551036777,OK
2024-11-08 14:50:00,87.95336100105183,OK
2024-11-08 14:55:00,86.29978452854935,OK
2024-11-08 15:00:00,86.97626310888239,OK
2024-11-08 15:05:00,86.74108348871397,OK
2024-11-08 15:10:00,87.92961908228317,OK
2024-11-08 15:15:00,85.9974114623108,OK
2024-11-08 15:20:00,85.71789141020007,OK
2024-11-08 15:25:00,86.33040807034928,OK
2024-11-08 15:30:00,207.32636582685578,OK
2024-11-08 15:35:00,207.164453290103,OK
2024-11-08 15:40:00,209.7837442085539,OK
2024-11-08 15:45:00,89.86111094391563,OK
2024-11-08 15:50:00,86.95569218680201,OK
2024-11-08 15:55:00,87.50901974444548,OK
2024-11-08 16:00:00,86.85060353923386,OK
2024-11-08 16:05:00,91.5069996056862,OK
2024-11-08 16:10:00,89.50012018822794,OK
2024-11-08 16:15:00,90.04228906346462,OK
2024-11-08 16:20:00,87.99509838776355,OK
2024-11-08 16:25:00,90.19832822998772,OK
2024-11-08 16:30:00,213.23716476510464,OK
2024-11-08 16:35:00,211.82475929796567,OK
2024-11-08 16:40:00,214.88079335961532,OK
2024-11-08 16:45:00,93.60231182933053,OK
2024-11-08 16:50:00,89.2389603953778,OK
2024-11-08 16:55:00,88.98130929371949,OK
2024-11-08 17:00:00,89.27647283186012,OK
2024-11-08 17:05:00,92.53794000385336,OK
2024-11-08 17:10:00,91.87445139618912,OK
2024-11-08 17:15:00,90.23708524529307,OK
2024-11-08 17:20:00,90.3409870744933,OK
2024-11-08 17:25:00,89.3066620226607,OK
2024-11-08 17:30:00,91.65412721158846,OK
2024-11-08 17:35:00,90.10610947860802,OK
2024-11-08 17:40:00,90.67901594468242,OK
2024-11-08 17:45:00,91.91948150309732,OK
2024-11-08 17:50:00,90.96287658272234,OK
2024-11-08 17:55:00,90.73294061306159,OK
2024-11-08 18:00:00,213.34810845996088,OK
2024-11-08 18:05:00,215.53414606821107,OK
2024-11-08 18:10:00,217.08483134568107,OK
2024-11-08 18:15:00,91.54823864760876,OK
2024-11-08 18:20:00,91.81838303870886,OK
2024-11-08 18:25:00,90.44297479240802,OK
2024-11-08 18:30:00,89.58639888139837,OK
2024-11-08 18:35:00,91.31166358313091,OK
2024-11-08 18:40:00,90.83882674753215,OK
2024-11-08 18:45:00,88.5407897068289,OK
2024-11-08 18:50:00,89.69769277842056,OK
2024-11-08 18:55:00,90.1244754538575,OK
2024-11-08 19:00:00,89.57559565032534,OK
2024-11-08 19:05:00,92.04947724004275,OK
2024-11-08 19:10:00,90.36165137187298,OK
2024-11-08 19:15:00,91.33794925042535,OK
2024-11-08 19:20:00,89.76285968846854,OK
2024-11-08 19:25:00,89.62424794784107,OK
2024-11-08 19:30:00,88.00340779066549,OK
2024-11-08 19:35:00,89.13079383674405,OK
2024-11-08 19:40:00,89.13316080693842,OK
2024-11-08 19:45:00,86.79961233447727,OK
2024-11-08 19:50:00,87.9329548631888,OK
2024-11-08 19:55:00,208.124780478244,OK
2024-11-08 20:00:00,209.54174940111858,OK
2024-11-08 20:05:00,209.46383005803852,OK
2024-11-08 20:10:00,87.40573069975639,OK
2024-11-08 20:15:00,88.72462848046725,OK
2024-11-08 20:20:00,87.3121327256274,OK
2024-11-08 20:25:00,83.53802953758093,OK
2024-11-08 20:30:00,86.48059538251198,OK
2024-11-08 20:35:00,88.31912796588735,OK
2024-11-08 20:40:00,84.62998841521139,OK
2024-11-08 20:45:00,86.90841622796495,OK
2024-11-08 20:50:00,209.21901457728129,OK
2024-11-08 20:55:00,203.878309234819,OK
2024-11-08 21:00:00,204.57302580290755,OK
2024-11-08 21:05:00,83.99299558679927,OK
2024-11-08 21:10:00,87.65632214146144,OK
2024-11-08 21:15:00,85.04724269229561,OK
2024-11-08 21:20:00,85.10904280500557,OK
2024-11-08 21:25:00,86.73799609380413,OK
2024-11-08 21:30:00,85.6418618339046,OK
2024-11-08 21:35:00,82.94471172537152,OK
2024-11-08 21:40:00,82.80653773983177,OK
2024-11-08 21:45:00,84.34894000177934,OK
2024-11-08 21:50:00,82.60001883279604,OK
2024-11-08 21:55:00,194.63999781476002,OK
2024-11-08 22:00:00,198.7996659200218,OK
2024-11-08 22:05:00,195.45543566545305,OK
2024-11-08 22:10:00,84.57381559517765,OK
2024-11-08 22:15:00,82.53660611088542,OK
2024-11-08 22:20:00,80.9959574663878,OK
2024-11-08 22:25:00,81.06845175827908,OK
2024-11-08 22:30:00,79.4358682541051,OK
2024-11-08 22:35:00,80.5402502000124,OK
2024-11-08 22:40:00,83.11987870733729,OK
2024-11-08 22:45:00,84.1541203025003,OK
2024-11-08 22:50:00,82.05142303254473,OK
2024-11-08 22:55:00,195.5591110411601,OK
2024-11-08 23:00:00,194.74440527671982,OK
2024-11-08 23:05:00,193.0861813465735,OK
2024-11-08 23:10:00,83.18479241188525,OK
2024-11-08 23:15:00,80.22862304655952,OK
2024-11-08 23:20:00,83.2840038149509,OK
2024-11-08 23:25:00,81.97763289981958,OK
2024-11-08 23:30:00,77.7102496089164,OK
2024-11-08 23:35:00,78.73181521117058,OK
2024-11-08 23:40:00,78.38590219381973,OK
2024-11-08 23:45:00,78.71230242304271,OK
2024-11-08 23:50:00,190.28592091012428,OK
2024-11-08 23:55:00,195.84362592669873,OK
2024-11-09 00:00:00,187.28173693187296,OK
2024-11-09 00:05:00,77.51719672255228,OK
2024-11-09 00:10:00,78.0326640435965,OK
2024-11-09 00:15:00,77.01018011897395,OK
2024-11-09 00:20:00,77.08558972230907,OK
2024-11-09 00:25:00,75.452005731813,OK
2024-11-09 00:30:00,76.72819329151827,OK
2024-11-09 00:35:00,77.00898437334617,OK
2024-11-09 00:40:00,76.73670651529629,OK
2024-11-09 00:45:00,76.78582940032125,OK
2024-11-09 00:50:00,189.1997507901416,OK
2024-11-09 00:55:00,187.8918198656211,OK
2024-11-09 01:00:00,185.63768021481957,OK
2024-11-09 01:05:00,73.81197539232753,OK
2024-11-09 01:10:00,74.5963808483591,OK
2024-11-09 01:15:00,74.77160088033516,OK
2024-11-09 01:20:00,75.16490200687007,OK
2024-11-09 01:25:00,74.2301157110589,OK
2024-11-09 01:30:00,73.6130491294518,OK
2024-11-09 01:35:00,73.0768526367682,OK
2024-11-09 01:40:00,71.93589249980472,OK
2024-11-09 01:45:00,73.481743854687,OK
2024-11-09 01:50:00,71.44931347563714,OK
2024-11-09 01:55:00,72.0052114291983,OK
2024-11-09 02:00:00,72.53552330500449,OK
2024-11-09 02:05:00,71.3456291251185,OK
2024-11-09 02:10:00,73.04470397358142,OK
2024-11-09 02:15:00,73.03326982988177,OK
2024-11-09 02:20:00,71.32924849115894,OK
2024-11-09 02:25:00,71.25558200490447,OK
2024-11-09 02:30:00,72.14111525737259,OK
2024-11-09 02:35:00,70.4756751456123,OK
2024-11-09 02:40:00,70.6097513329321,OK
2024-11-09 02:45:00,72.89502252184538,OK
2024-11-09 02:50:00,72.49235324383298,OK
2024-11-09 02:55:00,72.09913327499014,OK
2024-11-09 03:00:00,72.52633279855073,OK
2024-11-09 03:05:00,68.89695935796962,OK
2024-11-09 03:10:00,72.35848667611211,OK
2024-11-09 03:15:00,71.02540383184228,OK
2024-11-09 03:20:00,71.71697047797974,OK
2024-11-09 03:25:00,70.68132515463039,OK
2024-11-09 03:30:00,70.10684777168224,OK
2024-11-09 03:35:00,69.48040536873137,OK
2024-11-09 03:40:00,70.31178795145888,OK
2024-11-09 03:45:00,69.48749798248114,OK
2024-11-09 03:50:00,70.83637585665933,OK
2024-11-09 03:55:00,67.92703072281893,OK
2024-11-09 04:00:00,69.01744459166132,OK
2024-11-09 04:05:00,71.97107876569889,OK
2024-11-09 04:10:00,68.54759674763423,OK
2024-11-09 04:15:00,68.57713286547555,OK
2024-11-09 04:20:00,67.74960363269123,OK
2024-11-09 04:25:00,69.11645377368411,OK
2024-11-09 04:30:00,67.95146205496349,OK
2024-11-09 04:35:00,68.73080346558912,OK
2024-11-09 04:40:00,70.08521211731382,OK
2024-11-09 04:45:00,68.05809913819037,OK
2024-11-09 04:50:00,69.66928650499254,OK
2024-11-09 04:55:00,69.71163142191172,OK
2024-11-09 05:00:00,70.29083477095371,OK
2024-11-09 05:05:00,69.37809748495953,OK
2024-11-09 05:10:00,73.15066439920449,OK
2024-11-09 05:15:00,70.45919680219436,OK
2024-11-09 05:20:00,69.43507959578324,OK
2024-11-09 05:25:00,68.11486566452744,OK
2024-11-09 05:30:00,68.83381207044425,OK
2024-11-09 05:35:00,70.55877805555563,OK
2024-11-09 05:40:00,70.85703102341577,OK
2024-11-09 05:45:00,70.80508500254278,OK
2024-11-09 05:50:00,69.93214264974598,OK
2024-11-09 05:55:00,67.20488130635609,OK
2024-11-09 06:00:00,69.3061549268018,OK
2024-11-09 06:05:00,67.20751017969387,OK
2024-11-09 06:10:00,66.94459744658421,OK
2024-11-09 06:15:00,68.95536302233684,OK
2024-11-09 06:20:00,69.27352987064016,OK
2024-11-09 06:25:00,69.86458264968185,OK
2024-11-09 06:30:00,69.20499447574731,OK
2024-11-09 06:35:00,69.21322013899875,OK
2024-11-09 06:40:00,67.59674939010047,OK
2024-11-09 06:45:00,68.58273734243969,OK
2024-11-09 06:50:00,66.78712588197853,OK
2024-11-09 06:55:00,66.373683746076,OK
2024-11-09 07:00:00,69.78920768670939,OK
2024-11-09 07:05:00,68.11537401051498,OK
2024-11-09 07:10:00,69.80802865802688,OK
2024-11-09 07:15:00,70.27301009574937,OK
2024-11-09 07:20:00,68.10657928736326,OK
2024-11-09 07:25:00,69.65680260656809,OK
2024-11-09 07:30:00,68.17037116624817,OK
2024-11-09 07:35:00,66.73844998210734,OK
2024-11-09 07:40:00,69.06973322373739,OK
2024-11-09 07:45:00,68.46702727843814,OK
2024-11-09 07:50:00,68.53098406649544,OK
2024-11-09 07:55:00,71.57704325482543,OK
2024-11-09 08:00:00,67.54589385279363,OK
2024-11-09 08:05:00,70.04920405239764,OK
2024-11-09 08:10:00,68.61904163058715,OK
2024-11-09 08:15:00,70.8952150866014,OK
2024-11-09 08:20:00,70.2021435525649,OK
2024-11-09 08:25:00,70.21272627689032,OK
2024-11-09 08:30:00,68.86320007453787,OK
2024-11-09 08:35:00,69.18497499679552,OK
2024-11-09 08:40:00,70.9971516455243,OK
2024-11-09 08:45:00,72.09144744960274,OK
2024-11-09 08:50:00,70.6119659700772,OK
2024-11-09 08:55:00,69.40412065995102,OK
2024-11-09 09:00:00,70.79485890185273,OK
2024-11-09 09:05:00,73.25291290030901,OK
2024-11-09 09:10:00,70.85191596831191,OK
2024-11-09 09:15:00,72.86588918976487,OK
2024-11-09 09:20:00,70.34686413797824,OK
2024-11-09 09:25:00,71.28501128647085,OK
2024-11-09 09:30:00,72.37315320070901,OK
2024-11-09 09:35:00,71.97839293374096,OK
2024-11-09 09:40:00,70.54241196593595,OK
2024-11-09 09:45:00,70.66970002360654,OK
2024-11-09 09:50:00,73.2627237622319,OK
2024-11-09 09:55:00,73.6710570615972,OK
2024-11-09 10:00:00,74.30540510964735,OK
2024-11-09 10:05:00,75.0666993828713,OK
2024-11-09 10:10:00,73.61167011521475,OK
2024-11-09 10:15:00,73.23104642312552,OK
2024-11-09 10:20:00,75.48068977522816,OK
2024-11-09 10:25:00,75.23364464753314,OK
2024-11-09 10:30:00,73.20620818727932,OK
2024-11-09 10:35:00,73.55066478111216,OK
2024-11-09 10:40:00,75.49810168998549,OK
2024-11-09 10:45:00,74.95937869537538,OK
2024-11-09 10:50:00,185.40874430543334,OK
2024-11-09 10:55:00,187.79708004510692,OK
2024-11-09 11:00:00,187.38503288321962,OK
2024-11-09 11:05:00,77.56803252864198,OK
2024-11-09 11:10:00,74.00955344466837,OK
2024-11-09 11:15:00,76.92202777209745,OK
2024-11-09 11:20:00,77.74941536109877,OK
2024-11-09 11:25:00,75.3868636357389,OK
2024-11-09 11:30:00,76.57741359412336,OK
2024-11-09 11:35:00,76.7396422027126,OK
2024-11-09 11:40:00,78.20839267825625,OK
2024-11-09 11:45:00,80.90306826763482,OK
2024-11-09 11:50:00,81.6250396824965,OK
2024-11-09 11:55:00,78.29023284184662,OK
2024-11-09 12:00:00,80.36662591292931,OK
2024-11-09 12:05:00,195.18595494385227,OK
2024-11-09 12:10:00,195.20122550135505,OK
2024-11-09 12:15:00,195.62562817048922,OK
2024-11-09 12:20:00,81.29720142202386,OK
2024-11-09 12:25:00,83.20460735128252,OK
2024-11-09 12:30:00,82.68323687114555,OK
2024-11-09 12:35:00,80.25206070928007,OK
2024-11-09 12:40:00,83.04407122342661,OK
2024-11-09 12:45:00,83.3558594312528,OK
2024-11-09 12:50:00,82.60749620988219,OK
2024-11-09 12:55:00,83.62087524648508,OK
2024-11-09 13:00:00,82.49828457828082,OK
2024-11-09 13:05:00,82.58227487678978,OK
2024-11-09 13:10:00,82.73560443043296,OK
2024-11-09 13:15:00,194.52877008125225,OK
2024-11-09 13:20:00,198.78076621893547,OK
2024-11-09 13:25:00,197.8401771987104,OK
2024-11-09 13:30:00,81.66742193275569,OK
2024-11-09 13:35:00,85.50413515047238,OK
2024-11-09 13:40:00,84.68608765009066,OK
2024-11-09 13:45:00,84.26952819396405,OK
2024-11-09 13:50:00,83.77149611581373,OK
2024-11-09 13:55:00,85.06874526973343,OK
2024-11-09 14:00:00,86.2826879477748,OK
2024-11-09 14:05:00,84.28767080728073,OK
2024-11-09 14:10:00,85.45146360415119,OK
2024-11-09 14:15:00,86.8416903535042,OK
2024-11-09 14:20:00,83.13414524628735,OK
2024-11-09 14:25:00,85.83081220613964,OK
2024-11-09 14:30:00,85.71632160603454,OK
2024-11-09 14:35:00,86.29073115000084,OK
2024-11-09 14:40:00,86.34936258872229,OK
2024-11-09 14:45:00,87.26617054481721,OK
2024-11-09 14:50:00,89.87874030756937,OK
2024-11-09 14:55:00,206.7924066330117,OK
2024-11-09 15:00:00,208.45466098034018,OK
2024-11-09 15:05:00,212.4278985166299,OK
2024-11-09 15:10:00,87.47355548879673,OK
2024-11-09 15:15:00,90.94547863101643,OK
2024-11-09 15:20:00,88.98738699779419,OK
2024-11-09 15:25:00,91.54314362107667,OK
2024-11-09 15:30:00,90.50415142415143,OK
2024-11-09 15:35:00,89.98458657944126,OK
2024-11-09 15:40:00,89.80454254896715,OK
2024-11-09 15:45:00,89.11297724140299,OK
2024-11-09 15:50:00,90.39961061193135,OK
2024-11-09 15:55:00,92.04590281433354,OK
2024-11-09 16:00:00,90.9702973396182,OK
2024-11-09 16:05:00,90.34539787756182,OK
2024-11-09 16:10:00,90.48937410793447,OK
2024-11-09 16:15:00,92.51017929842956,OK
2024-11-09 16:20:00,93.06010367546607,OK
2024-11-09 16:25:00,90.70122007568271,OK
2024-11-09 16:30:00,91.00041812613627,OK
2024-11-09 16:35:00,92.61092930428624,OK
2024-11-09 16:40:00,94.49171676402898,OK
2024-11-09 16:45:00,94.24652195263425,OK
2024-11-09 16:50:00,214.59689178668927,OK
2024-11-09 16:55:00,217.01558392443332,OK
2024-11-09 17:00:00,216.01472416254515,OK
2024-11-09 17:05:00,93.1456079443088,OK
2024-11-09 17:10:00,95.65977572509937,OK
2024-11-09 17:15:00,91.93047233501807,OK
2024-11-09 17:20:00,91.76844730246644,OK
2024-11-09 17:25:00,93.03150407830607,OK
2024-11-09 17:30:00,94.61771949949821,OK
2024-11-09 17:35:00,95.0132196785734,OK
2024-11-09 17:40:00,94.80418727546775,OK
2024-11-09 17:45:00,96.09895296726755,OK
2024-11-09 17:50:00,92.2302733795724,OK
2024-11-09 17:55:00,95.95432859914779,OK
2024-11-09 18:00:00,93.88415630917046,OK
2024-11-09 18:05:00,95.62520196727114,OK
2024-11-09 18:10:00,92.79391307223058,OK
2024-11-09 18:15:00,94.26845185340974,OK
2024-11-09 18:20:00,94.90266624157658,OK
2024-11-09 18:25:00,96.25843211508722,OK
2024-11-09 18:30:00,92.4909164568602,OK
2024-11-09 18:35:00,94.58001337487887,OK
2024-11-09 18:40:00,93.21479473964136,OK
2024-11-09 18:45:00,95.232365473166,OK
2024-11-09 18:50:00,95.75229011366207,OK
2024-11-09 18:55:00,96.48524594378378,OK
2024-11-09 19:00:00,93.97353055752198,OK
2024-11-09 19:05:00,95.91737362988121,OK
2024-11-09 19:10:00,96.3981783564194,OK
2024-11-09 19:15:00,92.4104758617418,OK
2024-11-09 19:20:00,95.22347515324887,OK
2024-11-09 19:25:00,95.30750026998095,OK
2024-11-09 19:30:00,93.65489940966907,OK
2024-11-09 19:35:00,92.36739480173051,OK
2024-11-09 19:40:00,95.2520055860959,OK
2024-11-09 19:45:00,92.2955903595621,OK
2024-11-09 19:50:00,93.48758001188591,OK
2024-11-09 19:55:00,93.67618898487017,OK
2024-11-09 20:00:00,94.55018900918193,OK
2024-11-09 20:05:00,92.50065173018503,OK
2024-11-09 20:10:00,92.21534424221305,OK
2024-11-09 20:15:00,93.46583255555869,OK
2024-11-09 20:20:00,94.22441201970254,OK
2024-11-09 20:25:00,95.8837666366471,OK
2024-11-09 20:30:00,90.29647934042659,OK
2024-11-09 20:35:00,92.53929368644127,OK
2024-11-09 20:40:00,212.80887452553813,OK
2024-11-09 20:45:00,216.36118261205664,OK
2024-11-09 20:50:00,211.92834808992023,OK
2024-11-09 20:55:00,90.01965430372992,OK
2024-11-09 21:00:00,89.57304725797216,OK
2024-11-09 21:05:00,90.19205499384435,OK
2024-11-09 21:10:00,90.75887015849206,OK
2024-11-09 21:15:00,91.0132450529291,OK
2024-11-09 21:20:00,90.2035373156998,OK
2024-11-09 21:25:00,88.23776939561749,OK
2024-11-09 21:30:00,90.96321897724984,OK
2024-11-09 21:35:00,89.98155311830044,OK
2024-11-09 21:40:00,91.55709329570509,OK
2024-11-09 21:45:00,88.67547374470115,OK
2024-11-09 21:50:00,87.29383476200677,OK
2024-11-09 21:55:00,89.18785542244387,OK
2024-11-09 22:00:00,90.3910424525935,OK
2024-11-09 22:05:00,209.50023497077137,OK
2024-11-09 22:10:00,208.97100097809817,OK
2024-11-09 22:15:00,207.28828049256182,OK
2024-11-09 22:20:00,90.80445440668554,OK
2024-11-09 22:25:00,86.90031272178985,OK
2024-11-09 22:30:00,87.02302814172985,OK
2024-11-09 22:35:00,88.518799871684,OK
2024-11-09 22:40:00,84.95222430139567,OK
2024-11-09 22:45:00,88.60346838963588,OK
2024-11-09 22:50:00,87.69159446897187,OK
2024-11-09 22:55:00,88.00841151777257,OK
2024-11-09 23:00:00,206.54015248697758,OK
2024-11-09 23:05:00,204.82624411080837,OK
2024-11-09 23:10:00,202.4232751948233,OK
2024-11-09 23:15:00,85.58705658036523,OK
2024-11-09 23:20:00,84.3084355448044,OK
2024-11-09 23:25:00,86.08207970468254,OK
2024-11-09 23:30:00,86.23087861163917,OK
2024-11-09 23:35:00,87.05387869614796,OK
2024-11-09 23:40:00,85.39001731283983,OK
2024-11-09 23:45:00,85.92629521345062,OK
2024-11-09 23:50:00,83.934114270362,OK
2024-11-09 23:55:00,83.77564759418838,OK
2024-11-10 00:00:00,202.37907498385158,OK
2024-11-10 00:05:00,200.30295654188234,OK
2024-11-10 00:10:00,200.6813859070335,OK
2024-11-10 00:15:00,81.7205449345252,OK
2024-11-10 00:20:00,81.87282235718665,OK
2024-11-10 00:25:00,83.57421165169595,OK
2024-11-10 00:30:00,83.30757480352968,OK
2024-11-10 00:35:00,80.8287576938497,OK
2024-11-10 00:40:00,82.56524967679192,OK
2024-11-10 00:45:00,80.99951995435646,OK
2024-11-10 00:50:00,81.41027054217376,OK
2024-11-10 00:55:00,82.94891910511396,OK
2024-11-10 01:00:00,82.09879421562312,OK
2024-11-10 01:05:00,81.67532832295001,OK
2024-11-10 01:10:00,82.6606870592694,OK
2024-11-10 01:15:00,79.08645892864479,OK
2024-11-10 01:20:00,78.61183414354305,OK
2024-11-10 01:25:00,78.47946833142184,OK
2024-11-10 01:30:00,78.54976056117745,OK
2024-11-10 01:35:00,75.84380109083445,OK
2024-11-10 01:40:00,78.15342258840975,OK
2024-11-10 01:45:00,189.3079031886919,OK
2024-11-10 01:50:00,191.0092190798123,OK
2024-11-10 01:55:00,189.52666078187136,OK
2024-11-10 02:00:00,76.27487777450149,OK
2024-11-10 02:05:00,77.65474764321681,OK
2024-11-10 02:10:00,77.47462754983327,OK
2024-11-10 02:15:00,75.68199107195392,OK
2024-11-10 02:20:00,75.69778500979481,OK
2024-11-10 02:25:00,73.28304094508464,OK
2024-11-10 02:30:00,74.6821141185695,OK
2024-11-10 02:35:00,74.93325612715387,OK
2024-11-10 02:40:00,75.641694998881,OK
2024-11-10 02:45:00,74.18431659706063,OK
2024-11-10 02:50:00,74.7207101668324,OK
2024-11-10 02:55:00,73.89373657422558,OK
2024-11-10 03:00:00,75.27706879333374,OK
2024-11-10 03:05:00,185.35641531386338,OK
2024-11-10 03:10:00,185.012852728177,OK
2024-11-10 03:15:00,183.6591487855188,OK
2024-11-10 03:20:00,72.37148428173494,OK
2024-11-10 03:25:00,73.31615319978945,OK
2024-11-10 03:30:00,73.58642733387401,OK
2024-11-10 03:35:00,73.6203751780701,OK
2024-11-10 03:40:00,73.99861701105046,OK
2024-11-10 03:45:00,75.45533428267193,OK
2024-11-10 03:50:00,74.67329880278967,OK
2024-11-10 03:55:00,72.28904848087603,OK
2024-11-10 04:00:00,74.24846246161532,OK
2024-11-10 04:05:00,74.06503753348886,OK
2024-11-10 04:10:00,72.06817602817246,OK
2024-11-10 04:15:00,73.79374074485501,OK
2024-11-10 04:20:00,72.69248988999034,OK
2024-11-10 04:25:00,71.07903488261098,OK
2024-11-10 04:30:00,73.45180255037491,OK
2024-11-10 04:35:00,72.99674117258012,OK
2024-11-10 04:40:00,72.42169984442305,OK
2024-11-10 04:45:00,72.92456097254022,OK
2024-11-10 04:50:00,71.87703062437578,OK
2024-11-10 04:55:00,73.11093860973337,OK
2024-11-10 05:00:00,72.45647743673867,OK
2024-11-10 05:05:00,72.52436426162416,OK
2024-11-10 05:10:00,72.69501581791035,OK
2024-11-10 05:15:00,70.76280608902282,OK
2024-11-10 05:20:00,71.06810744006566,OK
2024-11-10 05:25:00,69.3400287185606,OK
2024-11-10 05:30:00,72.56710740172383,OK
2024-11-10 05:35:00,70.49827225327184,OK
2024-11-10 05:40:00,71.92319053145965,OK
2024-11-10 05:45:00,72.08842676971572,OK
2024-11-10 05:50:00,72.3033076457852,OK
2024-11-10 05:55:00,69.9508594342335,OK
2024-11-10 06:00:00,71.2357462069956,OK
2024-11-10 06:05:00,73.3271705148881,OK
2024-11-10 06:10:00,73.33372532282904,OK
2024-11-10 06:15:00,72.44461225653578,OK
2024-11-10 06:20:00,71.69369618025834,OK
2024-11-10 06:25:00,70.04028766318513,OK
2024-11-10 06:30:00,72.21791900754104,OK
2024-11-10 06:35:00,71.4302401697387,OK
2024-11-10 06:40:00,72.26229152855679,OK
2024-11-10 06:45:00,70.96949176058766,OK
2024-11-10 06:50:00,71.53691836940175,OK
2024-11-10 06:55:00,72.05507362655383,OK
2024-11-10 07:00:00,72.45479967407645,OK
2024-11-10 07:05:00,72.90109438459038,OK
2024-11-10 07:10:00,71.4394065615264,OK
2024-11-10 07:15:00,70.68585031859257,OK
2024-11-10 07:20:00,74.50575263597776,OK
2024-11-10 07:25:00,185.2405665374135,OK
2024-11-10 07:30:00,181.70734197253122,OK
2024-11-10 07:35:00,178.27993835022286,OK
2024-11-10 07:40:00,71.84246799217597,OK
2024-11-10 07:45:00,73.51448025210537,OK
2024-11-10 07:50:00,74.37505768124038,OK
2024-11-10 07:55:00,71.41071669388936,OK
2024-11-10 08:00:00,73.03406438401035,OK
2024-11-10 08:05:00,73.27046615104666,OK
2024-11-10 08:10:00,74.02566204615216,OK
2024-11-10 08:15:00,72.57012614386942,OK
2024-11-10 08:20:00,71.25862328035892,OK
2024-11-10 08:25:00,73.97447929898091,OK
2024-11-10 08:30:00,74.95768229467166,OK
2024-11-10 08:35:00,73.81235406492642,OK
2024-11-10 08:40:00,74.6484382958203,OK
2024-11-10 08:45:00,73.78503260751692,OK
2024-11-10 08:50:00,73.57749511323493,OK
2024-11-10 08:55:00,75.90014421953421,OK
2024-11-10 09:00:00,75.44506486981678,OK
2024-11-10 09:05:00,75.59587681128862,OK
2024-11-10 09:10:00,77.16082149598917,OK
2024-11-10 09:15:00,74.42941716578986,OK
2024-11-10 09:20:00,75.2786428269282,OK
2024-11-10 09:25:00,76.32945691178597,OK
2024-11-10 09:30:00,75.72414184847065,OK
2024-11-10 09:35:00,77.15295617462081,OK
2024-11-10 09:40:00,76.23377064122658,OK
2024-11-10 09:45:00,75.45921473771361,OK
2024-11-10 09:50:00,76.9766530286366,OK
2024-11-10 09:55:00,77.44959730556957,OK
2024-11-10 10:00:00,78.62138191025382,OK
2024-11-10 10:05:00,190.13259474367212,OK
2024-11-10 10:10:00,190.6747611191244,OK
2024-11-10 10:15:00,190.86300589898812,OK
2024-11-10 10:20:00,78.04706127637989,OK
2024-11-10 10:25:00,77.67247457865376,OK
2024-11-10 10:30:00,79.3390017659542,OK
2024-11-10 10:35:00,78.65395541391132,OK
2024-11-10 10:40:00,81.47543110463654,OK
2024-11-10 10:45:00,81.51201884423058,OK
2024-11-10 10:50:00,80.61263952793084,OK
2024-11-10 10:55:00,80.5924801920968,OK
2024-11-10 11:00:00,80.18625827369169,OK
2024-11-10 11:05:00,192.20484203775456,OK
2024-11-10 11:10:00,194.55672226442218,OK
2024-11-10 11:15:00,195.6557664122974,OK
2024-11-10 11:20:00,81.75753027067265,OK
2024-11-10 11:25:00,82.13981820664672,OK
2024-11-10 11:30:00,82.80816453103692,OK
2024-11-10 11:35:00,80.84086971018756,OK
2024-11-10 11:40:00,81.41258411725109,OK
2024-11-10 11:45:00,84.34050085076565,OK
2024-11-10 11:50:00,83.75577383743237,OK
2024-11-10 11:55:00,82.49756111200811,OK
2024-11-10 12:00:00,199.27161424745563,OK
2024-11-10 12:05:00,199.73347171679762,OK
2024-11-10 12:10:00,201.2572664677165,OK
2024-11-10 12:15:00,85.20074389908525,OK
2024-11-10 12:20:00,88.03075064648192,OK
2024-11-10 12:25:00,85.38565876726616,OK
2024-11-10 12:30:00,86.15197510324597,OK
2024-11-10 12:35:00,83.1232925807357,OK
2024-11-10 12:40:00,85.12286013219179,OK
2024-11-10 12:45:00,87.83434876556875,OK
2024-11-10 12:50:00,87.22137644560094,OK
2024-11-10 12:55:00,81.25636570386014,OK
2024-11-10 13:00:00,88.04950535425758,OK
2024-11-10 13:05:00,90.10518251013734,OK
2024-11-10 13:10:00,85.32982898417785,OK
2024-11-10 13:15:00,90.15480190224567,OK
2024-11-10 13:20:00,84.54907095067516,OK
2024-11-10 13:25:00,89.69813720127563,OK
2024-11-10 13:30:00,209.8864527502345,OK
2024-11-10 13:35:00,205.07524396778425,OK
2024-11-10 13:40:00,211.67741901082152,OK
2024-11-10 13:45:00,91.24255375993745,OK
2024-11-10 13:50:00,90.59645051298921,OK
2024-11-10 13:55:00,91.31135409661319,OK
2024-11-10 14:00:00,90.13157387697152,OK
2024-11-10 14:05:00,88.1992481327412,OK
2024-11-10 14:10:00,91.75829062431488,OK
2024-11-10 14:15:00,93.59494159590986,OK
2024-11-10 14:20:00,92.92189274385501,OK
2024-11-10 14:25:00,88.89221531549174,OK
2024-11-10 14:30:00,89.45199952206987,OK
2024-11-10 14:35:00,213.61113044567475,OK
2024-11-10 14:40:00,212.68696831061888,OK
2024-11-10 14:45:00,216.87328200678058,OK
2024-11-10 14:50:00,93.70580263188124,OK
2024-11-10 14:55:00,91.57717557442284,OK
2024-11-10 15:00:00,94.74083022498219,OK
2024-11-10 15:05:00,94.69420537605046,OK
2024-11-10 15:10:00,93.27633658504497,OK
2024-11-10 15:15:00,94.46059146909029,OK
2024-11-10 15:20:00,92.35650915987749,OK
2024-11-10 15:25:00,94.66781839807032,OK
2024-11-10 15:30:00,95.41078465282575,OK
2024-11-10 15:35:00,95.64371926213673,OK
2024-11-10 15:40:00,96.38725577086053,OK
2024-11-10 15:45:00,96.26615869517423,OK
2024-11-10 15:50:00,95.83429267283717,OK
2024-11-10 15:55:00,96.95231714772687,OK
2024-11-10 16:00:00,98.17634527041734,OK
2024-11-10 16:05:00,96.83768332646129,OK
2024-11-10 16:10:00,97.56344005700669,OK
2024-11-10 16:15:00,97.00581720740126,OK
2024-11-10 16:20:00,96.40926706538525,OK
2024-11-10 16:25:00,98.07832563319775,OK
2024-11-10 16:30:00,96.98422980412813,OK
2024-11-10 16:35:00,98.39008960726754,OK
2024-11-10 16:40:00,97.8687044594937,OK
2024-11-10 16:45:00,97.42621028195407,OK
2024-11-10 16:50:00,97.69487701943453,OK
2024-11-10 16:55:00,97.6647987166214,OK
2024-11-10 17:00:00,96.28515399936727,OK
2024-11-10 17:05:00,99.13211230232795,OK
2024-11-10 17:10:00,99.10358934881931,OK
2024-11-10 17:15:00,99.91998427536626,OK
2024-11-10 17:20:00,98.01393769685318,OK
2024-11-10 17:25:00,101.64018795794117,OK
2024-11-10 17:30:00,98.66671484933487,OK
2024-11-10 17:35:00,97.84393125388551,OK
2024-11-10 17:40:00,97.56151287217334,OK
2024-11-10 17:45:00,96.5879480235352,OK
2024-11-10 17:50:00,101.4769352525039,OK
2024-11-10 17:55:00,100.91314295750723,OK
2024-11-10 18:00:00,99.89421585543172,OK
2024-11-10 18:05:00,97.56374719256407,OK
2024-11-10 18:10:00,101.21960269132845,OK
2024-11-10 18:15:00,98.12151356696745,OK
2024-11-10 18:20:00,98.14177998973834,OK
2024-11-10 18:25:00,100.39714905639809,OK
2024-11-10 18:30:00,99.27898478707773,OK
2024-11-10 18:35:00,101.29952154724418,OK
2024-11-10 18:40:00,98.2611217363629,OK
2024-11-10 18:45:00,97.45562147807402,OK
2024-11-10 18:50:00,97.23567529576685,OK
2024-11-10 18:55:00,95.62079026965668,OK
2024-11-10 19:00:00,97.43223771167412,OK
2024-11-10 19:05:00,99.38209137609371,OK
2024-11-10 19:10:00,98.65939916507783,OK
2024-11-10 19:15:00,97.578392574041,OK
2024-11-10 19:20:00,96.08219706964245,OK
2024-11-10 19:25:00,97.64020816275035,OK
2024-11-10 19:30:00,98.951063211386,OK
2024-11-10 19:35:00,98.37260656746803,OK
2024-11-10 19:40:00,97.5812496756368,OK
2024-11-10 19:45:00,96.56954483974138,OK
2024-11-10 19:50:00,98.56774682400186,OK
2024-11-10 19:55:00,93.1129467910096,OK
2024-11-10 20:00:00,97.9556785865037,OK
2024-11-10 20:05:00,100.66256352064956,OK
2024-11-10 20:10:00,94.94916006536707,OK
2024-11-10 20:15:00,96.50151717720001,OK
2024-11-10 20:20:00,96.750109247995,OK
2024-11-10 20:25:00,95.98929068889878,OK
2024-11-10 20:30:00,98.08653736407675,OK
2024-11-10 20:35:00,97.13188863385705,OK
2024-11-10 20:40:00,96.46754187825806,OK
2024-11-10 20:45:00,97.35313894250986,OK
2024-11-10 20:50:00,96.17946343207443,OK
2024-11-10 20:55:00,100.48053714828596,OK
2024-11-10 21:00:00,95.95491875950387,OK
2024-11-10 21:05:00,95.61160895869564,OK
2024-11-10 21:10:00,217.05308990582822,OK
2024-11-10 21:15:00,219.00151847954163,OK
2024-11-10 21:20:00,222.54381191909044,OK
2024-11-10 21:25:00,92.72822851429638,OK
2024-11-10 21:30:00,91.36066737680218,OK
2024-11-10 21:35:00,94.32879855851932,OK
2024-11-10 21:40:00,96.15065824366636,OK
2024-11-10 21:45:00,94.13275994832907,OK
2024-11-10 21:50:00,93.22400610412605,OK
2024-11-10 21:55:00,91.19665327093945,OK
2024-11-10 22:00:00,94.04323804234802,OK
2024-11-10 22:05:00,94.08632525056507,OK
2024-11-10 22:10:00,90.47819273292174,OK
2024-11-10 22:15:00,93.9772014272698,OK
2024-11-10 22:20:00,216.9183706375591,OK
2024-11-10 22:25:00,217.42383245397596,OK
2024-11-10 22:30:00,215.50448393316472,OK
2024-11-10 22:35:00,92.48359991829514,OK
2024-11-10 22:40:00,91.83786201416513,OK
2024-11-10 22:45:00,91.8055904506806,OK
2024-11-10 22:50:00,88.04666158317617,OK
2024-11-10 22:55:00,88.44586644100558,OK
2024-11-10 23:00:00,89.18573477977152,OK
2024-11-10 23:05:00,89.80191848067831,OK
2024-11-10 23:10:00,89.88747585679899,OK
2024-11-10 23:15:00,210.68272046307743,OK
2024-11-10 23:20:00,211.52845838547222,OK
2024-11-10 23:25:00,210.50147315055762,OK
2024-11-10 23:30:00,86.49204789471652,OK
2024-11-10 23:35:00,87.28033918399996,OK
2024-11-10 23:40:00,85.36264241112612,OK
2024-11-10 23:45:00,85.84395582522913,OK
2024-11-10 23:50:00,86.08254850923552,OK
2024-11-10 23:55:00,81.08290067282232,OK
