timestamp,supply_air_temp_c,data_quality_flag
2024-11-01 00:00:00,19.835875419357336,OK
2024-11-01 00:05:00,18.675530638600048,OK
2024-11-01 00:10:00,18.77159224210183,OK
2024-11-01 00:15:00,27.356687409175965,OK
2024-11-01 00:20:00,26.741302639756594,OK
2024-11-01 00:25:00,26.291852072679777,OK
2024-11-01 00:30:00,27.005177057723376,OK
2024-11-01 00:35:00,26.776713275123665,OK
2024-11-01 00:40:00,26.33291462886935,OK
2024-11-01 00:45:00,26.209715052530015,OK
2024-11-01 00:50:00,25.557815994577368,OK
2024-11-01 00:55:00,26.03803980910304,OK
2024-11-01 01:00:00,27.05612640809828,OK
2024-11-01 01:05:00,18.982639977420657,OK
2024-11-01 01:10:00,18.4039735608984,OK
2024-11-01 01:15:00,18.543924474470604,OK
2024-11-01 01:20:00,26.217271905235467,OK
2024-11-01 01:25:00,26.675011019465696,OK
2024-11-01 01:30:00,26.364609362541863,OK
2024-11-01 01:35:00,25.26468371099262,OK
2024-11-01 01:40:00,27.845630254860584,OK
2024-11-01 01:45:00,26.73764118249547,OK
2024-11-01 01:50:00,26.411490024679996,OK
2024-11-01 01:55:00,25.819854613179935,OK
2024-11-01 02:00:00,26.59680261285044,OK
2024-11-01 02:05:00,19.181895161423324,OK
2024-11-01 02:10:00,18.682346173183664,OK
2024-11-01 02:15:00,19.250209795595943,OK
2024-11-01 02:20:00,26.257460120997024,OK
2024-11-01 02:25:00,26.49727305604302,OK
2024-11-01 02:30:00,26.506183818598046,OK
2024-11-01 02:35:00,27.116092422518896,OK
2024-11-01 02:40:00,26.552681510536722,OK
2024-11-01 02:45:00,26.577922157546315,OK
2024-11-01 02:50:00,26.237639240147633,OK
2024-11-01 02:55:00,25.85669443852236,OK
2024-11-01 03:00:00,19.070627284295732,OK
2024-11-01 03:05:00,18.193138687957298,OK
2024-11-01 03:10:00,18.482734423857288,OK
2024-11-01 03:15:00,26.917407887342588,OK
2024-11-01 03:20:00,26.653755784120765,OK
2024-11-01 03:25:00,25.977509352713632,OK
2024-11-01 03:30:00,26.31672360837122,OK
2024-11-01 03:35:00,26.404866001624256,OK
2024-11-01 03:40:00,26.046399570701137,OK
2024-11-01 03:45:00,26.42590887082788,OK
2024-11-01 03:50:00,26.479512175405667,OK
2024-11-01 03:55:00,26.752404061746823,OK
2024-11-01 04:00:00,26.224173914359444,OK
2024-11-01 04:05:00,25.81696184603917,OK
2024-11-01 04:10:00,18.9103922238319,OK
2024-11-01 04:15:00,18.798944175069227,OK
2024-11-01 04:20:00,19.00427396048558,OK
2024-11-01 04:25:00,26.78189225839461,OK
2024-11-01 04:30:00,27.03562031358139,OK
2024-11-01 04:35:00,26.64121897758292,OK
2024-11-01 04:40:00,26.67907001885492,OK
2024-11-01 04:45:00,26.586367120638588,OK
2024-11-01 04:50:00,26.612167860134065,OK
2024-11-01 04:55:00,26.95273486263606,OK
2024-11-01 05:00:00,26.13133291268656,OK
2024-11-01 05:05:00,25.790159489421868,OK
2024-11-01 05:10:00,25.96520606245841,OK
2024-11-01 05:15:00,26.344428105470886,OK
2024-11-01 05:20:00,26.74693030537979,OK
2024-11-01 05:25:00,26.844908487366634,OK
2024-11-01 05:30:00,18.72404494229258,OK
2024-11-01 05:35:00,18.714312121592645,OK
2024-11-01 05:40:00,19.535944493758727,OK
2024-11-01 05:45:00,26.222726115496773,OK
2024-11-01 05:50:00,26.457623258300536,OK
2024-11-01 05:55:00,26.739020672502257,OK
2024-11-01 06:00:00,26.84426750706615,OK
2024-11-01 06:05:00,27.20852908183833,OK
2024-11-01 06:10:00,25.39972131627165,OK
2024-11-01 06:15:00,27.074061838396688,OK
2024-11-01 06:20:00,26.46171304166197,OK
2024-11-01 06:25:00,26.20619931637156,OK
2024-11-01 06:30:00,26.418555173023606,OK
2024-11-01 06:35:00,25.646673795410717,OK
2024-11-01 06:40:00,26.01596254689157,OK
2024-11-01 06:45:00,26.819051150573625,OK
2024-11-01 06:50:00,26.85627655846633,OK
2024-11-01 06:55:00,26.508341803156714,OK
2024-11-01 07:00:00,18.84361591847091,OK
2024-11-01 07:05:00,19.01403522033061,OK
2024-11-01 07:10:00,18.660824593688496,OK
2024-11-01 07:15:00,26.31741761152093,OK
2024-11-01 07:20:00,26.48902406202028,OK
2024-11-01 07:25:00,26.250634973551136,OK
2024-11-01 07:30:00,26.619177313022952,OK
2024-11-01 07:35:00,26.35239572090941,OK
2024-11-01 07:40:00,26.273296502014603,OK
2024-11-01 07:45:00,26.86381241485588,OK
2024-11-01 07:50:00,26.593661354847143,OK
2024-11-01 07:55:00,25.48457043256719,OK
2024-11-01 08:00:00,19.343347504414226,OK
2024-11-01 08:05:00,19.62498804967284,OK
2024-11-01 08:10:00,19.840638840041258,OK
2024-11-01 08:15:00,26.547312649506633,OK
2024-11-01 08:20:00,25.644992184283367,OK
2024-11-01 08:25:00,26.480024930340317,OK
2024-11-01 08:30:00,26.854603700979798,OK
2024-11-01 08:35:00,26.18078440376596,OK
2024-11-01 08:40:00,26.743631147780803,OK
2024-11-01 08:45:00,26.347658926849995,OK
2024-11-01 08:50:00,27.1548026073819,OK
2024-11-01 08:55:00,18.305499489298516,OK
2024-11-01 09:00:00,18.792164502665813,OK
2024-11-01 09:05:00,18.975830031085593,OK
2024-11-01 09:10:00,25.789784553331458,OK
2024-11-01 09:15:00,26.07177878665589,OK
2024-11-01 09:20:00,26.343449371221727,OK
2024-11-01 09:25:00,27.303631402891728,OK
2024-11-01 09:30:00,26.39216127216049,OK
2024-11-01 09:35:00,26.584788137061572,OK
2024-11-01 09:40:00,26.685583281679207,OK
2024-11-01 09:45:00,26.007229553158187,OK
2024-11-01 09:50:00,19.750600209270083,OK
2024-11-01 09:55:00,18.92879858997561,OK
2024-11-01 10:00:00,19.81571035003077,OK
2024-11-01 10:05:00,26.524879509673735,OK
2024-11-01 10:10:00,26.76784311829744,OK
2024-11-01 10:15:00,25.963281176579954,OK
2024-11-01 10:20:00,26.70044091561348,OK
2024-11-01 10:25:00,27.298323620299875,OK
2024-11-01 10:30:00,26.49814227558714,OK
2024-11-01 10:35:00,25.874712065719912,OK
2024-11-01 10:40:00,26.6165992461972,OK
2024-11-01 10:45:00,25.66095163940072,OK
2024-11-01 10:50:00,18.481610824929515,OK
2024-11-01 10:55:00,19.456742643578046,OK
2024-11-01 11:00:00,18.25602617621662,OK
2024-11-01 11:05:00,26.106731204289094,OK
2024-11-01 11:10:00,26.22664004940345,OK
2024-11-01 11:15:00,27.32979120343438,OK
2024-11-01 11:20:00,26.30893533846948,OK
2024-11-01 11:25:00,25.75840570420945,OK
2024-11-01 11:30:00,26.16605683422546,OK
2024-11-01 11:35:00,26.102743571848283,OK
2024-11-01 11:40:00,26.14615108070335,OK
2024-11-01 11:45:00,26.831690220701816,OK
2024-11-01 11:50:00,25.98967035182319,OK
2024-11-01 11:55:00,26.33098284364435,OK
2024-11-01 12:00:00,19.622391126459174,OK
2024-11-01 12:05:00,19.41168702301348,OK
2024-11-01 12:10:00,18.99239205037483,OK
2024-11-01 12:15:00,26.299580949292366,OK
2024-11-01 12:20:00,26.519355799553086,OK
2024-11-01 12:25:00,26.419482410090275,OK
2024-11-01 12:30:00,26.376043478911765,OK
2024-11-01 12:35:00,26.686915808472676,OK
2024-11-01 12:40:00,26.00434240137942,OK
2024-11-01 12:45:00,26.965575189109515,OK
2024-11-01 12:50:00,26.226581062184888,OK
2024-11-01 12:55:00,26.212766609860996,OK
2024-11-01 13:00:00,26.854332877409046,OK
2024-11-01 13:05:00,26.36671186419614,OK
2024-11-01 13:10:00,26.66279035486688,OK
2024-11-01 13:15:00,26.419823126692755,OK
2024-11-01 13:20:00,25.944798587210286,OK
2024-11-01 13:25:00,19.03688530158597,OK
2024-11-01 13:30:00,19.359890858408896,OK
2024-11-01 13:35:00,18.72340339429168,OK
2024-11-01 13:40:00,26.276452674774266,OK
2024-11-01 13:45:00,26.328323083206307,OK
2024-11-01 13:50:00,26.736439544538527,OK
2024-11-01 13:55:00,27.176555889282493,OK
2024-11-01 14:00:00,26.220275896276814,OK
2024-11-01 14:05:00,26.06086407443785,OK
2024-11-01 14:10:00,25.900507591021697,OK
2024-11-01 14:15:00,25.914252082155034,OK
2024-11-01 14:20:00,26.00663859271606,OK
2024-11-01 14:25:00,25.922780073220732,OK
2024-11-01 14:30:00,26.167100501426308,OK
2024-11-01 14:35:00,26.822954612201556,OK
2024-11-01 14:40:00,26.15471357621805,OK
2024-11-01 14:45:00,26.605441725559153,OK
2024-11-01 14:50:00,26.083997582639217,OK
2024-11-01 14:55:00,27.448212690026068,OK
2024-11-01 15:00:00,26.120177379229897,OK
2024-11-01 15:05:00,26.055816417439456,OK
2024-11-01 15:10:00,25.823101150408345,OK
2024-11-01 15:15:00,26.382468413648546,OK
2024-11-01 15:20:00,26.22864995354636,OK
2024-11-01 15:25:00,26.434467013799463,OK
2024-11-01 15:30:00,26.57042258632037,OK
2024-11-01 15:35:00,26.155717202923558,OK
2024-11-01 15:40:00,26.409765543211616,OK
2024-11-01 15:45:00,25.769277203709017,OK
2024-11-01 15:50:00,25.505278471702024,OK
2024-11-01 15:55:00,26.614043077037,OK
2024-11-01 16:00:00,26.393981192720403,OK
2024-11-01 16:05:00,25.770987388374753,OK
2024-11-01 16:10:00,26.095126925548342,OK
2024-11-01 16:15:00,25.66528784648062,OK
2024-11-01 16:20:00,25.303876254559306,OK
2024-11-01 16:25:00,26.740210947247533,OK
2024-11-01 16:30:00,26.0257440880181,OK
2024-11-01 16:35:00,26.059819587466592,OK
2024-11-01 16:40:00,25.780730621899842,OK
2024-11-01 16:45:00,26.017535652095646,OK
2024-11-01 16:50:00,26.648434254803274,OK
2024-11-01 16:55:00,26.42255065984873,OK
2024-11-01 17:00:00,25.891489599809084,OK
2024-11-01 17:05:00,25.81846553782006,OK
2024-11-01 17:10:00,26.25620840736121,OK
2024-11-01 17:15:00,26.11074549395505,OK
2024-11-01 17:20:00,25.92797120780449,OK
2024-11-01 17:25:00,27.682907712248674,OK
2024-11-01 17:30:00,26.732665899402487,OK
2024-11-01 17:35:00,26.184908779252225,OK
2024-11-01 17:40:00,26.060555899400278,OK
2024-11-01 17:45:00,26.25086571948744,OK
2024-11-01 17:50:00,26.086956362955934,OK
2024-11-01 17:55:00,26.338783635661304,OK
2024-11-01 18:00:00,26.004710874691465,OK
2024-11-01 18:05:00,26.05638875938994,OK
2024-11-01 18:10:00,25.877224646049427,OK
2024-11-01 18:15:00,26.857070304679933,OK
2024-11-01 18:20:00,26.696104323660848,OK
2024-11-01 18:25:00,26.07603842795987,OK
2024-11-01 18:30:00,26.74383276317637,OK
2024-11-01 18:35:00,25.76959046538036,OK
2024-11-01 18:40:00,25.418709167648508,OK
2024-11-01 18:45:00,26.470992888085505,OK
2024-11-01 18:50:00,25.966195877416403,OK
2024-11-01 18:55:00,25.796125235013363,OK
2024-11-01 19:00:00,25.629503217371134,OK
2024-11-01 19:05:00,26.583358224454592,OK
2024-11-01 19:10:00,26.207275574527863,OK
2024-11-01 19:15:00,26.521977486577256,OK
2024-11-01 19:20:00,25.993471564528924,OK
2024-11-01 19:25:00,25.604672985208623,OK
2024-11-01 19:30:00,26.88881270721244,OK
2024-11-01 19:35:00,26.84981627134064,OK
2024-11-01 19:40:00,25.600978404757207,OK
2024-11-01 19:45:00,26.3691774932214,OK
2024-11-01 19:50:00,25.935222942938424,OK
2024-11-01 19:55:00,26.325782823853583,OK
2024-11-01 20:00:00,26.146218569979183,OK
2024-11-01 20:05:00,26.12864241973445,OK
2024-11-01 20:10:00,26.46574028674982,OK
2024-11-01 20:15:00,26.61958832313007,OK
2024-11-01 20:20:00,25.95458571713258,OK
2024-11-01 20:25:00,26.27907814315799,OK
2024-11-01 20:30:00,25.837851696634132,OK
2024-11-01 20:35:00,25.751200293241194,OK
2024-11-01 20:40:00,26.75914355546422,OK
2024-11-01 20:45:00,26.340364367379408,OK
2024-11-01 20:50:00,25.688238946288134,OK
2024-11-01 20:55:00,26.606907864906265,OK
2024-11-01 21:00:00,27.148956899471333,OK
2024-11-01 21:05:00,26.930651489373467,OK
2024-11-01 21:10:00,26.23599699409491,OK
2024-11-01 21:15:00,25.74363302711557,OK
2024-11-01 21:20:00,26.261833380163598,OK
2024-11-01 21:25:00,25.943426828042195,OK
2024-11-01 21:30:00,26.41831547825703,OK
2024-11-01 21:35:00,26.39851887925438,OK
2024-11-01 21:40:00,25.849533433764677,OK
2024-11-01 21:45:00,26.115715989541513,OK
2024-11-01 21:50:00,25.476803201358436,OK
2024-11-01 21:55:00,25.594930634201248,OK
2024-11-01 22:00:00,26.944868860368246,OK
2024-11-01 22:05:00,25.935775418971694,OK
2024-11-01 22:10:00,27.10389486332476,OK
2024-11-01 22:15:00,25.718860509147596,OK
2024-11-01 22:20:00,26.32873519567511,OK
2024-11-01 22:25:00,26.394175531295705,OK
2024-11-01 22:30:00,27.020982116296114,OK
2024-11-01 22:35:00,18.509647279299042,OK
2024-11-01 22:40:00,19.814418195773392,OK
2024-11-01 22:45:00,18.555453164059763,OK
2024-11-01 22:50:00,26.34517843384437,OK
2024-11-01 22:55:00,26.535401956154427,OK
2024-11-01 23:00:00,26.059443802052957,OK
2024-11-01 23:05:00,26.772481262641936,OK
2024-11-01 23:10:00,26.961810564424905,OK
2024-11-01 23:15:00,25.640878697704373,OK
2024-11-01 23:20:00,26.458970673759538,OK
2024-11-01 23:25:00,26.781861557487893,OK
2024-11-01 23:30:00,26.98175266875342,OK
2024-11-01 23:35:00,26.458128012925947,OK
2024-11-01 23:40:00,20.03219982465126,OK
2024-11-01 23:45:00,18.493929867038403,OK
2024-11-01 23:50:00,19.637595555212815,OK
2024-11-01 23:55:00,26.86875355681535,OK
2024-11-02 00:00:00,26.39752647832481,OK
2024-11-02 00:05:00,26.072494033453655,OK
2024-11-02 00:10:00,26.71287182266251,OK
2024-11-02 00:15:00,26.024533859763263,OK
2024-11-02 00:20:00,26.107570616621253,OK
2024-11-02 00:25:00,26.609316699521145,OK
2024-11-02 00:30:00,26.63565718194668,OK
2024-11-02 00:35:00,26.182370060876746,OK
2024-11-02 00:40:00,26.301007029923564,OK
2024-11-02 00:45:00,26.87732489621062,OK
2024-11-02 00:50:00,26.56020290499423,OK
2024-11-02 00:55:00,19.794869233216932,OK
2024-11-02 01:00:00,18.84249849890133,OK
2024-11-02 01:05:00,19.212107933261557,OK
2024-11-02 01:10:00,26.8689968300126,OK
2024-11-02 01:15:00,27.026175655375933,OK
2024-11-02 01:20:00,26.61459683746371,OK
2024-11-02 01:25:00,26.57152683772666,OK
2024-11-02 01:30:00,27.176712487605116,OK
2024-11-02 01:35:00,27.032652352995864,OK
2024-11-02 01:40:00,26.546418364312633,OK
2024-11-02 01:45:00,26.64602356650858,OK
2024-11-02 01:50:00,26.401878744478342,OK
2024-11-02 01:55:00,26.948246820853477,OK
2024-11-02 02:00:00,19.26027247196937,OK
2024-11-02 02:05:00,18.59673002508707,OK
2024-11-02 02:10:00,19.331587626824845,OK
2024-11-02 02:15:00,26.765494494252838,OK
2024-11-02 02:20:00,26.447170388112042,OK
2024-11-02 02:25:00,26.652364849665506,OK
2024-11-02 02:30:00,26.61570781042933,OK
2024-11-02 02:35:00,26.375518592215656,OK
2024-11-02 02:40:00,26.773744291954927,OK
2024-11-02 02:45:00,26.84955460817185,OK
2024-11-02 02:50:00,26.353624335706087,OK
2024-11-02 02:55:00,27.400003783456306,OK
2024-11-02 03:00:00,26.22923675865376,OK
2024-11-02 03:05:00,25.61566082000138,OK
2024-11-02 03:10:00,19.233997000110325,OK
2024-11-02 03:15:00,18.696178081354923,OK
2024-11-02 03:20:00,19.384445392978236,OK
2024-11-02 03:25:00,26.93464059907416,OK
2024-11-02 03:30:00,26.754683246865902,OK
2024-11-02 03:35:00,26.353813113050283,OK
2024-11-02 03:40:00,26.788162750904455,OK
2024-11-02 03:45:00,25.80261649009823,OK
2024-11-02 03:50:00,26.73578225303752,OK
2024-11-02 03:55:00,26.00889550133944,OK
2024-11-02 04:00:00,26.1239609872746,OK
2024-11-02 04:05:00,26.86519362007134,OK
2024-11-02 04:10:00,19.451850590989096,OK
2024-11-02 04:15:00,19.029568256101136,OK
2024-11-02 04:20:00,18.69884781274988,OK
2024-11-02 04:25:00,26.253983262013946,OK
2024-11-02 04:30:00,26.608020379893947,OK
2024-11-02 04:35:00,,MISSING
2024-11-02 04:40:00,,MISSING
2024-11-02 04:45:00,26.07291866918377,OK
2024-11-02 04:50:00,26.075625661035087,OK
2024-11-02 04:55:00,25.482873962915303,OK
2024-11-02 05:00:00,26.50482394204453,OK
2024-11-02 05:05:00,26.205898851050836,OK
2024-11-02 05:10:00,26.20523785856962,OK
2024-11-02 05:15:00,27.166281544535035,OK
2024-11-02 05:20:00,26.903364579016724,OK
2024-11-02 05:25:00,26.50067092956345,OK
2024-11-02 05:30:00,27.130777686620036,OK
2024-11-02 05:35:00,18.889741141485445,OK
2024-11-02 05:40:00,18.80095898022407,OK
2024-11-02 05:45:00,19.06916356856944,OK
2024-11-02 05:50:00,26.489896239046796,OK
2024-11-02 05:55:00,26.610092290042576,OK
2024-11-02 06:00:00,26.718904064577366,OK
2024-11-02 06:05:00,27.05240363582134,OK
2024-11-02 06:10:00,26.013760413006295,OK
2024-11-02 06:15:00,26.618037838066826,OK
2024-11-02 06:20:00,26.669247944437558,OK
2024-11-02 06:25:00,26.051415193089586,OK
2024-11-02 06:30:00,19.00077729862647,OK
2024-11-02 06:35:00,19.13450345330976,OK
2024-11-02 06:40:00,19.027997949761446,OK
2024-11-02 06:45:00,25.823534694766895,OK
2024-11-02 06:50:00,26.403657599624236,OK
2024-11-02 06:55:00,26.48801784753543,OK
2024-11-02 07:00:00,26.97230159840762,OK
2024-11-02 07:05:00,26.790913694233865,OK
2024-11-02 07:10:00,27.001346811211178,OK
2024-11-02 07:15:00,26.11202678175708,OK
2024-11-02 07:20:00,26.760537885476772,OK
2024-11-02 07:25:00,26.818725801831928,OK
2024-11-02 07:30:00,27.219286724070113,OK
2024-11-02 07:35:00,19.18443131198067,OK
2024-11-02 07:40:00,19.088040740998334,OK
2024-11-02 07:45:00,19.26918695522954,OK
2024-11-02 07:50:00,26.249719853421265,OK
2024-11-02 07:55:00,26.78398160788342,OK
2024-11-02 08:00:00,25.90447220525786,OK
2024-11-02 08:05:00,26.715918952727453,OK
2024-11-02 08:10:00,26.946998268456813,OK
2024-11-02 08:15:00,27.459054887641052,OK
2024-11-02 08:20:00,26.530551203675028,OK
2024-11-02 08:25:00,26.501861711447795,OK
2024-11-02 08:30:00,26.226675553147864,OK
2024-11-02 08:35:00,27.17855190897575,OK
2024-11-02 08:40:00,25.664047168035573,OK
2024-11-02 08:45:00,26.79480242617076,OK
2024-11-02 08:50:00,18.81064188872768,OK
2024-11-02 08:55:00,18.902632190478514,OK
2024-11-02 09:00:00,19.16521172205363,OK
2024-11-02 09:05:00,26.870305296902604,OK
2024-11-02 09:10:00,26.469208527408405,OK
2024-11-02 09:15:00,27.00801957497349,OK
2024-11-02 09:20:00,25.946799568300627,OK
2024-11-02 09:25:00,26.3941684666835,OK
2024-11-02 09:30:00,26.588150699030017,OK
2024-11-02 09:35:00,26.218242865058443,OK
2024-11-02 09:40:00,26.304282711667444,OK
2024-11-02 09:45:00,26.86578705901776,OK
2024-11-02 09:50:00,26.426739722468785,OK
2024-11-02 09:55:00,26.7984269726049,OK
2024-11-02 10:00:00,26.59867732033836,OK
2024-11-02 10:05:00,19.261067363590957,OK
2024-11-02 10:10:00,19.438539922991055,OK
2024-11-02 10:15:00,18.484176308377247,OK
2024-11-02 10:20:00,25.811103884010105,OK
2024-11-02 10:25:00,26.798503831161884,OK
2024-11-02 10:30:00,26.17607896445435,OK
2024-11-02 10:35:00,26.345652843521364,OK
2024-11-02 10:40:00,27.22596299367012,OK
2024-11-02 10:45:00,26.267642283781143,OK
2024-11-02 10:50:00,26.93122948272491,OK
2024-11-02 10:55:00,26.268865219308843,OK
2024-11-02 11:00:00,26.743873799965066,OK
2024-11-02 11:05:00,20.14327056586086,OK
2024-11-02 11:10:00,18.624640814651105,OK
2024-11-02 11:15:00,18.90767548985995,OK
2024-11-02 11:20:00,26.652633713186106,OK
2024-11-02 11:25:00,26.914448853845453,OK
2024-11-02 11:30:00,26.329649305796053,OK
2024-11-02 11:35:00,27.215766021515858,OK
2024-11-02 11:40:00,26.5126405580053,OK
2024-11-02 11:45:00,25.71708462209048,OK
2024-11-02 11:50:00,26.54526398333721,OK
2024-11-02 11:55:00,26.068728728329273,OK
2024-11-02 12:00:00,26.565100458876504,OK
2024-11-02 12:05:00,26.440369835960627,OK
2024-11-02 12:10:00,27.171277412881004,OK
2024-11-02 12:15:00,26.646473592863817,OK
2024-11-02 12:20:00,19.5454458441072,OK
2024-11-02 12:25:00,18.410491219465484,OK
2024-11-02 12:30:00,18.520993934509985,OK
2024-11-02 12:35:00,26.84955488225263,OK
2024-11-02 12:40:00,26.18896558903898,OK
2024-11-02 12:45:00,26.129353536567454,OK
2024-11-02 12:50:00,25.55775387303422,OK
2024-11-02 12:55:00,26.197667725802972,OK
2024-11-02 13:00:00,25.945277803125325,OK
2024-11-02 13:05:00,26.840143248491785,OK
2024-11-02 13:10:00,26.586700607928655,OK
2024-11-02 13:15:00,26.079926740560694,OK
2024-11-02 13:20:00,18.928937967323094,OK
2024-11-02 13:25:00,18.86943323154227,OK
2024-11-02 13:30:00,18.47668448694917,OK
2024-11-02 13:35:00,26.927971880799063,OK
2024-11-02 13:40:00,25.799719093843745,OK
2024-11-02 13:45:00,26.32142061862162,OK
2024-11-02 13:50:00,26.231070375636484,OK
2024-11-02 13:55:00,26.0287124923386,OK
2024-11-02 14:00:00,26.39299674137119,OK
2024-11-02 14:05:00,25.991831461906894,OK
2024-11-02 14:10:00,26.035332303002495,OK
2024-11-02 14:15:00,26.39410884544739,OK
2024-11-02 14:20:00,27.061787001180164,OK
2024-11-02 14:25:00,26.331895912057757,OK
2024-11-02 14:30:00,26.205563709768537,OK
2024-11-02 14:35:00,26.08652416768374,OK
2024-11-02 14:40:00,26.904149174450268,OK
2024-11-02 14:45:00,25.86147910059545,OK
2024-11-02 14:50:00,26.45635672460171,OK
2024-11-02 14:55:00,26.368064753571964,OK
2024-11-02 15:00:00,25.950736909905093,OK
2024-11-02 15:05:00,25.93406241888707,OK
2024-11-02 15:10:00,25.897739992038147,OK
2024-11-02 15:15:00,25.864880411325665,OK
2024-11-02 15:20:00,25.367992889267075,OK
2024-11-02 15:25:00,26.92685987024431,OK
2024-11-02 15:30:00,26.890307286850163,OK
2024-11-02 15:35:00,26.069418094048498,OK
2024-11-02 15:40:00,26.529911574998273,OK
2024-11-02 15:45:00,26.24122642768774,OK
2024-11-02 15:50:00,26.79757440899567,OK
2024-11-02 15:55:00,26.163357011572057,OK
2024-11-02 16:00:00,26.31394242000138,OK
2024-11-02 16:05:00,26.100942426711093,OK
2024-11-02 16:10:00,25.72226313869483,OK
2024-11-02 16:15:00,26.102564931345192,OK
2024-11-02 16:20:00,25.82848740024548,OK
2024-11-02 16:25:00,25.638918503053684,OK
2024-11-02 16:30:00,25.40640342227265,OK
2024-11-02 16:35:00,25.82250451029522,OK
2024-11-02 16:40:00,26.77441303326672,OK
2024-11-02 16:45:00,26.395411104526918,OK
2024-11-02 16:50:00,26.642455051730018,OK
2024-11-02 16:55:00,26.291516414868095,OK
2024-11-02 17:00:00,25.971143721862525,OK
2024-11-02 17:05:00,25.895881462210234,OK
2024-11-02 17:10:00,26.625569566395033,OK
2024-11-02 17:15:00,25.699223261393925,OK
2024-11-02 17:20:00,25.94548697684507,OK
2024-11-02 17:25:00,26.123156816774063,OK
2024-11-02 17:30:00,25.2376990375695,OK
2024-11-02 17:35:00,25.671800324686902,OK
2024-11-02 17:40:00,26.13280546135583,OK
2024-11-02 17:45:00,26.525529738992088,OK
2024-11-02 17:50:00,25.218296716138717,OK
2024-11-02 17:55:00,26.424929574199943,OK
2024-11-02 18:00:00,26.461267253895493,OK
2024-11-02 18:05:00,26.048606272113968,OK
2024-11-02 18:10:00,25.29142830855884,OK
2024-11-02 18:15:00,25.956480561915782,OK
2024-11-02 18:20:00,26.120791570244123,OK
2024-11-02 18:25:00,25.552713629498232,OK
2024-11-02 18:30:00,26.345134140163413,OK
2024-11-02 18:35:00,26.428013692953073,OK
2024-11-02 18:40:00,25.881011861354086,OK
2024-11-02 18:45:00,25.397147370224996,OK
2024-11-02 18:50:00,25.334340871993856,OK
2024-11-02 18:55:00,26.137482182269363,OK
2024-11-02 19:00:00,26.258923580483163,OK
2024-11-02 19:05:00,25.693818869465346,OK
2024-11-02 19:10:00,26.01091309939321,OK
2024-11-02 19:15:00,26.53729004000579,OK
2024-11-02 19:20:00,25.760080086159814,OK
2024-11-02 19:25:00,26.339430650903225,OK
2024-11-02 19:30:00,26.205773669684046,OK
2024-11-02 19:35:00,26.084657778484775,OK
2024-11-02 19:40:00,25.626023130086363,OK
2024-11-02 19:45:00,25.483295946873042,OK
2024-11-02 19:50:00,25.454708560821118,OK
2024-11-02 19:55:00,25.49241335776621,OK
2024-11-02 20:00:00,26.04794564511341,OK
2024-11-02 20:05:00,26.206597774532398,OK
2024-11-02 20:10:00,26.64454045691672,OK
2024-11-02 20:15:00,25.875547770240587,OK
2024-11-02 20:20:00,26.183740718172277,OK
2024-11-02 20:25:00,26.251985726359788,OK
2024-11-02 20:30:00,25.699028613517207,OK
2024-11-02 20:35:00,25.907785817713123,OK
2024-11-02 20:40:00,26.268398584699426,OK
2024-11-02 20:45:00,26.058789639335217,OK
2024-11-02 20:50:00,26.305186197890084,OK
2024-11-02 20:55:00,26.17643808983985,OK
2024-11-02 21:00:00,26.348201695496105,OK
2024-11-02 21:05:00,25.650483839365535,OK
2024-11-02 21:10:00,26.114500083996948,OK
2024-11-02 21:15:00,26.799714681299683,OK
2024-11-02 21:20:00,25.501922886659617,OK
2024-11-02 21:25:00,26.467161991230242,OK
2024-11-02 21:30:00,26.34176447607647,OK
2024-11-02 21:35:00,26.10857841446559,OK
2024-11-02 21:40:00,26.77509722595561,OK
2024-11-02 21:45:00,26.37563532918428,OK
2024-11-02 21:50:00,26.385799296535602,OK
2024-11-02 21:55:00,25.73958672084081,OK
2024-11-02 22:00:00,26.40466847543983,OK
2024-11-02 22:05:00,26.046632508794914,OK
2024-11-02 22:10:00,19.112216331692373,OK
2024-11-02 22:15:00,18.723934575800797,OK
2024-11-02 22:20:00,19.33458960063094,OK
2024-11-02 22:25:00,25.714518930889167,OK
2024-11-02 22:30:00,26.102062934539884,OK
2024-11-02 22:35:00,26.243808506434817,OK
2024-11-02 22:40:00,26.54477184266775,OK
2024-11-02 22:45:00,26.189257428857438,OK
2024-11-02 22:50:00,26.087883590354743,OK
2024-11-02 22:55:00,26.184522670849315,OK
2024-11-02 23:00:00,27.105296978248816,OK
2024-11-02 23:05:00,19.443905653658625,OK
2024-11-02 23:10:00,18.264213392397735,OK
2024-11-02 23:15:00,18.646380013498653,OK
2024-11-02 23:20:00,25.570014846680326,OK
2024-11-02 23:25:00,26.463170320453077,OK
2024-11-02 23:30:00,26.87119323866718,OK
2024-11-02 23:35:00,27.259664762517893,OK
2024-11-02 23:40:00,26.453916390967404,OK
2024-11-02 23:45:00,26.072279446756657,OK
2024-11-02 23:50:00,26.633905061506503,OK
2024-11-02 23:55:00,26.170300920375457,OK
2024-11-03 00:00:00,26.35787504299761,OK
2024-11-03 00:05:00,26.108769320179917,OK
2024-11-03 00:10:00,18.44842135027081,OK
2024-11-03 00:15:00,19.25941848691558,OK
2024-11-03 00:20:00,18.555159473867473,OK
2024-11-03 00:25:00,26.388627986989547,OK
2024-11-03 00:30:00,26.78723944731183,OK
2024-11-03 00:35:00,27.689017116246443,OK
2024-11-03 00:40:00,26.089949103203637,OK
2024-11-03 00:45:00,26.711721315496426,OK
2024-11-03 00:50:00,26.58301330648103,OK
2024-11-03 00:55:00,26.36133040270899,OK
2024-11-03 01:00:00,26.38369069161614,OK
2024-11-03 01:05:00,25.864837588491977,OK
2024-11-03 01:10:00,26.51326350742489,OK
2024-11-03 01:15:00,26.340109705311317,OK
2024-11-03 01:20:00,18.975863800335304,OK
2024-11-03 01:25:00,19.48758973564606,OK
2024-11-03 01:30:00,19.191036508529752,OK
2024-11-03 01:35:00,25.737966764640333,OK
2024-11-03 01:40:00,26.32557179806493,OK
2024-11-03 01:45:00,26.316905853736213,OK
2024-11-03 01:50:00,26.429399504754166,OK
2024-11-03 01:55:00,26.68238206909792,OK
2024-11-03 02:00:00,27.147017787824538,OK
2024-11-03 02:05:00,25.856163683357373,OK
2024-11-03 02:10:00,26.6007626449437,OK
2024-11-03 02:15:00,27.337251219650142,OK
2024-11-03 02:20:00,26.004342938324157,OK
2024-11-03 02:25:00,27.017188045171512,OK
2024-11-03 02:30:00,19.136539574840036,OK
2024-11-03 02:35:00,18.990808464286793,OK
2024-11-03 02:40:00,18.664418837182623,OK
2024-11-03 02:45:00,27.1314380859175,OK
2024-11-03 02:50:00,26.362838660092663,OK
2024-11-03 02:55:00,26.874047640099693,OK
2024-11-03 03:00:00,26.202532097057457,OK
2024-11-03 03:05:00,25.798312753063993,OK
2024-11-03 03:10:00,27.326612393136212,OK
2024-11-03 03:15:00,26.36987407298635,OK
2024-11-03 03:20:00,26.572964941411634,OK
2024-11-03 03:25:00,26.825183466072506,OK
2024-11-03 03:30:00,27.15683973216451,OK
2024-11-03 03:35:00,26.676174782330563,OK
2024-11-03 03:40:00,26.05635565387384,OK
2024-11-03 03:45:00,26.82301416271607,OK
2024-11-03 03:50:00,26.79417457702166,OK
2024-11-03 03:55:00,27.155183971679627,OK
2024-11-03 04:00:00,26.976326931792748,OK
2024-11-03 04:05:00,18.966798441917728,OK
2024-11-03 04:10:00,18.168922360788024,OK
2024-11-03 04:15:00,18.28704024541566,OK
2024-11-03 04:20:00,26.04512479178027,OK
2024-11-03 04:25:00,27.327385660875066,OK
2024-11-03 04:30:00,25.62629606403575,OK
2024-11-03 04:35:00,27.154253012560996,OK
2024-11-03 04:40:00,26.237033136526776,OK
2024-11-03 04:45:00,26.278689197834435,OK
2024-11-03 04:50:00,26.160704386706698,OK
2024-11-03 04:55:00,26.47292936765146,OK
2024-11-03 05:00:00,26.89981896198705,OK
2024-11-03 05:05:00,26.613492140839995,OK
2024-11-03 05:10:00,26.47825276694215,OK
2024-11-03 05:15:00,25.899069086367263,OK
2024-11-03 05:20:00,26.69330195302388,OK
2024-11-03 05:25:00,27.246940473968465,OK
2024-11-03 05:30:00,26.664818565478242,OK
2024-11-03 05:35:00,25.97448468944685,OK
2024-11-03 05:40:00,26.268919566569878,OK
2024-11-03 05:45:00,18.657235835524872,OK
2024-11-03 05:50:00,17.948779297627567,OK
2024-11-03 05:55:00,18.70860759472711,OK
2024-11-03 06:00:00,26.511778915501075,OK
2024-11-03 06:05:00,26.615678226510035,OK
2024-11-03 06:10:00,27.16283406794404,OK
2024-11-03 06:15:00,26.960233286945485,OK
2024-11-03 06:20:00,26.080165167914792,OK
2024-11-03 06:25:00,25.81843907047281,OK
2024-11-03 06:30:00,27.181161381475125,OK
2024-11-03 06:35:00,26.259061334212543,OK
2024-11-03 06:40:00,18.740055145716,OK
2024-11-03 06:45:00,19.50146857658946,OK
2024-11-03 06:50:00,18.599418996667133,OK
2024-11-03 06:55:00,27.03956902605859,OK
2024-11-03 07:00:00,26.392099412556476,OK
2024-11-03 07:05:00,26.609744301533137,OK
2024-11-03 07:10:00,26.72763800706367,OK
2024-11-03 07:15:00,26.500028623521473,OK
2024-11-03 07:20:00,26.7616799656934,OK
2024-11-03 07:25:00,26.182966618352644,OK
2024-11-03 07:30:00,26.355521651214012,OK
2024-11-03 07:35:00,26.67400504195899,OK
2024-11-03 07:40:00,25.17156655600124,OK
2024-11-03 07:45:00,26.606828887647918,OK
2024-11-03 07:50:00,27.411241373849407,OK
2024-11-03 07:55:00,25.800939558644593,OK
2024-11-03 08:00:00,26.971077535762554,OK
2024-11-03 08:05:00,26.987689141063658,OK
2024-11-03 08:10:00,26.955197352161356,OK
2024-11-03 08:15:00,26.816222545245914,OK
2024-11-03 08:20:00,19.374266805960396,OK
2024-11-03 08:25:00,19.6232313953438,OK
2024-11-03 08:30:00,19.34920198805024,OK
2024-11-03 08:35:00,26.94858454119745,OK
2024-11-03 08:40:00,26.69530117858617,OK
2024-11-03 08:45:00,26.185163238760897,OK
2024-11-03 08:50:00,26.547343687927295,OK
2024-11-03 08:55:00,26.485900757144726,OK
2024-11-03 09:00:00,25.69636529132094,OK
2024-11-03 09:05:00,26.798206159784666,OK
2024-11-03 09:10:00,26.196762369094316,OK
2024-11-03 09:15:00,26.18955939154241,OK
2024-11-03 09:20:00,26.646262895010867,OK
2024-11-03 09:25:00,19.02163602758565,OK
2024-11-03 09:30:00,19.224722898009283,OK
2024-11-03 09:35:00,19.29777647915227,OK
2024-11-03 09:40:00,26.49695699321689,OK
2024-11-03 09:45:00,26.721485983352956,OK
2024-11-03 09:50:00,26.627389578001974,OK
2024-11-03 09:55:00,26.432794298974077,OK
2024-11-03 10:00:00,26.18368804566576,OK
2024-11-03 10:05:00,26.199611733027332,OK
2024-11-03 10:10:00,27.003808308364157,OK
2024-11-03 10:15:00,26.718494338493443,OK
2024-11-03 10:20:00,18.43753086823093,OK
2024-11-03 10:25:00,18.85900870707817,OK
2024-11-03 10:30:00,18.627651335312922,OK
2024-11-03 10:35:00,26.46203690701073,OK
2024-11-03 10:40:00,26.064535606049,OK
2024-11-03 10:45:00,26.40328881154406,OK
2024-11-03 10:50:00,25.650292622890944,OK
2024-11-03 10:55:00,26.783647115506685,OK
2024-11-03 11:00:00,25.616405375594503,OK
2024-11-03 11:05:00,27.252643378379897,OK
2024-11-03 11:10:00,26.82536495302002,OK
2024-11-03 11:15:00,26.10097894180395,OK
2024-11-03 11:20:00,26.502479410830585,OK
2024-11-03 11:25:00,26.763913391642394,OK
2024-11-03 11:30:00,26.088021502602498,OK
2024-11-03 11:35:00,26.73291680116731,OK
2024-11-03 11:40:00,26.5891927176771,OK
2024-11-03 11:45:00,26.544761322938637,OK
2024-11-03 11:50:00,25.835292739805112,OK
2024-11-03 11:55:00,26.45234001713354,OK
2024-11-03 12:00:00,26.714775646986034,OK
2024-11-03 12:05:00,26.37095678212173,OK
2024-11-03 12:10:00,25.843878499999384,OK
2024-11-03 12:15:00,19.059343281248147,OK
2024-11-03 12:20:00,18.9885996016766,OK
2024-11-03 12:25:00,19.032169775489262,OK
2024-11-03 12:30:00,26.476902943185674,OK
2024-11-03 12:35:00,26.689997914662786,OK
2024-11-03 12:40:00,25.912125161575293,OK
2024-11-03 12:45:00,26.305556066741158,OK
2024-11-03 12:50:00,26.243669023604024,OK
2024-11-03 12:55:00,26.084181489418256,OK
2024-11-03 13:00:00,27.049091022213563,OK
2024-11-03 13:05:00,25.479510084761195,OK
2024-11-03 13:10:00,26.64696956175614,OK
2024-11-03 13:15:00,26.142811949114122,OK
2024-11-03 13:20:00,26.49502676971362,OK
2024-11-03 13:25:00,19.60927716980066,OK
2024-11-03 13:30:00,19.550538868992053,OK
2024-11-03 13:35:00,19.26929626350474,OK
2024-11-03 13:40:00,26.220246986297155,OK
2024-11-03 13:45:00,26.096655280944493,OK
2024-11-03 13:50:00,26.442161520179376,OK
2024-11-03 13:55:00,26.576403277406516,OK
2024-11-03 14:00:00,25.660207649843116,OK
2024-11-03 14:05:00,26.08340146423699,OK
2024-11-03 14:10:00,26.0826149214342,OK
2024-11-03 14:15:00,25.885330754361842,OK
2024-11-03 14:20:00,26.577733936623957,OK
2024-11-03 14:25:00,25.794007682839002,OK
2024-11-03 14:30:00,26.612847946715355,OK
2024-11-03 14:35:00,25.481464951582545,OK
2024-11-03 14:40:00,25.725171545126432,OK
2024-11-03 14:45:00,26.867628468657873,OK
2024-11-03 14:50:00,25.92632739176533,OK
2024-11-03 14:55:00,27.209282525774057,OK
2024-11-03 15:00:00,26.420356411245315,OK
2024-11-03 15:05:00,26.27638042090637,OK
2024-11-03 15:10:00,25.932701655808042,OK
2024-11-03 15:15:00,26.573028391967043,OK
2024-11-03 15:20:00,19.019800138387037,OK
2024-11-03 15:25:00,19.52092958968535,OK
2024-11-03 15:30:00,19.707271600877792,OK
2024-11-03 15:35:00,26.119431461091807,OK
2024-11-03 15:40:00,26.44029590810758,OK
2024-11-03 15:45:00,26.512665223951487,OK
2024-11-03 15:50:00,26.40509913992253,OK
2024-11-03 15:55:00,26.213940173458862,OK
2024-11-03 16:00:00,25.438834850441005,OK
2024-11-03 16:05:00,26.527366632205123,OK
2024-11-03 16:10:00,26.466448444786995,OK
2024-11-03 16:15:00,26.028281694157204,OK
2024-11-03 16:20:00,26.530443948986978,OK
2024-11-03 16:25:00,26.419475769714513,OK
2024-11-03 16:30:00,26.78546068976342,OK
2024-11-03 16:35:00,25.94389850941861,OK
2024-11-03 16:40:00,26.006416680607874,OK
2024-11-03 16:45:00,26.404465447649333,OK
2024-11-03 16:50:00,25.695013909212527,OK
2024-11-03 16:55:00,26.351765713812274,OK
2024-11-03 17:00:00,26.283359038325656,OK
2024-11-03 17:05:00,25.956280924088205,OK
2024-11-03 17:10:00,25.788686881837826,OK
2024-11-03 17:15:00,26.267259015743857,OK
2024-11-03 17:20:00,26.462466413249494,OK
2024-11-03 17:25:00,26.677833749871166,OK
2024-11-03 17:30:00,26.771249986148195,OK
2024-11-03 17:35:00,26.562362048907428,OK
2024-11-03 17:40:00,26.177594160729498,OK
2024-11-03 17:45:00,25.869973447968142,OK
2024-11-03 17:50:00,26.227135826135925,OK
2024-11-03 17:55:00,26.269554649694243,OK
2024-11-03 18:00:00,26.479302875887424,OK
2024-11-03 18:05:00,25.829086348720526,OK
2024-11-03 18:10:00,26.003135491559846,OK
2024-11-03 18:15:00,26.72965656425042,OK
2024-11-03 18:20:00,26.40947284542962,OK
2024-11-03 18:25:00,26.731852591306776,OK
2024-11-03 18:30:00,26.897218928662078,OK
2024-11-03 18:35:00,26.38942944569836,OK
2024-11-03 18:40:00,26.337754710099748,OK
2024-11-03 18:45:00,26.166490377668286,OK
2024-11-03 18:50:00,26.349259873326233,OK
2024-11-03 18:55:00,26.241267444564038,OK
2024-11-03 19:00:00,26.526276926278104,OK
2024-11-03 19:05:00,25.570943327254785,OK
2024-11-03 19:10:00,26.733099064457512,OK
2024-11-03 19:15:00,26.58723768307405,OK
2024-11-03 19:20:00,26.66161050460393,OK
2024-11-03 19:25:00,26.064495238279594,OK
2024-11-03 19:30:00,26.04884821672682,OK
2024-11-03 19:35:00,26.075055998811127,OK
2024-11-03 19:40:00,26.89702591978224,OK
2024-11-03 19:45:00,26.49274568871146,OK
2024-11-03 19:50:00,26.70761426279809,OK
2024-11-03 19:55:00,25.980736274695197,OK
2024-11-03 20:00:00,26.590888582063652,OK
2024-11-03 20:05:00,26.733511553816328,OK
2024-11-03 20:10:00,25.97240372258613,OK
2024-11-03 20:15:00,26.836220848346404,OK
2024-11-03 20:20:00,26.647253459463666,OK
2024-11-03 20:25:00,26.677869898682466,OK
2024-11-03 20:30:00,27.407498641478913,OK
2024-11-03 20:35:00,25.896701711093083,OK
2024-11-03 20:40:00,26.119804925217263,OK
2024-11-03 20:45:00,26.52709827284634,OK
2024-11-03 20:50:00,27.173931318908306,OK
2024-11-03 20:55:00,26.609208129281765,OK
2024-11-03 21:00:00,26.13425863833945,OK
2024-11-03 21:05:00,26.573249674427366,OK
2024-11-03 21:10:00,26.3857382162299,OK
2024-11-03 21:15:00,26.003184626376257,OK
2024-11-03 21:20:00,18.737683253513474,OK
2024-11-03 21:25:00,18.989745341356855,OK
2024-11-03 21:30:00,18.736833139327878,OK
2024-11-03 21:35:00,26.449383333512127,OK
2024-11-03 21:40:00,27.429328915702417,OK
2024-11-03 21:45:00,25.877987683443045,OK
2024-11-03 21:50:00,26.87749086092024,OK
2024-11-03 21:55:00,26.427834907968787,OK
2024-11-03 22:00:00,26.273915625426756,OK
2024-11-03 22:05:00,26.599353220186618,OK
2024-11-03 22:10:00,26.514147508535636,OK
2024-11-03 22:15:00,26.611557304075838,OK
2024-11-03 22:20:00,26.615916235743402,OK
2024-11-03 22:25:00,26.9580552741505,OK
2024-11-03 22:30:00,26.3461802906079,OK
2024-11-03 22:35:00,26.763846507254357,OK
2024-11-03 22:40:00,26.693364479692395,OK
2024-11-03 22:45:00,26.23829751125957,OK
2024-11-03 22:50:00,26.458738283396674,OK
2024-11-03 22:55:00,25.965249140991904,OK
2024-11-03 23:00:00,26.250134240673727,OK
2024-11-03 23:05:00,26.411132601122993,OK
2024-11-03 23:10:00,19.445273226315386,OK
2024-11-03 23:15:00,18.634399156321674,OK
2024-11-03 23:20:00,18.486997027594967,OK
2024-11-03 23:25:00,26.419391449837207,OK
2024-11-03 23:30:00,25.554921725362334,OK
2024-11-03 23:35:00,26.25022786430985,OK
2024-11-03 23:40:00,26.72185337132415,OK
2024-11-03 23:45:00,26.072587571619376,OK
2024-11-03 23:50:00,26.577740938682002,OK
2024-11-03 23:55:00,27.11683502391414,OK
2024-11-04 00:00:00,25.943660964261504,OK
2024-11-04 00:05:00,26.5309981682196,OK
2024-11-04 00:10:00,26.498215815013506,OK
2024-11-04 00:15:00,26.429406343267512,OK
2024-11-04 00:20:00,26.615758664861275,OK
2024-11-04 00:25:00,27.800425990722363,OK
2024-11-04 00:30:00,26.165523743120968,OK
2024-11-04 00:35:00,26.280957866559074,OK
2024-11-04 00:40:00,26.27092001218365,OK
2024-11-04 00:45:00,25.93699759241844,OK
2024-11-04 00:50:00,25.968662958473136,OK
2024-11-04 00:55:00,26.820354589148206,OK
2024-11-04 01:00:00,26.534770830192596,OK
2024-11-04 01:05:00,26.433779265686507,OK
2024-11-04 01:10:00,18.925741351769865,OK
2024-11-04 01:15:00,19.62974887742205,OK
2024-11-04 01:20:00,19.51617680391363,OK
2024-11-04 01:25:00,26.277844905617368,OK
2024-11-04 01:30:00,25.867322494893116,OK
2024-11-04 01:35:00,26.878542755815264,OK
2024-11-04 01:40:00,26.746742133222725,OK
2024-11-04 01:45:00,27.2620755429844,OK
2024-11-04 01:50:00,26.302232673438695,OK
2024-11-04 01:55:00,26.308205745914652,OK
2024-11-04 02:00:00,26.267799545589014,OK
2024-11-04 02:05:00,26.7348538805413,OK
2024-11-04 02:10:00,19.690681076991577,OK
2024-11-04 02:15:00,19.055956382539993,OK
2024-11-04 02:20:00,18.910226459603276,OK
2024-11-04 02:25:00,26.62536820855651,OK
2024-11-04 02:30:00,26.409600492975425,OK
2024-11-04 02:35:00,26.284788605944204,OK
2024-11-04 02:40:00,26.629840312839146,OK
2024-11-04 02:45:00,26.089249114578113,OK
2024-11-04 02:50:00,26.934583164646945,OK
2024-11-04 02:55:00,26.23797076805583,OK
2024-11-04 03:00:00,26.429974687853175,OK
2024-11-04 03:05:00,26.42476288008817,OK
2024-11-04 03:10:00,26.203617988803764,OK
2024-11-04 03:15:00,27.114898891970984,OK
2024-11-04 03:20:00,26.32694716902978,OK
2024-11-04 03:25:00,26.37355784819464,OK
2024-11-04 03:30:00,25.917462151184267,OK
2024-11-04 03:35:00,26.90772174335652,OK
2024-11-04 03:40:00,26.835939662463606,OK
2024-11-04 03:45:00,26.337035608226557,OK
2024-11-04 03:50:00,26.457740435304128,OK
2024-11-04 03:55:00,26.020443337549718,OK
2024-11-04 04:00:00,26.446124111363794,OK
2024-11-04 04:05:00,26.916793484551146,OK
2024-11-04 04:10:00,26.334773458858876,OK
2024-11-04 04:15:00,26.707839219001162,OK
2024-11-04 04:20:00,26.86737601446854,OK
2024-11-04 04:25:00,26.295178796339282,OK
2024-11-04 04:30:00,26.100046296314698,OK
2024-11-04 04:35:00,26.521050106809895,OK
2024-11-04 04:40:00,26.33121433918625,OK
2024-11-04 04:45:00,26.01872487402064,OK
2024-11-04 04:50:00,26.91583891833647,OK
2024-11-04 04:55:00,25.810796542144313,OK
2024-11-04 05:00:00,26.730983266957455,OK
2024-11-04 05:05:00,25.82567952963532,OK
2024-11-04 05:10:00,26.90256630311696,OK
2024-11-04 05:15:00,26.42427600433301,OK
2024-11-04 05:20:00,26.796965280942327,OK
2024-11-04 05:25:00,26.14393239965433,OK
2024-11-04 05:30:00,26.308548480129126,OK
2024-11-04 05:35:00,27.115787011067628,OK
2024-11-04 05:40:00,25.77003570951119,OK
2024-11-04 05:45:00,26.10913524904373,OK
2024-11-04 05:50:00,26.689568662143117,OK
2024-11-04 05:55:00,26.575833529649845,OK
2024-11-04 06:00:00,26.06776504638853,OK
2024-11-04 06:05:00,26.758811922090672,OK
2024-11-04 06:10:00,26.48642088177124,OK
2024-11-04 06:15:00,26.740945247910716,OK
2024-11-04 06:20:00,26.127243316689896,OK
2024-11-04 06:25:00,26.74170707241375,OK
2024-11-04 06:30:00,26.53225548509152,OK
2024-11-04 06:35:00,26.290390581312845,OK
2024-11-04 06:40:00,27.100185443019548,OK
2024-11-04 06:45:00,26.399916643687803,OK
2024-11-04 06:50:00,25.81465286313741,OK
2024-11-04 06:55:00,26.305945279058474,OK
2024-11-04 07:00:00,26.517467495383954,OK
2024-11-04 07:05:00,26.650424852382837,OK
2024-11-04 07:10:00,25.885130479680836,OK
2024-11-04 07:15:00,26.306507981474283,OK
2024-11-04 07:20:00,25.68854096769564,OK
2024-11-04 07:25:00,26.9144731599079,OK
2024-11-04 07:30:00,26.182451172255146,OK
2024-11-04 07:35:00,26.662024543793994,OK
2024-11-04 07:40:00,26.22101991756347,OK
2024-11-04 07:45:00,26.492064349386098,OK
2024-11-04 07:50:00,26.309600262876547,OK
2024-11-04 07:55:00,26.838378479913302,OK
2024-11-04 08:00:00,26.811360310611303,OK
2024-11-04 08:05:00,26.92169498917129,OK
2024-11-04 08:10:00,26.44674633715537,OK
2024-11-04 08:15:00,26.080439953736544,OK
2024-11-04 08:20:00,26.31409574276772,OK
2024-11-04 08:25:00,26.67677491532759,OK
2024-11-04 08:30:00,26.34963262767195,OK
2024-11-04 08:35:00,27.20414572352062,OK
2024-11-04 08:40:00,19.085342413554624,OK
2024-11-04 08:45:00,18.949678962102563,OK
2024-11-04 08:50:00,18.86793705415771,OK
2024-11-04 08:55:00,26.091415343195287,OK
2024-11-04 09:00:00,27.041828406129955,OK
2024-11-04 09:05:00,26.333196399083842,OK
2024-11-04 09:10:00,26.27108043663973,OK
2024-11-04 09:15:00,26.4652275699452,OK
2024-11-04 09:20:00,26.516691135829774,OK
2024-11-04 09:25:00,25.694367743921475,OK
2024-11-04 09:30:00,25.79803134891769,OK
2024-11-04 09:35:00,27.103940609804912,OK
2024-11-04 09:40:00,26.7768987825905,OK
2024-11-04 09:45:00,19.13499234439702,OK
2024-11-04 09:50:00,18.91279008529776,OK
2024-11-04 09:55:00,19.2497129502136,OK
2024-11-04 10:00:00,26.642688329712698,OK
2024-11-04 10:05:00,26.395296032369973,OK
2024-11-04 10:10:00,27.0603523266663,OK
2024-11-04 10:15:00,26.897474120396797,OK
2024-11-04 10:20:00,26.186693555432893,OK
2024-11-04 10:25:00,27.021998634934864,OK
2024-11-04 10:30:00,26.163746036074645,OK
2024-11-04 10:35:00,25.953517997541034,OK
2024-11-04 10:40:00,25.993713178029417,OK
2024-11-04 10:45:00,26.2358401771969,OK
2024-11-04 10:50:00,25.99716108274784,OK
2024-11-04 10:55:00,26.4144356305332,OK
2024-11-04 11:00:00,27.10645325980298,OK
2024-11-04 11:05:00,26.3590781513636,OK
2024-11-04 11:10:00,18.81982196657969,OK
2024-11-04 11:15:00,19.58987710114373,OK
2024-11-04 11:20:00,19.02612710172536,OK
2024-11-04 11:25:00,26.455935351679862,OK
2024-11-04 11:30:00,26.71874675169845,OK
2024-11-04 11:35:00,26.259532068604866,OK
2024-11-04 11:40:00,26.7007396618728,OK
2024-11-04 11:45:00,26.86036274985013,OK
2024-11-04 11:50:00,26.471761456689258,OK
2024-11-04 11:55:00,26.468789835131247,OK
2024-11-04 12:00:00,26.550396048268215,OK
2024-11-04 12:05:00,26.164397071539106,OK
2024-11-04 12:10:00,27.230523161519482,OK
2024-11-04 12:15:00,18.548955852750364,OK
2024-11-04 12:20:00,19.26431261851456,OK
2024-11-04 12:25:00,18.383538734385176,OK
2024-11-04 12:30:00,27.343984610731653,OK
2024-11-04 12:35:00,26.302308195987802,OK
2024-11-04 12:40:00,26.128139038779914,OK
2024-11-04 12:45:00,25.747565095199104,OK
2024-11-04 12:50:00,26.232565823465134,OK
2024-11-04 12:55:00,26.77672388803501,OK
2024-11-04 13:00:00,26.612661360073172,OK
2024-11-04 13:05:00,26.170079621442174,OK
2024-11-04 13:10:00,25.923850809926652,OK
2024-11-04 13:15:00,19.544295481391167,OK
2024-11-04 13:20:00,19.56233738020798,OK
2024-11-04 13:25:00,18.833349643792218,OK
2024-11-04 13:30:00,26.603713160829876,OK
2024-11-04 13:35:00,26.685823821827498,OK
2024-11-04 13:40:00,26.405719464071503,OK
2024-11-04 13:45:00,26.2914159297857,OK
2024-11-04 13:50:00,26.214297741154425,OK
2024-11-04 13:55:00,26.140713382893185,OK
2024-11-04 14:00:00,27.079234448708014,OK
2024-11-04 14:05:00,26.223952087441997,OK
2024-11-04 14:10:00,26.455984126224152,OK
2024-11-04 14:15:00,19.86368539883583,OK
2024-11-04 14:20:00,18.341066198993747,OK
2024-11-04 14:25:00,18.388151335471456,OK
2024-11-04 14:30:00,26.196086552120768,OK
2024-11-04 14:35:00,26.568180242623264,OK
2024-11-04 14:40:00,26.692232145789443,OK
2024-11-04 14:45:00,26.10213476185639,OK
2024-11-04 14:50:00,26.883513104522535,OK
2024-11-04 14:55:00,25.6850806859562,OK
2024-11-04 15:00:00,25.934290078722608,OK
2024-11-04 15:05:00,26.72288059550035,OK
2024-11-04 15:10:00,26.61801282924067,OK
2024-11-04 15:15:00,25.508664694533756,OK
2024-11-04 15:20:00,19.61087269000887,OK
2024-11-04 15:25:00,19.812087493290168,OK
2024-11-04 15:30:00,18.79762323520749,OK
2024-11-04 15:35:00,26.056880571499594,OK
2024-11-04 15:40:00,26.65641784941711,OK
2024-11-04 15:45:00,26.807564357398984,OK
2024-11-04 15:50:00,25.801224256226384,OK
2024-11-04 15:55:00,26.03707323308353,OK
2024-11-04 16:00:00,26.51560247910883,OK
2024-11-04 16:05:00,26.596430997821443,OK
2024-11-04 16:10:00,25.855226711603773,OK
2024-11-04 16:15:00,26.19416246786682,OK
2024-11-04 16:20:00,26.144838375442898,OK
2024-11-04 16:25:00,24.97264753184014,OK
2024-11-04 16:30:00,26.047562688809126,OK
2024-11-04 16:35:00,26.006711205049875,OK
2024-11-04 16:40:00,25.79701777074903,OK
2024-11-04 16:45:00,25.954268904136736,OK
2024-11-04 16:50:00,25.939290564343285,OK
2024-11-04 16:55:00,26.634926121868446,OK
2024-11-04 17:00:00,26.127942167170296,OK
2024-11-04 17:05:00,26.39539537634816,OK
2024-11-04 17:10:00,26.222500873418063,OK
2024-11-04 17:15:00,26.022108969186164,OK
2024-11-04 17:20:00,25.948103910488925,OK
2024-11-04 17:25:00,25.77882898284335,OK
2024-11-04 17:30:00,26.447345678972965,OK
2024-11-04 17:35:00,26.218078602473803,OK
2024-11-04 17:40:00,26.06239020939981,OK
2024-11-04 17:45:00,26.109509090504538,OK
2024-11-04 17:50:00,26.390977642630656,OK
2024-11-04 17:55:00,25.78333048829415,OK
2024-11-04 18:00:00,25.78274698734894,OK
2024-11-04 18:05:00,25.609773522829478,OK
2024-11-04 18:10:00,25.825616395998182,OK
2024-11-04 18:15:00,26.865551415571282,OK
2024-11-04 18:20:00,26.303611726170256,OK
2024-11-04 18:25:00,26.868894877914098,OK
2024-11-04 18:30:00,26.64899771379042,OK
2024-11-04 18:35:00,26.848677044862384,OK
2024-11-04 18:40:00,26.327895236195605,OK
2024-11-04 18:45:00,26.471751443940324,OK
2024-11-04 18:50:00,26.093677982818907,OK
2024-11-04 18:55:00,25.843101569220885,OK
2024-11-04 19:00:00,26.258035309548344,OK
2024-11-04 19:05:00,26.144677858522545,OK
2024-11-04 19:10:00,26.237063100949307,OK
2024-11-04 19:15:00,25.851596640692794,OK
2024-11-04 19:20:00,26.319554040492864,OK
2024-11-04 19:25:00,25.28623754270943,OK
2024-11-04 19:30:00,25.972243704479716,OK
2024-11-04 19:35:00,25.921052091176417,OK
2024-11-04 19:40:00,26.393855089220825,OK
2024-11-04 19:45:00,25.015779883189097,OK
2024-11-04 19:50:00,26.743708326494687,OK
2024-11-04 19:55:00,26.35235683361795,OK
2024-11-04 20:00:00,26.7126654456798,OK
2024-11-04 20:05:00,25.693590168533525,OK
2024-11-04 20:10:00,26.01934075792528,OK
2024-11-04 20:15:00,25.704504197908836,OK
2024-11-04 20:20:00,26.180177781325717,OK
2024-11-04 20:25:00,27.068899395254284,OK
2024-11-04 20:30:00,26.243435533596465,OK
2024-11-04 20:35:00,26.66051466703947,OK
2024-11-04 20:40:00,27.005763565521676,OK
2024-11-04 20:45:00,26.245015906542175,OK
2024-11-04 20:50:00,26.70416021981119,OK
2024-11-04 20:55:00,26.281067384296403,OK
2024-11-04 21:00:00,27.234500377344222,OK
2024-11-04 21:05:00,26.441379924551548,OK
2024-11-04 21:10:00,25.726539954136634,OK
2024-11-04 21:15:00,26.306957251131408,OK
2024-11-04 21:20:00,26.215685866639365,OK
2024-11-04 21:25:00,26.06178036705271,OK
2024-11-04 21:30:00,26.71890856443546,OK
2024-11-04 21:35:00,26.49999382334374,OK
2024-11-04 21:40:00,26.661645912942983,OK
2024-11-04 21:45:00,26.206845045329462,OK
2024-11-04 21:50:00,26.829796891809508,OK
2024-11-04 21:55:00,26.11852390955781,OK
2024-11-04 22:00:00,26.288721419081018,OK
2024-11-04 22:05:00,26.311492945045387,OK
2024-11-04 22:10:00,26.5694000959299,OK
2024-11-04 22:15:00,26.708733084906015,OK
2024-11-04 22:20:00,26.941329962452745,OK
2024-11-04 22:25:00,19.26429921319925,OK
2024-11-04 22:30:00,18.91139213905042,OK
2024-11-04 22:35:00,18.811339792964674,OK
2024-11-04 22:40:00,26.941323422054978,OK
2024-11-04 22:45:00,25.577018030640208,OK
2024-11-04 22:50:00,26.723548034453454,OK
2024-11-04 22:55:00,26.794764985249714,OK
2024-11-04 23:00:00,25.922983342390626,OK
2024-11-04 23:05:00,26.59306856117985,OK
2024-11-04 23:10:00,26.988717913301695,OK
2024-11-04 23:15:00,26.418429894943543,OK
2024-11-04 23:20:00,25.98178770682711,OK
2024-11-04 23:25:00,19.244937486188352,OK
2024-11-04 23:30:00,18.439314912259483,OK
2024-11-04 23:35:00,17.99182752848548,OK
2024-11-04 23:40:00,27.03576430280462,OK
2024-11-04 23:45:00,25.869145683205293,OK
2024-11-04 23:50:00,26.217842342165845,OK
2024-11-04 23:55:00,25.521672284165426,OK
2024-11-05 00:00:00,26.421882546308566,OK
2024-11-05 00:05:00,26.064343540963467,OK
2024-11-05 00:10:00,26.139533921615424,OK
2024-11-05 00:15:00,26.834360872790008,OK
2024-11-05 00:20:00,26.101472608286556,OK
2024-11-05 00:25:00,27.52331709061355,OK
2024-11-05 00:30:00,26.849625169930228,OK
2024-11-05 00:35:00,26.56596715873458,OK
2024-11-05 00:40:00,18.03701604523165,OK
2024-11-05 00:45:00,19.450262446531834,OK
2024-11-05 00:50:00,18.57543346065275,OK
2024-11-05 00:55:00,25.857818466156026,OK
2024-11-05 01:00:00,27.16756931543239,OK
2024-11-05 01:05:00,27.142794906054554,OK
2024-11-05 01:10:00,26.503915076507994,OK
2024-11-05 01:15:00,26.379458027496696,OK
2024-11-05 01:20:00,26.926197387249594,OK
2024-11-05 01:25:00,26.664702224526437,OK
2024-11-05 01:30:00,26.617910069369582,OK
2024-11-05 01:35:00,19.402413697956153,OK
2024-11-05 01:40:00,18.756831374525902,OK
2024-11-05 01:45:00,18.310669172101942,OK
2024-11-05 01:50:00,25.985240058711256,OK
2024-11-05 01:55:00,26.458898363034795,OK
2024-11-05 02:00:00,25.887271574323794,OK
2024-11-05 02:05:00,25.97388626235529,OK
2024-11-05 02:10:00,26.480889377197194,OK
2024-11-05 02:15:00,26.193281780691418,OK
2024-11-05 02:20:00,26.64628314872269,OK
2024-11-05 02:25:00,27.016971761048776,OK
2024-11-05 02:30:00,26.364155803679996,OK
2024-11-05 02:35:00,26.098053143289995,OK
2024-11-05 02:40:00,26.452825204125183,OK
2024-11-05 02:45:00,19.624324425507663,OK
2024-11-05 02:50:00,18.92163277944239,OK
2024-11-05 02:55:00,19.0865489525785,OK
2024-11-05 03:00:00,26.12271769219461,OK
2024-11-05 03:05:00,26.18284894110537,OK
2024-11-05 03:10:00,26.22370252463542,OK
2024-11-05 03:15:00,26.463491962373187,OK
2024-11-05 03:20:00,26.637811794381555,OK
2024-11-05 03:25:00,26.2886031365646,OK
2024-11-05 03:30:00,25.987135269975496,OK
2024-11-05 03:35:00,26.68578417627205,OK
2024-11-05 03:40:00,26.74085374107308,OK
2024-11-05 03:45:00,26.142014502786747,OK
2024-11-05 03:50:00,25.88332270159033,OK
2024-11-05 03:55:00,26.899460988871333,OK
2024-11-05 04:00:00,25.75719901660749,OK
2024-11-05 04:05:00,18.918750060606044,OK
2024-11-05 04:10:00,19.21435158298451,OK
2024-11-05 04:15:00,19.53381338120925,OK
2024-11-05 04:20:00,26.306944263710413,OK
2024-11-05 04:25:00,26.538432258677762,OK
2024-11-05 04:30:00,26.460783234401884,OK
2024-11-05 04:35:00,25.921063638633935,OK
2024-11-05 04:40:00,26.33063265585415,OK
2024-11-05 04:45:00,27.085725770685972,OK
2024-11-05 04:50:00,25.9242337064962,OK
2024-11-05 04:55:00,26.3120075171665,OK
2024-11-05 05:00:00,26.218168786952734,OK
2024-11-05 05:05:00,26.97630309676378,OK
2024-11-05 05:10:00,26.280265316040595,OK
2024-11-05 05:15:00,26.911309648100012,OK
2024-11-05 05:20:00,26.0871144190153,OK
2024-11-05 05:25:00,26.27739165331584,OK
2024-11-05 05:30:00,26.27409458678831,OK
2024-11-05 05:35:00,26.846175839925344,OK
2024-11-05 05:40:00,26.35800379789536,OK
2024-11-05 05:45:00,26.744124525385867,OK
2024-11-05 05:50:00,26.43099421392716,OK
2024-11-05 05:55:00,26.666090428229253,OK
2024-11-05 06:00:00,26.185370791165244,OK
2024-11-05 06:05:00,25.955301917289525,OK
2024-11-05 06:10:00,26.297966799889608,OK
2024-11-05 06:15:00,26.4176017362093,OK
2024-11-05 06:20:00,26.922967940745774,OK
2024-11-05 06:25:00,27.182341084969128,OK
2024-11-05 06:30:00,26.580663849856546,OK
2024-11-05 06:35:00,25.769953958511824,OK
2024-11-05 06:40:00,26.331484640204305,OK
2024-11-05 06:45:00,27.742235732290432,OK
2024-11-05 06:50:00,25.65063324833449,OK
2024-11-05 06:55:00,26.827706897678038,OK
2024-11-05 07:00:00,26.658560830895343,OK
2024-11-05 07:05:00,26.252051424125614,OK
2024-11-05 07:10:00,26.513118507463936,OK
2024-11-05 07:15:00,27.142951112328888,OK
2024-11-05 07:20:00,26.437847670202395,OK
2024-11-05 07:25:00,26.024976611016736,OK
2024-11-05 07:30:00,26.123907662843333,OK
2024-11-05 07:35:00,26.173340103973135,OK
2024-11-05 07:40:00,26.505673978016247,OK
2024-11-05 07:45:00,26.840492088972113,OK
2024-11-05 07:50:00,26.700040763988135,OK
2024-11-05 07:55:00,25.942521911327432,OK
2024-11-05 08:00:00,26.519601166104323,OK
2024-11-05 08:05:00,26.063393291772474,OK
2024-11-05 08:10:00,26.42249680683698,OK
2024-11-05 08:15:00,26.868865280453193,OK
2024-11-05 08:20:00,25.199416373720013,OK
2024-11-05 08:25:00,26.756984374111745,OK
2024-11-05 08:30:00,26.70315290474741,OK
2024-11-05 08:35:00,26.08265063436791,OK
2024-11-05 08:40:00,19.941488597759264,OK
2024-11-05 08:45:00,18.747250550127138,OK
2024-11-05 08:50:00,18.870312226853628,OK
2024-11-05 08:55:00,26.70027157058734,OK
2024-11-05 09:00:00,26.697480304315995,OK
2024-11-05 09:05:00,26.00798197861119,OK
2024-11-05 09:10:00,27.04449702251632,OK
2024-11-05 09:15:00,26.138847136509142,OK
2024-11-05 09:20:00,26.366859799845454,OK
2024-11-05 09:25:00,25.961848073239192,OK
2024-11-05 09:30:00,26.328893793541948,OK
2024-11-05 09:35:00,25.841684818226724,OK
2024-11-05 09:40:00,26.304643419678538,OK
2024-11-05 09:45:00,26.66988280761193,OK
2024-11-05 09:50:00,27.002923345786275,OK
2024-11-05 09:55:00,19.338020084356707,OK
2024-11-05 10:00:00,19.160006994127368,OK
2024-11-05 10:05:00,18.841587522079756,OK
2024-11-05 10:10:00,26.59424507645587,OK
2024-11-05 10:15:00,26.07129448983174,OK
2024-11-05 10:20:00,27.81828780663066,OK
2024-11-05 10:25:00,26.771824184270244,OK
2024-11-05 10:30:00,26.304782427993405,OK
2024-11-05 10:35:00,26.87255824185483,OK
2024-11-05 10:40:00,26.912033735401142,OK
2024-11-05 10:45:00,26.014425976397813,OK
2024-11-05 10:50:00,26.440974037292804,OK
2024-11-05 10:55:00,19.247313241490264,OK
2024-11-05 11:00:00,18.443177633047025,OK
2024-11-05 11:05:00,18.57165627505941,OK
2024-11-05 11:10:00,26.12119211895826,OK
2024-11-05 11:15:00,26.196263909999466,OK
2024-11-05 11:20:00,26.200858902867544,OK
2024-11-05 11:25:00,26.139385631462034,OK
2024-11-05 11:30:00,26.662491918952714,OK
2024-11-05 11:35:00,27.153554808946215,OK
2024-11-05 11:40:00,26.22922158945361,OK
2024-11-05 11:45:00,26.94065877896377,OK
2024-11-05 11:50:00,18.67147277394986,OK
2024-11-05 11:55:00,19.04317064737119,OK
2024-11-05 12:00:00,19.283377664812324,OK
2024-11-05 12:05:00,26.669496456376937,OK
2024-11-05 12:10:00,26.34767523197519,OK
2024-11-05 12:15:00,26.375727140901045,OK
2024-11-05 12:20:00,25.828896848830077,OK
2024-11-05 12:25:00,26.84518176243546,OK
2024-11-05 12:30:00,26.24883029752246,OK
2024-11-05 12:35:00,25.889626058821943,OK
2024-11-05 12:40:00,26.335780098744568,OK
2024-11-05 12:45:00,26.29275460139454,OK
2024-11-05 12:50:00,18.677566197293817,OK
2024-11-05 12:55:00,18.693014511512832,OK
2024-11-05 13:00:00,19.594677097404688,OK
2024-11-05 13:05:00,26.458992654354397,OK
2024-11-05 13:10:00,26.661401422931792,OK
2024-11-05 13:15:00,26.51635522260598,OK
2024-11-05 13:20:00,26.796763925371074,OK
2024-11-05 13:25:00,26.611746495193117,OK
2024-11-05 13:30:00,26.777094458083486,OK
2024-11-05 13:35:00,26.38023321619031,OK
2024-11-05 13:40:00,26.387290737745197,OK
2024-11-05 13:45:00,26.105235313047416,OK
2024-11-05 13:50:00,25.912035222873293,OK
2024-11-05 13:55:00,26.518849471118756,OK
2024-11-05 14:00:00,19.430022888159378,OK
2024-11-05 14:05:00,19.50775344594264,OK
2024-11-05 14:10:00,18.9827651437823,OK
2024-11-05 14:15:00,26.666795334053703,OK
2024-11-05 14:20:00,26.554579536453765,OK
2024-11-05 14:25:00,25.787525493533092,OK
2024-11-05 14:30:00,26.101114502055022,OK
2024-11-05 14:35:00,26.294847973495244,OK
2024-11-05 14:40:00,25.700232492480012,OK
2024-11-05 14:45:00,26.296131167167655,OK
2024-11-05 14:50:00,26.56521306275461,OK
2024-11-05 14:55:00,26.196280250250545,OK
2024-11-05 15:00:00,18.97882511692546,OK
2024-11-05 15:05:00,19.43504582920372,OK
2024-11-05 15:10:00,19.273189477865746,OK
2024-11-05 15:15:00,26.53384161286752,OK
2024-11-05 15:20:00,26.467664870752632,OK
2024-11-05 15:25:00,26.599361505590913,OK
2024-11-05 15:30:00,25.875227480540584,OK
2024-11-05 15:35:00,25.888146798174187,OK
2024-11-05 15:40:00,26.544033658252772,OK
2024-11-05 15:45:00,26.653496672552762,OK
2024-11-05 15:50:00,26.75613637414639,OK
2024-11-05 15:55:00,26.77446551585437,OK
2024-11-05 16:00:00,25.946584067804775,OK
2024-11-05 16:05:00,25.88486584777609,OK
2024-11-05 16:10:00,25.616666629448446,OK
2024-11-05 16:15:00,26.829684325373773,OK
2024-11-05 16:20:00,26.254650653466445,OK
2024-11-05 16:25:00,26.397612373783133,OK
2024-11-05 16:30:00,25.655789251063247,OK
2024-11-05 16:35:00,25.34068725960012,OK
2024-11-05 16:40:00,26.55897554048266,OK
2024-11-05 16:45:00,26.159032536123032,OK
2024-11-05 16:50:00,26.431898652819058,OK
2024-11-05 16:55:00,24.886951827757244,OK
2024-11-05 17:00:00,26.192378809345218,OK
2024-11-05 17:05:00,26.399272940789366,OK
2024-11-05 17:10:00,25.688539461891423,OK
2024-11-05 17:15:00,25.951195603302182,OK
2024-11-05 17:20:00,25.567784762623933,OK
2024-11-05 17:25:00,26.223472680066816,OK
2024-11-05 17:30:00,26.102415465101473,OK
2024-11-05 17:35:00,26.2498863659545,OK
2024-11-05 17:40:00,26.306873709471265,OK
2024-11-05 17:45:00,26.27552216859247,OK
2024-11-05 17:50:00,25.789382736652083,OK
2024-11-05 17:55:00,26.03477064534222,OK
2024-11-05 18:00:00,25.39182910260882,OK
2024-11-05 18:05:00,26.494321843927718,OK
2024-11-05 18:10:00,26.094879443894083,OK
2024-11-05 18:15:00,25.865387534592795,OK
2024-11-05 18:20:00,25.536207132776237,OK
2024-11-05 18:25:00,25.486636361982704,OK
2024-11-05 18:30:00,26.452095740729824,OK
2024-11-05 18:35:00,25.9854126615678,OK
2024-11-05 18:40:00,25.830622802968897,OK
2024-11-05 18:45:00,26.219914610318376,OK
2024-11-05 18:50:00,25.61213871146986,OK
2024-11-05 18:55:00,26.98462253811121,OK
2024-11-05 19:00:00,26.73171867918678,OK
2024-11-05 19:05:00,25.937376943742507,OK
2024-11-05 19:10:00,26.84978037731581,OK
2024-11-05 19:15:00,25.654938417822702,OK
2024-11-05 19:20:00,26.470112949429094,OK
2024-11-05 19:25:00,26.382187545513407,OK
2024-11-05 19:30:00,26.553694126465803,OK
2024-11-05 19:35:00,26.794351443986947,OK
2024-11-05 19:40:00,26.288920900802026,OK
2024-11-05 19:45:00,25.687140167462104,OK
2024-11-05 19:50:00,26.757447426318517,OK
2024-11-05 19:55:00,25.98891038342745,OK
2024-11-05 20:00:00,27.330590314927015,OK
2024-11-05 20:05:00,26.35436732356754,OK
2024-11-05 20:10:00,26.71896897283569,OK
2024-11-05 20:15:00,26.6604728552952,OK
2024-11-05 20:20:00,25.889687431635366,OK
2024-11-05 20:25:00,25.746736868689396,OK
2024-11-05 20:30:00,26.40986488105605,OK
2024-11-05 20:35:00,26.24548568574983,OK
2024-11-05 20:40:00,25.955309896548556,OK
2024-11-05 20:45:00,26.304250151053118,OK
2024-11-05 20:50:00,26.858540958398095,OK
2024-11-05 20:55:00,26.515120864059732,OK
2024-11-05 21:00:00,26.84355651181641,OK
2024-11-05 21:05:00,25.72779618870263,OK
2024-11-05 21:10:00,26.178039542407674,OK
2024-11-05 21:15:00,26.906910046365663,OK
2024-11-05 21:20:00,26.561904323404832,OK
2024-11-05 21:25:00,26.508843520599616,OK
2024-11-05 21:30:00,26.68754137482559,OK
2024-11-05 21:35:00,26.450778600075495,OK
2024-11-05 21:40:00,27.001253111590028,OK
2024-11-05 21:45:00,26.849180346048602,OK
2024-11-05 21:50:00,19.03147464053731,OK
2024-11-05 21:55:00,19.16393594076745,OK
2024-11-05 22:00:00,18.45853901342783,OK
2024-11-05 22:05:00,26.045449150624904,OK
2024-11-05 22:10:00,26.868528872307866,OK
2024-11-05 22:15:00,26.69346353888313,OK
2024-11-05 22:20:00,26.625131187233073,OK
2024-11-05 22:25:00,26.983161242138905,OK
2024-11-05 22:30:00,26.362340834201582,OK
2024-11-05 22:35:00,25.868552724419985,OK
2024-11-05 22:40:00,26.21145317700281,OK
2024-11-05 22:45:00,25.815077282764673,OK
2024-11-05 22:50:00,26.796235451052507,OK
2024-11-05 22:55:00,26.1317317993465,OK
2024-11-05 23:00:00,26.31316912354295,OK
2024-11-05 23:05:00,26.134298957017457,OK
2024-11-05 23:10:00,26.402759180058435,OK
2024-11-05 23:15:00,27.044123689431576,OK
2024-11-05 23:20:00,19.67240839132882,OK
2024-11-05 23:25:00,18.881520010210483,OK
2024-11-05 23:30:00,18.96704363323026,OK
2024-11-05 23:35:00,26.05342256958901,OK
2024-11-05 23:40:00,26.83567416394885,OK
2024-11-05 23:45:00,27.211768607717726,OK
2024-11-05 23:50:00,26.801322309136967,OK
2024-11-05 23:55:00,25.917815139980927,OK
2024-11-06 00:00:00,26.642341412478125,OK
2024-11-06 00:05:00,26.739031560586316,OK
2024-11-06 00:10:00,26.704381054297926,OK
2024-11-06 00:15:00,25.906512894163452,OK
2024-11-06 00:20:00,26.493931447554385,OK
2024-11-06 00:25:00,26.43177552294599,OK
2024-11-06 00:30:00,18.60934148534847,OK
2024-11-06 00:35:00,19.003696400603733,OK
2024-11-06 00:40:00,19.42948291335838,OK
2024-11-06 00:45:00,26.86465841664679,OK
2024-11-06 00:50:00,26.76428629500216,OK
2024-11-06 00:55:00,27.289720399129852,OK
2024-11-06 01:00:00,26.528196884190404,OK
2024-11-06 01:05:00,27.67357298040884,OK
2024-11-06 01:10:00,26.095735607797415,OK
2024-11-06 01:15:00,26.53893840584838,OK
2024-11-06 01:20:00,27.324593598525794,OK
2024-11-06 01:25:00,26.710358361542173,OK
2024-11-06 01:30:00,27.092146621742195,OK
2024-11-06 01:35:00,26.649317144483362,OK
2024-11-06 01:40:00,26.364562613989012,OK
2024-11-06 01:45:00,25.90216921539909,OK
2024-11-06 01:50:00,26.385663390224053,OK
2024-11-06 01:55:00,26.377802556259617,OK
2024-11-06 02:00:00,26.418797395442166,OK
2024-11-06 02:05:00,27.236029048299862,OK
2024-11-06 02:10:00,27.002547674519274,OK
2024-11-06 02:15:00,26.14861743370789,OK
2024-11-06 02:20:00,26.604606545129904,OK
2024-11-06 02:25:00,18.767094516988113,OK
2024-11-06 02:30:00,19.19117216834207,OK
2024-11-06 02:35:00,18.898588071109458,OK
2024-11-06 02:40:00,26.55970384845042,OK
2024-11-06 02:45:00,26.049508220840195,OK
2024-11-06 02:50:00,26.019145399735585,OK
2024-11-06 02:55:00,26.228766419165883,OK
2024-11-06 03:00:00,26.625500575280075,OK
2024-11-06 03:05:00,26.9592977618638,OK
2024-11-06 03:10:00,25.845963057590918,OK
2024-11-06 03:15:00,26.641284061494776,OK
2024-11-06 03:20:00,19.495948030645728,OK
2024-11-06 03:25:00,18.69042881739902,OK
2024-11-06 03:30:00,18.923315444609674,OK
2024-11-06 03:35:00,26.03779782499224,OK
2024-11-06 03:40:00,26.367210837965573,OK
2024-11-06 03:45:00,27.220264312470945,OK
2024-11-06 03:50:00,26.017624681130442,OK
2024-11-06 03:55:00,25.64882858331516,OK
2024-11-06 04:00:00,26.06577763132141,OK
2024-11-06 04:05:00,26.469039810012976,OK
2024-11-06 04:10:00,26.466437842625158,OK
2024-11-06 04:15:00,26.952869430932772,OK
2024-11-06 04:20:00,26.05874807914694,OK
2024-11-06 04:25:00,26.64678174213676,OK
2024-11-06 04:30:00,27.466806948186502,OK
2024-11-06 04:35:00,27.73469161243491,OK
2024-11-06 04:40:00,26.78183613433188,OK
2024-11-06 04:45:00,26.661162435772113,OK
2024-11-06 04:50:00,26.93896767544331,OK
2024-11-06 04:55:00,27.002795423876247,OK
2024-11-06 05:00:00,26.063390467886464,OK
2024-11-06 05:05:00,26.338223064560168,OK
2024-11-06 05:10:00,26.086288627774685,OK
2024-11-06 05:15:00,25.897352965808103,OK
2024-11-06 05:20:00,26.025904954756896,OK
2024-11-06 05:25:00,26.16988981819101,OK
2024-11-06 05:30:00,26.70204968272188,OK
2024-11-06 05:35:00,27.06634447287439,OK
2024-11-06 05:40:00,26.605105149976477,OK
2024-11-06 05:45:00,27.206410933262475,OK
2024-11-06 05:50:00,26.14260263282625,OK
2024-11-06 05:55:00,26.209131650054776,OK
2024-11-06 06:00:00,26.204526201051014,OK
2024-11-06 06:05:00,26.12289099365721,OK
2024-11-06 06:10:00,26.757570083768833,OK
2024-11-06 06:15:00,26.39571087221736,OK
2024-11-06 06:20:00,26.651276066391194,OK
2024-11-06 06:25:00,26.765222435456987,OK
2024-11-06 06:30:00,26.309821996656385,OK
2024-11-06 06:35:00,27.397978783507362,OK
2024-11-06 06:40:00,26.637852060830788,OK
2024-11-06 06:45:00,26.44702993235916,OK
2024-11-06 06:50:00,26.630973639371906,OK
2024-11-06 06:55:00,26.06771603777201,OK
2024-11-06 07:00:00,26.22756610436525,OK
2024-11-06 07:05:00,27.180623635223714,OK
2024-11-06 07:10:00,26.62848302492994,OK
2024-11-06 07:15:00,27.55634502543398,OK
2024-11-06 07:20:00,26.14474110388752,OK
2024-11-06 07:25:00,26.394702763493704,OK
2024-11-06 07:30:00,19.009625975495748,OK
2024-11-06 07:35:00,18.550876875792785,OK
2024-11-06 07:40:00,19.018114364326905,OK
2024-11-06 07:45:00,26.68813638899275,OK
2024-11-06 07:50:00,26.233626001131544,OK
2024-11-06 07:55:00,25.825941889998827,OK
2024-11-06 08:00:00,27.17718890019935,OK
2024-11-06 08:05:00,26.32744544426816,OK
2024-11-06 08:10:00,25.92481751745923,OK
2024-11-06 08:15:00,25.170331413891688,OK
2024-11-06 08:20:00,27.030528704211726,OK
2024-11-06 08:25:00,26.845215675582743,OK
2024-11-06 08:30:00,27.594437080796368,OK
2024-11-06 08:35:00,26.461188927593252,OK
2024-11-06 08:40:00,26.340953699365816,OK
2024-11-06 08:45:00,26.670269794157722,OK
2024-11-06 08:50:00,26.844343270621547,OK
2024-11-06 08:55:00,25.91137329817306,OK
2024-11-06 09:00:00,26.773198837979578,OK
2024-11-06 09:05:00,26.767415100945264,OK
2024-11-06 09:10:00,26.384930076360334,OK
2024-11-06 09:15:00,18.98369143058948,OK
2024-11-06 09:20:00,18.656728979124196,OK
2024-11-06 09:25:00,18.808375093944534,OK
2024-11-06 09:30:00,26.39982544653135,OK
2024-11-06 09:35:00,26.19321398743144,OK
2024-11-06 09:40:00,26.86718695939408,OK
2024-11-06 09:45:00,26.449938329729303,OK
2024-11-06 09:50:00,26.764061184363246,OK
2024-11-06 09:55:00,26.95726220247447,OK
2024-11-06 10:00:00,26.869555536750187,OK
2024-11-06 10:05:00,26.507940814767473,OK
2024-11-06 10:10:00,18.522274145126524,OK
2024-11-06 10:15:00,19.274242704691282,OK
2024-11-06 10:20:00,19.563464800548058,OK
2024-11-06 10:25:00,26.863704000273604,OK
2024-11-06 10:30:00,26.734953812986507,OK
2024-11-06 10:35:00,26.45651661291047,OK
2024-11-06 10:40:00,25.984421538440877,OK
2024-11-06 10:45:00,26.484752936320763,OK
2024-11-06 10:50:00,26.962749121777854,OK
2024-11-06 10:55:00,26.070742562403453,OK
2024-11-06 11:00:00,26.391141673260712,OK
2024-11-06 11:05:00,19.068287554826327,OK
2024-11-06 11:10:00,18.818233080374373,OK
2024-11-06 11:15:00,18.70690802862088,OK
2024-11-06 11:20:00,25.58464136537342,OK
2024-11-06 11:25:00,26.529431415651107,OK
2024-11-06 11:30:00,26.61899381730231,OK
2024-11-06 11:35:00,26.599733279702477,OK
2024-11-06 11:40:00,26.492062507183455,OK
2024-11-06 11:45:00,26.948764537655755,OK
2024-11-06 11:50:00,26.135595537879,OK
2024-11-06 11:55:00,26.116203716619168,OK
2024-11-06 12:00:00,27.23450701800299,OK
2024-11-06 12:05:00,27.064472260147596,OK
2024-11-06 12:10:00,19.15925828818208,OK
2024-11-06 12:15:00,18.633124671557322,OK
2024-11-06 12:20:00,18.684242620654448,OK
2024-11-06 12:25:00,26.267550151577076,OK
2024-11-06 12:30:00,26.147186267944686,OK
2024-11-06 12:35:00,25.664553432702842,OK
2024-11-06 12:40:00,26.450026292905413,OK
2024-11-06 12:45:00,26.264040928592777,OK
2024-11-06 12:50:00,26.371531224113347,OK
2024-11-06 12:55:00,26.193978740651602,OK
2024-11-06 13:00:00,26.74746658421044,OK
2024-11-06 13:05:00,26.919987470756865,OK
2024-11-06 13:10:00,25.946617039638422,OK
2024-11-06 13:15:00,26.16883344118725,OK
2024-11-06 13:20:00,26.259240960655813,OK
2024-11-06 13:25:00,27.033869471900594,OK
2024-11-06 13:30:00,26.474215125664053,OK
2024-11-06 13:35:00,18.989751241917734,OK
2024-11-06 13:40:00,19.151658644120538,OK
2024-11-06 13:45:00,19.255101159765367,OK
2024-11-06 13:50:00,26.514799912229137,OK
2024-11-06 13:55:00,27.214682689142165,OK
2024-11-06 14:00:00,26.618124318212345,OK
2024-11-06 14:05:00,25.735759024437275,OK
2024-11-06 14:10:00,26.208914060191987,OK
2024-11-06 14:15:00,25.653382338193985,OK
2024-11-06 14:20:00,26.710983101775444,OK
2024-11-06 14:25:00,26.11568830021929,OK
2024-11-06 14:30:00,26.4811312950779,OK
2024-11-06 14:35:00,27.627964802574798,OK
2024-11-06 14:40:00,26.80028705444752,OK
2024-11-06 14:45:00,26.638055263469496,OK
2024-11-06 14:50:00,25.702418861625866,OK
2024-11-06 14:55:00,26.329734416416425,OK
2024-11-06 15:00:00,27.268922288999217,OK
2024-11-06 15:05:00,26.176185445593973,OK
2024-11-06 15:10:00,26.687242833401697,OK
2024-11-06 15:15:00,26.10499441834725,OK
2024-11-06 15:20:00,19.544931288736787,OK
2024-11-06 15:25:00,18.74389045245377,OK
2024-11-06 15:30:00,18.634104699915326,OK
2024-11-06 15:35:00,26.666340863034126,OK
2024-11-06 15:40:00,26.11469644236751,OK
2024-11-06 15:45:00,26.349303019546273,OK
2024-11-06 15:50:00,27.202162323098097,OK
2024-11-06 15:55:00,25.957325515696684,OK
2024-11-06 16:00:00,26.140270071158497,OK
2024-11-06 16:05:00,26.674079717847846,OK
2024-11-06 16:10:00,26.346152469356582,OK
2024-11-06 16:15:00,25.97770656792303,OK
2024-11-06 16:20:00,26.33706558016872,OK
2024-11-06 16:25:00,26.525696839455318,OK
2024-11-06 16:30:00,26.498405728211743,OK
2024-11-06 16:35:00,25.94346819142985,OK
2024-11-06 16:40:00,26.239981321990886,OK
2024-11-06 16:45:00,26.606916872226332,OK
2024-11-06 16:50:00,26.39553950373457,OK
2024-11-06 16:55:00,26.583296939403354,OK
2024-11-06 17:00:00,26.074253994933372,OK
2024-11-06 17:05:00,26.517640190798115,OK
2024-11-06 17:10:00,26.23472101554975,OK
2024-11-06 17:15:00,25.89949117204751,OK
2024-11-06 17:20:00,26.858942818061177,OK
2024-11-06 17:25:00,27.142549518990155,OK
2024-11-06 17:30:00,26.111903493956284,OK
2024-11-06 17:35:00,26.424437163321645,OK
2024-11-06 17:40:00,26.45363368276733,OK
2024-11-06 17:45:00,26.527464896284513,OK
2024-11-06 17:50:00,26.502880209365824,OK
2024-11-06 17:55:00,26.25307258334298,OK
2024-11-06 18:00:00,26.608024700084215,OK
2024-11-06 18:05:00,26.555433999821425,OK
2024-11-06 18:10:00,26.103225072113457,OK
2024-11-06 18:15:00,26.395224961965557,OK
2024-11-06 18:20:00,26.949086609483153,OK
2024-11-06 18:25:00,25.727312193447414,OK
2024-11-06 18:30:00,25.903315844318318,OK
2024-11-06 18:35:00,26.092679984809703,OK
2024-11-06 18:40:00,26.90808987845072,OK
2024-11-06 18:45:00,26.00585344620046,OK
2024-11-06 18:50:00,26.034709483180837,OK
2024-11-06 18:55:00,26.085199052121165,OK
2024-11-06 19:00:00,26.62897039602228,OK
2024-11-06 19:05:00,26.123116849621713,OK
2024-11-06 19:10:00,26.35180632225711,OK
2024-11-06 19:15:00,25.616420377456944,OK
2024-11-06 19:20:00,25.964154774141946,OK
2024-11-06 19:25:00,25.513327954573473,OK
2024-11-06 19:30:00,26.96083147004629,OK
2024-11-06 19:35:00,26.26446424070742,OK
2024-11-06 19:40:00,26.77175948694963,OK
2024-11-06 19:45:00,27.16722651053138,OK
2024-11-06 19:50:00,26.471765209345165,OK
2024-11-06 19:55:00,19.05338961060838,OK
2024-11-06 20:00:00,19.140925731253922,OK
2024-11-06 20:05:00,18.966870951682143,OK
2024-11-06 20:10:00,26.422707976788402,OK
2024-11-06 20:15:00,27.03378819463285,OK
2024-11-06 20:20:00,25.81941245143841,OK
2024-11-06 20:25:00,26.917961998385774,OK
2024-11-06 20:30:00,26.3290127683689,OK
2024-11-06 20:35:00,26.477843972950296,OK
2024-11-06 20:40:00,26.47220712851206,OK
2024-11-06 20:45:00,26.140143818283903,OK
2024-11-06 20:50:00,25.434000901429936,OK
2024-11-06 20:55:00,26.626592982963032,OK
2024-11-06 21:00:00,19.052969412935454,OK
2024-11-06 21:05:00,18.52373895244079,OK
2024-11-06 21:10:00,18.9718260038585,OK
2024-11-06 21:15:00,26.70252042847415,OK
2024-11-06 21:20:00,26.152544575674437,OK
2024-11-06 21:25:00,26.18308038489595,OK
2024-11-06 21:30:00,26.318583947323425,OK
2024-11-06 21:35:00,26.461779331215453,OK
2024-11-06 21:40:00,26.48184330258992,OK
2024-11-06 21:45:00,26.799267520293107,OK
2024-11-06 21:50:00,26.175341011085635,OK
2024-11-06 21:55:00,26.47090240920641,OK
2024-11-06 22:00:00,26.744892651477592,OK
2024-11-06 22:05:00,26.1290614830324,OK
2024-11-06 22:10:00,26.328047683509002,OK
2024-11-06 22:15:00,19.39287729816598,OK
2024-11-06 22:20:00,18.92991626107841,OK
2024-11-06 22:25:00,18.678487527778696,OK
2024-11-06 22:30:00,26.67433689796552,OK
2024-11-06 22:35:00,26.05985416987394,OK
2024-11-06 22:40:00,26.00210140044816,OK
2024-11-06 22:45:00,27.0827200270404,OK
2024-11-06 22:50:00,25.690553883016385,OK
2024-11-06 22:55:00,25.932573665177287,OK
2024-11-06 23:00:00,26.84180267883313,OK
2024-11-06 23:05:00,26.96652212103034,OK
2024-11-06 23:10:00,26.006095543195688,OK
2024-11-06 23:15:00,26.543925899742188,OK
2024-11-06 23:20:00,19.64529570538746,OK
2024-11-06 23:25:00,18.663412316974984,OK
2024-11-06 23:30:00,19.695543492334217,OK
2024-11-06 23:35:00,26.581699745363597,OK
2024-11-06 23:40:00,26.269801489052412,OK
2024-11-06 23:45:00,26.565824769935613,OK
2024-11-06 23:50:00,26.605390656100788,OK
2024-11-06 23:55:00,26.946530923493423,OK
2024-11-07 00:00:00,27.096923412715373,OK
2024-11-07 00:05:00,27.451009851361267,OK
2024-11-07 00:10:00,26.396472138197897,OK
2024-11-07 00:15:00,27.28463405876815,OK
2024-11-07 00:20:00,26.870703295954286,OK
2024-11-07 00:25:00,26.545182731010787,OK
2024-11-07 00:30:00,26.415584236788515,OK
2024-11-07 00:35:00,18.056096998700735,OK
2024-11-07 00:40:00,18.250386917133095,OK
2024-11-07 00:45:00,18.39955947744888,OK
2024-11-07 00:50:00,27.16575205030386,OK
2024-11-07 00:55:00,27.135354431423767,OK
2024-11-07 01:00:00,26.263638722588464,OK
2024-11-07 01:05:00,26.38657214191046,OK
2024-11-07 01:10:00,26.42178486967095,OK
2024-11-07 01:15:00,27.066236336450974,OK
2024-11-07 01:20:00,25.934106619456497,OK
2024-11-07 01:25:00,26.655264534507037,OK
2024-11-07 01:30:00,26.86158476315983,OK
2024-11-07 01:35:00,26.37462472966402,OK
2024-11-07 01:40:00,27.011719192469567,OK
2024-11-07 01:45:00,26.6895109013939,OK
2024-11-07 01:50:00,25.366886209670785,OK
2024-11-07 01:55:00,26.934503692114664,OK
2024-11-07 02:00:00,26.296163728398636,OK
2024-11-07 02:05:00,26.047770484207327,OK
2024-11-07 02:10:00,26.275590821138373,OK
2024-11-07 02:15:00,27.129620821660385,OK
2024-11-07 02:20:00,27.077057642160565,OK
2024-11-07 02:25:00,26.381819348762246,OK
2024-11-07 02:30:00,27.065209915013206,OK
2024-11-07 02:35:00,26.633196884650715,OK
2024-11-07 02:40:00,27.77686302157581,OK
2024-11-07 02:45:00,27.06637116581499,OK
2024-11-07 02:50:00,26.582678313500754,OK
2024-11-07 02:55:00,25.622511009678338,OK
2024-11-07 03:00:00,26.100303847982563,OK
2024-11-07 03:05:00,26.436412434093395,OK
2024-11-07 03:10:00,26.70979412695756,OK
2024-11-07 03:15:00,26.011550317627126,OK
2024-11-07 03:20:00,26.50615178121125,OK
2024-11-07 03:25:00,26.671462037930766,OK
2024-11-07 03:30:00,26.58821131935,OK
2024-11-07 03:35:00,26.84622303586174,OK
2024-11-07 03:40:00,26.55464003880138,OK
2024-11-07 03:45:00,26.261403042935783,OK
2024-11-07 03:50:00,26.430036170374155,OK
2024-11-07 03:55:00,26.131357259059914,OK
2024-11-07 04:00:00,26.453319661594207,OK
2024-11-07 04:05:00,26.804937671821612,OK
2024-11-07 04:10:00,26.190181799720346,OK
2024-11-07 04:15:00,26.047328606872487,OK
2024-11-07 04:20:00,25.490740920563063,OK
2024-11-07 04:25:00,25.826718652132282,OK
2024-11-07 04:30:00,25.95552609807648,OK
2024-11-07 04:35:00,26.61718584578609,OK
2024-11-07 04:40:00,26.1671187158016,OK
2024-11-07 04:45:00,25.76212910664469,OK
2024-11-07 04:50:00,26.82774547785819,OK
2024-11-07 04:55:00,26.495921878621772,OK
2024-11-07 05:00:00,26.181644285240267,OK
2024-11-07 05:05:00,26.683866828385526,OK
2024-11-07 05:10:00,25.865236377917586,OK
2024-11-07 05:15:00,26.258218186516892,OK
2024-11-07 05:20:00,26.16481459896699,OK
2024-11-07 05:25:00,26.53733887780811,OK
2024-11-07 05:30:00,26.81716782903732,OK
2024-11-07 05:35:00,26.585759417341077,OK
2024-11-07 05:40:00,26.106742799492924,OK
2024-11-07 05:45:00,26.341728677169534,OK
2024-11-07 05:50:00,26.66845558165707,OK
2024-11-07 05:55:00,26.039459280899592,OK
2024-11-07 06:00:00,26.938061403536516,OK
2024-11-07 06:05:00,26.003429303964754,OK
2024-11-07 06:10:00,26.498193862816713,OK
2024-11-07 06:15:00,26.371063274769384,OK
2024-11-07 06:20:00,25.69606159500135,OK
2024-11-07 06:25:00,25.672410169667607,OK
2024-11-07 06:30:00,26.71554120616783,OK
2024-11-07 06:35:00,26.827690173334776,OK
2024-11-07 06:40:00,25.57155595909967,OK
2024-11-07 06:45:00,26.595106764448193,OK
2024-11-07 06:50:00,26.282439134356373,OK
2024-11-07 06:55:00,26.202679284775908,OK
2024-11-07 07:00:00,26.994217550715767,OK
2024-11-07 07:05:00,26.406235269322135,OK
2024-11-07 07:10:00,26.142524619771358,OK
2024-11-07 07:15:00,26.11313181864184,OK
2024-11-07 07:20:00,25.347825196292693,OK
2024-11-07 07:25:00,25.579228935731184,OK
2024-11-07 07:30:00,26.669862085478115,OK
2024-11-07 07:35:00,25.91275713747158,OK
2024-11-07 07:40:00,27.056134069407644,OK
2024-11-07 07:45:00,27.02166847865342,OK
2024-11-07 07:50:00,26.137148335461635,OK
2024-11-07 07:55:00,26.96375445922502,OK
2024-11-07 08:00:00,26.791581976629153,OK
2024-11-07 08:05:00,26.39934794741669,OK
2024-11-07 08:10:00,25.359506371927342,OK
2024-11-07 08:15:00,27.088961005485455,OK
2024-11-07 08:20:00,26.436478576629572,OK
2024-11-07 08:25:00,26.59992035070873,OK
2024-11-07 08:30:00,26.609528451555008,OK
2024-11-07 08:35:00,26.188506133868227,OK
2024-11-07 08:40:00,26.62740388919228,OK
2024-11-07 08:45:00,26.75952358766102,OK
2024-11-07 08:50:00,26.174433075308933,OK
2024-11-07 08:55:00,26.474438431865526,OK
2024-11-07 09:00:00,25.6735240724649,OK
2024-11-07 09:05:00,26.52834848377513,OK
2024-11-07 09:10:00,26.12908060848594,OK
2024-11-07 09:15:00,26.685544206753043,OK
2024-11-07 09:20:00,26.201081867003985,OK
2024-11-07 09:25:00,25.816567794547286,OK
2024-11-07 09:30:00,26.958684611836823,OK
2024-11-07 09:35:00,26.409009172283756,OK
2024-11-07 09:40:00,26.390758056617596,OK
2024-11-07 09:45:00,26.34420517682321,OK
2024-11-07 09:50:00,26.317937544396145,OK
2024-11-07 09:55:00,26.58697451700631,OK
2024-11-07 10:00:00,27.065211927318693,OK
2024-11-07 10:05:00,26.761012420173397,OK
2024-11-07 10:10:00,25.26928954149533,OK
2024-11-07 10:15:00,26.931416563376814,OK
2024-11-07 10:20:00,18.260049082671458,OK
2024-11-07 10:25:00,19.612978287270863,OK
2024-11-07 10:30:00,19.615943021589697,OK
2024-11-07 10:35:00,26.393923316956887,OK
2024-11-07 10:40:00,26.53493488942433,OK
2024-11-07 10:45:00,26.852204636523815,OK
2024-11-07 10:50:00,26.48667585481289,OK
2024-11-07 10:55:00,27.09882385085429,OK
2024-11-07 11:00:00,26.518411369336416,OK
2024-11-07 11:05:00,26.87427684650629,OK
2024-11-07 11:10:00,26.578561493216366,OK
2024-11-07 11:15:00,26.375550857627136,OK
2024-11-07 11:20:00,27.051505115670334,OK
2024-11-07 11:25:00,26.410278513955078,OK
2024-11-07 11:30:00,26.837120649459067,OK
2024-11-07 11:35:00,26.801670384818056,OK
2024-11-07 11:40:00,26.32828826481227,OK
2024-11-07 11:45:00,26.787211828065583,OK
2024-11-07 11:50:00,18.97330889162597,OK
2024-11-07 11:55:00,18.97699083305966,OK
2024-11-07 12:00:00,18.350424162455905,OK
2024-11-07 12:05:00,26.951934428275795,OK
2024-11-07 12:10:00,26.42152298712937,OK
2024-11-07 12:15:00,26.901090353334258,OK
2024-11-07 12:20:00,26.263352415698996,OK
2024-11-07 12:25:00,25.97149932637034,OK
2024-11-07 12:30:00,26.073593427158762,OK
2024-11-07 12:35:00,26.86904234743722,OK
2024-11-07 12:40:00,26.653423969678567,OK
2024-11-07 12:45:00,19.714438745788406,OK
2024-11-07 12:50:00,19.336402290058654,OK
2024-11-07 12:55:00,19.081044687956794,OK
2024-11-07 13:00:00,26.240991516242232,OK
2024-11-07 13:05:00,26.60179959764529,OK
2024-11-07 13:10:00,26.357348917997296,OK
2024-11-07 13:15:00,26.994282442848828,OK
2024-11-07 13:20:00,26.679238123252436,OK
2024-11-07 13:25:00,25.59245716429864,OK
2024-11-07 13:30:00,26.344206330573197,OK
2024-11-07 13:35:00,26.43938232161233,OK
2024-11-07 13:40:00,26.00459678420395,OK
2024-11-07 13:45:00,25.288636732614368,OK
2024-11-07 13:50:00,26.193797410765406,OK
2024-11-07 13:55:00,26.314900140122948,OK
2024-11-07 14:00:00,26.20679519374573,OK
2024-11-07 14:05:00,26.62361473098093,OK
2024-11-07 14:10:00,26.61057515877033,OK
2024-11-07 14:15:00,26.442370717878,OK
2024-11-07 14:20:00,26.498919371782634,OK
2024-11-07 14:25:00,19.311377299815298,OK
2024-11-07 14:30:00,19.369251716039834,OK
2024-11-07 14:35:00,18.849438556768963,OK
2024-11-07 14:40:00,26.04178412535648,OK
2024-11-07 14:45:00,26.499533900765044,OK
2024-11-07 14:50:00,26.28698521869367,OK
2024-11-07 14:55:00,25.820698707480613,OK
2024-11-07 15:00:00,26.197227137029525,OK
2024-11-07 15:05:00,26.464110661964394,OK
2024-11-07 15:10:00,27.538379598472027,OK
2024-11-07 15:15:00,27.218704478791317,OK
2024-11-07 15:20:00,18.98194745860447,OK
2024-11-07 15:25:00,19.371164201112745,OK
2024-11-07 15:30:00,18.69068927702297,OK
2024-11-07 15:35:00,26.124848776529,OK
2024-11-07 15:40:00,25.803886565891705,OK
2024-11-07 15:45:00,26.3517638274835,OK
2024-11-07 15:50:00,26.36282746194104,OK
2024-11-07 15:55:00,25.798493447182967,OK
2024-11-07 16:00:00,25.871796342701355,OK
2024-11-07 16:05:00,26.410273890795246,OK
2024-11-07 16:10:00,25.611275784828617,OK
2024-11-07 16:15:00,26.33416330295209,OK
2024-11-07 16:20:00,27.394880799234905,OK
2024-11-07 16:25:00,26.487214435869586,OK
2024-11-07 16:30:00,25.875180798036073,OK
2024-11-07 16:35:00,26.386242097677904,OK
2024-11-07 16:40:00,26.89622810550232,OK
2024-11-07 16:45:00,26.993595167734725,OK
2024-11-07 16:50:00,25.676983511792617,OK
2024-11-07 16:55:00,26.261114669670782,OK
2024-11-07 17:00:00,26.05743686670559,OK
2024-11-07 17:05:00,19.388623216699656,OK
2024-11-07 17:10:00,20.116310223441243,OK
2024-11-07 17:15:00,18.225145632483407,OK
2024-11-07 17:20:00,26.431336735441228,OK
2024-11-07 17:25:00,26.39482282092492,OK
2024-11-07 17:30:00,26.644116814819913,OK
2024-11-07 17:35:00,26.26390928914211,OK
2024-11-07 17:40:00,26.89923185842932,OK
2024-11-07 17:45:00,26.264200599375478,OK
2024-11-07 17:50:00,26.50262098900937,OK
2024-11-07 17:55:00,26.357894718918462,OK
2024-11-07 18:00:00,26.252992011665064,OK
2024-11-07 18:05:00,26.320855368335287,OK
2024-11-07 18:10:00,19.43182516470671,OK
2024-11-07 18:15:00,19.433028451538718,OK
2024-11-07 18:20:00,18.993470584915816,OK
2024-11-07 18:25:00,25.945265361780084,OK
2024-11-07 18:30:00,25.896373604484737,OK
2024-11-07 18:35:00,27.12840601761004,OK
2024-11-07 18:40:00,26.247049401016096,OK
2024-11-07 18:45:00,26.417385507417436,OK
2024-11-07 18:50:00,25.832322725212403,OK
2024-11-07 18:55:00,26.65222903097668,OK
2024-11-07 19:00:00,25.12554907411503,OK
2024-11-07 19:05:00,19.89857814532421,OK
2024-11-07 19:10:00,18.667551210466833,OK
2024-11-07 19:15:00,19.46677018479089,OK
2024-11-07 19:20:00,26.856971130195223,OK
2024-11-07 19:25:00,26.551126441832533,OK
2024-11-07 19:30:00,26.132967361125797,OK
2024-11-07 19:35:00,26.734116219230156,OK
2024-11-07 19:40:00,27.14289521566715,OK
2024-11-07 19:45:00,26.577690019801334,OK
2024-11-07 19:50:00,26.705015780489006,OK
2024-11-07 19:55:00,26.222829892154028,OK
2024-11-07 20:00:00,26.1111632244418,OK
2024-11-07 20:05:00,26.741982954685003,OK
2024-11-07 20:10:00,26.028801665119005,OK
2024-11-07 20:15:00,26.22670723292442,OK
2024-11-07 20:20:00,26.644337387337607,OK
2024-11-07 20:25:00,26.762777218820993,OK
2024-11-07 20:30:00,18.85593481454737,OK
2024-11-07 20:35:00,18.420518553115848,OK
2024-11-07 20:40:00,19.764978265200067,OK
2024-11-07 20:45:00,26.390987755088755,OK
2024-11-07 20:50:00,26.315116944418012,OK
2024-11-07 20:55:00,26.69565229964944,OK
2024-11-07 21:00:00,26.18374502530747,OK
2024-11-07 21:05:00,25.78811106892443,OK
2024-11-07 21:10:00,26.20566240789544,OK
2024-11-07 21:15:00,26.41593276306991,OK
2024-11-07 21:20:00,26.984332356371258,OK
2024-11-07 21:25:00,26.776041745332783,OK
2024-11-07 21:30:00,19.211108006125027,OK
2024-11-07 21:35:00,18.98434804462598,OK
2024-11-07 21:40:00,19.43975089136772,OK
2024-11-07 21:45:00,26.19894105952551,OK
2024-11-07 21:50:00,26.244600939467787,OK
2024-11-07 21:55:00,26.66309567512491,OK
2024-11-07 22:00:00,26.749411289985936,OK
2024-11-07 22:05:00,27.011636855446362,OK
2024-11-07 22:10:00,26.769463758776695,OK
2024-11-07 22:15:00,26.798315513812412,OK
2024-11-07 22:20:00,26.60449789010081,OK
2024-11-07 22:25:00,26.345871239989894,OK
2024-11-07 22:30:00,27.04991404163352,OK
2024-11-07 22:35:00,26.32628304188445,OK
2024-11-07 22:40:00,26.06614384547872,OK
2024-11-07 22:45:00,26.487630731556106,OK
2024-11-07 22:50:00,25.451723900579182,OK
2024-11-07 22:55:00,26.372523192128767,OK
2024-11-07 23:00:00,18.75981034124566,OK
2024-11-07 23:05:00,19.24464334787301,OK
2024-11-07 23:10:00,19.08992845570237,OK
2024-11-07 23:15:00,26.42268353564319,OK
2024-11-07 23:20:00,27.00642589184782,OK
2024-11-07 23:25:00,27.183931065139788,OK
2024-11-07 23:30:00,26.12953082833182,OK
2024-11-07 23:35:00,26.155456677517687,OK
2024-11-07 23:40:00,25.554320457819156,OK
2024-11-07 23:45:00,26.490601121176535,OK
2024-11-07 23:50:00,26.882523048728057,OK
2024-11-07 23:55:00,26.466663260789385,OK
2024-11-08 00:00:00,18.714230099048546,OK
2024-11-08 00:05:00,18.688386891680143,OK
2024-11-08 00:10:00,19.113454481314328,OK
2024-11-08 00:15:00,26.096622133715282,OK
2024-11-08 00:20:00,26.476696811346223,OK
2024-11-08 00:25:00,26.6967347702096,OK
2024-11-08 00:30:00,26.54183258925359,OK
2024-11-08 00:35:00,26.254167948033675,OK
2024-11-08 00:40:00,25.35699298924361,OK
2024-11-08 00:45:00,26.32751043523711,OK
2024-11-08 00:50:00,27.282787280447366,OK
2024-11-08 00:55:00,26.543006657825114,OK
2024-11-08 01:00:00,26.798581340550616,OK
2024-11-08 01:05:00,26.35382554987679,OK
2024-11-08 01:10:00,26.21560299923555,OK
2024-11-08 01:15:00,26.588900555415393,OK
2024-11-08 01:20:00,26.706498957408186,OK
2024-11-08 01:25:00,26.73231951510172,OK
2024-11-08 01:30:00,27.09175224960243,OK
2024-11-08 01:35:00,27.744125552604448,OK
2024-11-08 01:40:00,26.632644926831937,OK
2024-11-08 01:45:00,26.496182812762996,OK
2024-11-08 01:50:00,26.566944425003985,OK
2024-11-08 01:55:00,25.832117216407536,OK
2024-11-08 02:00:00,25.774826937464837,OK
2024-11-08 02:05:00,26.405601291122476,OK
2024-11-08 02:10:00,26.71742170669158,OK
2024-11-08 02:15:00,26.636313814787908,OK
2024-11-08 02:20:00,25.819820339353036,OK
2024-11-08 02:25:00,27.12496904637084,OK
2024-11-08 02:30:00,26.366397387653286,OK
2024-11-08 02:35:00,25.812757557489213,OK
2024-11-08 02:40:00,26.665977880272496,OK
2024-11-08 02:45:00,26.21315798567132,OK
2024-11-08 02:50:00,27.20867759710335,OK
2024-11-08 02:55:00,26.40828046430874,OK
2024-11-08 03:00:00,26.189265217095265,OK
2024-11-08 03:05:00,26.459352690871977,OK
2024-11-08 03:10:00,26.68207111554933,OK
2024-11-08 03:15:00,26.39387125132258,OK
2024-11-08 03:20:00,26.30226084260187,OK
2024-11-08 03:25:00,27.379460173317806,OK
2024-11-08 03:30:00,26.472060277276217,OK
2024-11-08 03:35:00,26.488112824867894,OK
2024-11-08 03:40:00,26.27715818676201,OK
2024-11-08 03:45:00,25.720202753073107,OK
2024-11-08 03:50:00,26.302460477659352,OK
2024-11-08 03:55:00,26.22287835033131,OK
2024-11-08 04:00:00,26.44144696302499,OK
2024-11-08 04:05:00,25.75911118535751,OK
2024-11-08 04:10:00,25.80223612592176,OK
2024-11-08 04:15:00,25.986925211200116,OK
2024-11-08 04:20:00,26.864902254874423,OK
2024-11-08 04:25:00,26.850972351650633,OK
2024-11-08 04:30:00,26.46993857572375,OK
2024-11-08 04:35:00,26.26341391144114,OK
2024-11-08 04:40:00,26.688237381864013,OK
2024-11-08 04:45:00,26.42406424153102,OK
2024-11-08 04:50:00,26.109852959173338,OK
2024-11-08 04:55:00,26.628668336475428,OK
2024-11-08 05:00:00,26.3874180800323,OK
2024-11-08 05:05:00,26.237760284816524,OK
2024-11-08 05:10:00,25.838405214330663,OK
2024-11-08 05:15:00,25.925986236574236,OK
2024-11-08 05:20:00,26.3385286216021,OK
2024-11-08 05:25:00,26.77121938981959,OK
2024-11-08 05:30:00,25.717471085563787,OK
2024-11-08 05:35:00,25.780924639500892,OK
2024-11-08 05:40:00,25.87589306009712,OK
2024-11-08 05:45:00,25.550074966438796,OK
2024-11-08 05:50:00,25.578042276625453,OK
2024-11-08 05:55:00,25.88661932454712,OK
2024-11-08 06:00:00,25.60075193138068,OK
2024-11-08 06:05:00,27.194777273925077,OK
2024-11-08 06:10:00,26.362261497235938,OK
2024-11-08 06:15:00,26.137703577335177,OK
2024-11-08 06:20:00,26.904618520104346,OK
2024-11-08 06:25:00,25.288241312675165,OK
2024-11-08 06:30:00,26.410709589750844,OK
2024-11-08 06:35:00,26.717663980992143,OK
2024-11-08 06:40:00,26.34787559899715,OK
2024-11-08 06:45:00,26.619892956763948,OK
2024-11-08 06:50:00,25.993961429733726,OK
2024-11-08 06:55:00,26.784667839610368,OK
2024-11-08 07:00:00,26.73351309502592,OK
2024-11-08 07:05:00,25.91991566599832,OK
2024-11-08 07:10:00,25.68424663190415,OK
2024-11-08 07:15:00,26.59058573197723,OK
2024-11-08 07:20:00,25.46720441722122,OK
2024-11-08 07:25:00,26.689216106891468,OK
2024-11-08 07:30:00,25.96111517047256,OK
2024-11-08 07:35:00,26.922451308062804,OK
2024-11-08 07:40:00,26.264042473032497,OK
2024-11-08 07:45:00,27.150615133485825,OK
2024-11-08 07:50:00,25.338363509853473,OK
2024-11-08 07:55:00,25.82347024420786,OK
2024-11-08 08:00:00,26.133148529027594,OK
2024-11-08 08:05:00,26.378485140330262,OK
2024-11-08 08:10:00,26.489852431563733,OK
2024-11-08 08:15:00,25.74581441555212,OK
2024-11-08 08:20:00,26.13459074074193,OK
2024-11-08 08:25:00,25.68678698144616,OK
2024-11-08 08:30:00,25.131334886398,OK
2024-11-08 08:35:00,26.828416764317357,OK
2024-11-08 08:40:00,26.951559747645913,OK
2024-11-08 08:45:00,26.628993188200138,OK
2024-11-08 08:50:00,26.29111612568786,OK
2024-11-08 08:55:00,26.23948382229776,OK
2024-11-08 09:00:00,26.14905235848408,OK
2024-11-08 09:05:00,26.38453187585603,OK
2024-11-08 09:10:00,26.08759664212026,OK
2024-11-08 09:15:00,27.21429627873554,OK
2024-11-08 09:20:00,26.90497786758368,OK
2024-11-08 09:25:00,26.307749158662354,OK
2024-11-08 09:30:00,26.89022141827302,OK
2024-11-08 09:35:00,26.59788831486843,OK
2024-11-08 09:40:00,26.465933144318562,OK
2024-11-08 09:45:00,26.703338935386718,OK
2024-11-08 09:50:00,26.53160677554325,OK
2024-11-08 09:55:00,26.305353699256695,OK
2024-11-08 10:00:00,26.636827781085255,OK
2024-11-08 10:05:00,26.672126487704425,OK
2024-11-08 10:10:00,26.690690021649555,OK
2024-11-08 10:15:00,25.455454043357815,OK
2024-11-08 10:20:00,26.692478379687035,OK
2024-11-08 10:25:00,26.601526113147173,OK
2024-11-08 10:30:00,26.71913912173075,OK
2024-11-08 10:35:00,26.334023260510012,OK
2024-11-08 10:40:00,26.759342303545793,OK
2024-11-08 10:45:00,26.88330678288703,OK
2024-11-08 10:50:00,25.640749971649832,OK
2024-11-08 10:55:00,25.90060474805023,OK
2024-11-08 11:00:00,,MISSING
2024-11-08 11:05:00,25.50315462282019,OK
2024-11-08 11:10:00,26.966473458868187,OK
2024-11-08 11:15:00,27.292172718181057,OK
2024-11-08 11:20:00,27.03301768167575,OK
2024-11-08 11:25:00,27.064734117858492,OK
2024-11-08 11:30:00,25.99487122220642,OK
2024-11-08 11:35:00,26.033035963135468,OK
2024-11-08 11:40:00,25.56202566420253,OK
2024-11-08 11:45:00,26.261894358504126,OK
2024-11-08 11:50:00,27.393296303382492,OK
2024-11-08 11:55:00,18.918952120968378,OK
2024-11-08 12:00:00,18.603586314459765,OK
2024-11-08 12:05:00,18.907580358804736,OK
2024-11-08 12:10:00,26.737192362849097,OK
2024-11-08 12:15:00,27.206415552118195,OK
2024-11-08 12:20:00,26.490859341888,OK
2024-11-08 12:25:00,25.75752319798353,OK
2024-11-08 12:30:00,26.667590117770008,OK
2024-11-08 12:35:00,26.315880168273356,OK
2024-11-08 12:40:00,26.320403854342516,OK
2024-11-08 12:45:00,27.11418472193577,OK
2024-11-08 12:50:00,26.351342328913343,OK
2024-11-08 12:55:00,26.722065031633377,OK
2024-11-08 13:00:00,18.88357431036435,OK
2024-11-08 13:05:00,19.22749054847849,OK
2024-11-08 13:10:00,18.033311495873413,OK
2024-11-08 13:15:00,27.009714037705546,OK
2024-11-08 13:20:00,26.199154836543123,OK
2024-11-08 13:25:00,26.49529675277179,OK
2024-11-08 13:30:00,27.436836008779423,OK
2024-11-08 13:35:00,26.820466439615632,OK
2024-11-08 13:40:00,26.1105800228854,OK
2024-11-08 13:45:00,26.577651253321584,OK
2024-11-08 13:50:00,26.10083877884458,OK
2024-11-08 13:55:00,26.874182064990162,OK
2024-11-08 14:00:00,25.980261700692335,OK
2024-11-08 14:05:00,26.648562403913534,OK
2024-11-08 14:10:00,26.265674404068804,OK
2024-11-08 14:15:00,26.19845330751035,OK
2024-11-08 14:20:00,26.13652130615413,OK
2024-11-08 14:25:00,19.38856127599313,OK
2024-11-08 14:30:00,18.26977081132985,OK
2024-11-08 14:35:00,18.872601159015655,OK
2024-11-08 14:40:00,27.321345323634045,OK
2024-11-08 14:45:00,26.048482948877,OK
2024-11-08 14:50:00,26.024773260383057,OK
2024-11-08 14:55:00,26.477673802567583,OK
2024-11-08 15:00:00,26.418839031123937,OK
2024-11-08 15:05:00,25.999446484703054,OK
2024-11-08 15:10:00,25.458267653202025,OK
2024-11-08 15:15:00,26.837916308577633,OK
2024-11-08 15:20:00,26.705964127116438,OK
2024-11-08 15:25:00,25.986485452441578,OK
2024-11-08 15:30:00,19.40774823176025,OK
2024-11-08 15:35:00,18.853755591531307,OK
2024-11-08 15:40:00,18.47693818737621,OK
2024-11-08 15:45:00,26.79379589556012,OK
2024-11-08 15:50:00,27.46995908270989,OK
2024-11-08 15:55:00,26.912901407882988,OK
2024-11-08 16:00:00,26.671249198480727,OK
2024-11-08 16:05:00,26.45022633667034,OK
2024-11-08 16:10:00,25.870937701511128,OK
2024-11-08 16:15:00,26.536474539152746,OK
2024-11-08 16:20:00,26.790339872224266,OK
2024-11-08 16:25:00,25.854405581576565,OK
2024-11-08 16:30:00,18.628172783390212,OK
2024-11-08 16:35:00,18.651438426000837,OK
2024-11-08 16:40:00,18.939540065875246,OK
2024-11-08 16:45:00,26.32643685285044,OK
2024-11-08 16:50:00,26.811599952928905,OK
2024-11-08 16:55:00,26.552976030089372,OK
2024-11-08 17:00:00,25.956367125739934,OK
2024-11-08 17:05:00,25.935457816542826,OK
2024-11-08 17:10:00,26.802599942394544,OK
2024-11-08 17:15:00,26.590336692419847,OK
2024-11-08 17:20:00,25.931714422671714,OK
2024-11-08 17:25:00,26.843078587770634,OK
2024-11-08 17:30:00,26.54036714583665,OK
2024-11-08 17:35:00,26.127625871353384,OK
2024-11-08 17:40:00,25.841665160962172,OK
2024-11-08 17:45:00,26.81256311756135,OK
2024-11-08 17:50:00,26.244100387291322,OK
2024-11-08 17:55:00,26.676865117399327,OK
2024-11-08 18:00:00,18.085419353554347,OK
2024-11-08 18:05:00,19.38426219328204,OK
2024-11-08 18:10:00,18.801968026574656,OK
2024-11-08 18:15:00,26.77428141845765,OK
2024-11-08 18:20:00,26.133344914680848,OK
2024-11-08 18:25:00,26.35102117308696,OK
2024-11-08 18:30:00,25.856108391733798,OK
2024-11-08 18:35:00,26.429292491781332,OK
2024-11-08 18:40:00,26.307098921698064,OK
2024-11-08 18:45:00,26.182123085399365,OK
2024-11-08 18:50:00,26.879148098956186,OK
2024-11-08 18:55:00,25.965220297410507,OK
2024-11-08 19:00:00,26.311872442779123,OK
2024-11-08 19:05:00,26.25735105502102,OK
2024-11-08 19:10:00,25.572836199905296,OK
2024-11-08 19:15:00,26.56911098421655,OK
2024-11-08 19:20:00,26.38212262379389,OK
2024-11-08 19:25:00,26.690604753106363,OK
2024-11-08 19:30:00,26.42629430114593,OK
2024-11-08 19:35:00,27.017952195814594,OK
2024-11-08 19:40:00,26.241314207224164,OK
2024-11-08 19:45:00,25.936038758901905,OK
2024-11-08 19:50:00,26.414795819272765,OK
2024-11-08 19:55:00,19.482837152992666,OK
2024-11-08 20:00:00,19.24616223377193,OK
2024-11-08 20:05:00,18.838152854690726,OK
2024-11-08 20:10:00,24.692024859735188,OK
2024-11-08 20:15:00,26.077357396406995,OK
2024-11-08 20:20:00,26.693469835609708,OK
2024-11-08 20:25:00,26.92043714534724,OK
2024-11-08 20:30:00,27.00509129534425,OK
2024-11-08 20:35:00,26.054737463394325,OK
2024-11-08 20:40:00,27.213694254037474,OK
2024-11-08 20:45:00,27.072085069051617,OK
2024-11-08 20:50:00,18.348275799174573,OK
2024-11-08 20:55:00,19.750528743361716,OK
2024-11-08 21:00:00,18.51989588028572,OK
2024-11-08 21:05:00,25.973090661302344,OK
2024-11-08 21:10:00,26.387211955214116,OK
2024-11-08 21:15:00,26.058730221605217,OK
2024-11-08 21:20:00,26.120071164270428,OK
2024-11-08 21:25:00,26.668756085197717,OK
2024-11-08 21:30:00,26.092348065467394,OK
2024-11-08 21:35:00,26.12099529412724,OK
2024-11-08 21:40:00,26.67231535902948,OK
2024-11-08 21:45:00,25.402443007303326,OK
2024-11-08 21:50:00,26.197807221936014,OK
2024-11-08 21:55:00,19.023184008227357,OK
2024-11-08 22:00:00,18.2293793409585,OK
2024-11-08 22:05:00,18.72719435815547,OK
2024-11-08 22:10:00,27.22125198257044,OK
2024-11-08 22:15:00,26.138046163277885,OK
2024-11-08 22:20:00,25.926740264235384,OK
2024-11-08 22:25:00,26.363337981797063,OK
2024-11-08 22:30:00,27.21753183861012,OK
2024-11-08 22:35:00,26.849265353046498,OK
2024-11-08 22:40:00,26.451792473884264,OK
2024-11-08 22:45:00,26.40494429790424,OK
2024-11-08 22:50:00,27.07290460898067,OK
2024-11-08 22:55:00,19.40876654497975,OK
2024-11-08 23:00:00,19.033257505286578,OK
2024-11-08 23:05:00,18.586516966824917,OK
2024-11-08 23:10:00,26.0962037067553,OK
2024-11-08 23:15:00,26.432848411338895,OK
2024-11-08 23:20:00,26.235518107995986,OK
2024-11-08 23:25:00,27.29121477477783,OK
2024-11-08 23:30:00,26.935587030550302,OK
2024-11-08 23:35:00,25.937220293315487,OK
2024-11-08 23:40:00,26.895979523613764,OK
2024-11-08 23:45:00,26.291764240893887,OK
2024-11-08 23:50:00,19.58767368583711,OK
2024-11-08 23:55:00,19.33683066615022,OK
2024-11-09 00:00:00,19.84913113255362,OK
2024-11-09 00:05:00,27.42190108192654,OK
2024-11-09 00:10:00,26.528399950378837,OK
2024-11-09 00:15:00,26.838090001862884,OK
2024-11-09 00:20:00,26.834210694309206,OK
2024-11-09 00:25:00,26.496553293120904,OK
2024-11-09 00:30:00,26.518575195371803,OK
2024-11-09 00:35:00,27.26821560395025,OK
2024-11-09 00:40:00,25.91894576110604,OK
2024-11-09 00:45:00,26.35130353283666,OK
2024-11-09 00:50:00,19.30860672342831,OK
2024-11-09 00:55:00,18.54913759203571,OK
2024-11-09 01:00:00,18.721842800375295,OK
2024-11-09 01:05:00,26.211496663558734,OK
2024-11-09 01:10:00,26.45860980586478,OK
2024-11-09 01:15:00,26.30998611538904,OK
2024-11-09 01:20:00,27.08547328196557,OK
2024-11-09 01:25:00,26.73649989510106,OK
2024-11-09 01:30:00,26.502855625798897,OK
2024-11-09 01:35:00,26.586439368796118,OK
2024-11-09 01:40:00,26.356221840217632,OK
2024-11-09 01:45:00,26.889466138222584,OK
2024-11-09 01:50:00,26.369518479894467,OK
2024-11-09 01:55:00,26.436089814390098,OK
2024-11-09 02:00:00,26.846846736824993,OK
2024-11-09 02:05:00,27.108252390904997,OK
2024-11-09 02:10:00,26.409316742817133,OK
2024-11-09 02:15:00,26.86327400270942,OK
2024-11-09 02:20:00,25.796134072768492,OK
2024-11-09 02:25:00,26.339898069978652,OK
2024-11-09 02:30:00,26.594443209619822,OK
2024-11-09 02:35:00,26.87584342941823,OK
2024-11-09 02:40:00,26.312152691049167,OK
2024-11-09 02:45:00,26.39205714806955,OK
2024-11-09 02:50:00,25.916758506966943,OK
2024-11-09 02:55:00,26.45154569586331,OK
2024-11-09 03:00:00,27.056309009607894,OK
2024-11-09 03:05:00,26.857667334955615,OK
2024-11-09 03:10:00,26.862860603833006,OK
2024-11-09 03:15:00,26.560638787125857,OK
2024-11-09 03:20:00,26.033025542869638,OK
2024-11-09 03:25:00,26.97824854563136,OK
2024-11-09 03:30:00,26.52204922976722,OK
2024-11-09 03:35:00,26.003114322306573,OK
2024-11-09 03:40:00,26.610672019527854,OK
2024-11-09 03:45:00,26.36224086442704,OK
2024-11-09 03:50:00,26.68211373546859,OK
2024-11-09 03:55:00,26.13672969176332,OK
2024-11-09 04:00:00,26.29058542896028,OK
2024-11-09 04:05:00,26.128063867216962,OK
2024-11-09 04:10:00,27.076663712566496,OK
2024-11-09 04:15:00,26.517360322765832,OK
2024-11-09 04:20:00,27.11695040504283,OK
2024-11-09 04:25:00,26.22192656610109,OK
2024-11-09 04:30:00,26.008351405476343,OK
2024-11-09 04:35:00,26.954345747771182,OK
2024-11-09 04:40:00,26.47128794926102,OK
2024-11-09 04:45:00,26.204161017770332,OK
2024-11-09 04:50:00,26.322142166544396,OK
2024-11-09 04:55:00,26.80841765169766,OK
2024-11-09 05:00:00,26.771387032761833,OK
2024-11-09 05:05:00,27.302175690151294,OK
2024-11-09 05:10:00,26.05594864111707,OK
2024-11-09 05:15:00,26.046596484978654,OK
2024-11-09 05:20:00,25.657974948993044,OK
2024-11-09 05:25:00,27.247288748398308,OK
2024-11-09 05:30:00,26.469439852447547,OK
2024-11-09 05:35:00,26.702406944663537,OK
2024-11-09 05:40:00,26.47872418649236,OK
2024-11-09 05:45:00,26.057281613390746,OK
2024-11-09 05:50:00,27.58596243762991,OK
2024-11-09 05:55:00,26.846210991375376,OK
2024-11-09 06:00:00,26.047882824760467,OK
2024-11-09 06:05:00,26.3181500374716,OK
2024-11-09 06:10:00,26.847589407445522,OK
2024-11-09 06:15:00,26.467523593897056,OK
2024-11-09 06:20:00,26.13666579557334,OK
2024-11-09 06:25:00,26.24312359091017,OK
2024-11-09 06:30:00,26.224974842533694,OK
2024-11-09 06:35:00,26.233318489636947,OK
2024-11-09 06:40:00,26.935382342519993,OK
2024-11-09 06:45:00,26.166914984415826,OK
2024-11-09 06:50:00,26.03136403386059,OK
2024-11-09 06:55:00,25.922926274613424,OK
2024-11-09 07:00:00,27.047585090381357,OK
2024-11-09 07:05:00,26.135644344398273,OK
2024-11-09 07:10:00,25.981078684006206,OK
2024-11-09 07:15:00,26.920902874851073,OK
2024-11-09 07:20:00,26.57527491859653,OK
2024-11-09 07:25:00,26.435046267608485,OK
2024-11-09 07:30:00,26.789376967185287,OK
2024-11-09 07:35:00,26.312092940752304,OK
2024-11-09 07:40:00,26.140648883487433,OK
2024-11-09 07:45:00,26.410022245021416,OK
2024-11-09 07:50:00,27.035788380778534,OK
2024-11-09 07:55:00,26.108699069532484,OK
2024-11-09 08:00:00,26.354118714570404,OK
2024-11-09 08:05:00,26.622540841458232,OK
2024-11-09 08:10:00,26.319131369207554,OK
2024-11-09 08:15:00,26.387996423277787,OK
2024-11-09 08:20:00,27.03368728480733,OK
2024-11-09 08:25:00,26.958877490293926,OK
2024-11-09 08:30:00,26.401491299428486,OK
2024-11-09 08:35:00,26.849524750071648,OK
2024-11-09 08:40:00,26.65568411813579,OK
2024-11-09 08:45:00,25.87333411009213,OK
2024-11-09 08:50:00,26.56813724956345,OK
2024-11-09 08:55:00,26.999110114010662,OK
2024-11-09 09:00:00,25.916903675035005,OK
2024-11-09 09:05:00,26.482127759173864,OK
2024-11-09 09:10:00,26.900489823082424,OK
2024-11-09 09:15:00,26.89778188158507,OK
2024-11-09 09:20:00,26.43860225125451,OK
2024-11-09 09:25:00,26.32142969983202,OK
2024-11-09 09:30:00,26.930417625496734,OK
2024-11-09 09:35:00,26.112127947733114,OK
2024-11-09 09:40:00,26.71935509030334,OK
2024-11-09 09:45:00,27.027129053963584,OK
2024-11-09 09:50:00,26.604648731162,OK
2024-11-09 09:55:00,26.086224643334763,OK
2024-11-09 10:00:00,26.433297312763248,OK
2024-11-09 10:05:00,26.509502147932437,OK
2024-11-09 10:10:00,27.15825180093204,OK
2024-11-09 10:15:00,26.057302935078738,OK
2024-11-09 10:20:00,26.911419196221622,OK
2024-11-09 10:25:00,26.32294351718967,OK
2024-11-09 10:30:00,26.05327503964222,OK
2024-11-09 10:35:00,26.368817175502056,OK
2024-11-09 10:40:00,25.89479798512489,OK
2024-11-09 10:45:00,26.33904126150508,OK
2024-11-09 10:50:00,19.39887501992714,OK
2024-11-09 10:55:00,18.73013112816148,OK
2024-11-09 11:00:00,18.68943797584384,OK
2024-11-09 11:05:00,26.96592569233204,OK
2024-11-09 11:10:00,26.27254271956376,OK
2024-11-09 11:15:00,25.87495684292841,OK
2024-11-09 11:20:00,27.384729037995637,OK
2024-11-09 11:25:00,26.543365080060422,OK
2024-11-09 11:30:00,25.95297062506593,OK
2024-11-09 11:35:00,26.94510811300881,OK
2024-11-09 11:40:00,25.955362762021178,OK
2024-11-09 11:45:00,27.07901966748345,OK
2024-11-09 11:50:00,26.48736633421617,OK
2024-11-09 11:55:00,26.666935497856702,OK
2024-11-09 12:00:00,26.49497929530196,OK
2024-11-09 12:05:00,18.747151307116393,OK
2024-11-09 12:10:00,18.58143879180166,OK
2024-11-09 12:15:00,18.73756396894461,OK
2024-11-09 12:20:00,26.656725182764692,OK
2024-11-09 12:25:00,25.942501941381163,OK
2024-11-09 12:30:00,26.299304742188383,OK
2024-11-09 12:35:00,27.358013095406463,OK
2024-11-09 12:40:00,26.057882578966392,OK
2024-11-09 12:45:00,26.62822274420535,OK
2024-11-09 12:50:00,26.543762212965635,OK
2024-11-09 12:55:00,26.542878847084044,OK
2024-11-09 13:00:00,26.906933998711768,OK
2024-11-09 13:05:00,26.65170575412793,OK
2024-11-09 13:10:00,26.490777572351615,OK
2024-11-09 13:15:00,18.54778658241934,OK
2024-11-09 13:20:00,19.109709293593532,OK
2024-11-09 13:25:00,19.06516004339251,OK
2024-11-09 13:30:00,26.079116591431184,OK
2024-11-09 13:35:00,26.942818401884438,OK
2024-11-09 13:40:00,26.85614132560866,OK
2024-11-09 13:45:00,26.273717101201765,OK
2024-11-09 13:50:00,27.05947957673161,OK
2024-11-09 13:55:00,26.666410832840203,OK
2024-11-09 14:00:00,26.59984812530646,OK
2024-11-09 14:05:00,26.411920539965433,OK
2024-11-09 14:10:00,27.19066301172565,OK
2024-11-09 14:15:00,26.936159138238157,OK
2024-11-09 14:20:00,26.50695346115669,OK
2024-11-09 14:25:00,27.247752517846155,OK
2024-11-09 14:30:00,25.835139754824247,OK
2024-11-09 14:35:00,26.508343137945545,OK
2024-11-09 14:40:00,26.21613306560444,OK
2024-11-09 14:45:00,27.33502375717639,OK
2024-11-09 14:50:00,26.721726169083674,OK
2024-11-09 14:55:00,18.481384514394097,OK
2024-11-09 15:00:00,18.90609428268953,OK
2024-11-09 15:05:00,19.4731355152167,OK
2024-11-09 15:10:00,26.07631244787084,OK
2024-11-09 15:15:00,26.551633647473516,OK
2024-11-09 15:20:00,26.803400386283894,OK
2024-11-09 15:25:00,26.13863324314971,OK
2024-11-09 15:30:00,26.467874745711075,OK
2024-11-09 15:35:00,26.137877394901817,OK
2024-11-09 15:40:00,26.745756088374975,OK
2024-11-09 15:45:00,26.81846708571753,OK
2024-11-09 15:50:00,26.26966551284865,OK
2024-11-09 15:55:00,27.17296110293814,OK
2024-11-09 16:00:00,26.52184923643405,OK
2024-11-09 16:05:00,25.980458387120198,OK
2024-11-09 16:10:00,26.22695510673067,OK
2024-11-09 16:15:00,26.34664919906429,OK
2024-11-09 16:20:00,26.70935120629009,OK
2024-11-09 16:25:00,26.780034877081114,OK
2024-11-09 16:30:00,26.91396195549617,OK
2024-11-09 16:35:00,26.275696464563318,OK
2024-11-09 16:40:00,25.876174134823074,OK
2024-11-09 16:45:00,25.714885521701312,OK
2024-11-09 16:50:00,20.238859540961823,OK
2024-11-09 16:55:00,19.37158550545856,OK
2024-11-09 17:00:00,18.142835759667776,OK
2024-11-09 17:05:00,25.92540526287107,OK
2024-11-09 17:10:00,26.122569431058267,OK
2024-11-09 17:15:00,26.367841765641423,OK
2024-11-09 17:20:00,26.49970847931205,OK
2024-11-09 17:25:00,25.966405390358783,OK
2024-11-09 17:30:00,26.106104397131755,OK
2024-11-09 17:35:00,26.159139990805418,OK
2024-11-09 17:40:00,26.097741544770265,OK
2024-11-09 17:45:00,25.296484143267183,OK
2024-11-09 17:50:00,26.110334008151554,OK
2024-11-09 17:55:00,25.744033317669142,OK
2024-11-09 18:00:00,26.529582636000512,OK
2024-11-09 18:05:00,27.227767348234647,OK
2024-11-09 18:10:00,26.78477822354351,OK
2024-11-09 18:15:00,26.767285185264683,OK
2024-11-09 18:20:00,26.763651684176978,OK
2024-11-09 18:25:00,26.540784208896977,OK
2024-11-09 18:30:00,26.668424755783114,OK
2024-11-09 18:35:00,26.611265902966363,OK
2024-11-09 18:40:00,26.941531046358737,OK
2024-11-09 18:45:00,25.930705192655036,OK
2024-11-09 18:50:00,26.105132113042057,OK
2024-11-09 18:55:00,26.23077371294573,OK
2024-11-09 19:00:00,26.455234913632594,OK
2024-11-09 19:05:00,26.426229193992427,OK
2024-11-09 19:10:00,26.40873053190744,OK
2024-11-09 19:15:00,26.045145843079737,OK
2024-11-09 19:20:00,26.946372629100225,OK
2024-11-09 19:25:00,25.78734533935039,OK
2024-11-09 19:30:00,26.511168301310825,OK
2024-11-09 19:35:00,25.939571117883006,OK
2024-11-09 19:40:00,26.216743813394434,OK
2024-11-09 19:45:00,26.076665061080313,OK
2024-11-09 19:50:00,26.58150435447399,OK
2024-11-09 19:55:00,26.11551659363558,OK
2024-11-09 20:00:00,26.378324997710305,OK
2024-11-09 20:05:00,26.357090310599087,OK
2024-11-09 20:10:00,25.851186530800994,OK
2024-11-09 20:15:00,25.52730390789112,OK
2024-11-09 20:20:00,26.622151901480404,OK
2024-11-09 20:25:00,26.58010928575988,OK
2024-11-09 20:30:00,26.077540145751637,OK
2024-11-09 20:35:00,25.691990113278653,OK
2024-11-09 20:40:00,20.149618018267454,OK
2024-11-09 20:45:00,19.040030656159125,OK
2024-11-09 20:50:00,18.868629560339446,OK
2024-11-09 20:55:00,26.463391557151034,OK
2024-11-09 21:00:00,25.09641951955804,OK
2024-11-09 21:05:00,26.306633600828192,OK
2024-11-09 21:10:00,26.684371177910588,OK
2024-11-09 21:15:00,26.814560684426826,OK
2024-11-09 21:20:00,25.975035170538405,OK
2024-11-09 21:25:00,25.978823290188032,OK
2024-11-09 21:30:00,26.2743815150565,OK
2024-11-09 21:35:00,26.57284005827941,OK
2024-11-09 21:40:00,26.335523664098776,OK
2024-11-09 21:45:00,26.181983399860027,OK
2024-11-09 21:50:00,25.597579480914085,OK
2024-11-09 21:55:00,26.737701153912617,OK
2024-11-09 22:00:00,26.62509795999482,OK
2024-11-09 22:05:00,19.34711896103281,OK
2024-11-09 22:10:00,19.020091308221936,OK
2024-11-09 22:15:00,18.551782508853087,OK
2024-11-09 22:20:00,26.401342192404275,OK
2024-11-09 22:25:00,26.21459769566553,OK
2024-11-09 22:30:00,27.001049492992912,OK
2024-11-09 22:35:00,26.031125708475887,OK
2024-11-09 22:40:00,26.59116436158159,OK
2024-11-09 22:45:00,26.626112880565973,OK
2024-11-09 22:50:00,27.07113278508058,OK
2024-11-09 22:55:00,27.24247367119927,OK
2024-11-09 23:00:00,19.20404302420195,OK
2024-11-09 23:05:00,19.582250936986853,OK
2024-11-09 23:10:00,18.736594974692743,OK
2024-11-09 23:15:00,27.540974796220432,OK
2024-11-09 23:20:00,26.627861649892605,OK
2024-11-09 23:25:00,26.836914461692366,OK
2024-11-09 23:30:00,26.626947900746924,OK
2024-11-09 23:35:00,25.82901879507025,OK
2024-11-09 23:40:00,26.630527435771544,OK
2024-11-09 23:45:00,26.32233215034965,OK
2024-11-09 23:50:00,26.643205234958682,OK
2024-11-09 23:55:00,26.46348128712665,OK
2024-11-10 00:00:00,18.6847783881801,OK
2024-11-10 00:05:00,19.1680059468174,OK
2024-11-10 00:10:00,18.972290919972316,OK
2024-11-10 00:15:00,25.83688885391867,OK
2024-11-10 00:20:00,26.675762391225582,OK
2024-11-10 00:25:00,26.627149364089274,OK
2024-11-10 00:30:00,26.702627188154118,OK
2024-11-10 00:35:00,26.478399952185377,OK
2024-11-10 00:40:00,25.470674937678748,OK
2024-11-10 00:45:00,26.397600850940897,OK
2024-11-10 00:50:00,26.142196947431717,OK
2024-11-10 00:55:00,26.33359452192229,OK
2024-11-10 01:00:00,26.3934787441204,OK
2024-11-10 01:05:00,26.566889057522648,OK
2024-11-10 01:10:00,26.267861298645084,OK
2024-11-10 01:15:00,25.574198009022908,OK
2024-11-10 01:20:00,27.189260093363373,OK
2024-11-10 01:25:00,26.647524980560462,OK
2024-11-10 01:30:00,26.79578840941664,OK
2024-11-10 01:35:00,26.10381882351359,OK
2024-11-10 01:40:00,26.584253334601453,OK
2024-11-10 01:45:00,18.816397509866082,OK
2024-11-10 01:50:00,19.49544146513469,OK
2024-11-10 01:55:00,19.613985521366207,OK
2024-11-10 02:00:00,26.555979824524893,OK
2024-11-10 02:05:00,26.549363093551065,OK
2024-11-10 02:10:00,26.484510120188716,OK
2024-11-10 02:15:00,27.762481594229467,OK
2024-11-10 02:20:00,26.392976966074826,OK
2024-11-10 02:25:00,26.9785156602244,OK
2024-11-10 02:30:00,26.603828561910934,OK
2024-11-10 02:35:00,26.883322747595074,OK
2024-11-10 02:40:00,26.657591798340125,OK
2024-11-10 02:45:00,26.066880894321667,OK
2024-11-10 02:50:00,27.02785967303383,OK
2024-11-10 02:55:00,26.782388396472566,OK
2024-11-10 03:00:00,27.14936897837556,OK
2024-11-10 03:05:00,19.177398774305352,OK
2024-11-10 03:10:00,19.243737495180152,OK
2024-11-10 03:15:00,19.311623118573163,OK
2024-11-10 03:20:00,27.085677688837286,OK
2024-11-10 03:25:00,26.278731152337674,OK
2024-11-10 03:30:00,26.932104285816134,OK
2024-11-10 03:35:00,26.22632856795104,OK
2024-11-10 03:40:00,26.70230082481187,OK
2024-11-10 03:45:00,27.01570432872561,OK
2024-11-10 03:50:00,25.869782242891343,OK
2024-11-10 03:55:00,27.023724475392132,OK
2024-11-10 04:00:00,26.804732646924304,OK
2024-11-10 04:05:00,26.309124221178745,OK
2024-11-10 04:10:00,26.25443064487244,OK
2024-11-10 04:15:00,26.759186292802834,OK
2024-11-10 04:20:00,25.889984845355002,OK
2024-11-10 04:25:00,26.321472017592765,OK
2024-11-10 04:30:00,26.597300022363005,OK
2024-11-10 04:35:00,26.223798845152636,OK
2024-11-10 04:40:00,26.65980121580632,OK
2024-11-10 04:45:00,26.974073564439085,OK
2024-11-10 04:50:00,26.033283034376392,OK
2024-11-10 04:55:00,27.4370357294474,OK
2024-11-10 05:00:00,26.59331663267648,OK
2024-11-10 05:05:00,26.709460758424584,OK
2024-11-10 05:10:00,26.680768318236566,OK
2024-11-10 05:15:00,26.534841590824616,OK
2024-11-10 05:20:00,26.23726075687436,OK
2024-11-10 05:25:00,26.511703142621528,OK
2024-11-10 05:30:00,27.280491866683274,OK
2024-11-10 05:35:00,27.32496133166195,OK
2024-11-10 05:40:00,26.085433311654615,OK
2024-11-10 05:45:00,26.359003305484652,OK
2024-11-10 05:50:00,26.652871393476214,OK
2024-11-10 05:55:00,26.074254526355492,OK
2024-11-10 06:00:00,26.64322141779249,OK
2024-11-10 06:05:00,26.052282894673308,OK
2024-11-10 06:10:00,26.272835926855564,OK
2024-11-10 06:15:00,26.181392782135365,OK
2024-11-10 06:20:00,26.62293583822807,OK
2024-11-10 06:25:00,26.74486171747785,OK
2024-11-10 06:30:00,26.23938163773081,OK
2024-11-10 06:35:00,26.53592131728126,OK
2024-11-10 06:40:00,26.812637788155648,OK
2024-11-10 06:45:00,26.466190277412757,OK
2024-11-10 06:50:00,26.58616523676782,OK
2024-11-10 06:55:00,26.031313755121836,OK
2024-11-10 07:00:00,26.51872214986778,OK
2024-11-10 07:05:00,26.189963484560526,OK
2024-11-10 07:10:00,25.904445085457436,OK
2024-11-10 07:15:00,27.019622041213477,OK
2024-11-10 07:20:00,26.763613185408925,OK
2024-11-10 07:25:00,19.56472311839077,OK
2024-11-10 07:30:00,18.640362146191684,OK
2024-11-10 07:35:00,18.88426759650227,OK
2024-11-10 07:40:00,26.68222220984665,OK
2024-11-10 07:45:00,26.679727653645337,OK
2024-11-10 07:50:00,26.719725310731903,OK
2024-11-10 07:55:00,26.065803308212868,OK
2024-11-10 08:00:00,26.513938637949998,OK
2024-11-10 08:05:00,26.213860941999823,OK
2024-11-10 08:10:00,26.257000292805788,OK
2024-11-10 08:15:00,26.016113474849774,OK
2024-11-10 08:20:00,26.04563251812235,OK
2024-11-10 08:25:00,26.322567181735998,OK
2024-11-10 08:30:00,26.707820653697325,OK
2024-11-10 08:35:00,27.502944270930474,OK
2024-11-10 08:40:00,27.09665734588551,OK
2024-11-10 08:45:00,26.513684658547223,OK
2024-11-10 08:50:00,26.85991397296475,OK
2024-11-10 08:55:00,26.98784669644774,OK
2024-11-10 09:00:00,27.346815409694145,OK
2024-11-10 09:05:00,26.409516503014522,OK
2024-11-10 09:10:00,26.958312964734404,OK
2024-11-10 09:15:00,26.685164417246234,OK
2024-11-10 09:20:00,26.821937394176985,OK
2024-11-10 09:25:00,26.49884770425194,OK
2024-11-10 09:30:00,26.75160023043391,OK
2024-11-10 09:35:00,26.659424604901567,OK
2024-11-10 09:40:00,26.617529398334476,OK
2024-11-10 09:45:00,27.186710497465125,OK
2024-11-10 09:50:00,26.694275563500373,OK
2024-11-10 09:55:00,26.922569540821144,OK
2024-11-10 10:00:00,26.784467397929795,OK
2024-11-10 10:05:00,18.359243361890545,OK
2024-11-10 10:10:00,18.820856284817157,OK
2024-11-10 10:15:00,18.899440683085594,OK
2024-11-10 10:20:00,26.420111428219162,OK
2024-11-10 10:25:00,26.934582504351678,OK
2024-11-10 10:30:00,26.45407546216281,OK
2024-11-10 10:35:00,26.863773820927992,OK
2024-11-10 10:40:00,26.553220304656136,OK
2024-11-10 10:45:00,26.57927228595332,OK
2024-11-10 10:50:00,26.132247007237986,OK
2024-11-10 10:55:00,26.731571853965054,OK
2024-11-10 11:00:00,26.98189024802025,OK
2024-11-10 11:05:00,19.312139937666657,OK
2024-11-10 11:10:00,19.52281106582003,OK
2024-11-10 11:15:00,19.364065737257615,OK
2024-11-10 11:20:00,25.89564849537798,OK
2024-11-10 11:25:00,25.991945014388495,OK
2024-11-10 11:30:00,27.04955329213179,OK
2024-11-10 11:35:00,26.586163480082497,OK
2024-11-10 11:40:00,26.593994262024026,OK
2024-11-10 11:45:00,26.98377897006453,OK
2024-11-10 11:50:00,27.180633742426203,OK
2024-11-10 11:55:00,26.517158728882574,OK
2024-11-10 12:00:00,18.581148084088664,OK
2024-11-10 12:05:00,18.734510853495156,OK
2024-11-10 12:10:00,19.704994737325848,OK
2024-11-10 12:15:00,26.60411061441056,OK
2024-11-10 12:20:00,26.884533955909408,OK
2024-11-10 12:25:00,26.61182440951288,OK
2024-11-10 12:30:00,27.50325413820815,OK
2024-11-10 12:35:00,26.47151557537176,OK
2024-11-10 12:40:00,25.788386269466795,OK
2024-11-10 12:45:00,26.07833255233428,OK
2024-11-10 12:50:00,26.822082943333697,OK
2024-11-10 12:55:00,26.27093028176958,OK
2024-11-10 13:00:00,26.258237341485053,OK
2024-11-10 13:05:00,26.250871028432698,OK
2024-11-10 13:10:00,27.39175214613225,OK
2024-11-10 13:15:00,27.252303797068944,OK
2024-11-10 13:20:00,25.89530401920708,OK
2024-11-10 13:25:00,26.22401598312622,OK
2024-11-10 13:30:00,19.554234757206572,OK
2024-11-10 13:35:00,18.844348816943697,OK
2024-11-10 13:40:00,19.143534249573214,OK
2024-11-10 13:45:00,26.466804643431107,OK
2024-11-10 13:50:00,25.6539413800689,OK
2024-11-10 13:55:00,26.28720968700416,OK
2024-11-10 14:00:00,26.48816083584196,OK
2024-11-10 14:05:00,26.53856055184321,OK
2024-11-10 14:10:00,26.949907291774238,OK
2024-11-10 14:15:00,26.374832517794182,OK
2024-11-10 14:20:00,26.391504479939957,OK
2024-11-10 14:25:00,26.99297830440772,OK
2024-11-10 14:30:00,26.34588535234393,OK
2024-11-10 14:35:00,19.33981267735406,OK
2024-11-10 14:40:00,19.14868279945211,OK
2024-11-10 14:45:00,19.480106045224765,OK
2024-11-10 14:50:00,26.259945648245548,OK
2024-11-10 14:55:00,26.034784418873127,OK
2024-11-10 15:00:00,26.65599938475105,OK
2024-11-10 15:05:00,26.267354575683235,OK
2024-11-10 15:10:00,26.03104734390421,OK
2024-11-10 15:15:00,25.903442317966476,OK
2024-11-10 15:20:00,26.63961418447737,OK
2024-11-10 15:25:00,25.750263731045745,OK
2024-11-10 15:30:00,25.775520359925473,OK
2024-11-10 15:35:00,26.361309840832753,OK
2024-11-10 15:40:00,26.5462560148467,OK
2024-11-10 15:45:00,25.742035466080686,OK
2024-11-10 15:50:00,25.96665974920676,OK
2024-11-10 15:55:00,26.007186792150957,OK
2024-11-10 16:00:00,25.92602365463556,OK
2024-11-10 16:05:00,26.744324815933144,OK
2024-11-10 16:10:00,26.123880658080882,OK
2024-11-10 16:15:00,26.18510283842037,OK
2024-11-10 16:20:00,25.672115170616323,OK
2024-11-10 16:25:00,25.830182094351265,OK
2024-11-10 16:30:00,26.54986465983184,OK
2024-11-10 16:35:00,26.595916079251577,OK
2024-11-10 16:40:00,25.789791397764162,OK
2024-11-10 16:45:00,25.989798858494346,OK
2024-11-10 16:50:00,25.838306620875393,OK
2024-11-10 16:55:00,25.747582069596252,OK
2024-11-10 17:00:00,26.47172122921591,OK
2024-11-10 17:05:00,25.50473976455725,OK
2024-11-10 17:10:00,25.68831167129727,OK
2024-11-10 17:15:00,25.863687204857275,OK
2024-11-10 17:20:00,25.698484223469336,OK
2024-11-10 17:25:00,27.085043474507376,OK
2024-11-10 17:30:00,26.478425019235647,OK
2024-11-10 17:35:00,26.087305225770606,OK
2024-11-10 17:40:00,25.91529402388417,OK
2024-11-10 17:45:00,26.00323307642182,OK
2024-11-10 17:50:00,26.32350763294146,OK
2024-11-10 17:55:00,25.901920326359658,OK
2024-11-10 18:00:00,26.398029874988747,OK
2024-11-10 18:05:00,25.85773491498174,OK
2024-11-10 18:10:00,26.16756517850209,OK
2024-11-10 18:15:00,26.50234119373586,OK
2024-11-10 18:20:00,27.07095693517402,OK
2024-11-10 18:25:00,25.990645258073116,OK
2024-11-10 18:30:00,26.898020728852604,OK
2024-11-10 18:35:00,26.05976431331348,OK
2024-11-10 18:40:00,26.572458120699128,OK
2024-11-10 18:45:00,26.084808569376815,OK
2024-11-10 18:50:00,26.552313376132034,OK
2024-11-10 18:55:00,26.56776689223516,OK
2024-11-10 19:00:00,25.97016360977978,OK
2024-11-10 19:05:00,27.31813047559515,OK
2024-11-10 19:10:00,26.334179276912604,OK
2024-11-10 19:15:00,25.57705840522812,OK
2024-11-10 19:20:00,25.996435604238073,OK
2024-11-10 19:25:00,27.444225013602736,OK
2024-11-10 19:30:00,26.719489490846474,OK
2024-11-10 19:35:00,26.01898944125613,OK
2024-11-10 19:40:00,26.448866583200083,OK
2024-11-10 19:45:00,26.260455111367122,OK
2024-11-10 19:50:00,25.69209535772642,OK
2024-11-10 19:55:00,26.12600683570314,OK
2024-11-10 20:00:00,27.21808465731165,OK
2024-11-10 20:05:00,25.745245185342814,OK
2024-11-10 20:10:00,26.39240989739995,OK
2024-11-10 20:15:00,26.134654464147072,OK
2024-11-10 20:20:00,26.663975548830038,OK
2024-11-10 20:25:00,27.065816385365217,OK
2024-11-10 20:30:00,26.445894811916155,OK
2024-11-10 20:35:00,25.479389317450977,OK
2024-11-10 20:40:00,26.405924388518056,OK
2024-11-10 20:45:00,25.73774045570523,OK
2024-11-10 20:50:00,26.292583086621107,OK
2024-11-10 20:55:00,25.311809407141187,OK
2024-11-10 21:00:00,26.9053720285835,OK
2024-11-10 21:05:00,26.07853495568084,OK
2024-11-10 21:10:00,18.829233668899924,OK
2024-11-10 21:15:00,19.407394743372922,OK
2024-11-10 21:20:00,19.124256169716926,OK
2024-11-10 21:25:00,26.686325850532075,OK
2024-11-10 21:30:00,25.819044824881118,OK
2024-11-10 21:35:00,26.17907602948623,OK
2024-11-10 21:40:00,26.11849083844856,OK
2024-11-10 21:45:00,26.488758186020355,OK
2024-11-10 21:50:00,27.053887903171283,OK
2024-11-10 21:55:00,25.698705879913174,OK
2024-11-10 22:00:00,26.298120498770917,OK
2024-11-10 22:05:00,26.530422759683823,OK
2024-11-10 22:10:00,26.989098188335653,OK
2024-11-10 22:15:00,26.243883317116406,OK
2024-11-10 22:20:00,18.996220263096546,OK
2024-11-10 22:25:00,18.912465867766805,OK
2024-11-10 22:30:00,18.581428530494932,OK
2024-11-10 22:35:00,26.224120886844496,OK
2024-11-10 22:40:00,26.23812629757005,OK
2024-11-10 22:45:00,26.180836075329008,OK
2024-11-10 22:50:00,25.991899199991547,OK
2024-11-10 22:55:00,25.892887591194448,OK
2024-11-10 23:00:00,26.149773478677158,OK
2024-11-10 23:05:00,27.329777885030403,OK
2024-11-10 23:10:00,26.03244492026873,OK
2024-11-10 23:15:00,19.236505683124815,OK
2024-11-10 23:20:00,17.846200307546074,OK
2024-11-10 23:25:00,19.231909420675663,OK
2024-11-10 23:30:00,26.455040971750744,OK
2024-11-10 23:35:00,26.002676249875105,OK
2024-11-10 23:40:00,26.015405591795822,OK
2024-11-10 23:45:00,26.484354394536517,OK
2024-11-10 23:50:00,25.624661364280673,OK
2024-11-10 23:55:00,26.153924015907208,OK
